agreement,origin_group,origin_countries,source_file,vn_code,hs6_code,national_tariff_code_as_stored,description_vi,rates_extracted,rate_2026,rate_2027,country_markers,business_scope_guess,extraction_status
RCEP,ASEAN,"BN,KH,ID,LA,MY,SG,TH,MM,PH",2023_129 + 130_129-2022-NĐ-CP.doc,8703.21.41,870321,8703214100,- - - - Xe đua cỡ nhỏ,63|56|49|42|35|28,35,28,,CBU_OR_ORDINARY_VEHICLE_BLOCK,EXTRACTED_FROM_WORDDOCUMENT_CELL_STREAM
RCEP,ASEAN,"BN,KH,ID,LA,MY,SG,TH,MM,PH",2023_129 + 130_129-2022-NĐ-CP.doc,8703.21.42,870321,8703214200,- - - - Xe địa hình ATV (All-Terrain Vehicles),70|70|70|70|70|70,70,70,,CBU_OR_ORDINARY_VEHICLE_BLOCK,EXTRACTED_FROM_WORDDOCUMENT_CELL_STREAM
RCEP,ASEAN,"BN,KH,ID,LA,MY,SG,TH,MM,PH",2023_129 + 130_129-2022-NĐ-CP.doc,8703.21.43,870321,8703214300,- - - - Ô tô cứu thương,15|15|15|15|15|15,15,15,,CBU_OR_ORDINARY_VEHICLE_BLOCK,EXTRACTED_FROM_WORDDOCUMENT_CELL_STREAM
RCEP,ASEAN,"BN,KH,ID,LA,MY,SG,TH,MM,PH",2023_129 + 130_129-2022-NĐ-CP.doc,8703.21.44,870321,8703214400,- - - - Ô tô nhà ở lưu động (có nội thất được thiết kế như căn hộ) (Motor-homes),70|70|70|70|70|70,70,70,,CBU_OR_ORDINARY_VEHICLE_BLOCK,EXTRACTED_FROM_WORDDOCUMENT_CELL_STREAM
RCEP,ASEAN,"BN,KH,ID,LA,MY,SG,TH,MM,PH",2023_129 + 130_129-2022-NĐ-CP.doc,8703.21.45,870321,8703214500,- - - - Ô tô kiểu Sedan,70|70|70|70|70|70,70,70,,CBU_OR_ORDINARY_VEHICLE_BLOCK,EXTRACTED_FROM_WORDDOCUMENT_CELL_STREAM
RCEP,ASEAN,"BN,KH,ID,LA,MY,SG,TH,MM,PH",2023_129 + 130_129-2022-NĐ-CP.doc,8703.21.51,870321,8703215100,- - - - - Loại bốn bánh chủ động,70|70|70|70|70|70,70,70,,CBU_OR_ORDINARY_VEHICLE_BLOCK,EXTRACTED_FROM_WORDDOCUMENT_CELL_STREAM
RCEP,ASEAN,"BN,KH,ID,LA,MY,SG,TH,MM,PH",2023_129 + 130_129-2022-NĐ-CP.doc,8703.21.59,870321,8703215900,- - - - - Loại khác,70|70|70|70|70|70,70,70,,CBU_OR_ORDINARY_VEHICLE_BLOCK,EXTRACTED_FROM_WORDDOCUMENT_CELL_STREAM
RCEP,ASEAN,"BN,KH,ID,LA,MY,SG,TH,MM,PH",2023_129 + 130_129-2022-NĐ-CP.doc,8703.21.91,870321,8703219100,- - - - - Xe 3 bánh,70|70|70|70|70|70,70,70,,CBU_OR_ORDINARY_VEHICLE_BLOCK,EXTRACTED_FROM_WORDDOCUMENT_CELL_STREAM
RCEP,ASEAN,"BN,KH,ID,LA,MY,SG,TH,MM,PH",2023_129 + 130_129-2022-NĐ-CP.doc,8703.21.99,870321,8703219900,- - - - - Loại khác,70|70|70|70|70|70,70,70,,CBU_OR_ORDINARY_VEHICLE_BLOCK,EXTRACTED_FROM_WORDDOCUMENT_CELL_STREAM
RCEP,ASEAN,"BN,KH,ID,LA,MY,SG,TH,MM,PH",2023_129 + 130_129-2022-NĐ-CP.doc,8703.22.41,870322,8703224100,- - - - Xe đua cỡ nhỏ,70|70|70|70|70|70,70,70,,CBU_OR_ORDINARY_VEHICLE_BLOCK,EXTRACTED_FROM_WORDDOCUMENT_CELL_STREAM
RCEP,ASEAN,"BN,KH,ID,LA,MY,SG,TH,MM,PH",2023_129 + 130_129-2022-NĐ-CP.doc,8703.22.42,870322,8703224200,- - - - Xe địa hình ATV (All-Terrain Vehicles),70|70|70|70|70|70,70,70,,CBU_OR_ORDINARY_VEHICLE_BLOCK,EXTRACTED_FROM_WORDDOCUMENT_CELL_STREAM
RCEP,ASEAN,"BN,KH,ID,LA,MY,SG,TH,MM,PH",2023_129 + 130_129-2022-NĐ-CP.doc,8703.22.43,870322,8703224300,- - - - Ô tô cứu thương,20|20|20|20|20|20,20,20,,CBU_OR_ORDINARY_VEHICLE_BLOCK,EXTRACTED_FROM_WORDDOCUMENT_CELL_STREAM
RCEP,ASEAN,"BN,KH,ID,LA,MY,SG,TH,MM,PH",2023_129 + 130_129-2022-NĐ-CP.doc,8703.22.44,870322,8703224400,- - - - Ô tô tang lễ,70|70|70|70|70|70,70,70,,CBU_OR_ORDINARY_VEHICLE_BLOCK,EXTRACTED_FROM_WORDDOCUMENT_CELL_STREAM
RCEP,ASEAN,"BN,KH,ID,LA,MY,SG,TH,MM,PH",2023_129 + 130_129-2022-NĐ-CP.doc,8703.22.45,870322,8703224500,- - - - Ô tô chở phạm nhân,70|70|70|70|70|70,70,70,,CBU_OR_ORDINARY_VEHICLE_BLOCK,EXTRACTED_FROM_WORDDOCUMENT_CELL_STREAM
RCEP,ASEAN,"BN,KH,ID,LA,MY,SG,TH,MM,PH",2023_129 + 130_129-2022-NĐ-CP.doc,8703.22.46,870322,8703224600,- - - - Ô tô nhà ở lưu động (có nội thất được thiết kế như căn hộ) (Motor-homes),70|70|70|70|70|70,70,70,,CBU_OR_ORDINARY_VEHICLE_BLOCK,EXTRACTED_FROM_WORDDOCUMENT_CELL_STREAM
RCEP,ASEAN,"BN,KH,ID,LA,MY,SG,TH,MM,PH",2023_129 + 130_129-2022-NĐ-CP.doc,8703.22.47,870322,8703224700,- - - - Ô tô kiểu Sedan,70|70|70|70|70|70,70,70,,CBU_OR_ORDINARY_VEHICLE_BLOCK,EXTRACTED_FROM_WORDDOCUMENT_CELL_STREAM
RCEP,ASEAN,"BN,KH,ID,LA,MY,SG,TH,MM,PH",2023_129 + 130_129-2022-NĐ-CP.doc,8703.22.51,870322,8703225100,- - - - - Loại bốn bánh chủ động,70|70|70|70|70|70,70,70,,CBU_OR_ORDINARY_VEHICLE_BLOCK,EXTRACTED_FROM_WORDDOCUMENT_CELL_STREAM
RCEP,ASEAN,"BN,KH,ID,LA,MY,SG,TH,MM,PH",2023_129 + 130_129-2022-NĐ-CP.doc,8703.22.59,870322,8703225900,- - - - - Loại khác,70|70|70|70|70|70,70,70,,CBU_OR_ORDINARY_VEHICLE_BLOCK,EXTRACTED_FROM_WORDDOCUMENT_CELL_STREAM
RCEP,ASEAN,"BN,KH,ID,LA,MY,SG,TH,MM,PH",2023_129 + 130_129-2022-NĐ-CP.doc,8703.22.90,870322,8703229000,- - - - Loại khác,70|70|70|70|70|70,70,70,,CBU_OR_ORDINARY_VEHICLE_BLOCK,EXTRACTED_FROM_WORDDOCUMENT_CELL_STREAM
RCEP,ASEAN,"BN,KH,ID,LA,MY,SG,TH,MM,PH",2023_129 + 130_129-2022-NĐ-CP.doc,8703.23.51,870323,8703235100,- - - - Ô tô cứu thương,20|20|20|20|20|20,20,20,,CBU_OR_ORDINARY_VEHICLE_BLOCK,EXTRACTED_FROM_WORDDOCUMENT_CELL_STREAM
RCEP,ASEAN,"BN,KH,ID,LA,MY,SG,TH,MM,PH",2023_129 + 130_129-2022-NĐ-CP.doc,8703.23.52,870323,8703235200,- - - - Ô tô tang lễ,20|20|20|20|20|20,20,20,,CBU_OR_ORDINARY_VEHICLE_BLOCK,EXTRACTED_FROM_WORDDOCUMENT_CELL_STREAM
RCEP,ASEAN,"BN,KH,ID,LA,MY,SG,TH,MM,PH",2023_129 + 130_129-2022-NĐ-CP.doc,8703.23.53,870323,8703235300,- - - - Ô tô chở phạm nhân,15|15|15|15|15|15,15,15,,CBU_OR_ORDINARY_VEHICLE_BLOCK,EXTRACTED_FROM_WORDDOCUMENT_CELL_STREAM
RCEP,ASEAN,"BN,KH,ID,LA,MY,SG,TH,MM,PH",2023_129 + 130_129-2022-NĐ-CP.doc,8703.23.54,870323,8703235400,- - - - Ô tô nhà ở lưu động (có nội thất được thiết kế như căn hộ) (Motor-homes),67|67|67|67|67|67,67,67,,CBU_OR_ORDINARY_VEHICLE_BLOCK,EXTRACTED_FROM_WORDDOCUMENT_CELL_STREAM
RCEP,ASEAN,"BN,KH,ID,LA,MY,SG,TH,MM,PH",2023_129 + 130_129-2022-NĐ-CP.doc,8703.23.55,870323,8703235500,- - - - - Dung tích xi lanh trên 1.500 cc nhưng không quá 1.800 cc,70|70|70|70|70|70,70,70,,CBU_OR_ORDINARY_VEHICLE_BLOCK,EXTRACTED_FROM_WORDDOCUMENT_CELL_STREAM
RCEP,ASEAN,"BN,KH,ID,LA,MY,SG,TH,MM,PH",2023_129 + 130_129-2022-NĐ-CP.doc,8703.23.56,870323,8703235600,- - - - - Dung tích xi lanh trên 1.800 cc nhưng không quá 2.000 cc,70|70|70|70|70|70,70,70,,CBU_OR_ORDINARY_VEHICLE_BLOCK,EXTRACTED_FROM_WORDDOCUMENT_CELL_STREAM
RCEP,ASEAN,"BN,KH,ID,LA,MY,SG,TH,MM,PH",2023_129 + 130_129-2022-NĐ-CP.doc,8703.23.57,870323,8703235700,- - - - - Dung tích xi lanh trên 2.000 cc nhưng không quá 2.500 cc,70|70|70|70|70|70,70,70,,CBU_OR_ORDINARY_VEHICLE_BLOCK,EXTRACTED_FROM_WORDDOCUMENT_CELL_STREAM
RCEP,ASEAN,"BN,KH,ID,LA,MY,SG,TH,MM,PH",2023_129 + 130_129-2022-NĐ-CP.doc,8703.23.58,870323,8703235800,- - - - - Dung tích xi lanh trên 2.500 cc,70|70|70|70|70|70,70,70,,CBU_OR_ORDINARY_VEHICLE_BLOCK,EXTRACTED_FROM_WORDDOCUMENT_CELL_STREAM
RCEP,ASEAN,"BN,KH,ID,LA,MY,SG,TH,MM,PH",2023_129 + 130_129-2022-NĐ-CP.doc,8703.23.61,870323,8703236100,- - - - - Dung tích xi lanh trên 1.500 cc nhưng không quá 1.800 cc,70|70|70|70|70|70,70,70,,CBU_OR_ORDINARY_VEHICLE_BLOCK,EXTRACTED_FROM_WORDDOCUMENT_CELL_STREAM
RCEP,ASEAN,"BN,KH,ID,LA,MY,SG,TH,MM,PH",2023_129 + 130_129-2022-NĐ-CP.doc,8703.23.62,870323,8703236200,- - - - - Dung tích xi lanh trên 1.800 cc nhưng không quá 2.000 cc,70|70|70|70|70|70,70,70,,CBU_OR_ORDINARY_VEHICLE_BLOCK,EXTRACTED_FROM_WORDDOCUMENT_CELL_STREAM
RCEP,ASEAN,"BN,KH,ID,LA,MY,SG,TH,MM,PH",2023_129 + 130_129-2022-NĐ-CP.doc,8703.23.63,870323,8703236300,- - - - - Dung tích xi lanh trên 2.000 cc nhưng không quá 2.500 cc,70|70|70|70|70|70,70,70,,CBU_OR_ORDINARY_VEHICLE_BLOCK,EXTRACTED_FROM_WORDDOCUMENT_CELL_STREAM
RCEP,ASEAN,"BN,KH,ID,LA,MY,SG,TH,MM,PH",2023_129 + 130_129-2022-NĐ-CP.doc,8703.23.64,870323,8703236400,- - - - - Dung tích xi lanh trên 2.500 cc,70|70|70|70|70|70,70,70,,CBU_OR_ORDINARY_VEHICLE_BLOCK,EXTRACTED_FROM_WORDDOCUMENT_CELL_STREAM
RCEP,ASEAN,"BN,KH,ID,LA,MY,SG,TH,MM,PH",2023_129 + 130_129-2022-NĐ-CP.doc,8703.23.65,870323,8703236500,- - - - - Dung tích xi lanh trên 1.500 cc nhưng không quá 1.800 cc,70|70|70|70|70|70,70,70,,CBU_OR_ORDINARY_VEHICLE_BLOCK,EXTRACTED_FROM_WORDDOCUMENT_CELL_STREAM
RCEP,ASEAN,"BN,KH,ID,LA,MY,SG,TH,MM,PH",2023_129 + 130_129-2022-NĐ-CP.doc,8703.23.66,870323,8703236600,- - - - - Dung tích xi lanh trên 1.800 cc nhưng không quá 2.000 cc,70|70|70|70|70|70,70,70,,CBU_OR_ORDINARY_VEHICLE_BLOCK,EXTRACTED_FROM_WORDDOCUMENT_CELL_STREAM
RCEP,ASEAN,"BN,KH,ID,LA,MY,SG,TH,MM,PH",2023_129 + 130_129-2022-NĐ-CP.doc,8703.23.67,870323,8703236700,- - - - - Dung tích xi lanh trên 2.000 cc nhưng không quá 2.500 cc,70|70|70|70|70|70,70,70,,CBU_OR_ORDINARY_VEHICLE_BLOCK,EXTRACTED_FROM_WORDDOCUMENT_CELL_STREAM
RCEP,ASEAN,"BN,KH,ID,LA,MY,SG,TH,MM,PH",2023_129 + 130_129-2022-NĐ-CP.doc,8703.23.68,870323,8703236800,- - - - - Dung tích xi lanh trên 2.500 cc,70|70|70|70|70|70,70,70,,CBU_OR_ORDINARY_VEHICLE_BLOCK,EXTRACTED_FROM_WORDDOCUMENT_CELL_STREAM
RCEP,ASEAN,"BN,KH,ID,LA,MY,SG,TH,MM,PH",2023_129 + 130_129-2022-NĐ-CP.doc,8703.23.71,870323,8703237100,- - - - - Dung tích xi lanh trên 1.500 cc nhưng không quá 1.800 cc,70|70|70|70|70|70,70,70,,CBU_OR_ORDINARY_VEHICLE_BLOCK,EXTRACTED_FROM_WORDDOCUMENT_CELL_STREAM
RCEP,ASEAN,"BN,KH,ID,LA,MY,SG,TH,MM,PH",2023_129 + 130_129-2022-NĐ-CP.doc,8703.23.72,870323,8703237200,- - - - - Dung tích xi lanh trên 1.800 cc nhưng không quá 2.000 cc,70|70|70|70|70|70,70,70,,CBU_OR_ORDINARY_VEHICLE_BLOCK,EXTRACTED_FROM_WORDDOCUMENT_CELL_STREAM
RCEP,ASEAN,"BN,KH,ID,LA,MY,SG,TH,MM,PH",2023_129 + 130_129-2022-NĐ-CP.doc,8703.23.73,870323,8703237300,- - - - - Dung tích xi lanh trên 2.000 cc nhưng không quá 2.500 cc,70|70|70|70|70|70,70,70,,CBU_OR_ORDINARY_VEHICLE_BLOCK,EXTRACTED_FROM_WORDDOCUMENT_CELL_STREAM
RCEP,ASEAN,"BN,KH,ID,LA,MY,SG,TH,MM,PH",2023_129 + 130_129-2022-NĐ-CP.doc,8703.23.74,870323,8703237400,- - - - - Dung tích xi lanh trên 2.500 cc,67|67|67|67|67|67,67,67,,CBU_OR_ORDINARY_VEHICLE_BLOCK,EXTRACTED_FROM_WORDDOCUMENT_CELL_STREAM
RCEP,ASEAN,"BN,KH,ID,LA,MY,SG,TH,MM,PH",2023_129 + 130_129-2022-NĐ-CP.doc,8703.24.41,870324,8703244100,- - - - Ô tô cứu thương,15|15|15|15|15|15,15,15,,CBU_OR_ORDINARY_VEHICLE_BLOCK,EXTRACTED_FROM_WORDDOCUMENT_CELL_STREAM
RCEP,ASEAN,"BN,KH,ID,LA,MY,SG,TH,MM,PH",2023_129 + 130_129-2022-NĐ-CP.doc,8703.24.42,870324,8703244200,- - - - Ô tô tang lễ,15|15|15|15|15|15,15,15,,CBU_OR_ORDINARY_VEHICLE_BLOCK,EXTRACTED_FROM_WORDDOCUMENT_CELL_STREAM
RCEP,ASEAN,"BN,KH,ID,LA,MY,SG,TH,MM,PH",2023_129 + 130_129-2022-NĐ-CP.doc,8703.24.43,870324,8703244300,- - - - Ô tô chở phạm nhân,15|15|15|15|15|15,15,15,,CBU_OR_ORDINARY_VEHICLE_BLOCK,EXTRACTED_FROM_WORDDOCUMENT_CELL_STREAM
RCEP,ASEAN,"BN,KH,ID,LA,MY,SG,TH,MM,PH",2023_129 + 130_129-2022-NĐ-CP.doc,8703.24.44,870324,8703244400,- - - - Ô tô nhà ở lưu động (có nội thất được thiết kế như căn hộ) (Motor-homes),67|67|67|67|67|67,67,67,,CBU_OR_ORDINARY_VEHICLE_BLOCK,EXTRACTED_FROM_WORDDOCUMENT_CELL_STREAM
RCEP,ASEAN,"BN,KH,ID,LA,MY,SG,TH,MM,PH",2023_129 + 130_129-2022-NĐ-CP.doc,8703.24.45,870324,8703244500,- - - - - Loại bốn bánh chủ động,59|59|59|59|59|59,59,59,,CBU_OR_ORDINARY_VEHICLE_BLOCK,EXTRACTED_FROM_WORDDOCUMENT_CELL_STREAM
RCEP,ASEAN,"BN,KH,ID,LA,MY,SG,TH,MM,PH",2023_129 + 130_129-2022-NĐ-CP.doc,8703.24.49,870324,8703244900,- - - - - Loại khác,67|67|67|67|67|67,67,67,,CBU_OR_ORDINARY_VEHICLE_BLOCK,EXTRACTED_FROM_WORDDOCUMENT_CELL_STREAM
RCEP,ASEAN,"BN,KH,ID,LA,MY,SG,TH,MM,PH",2023_129 + 130_129-2022-NĐ-CP.doc,8703.24.51,870324,8703245100,- - - - - Loại bốn bánh chủ động,59|59|59|59|59|59,59,59,,CBU_OR_ORDINARY_VEHICLE_BLOCK,EXTRACTED_FROM_WORDDOCUMENT_CELL_STREAM
RCEP,ASEAN,"BN,KH,ID,LA,MY,SG,TH,MM,PH",2023_129 + 130_129-2022-NĐ-CP.doc,8703.24.59,870324,8703245900,- - - - - Loại khác,67|67|67|67|67|67,67,67,,CBU_OR_ORDINARY_VEHICLE_BLOCK,EXTRACTED_FROM_WORDDOCUMENT_CELL_STREAM
RCEP,ASEAN,"BN,KH,ID,LA,MY,SG,TH,MM,PH",2023_129 + 130_129-2022-NĐ-CP.doc,8703.24.61,870324,8703246100,- - - - - Loại bốn bánh chủ động,59|59|59|59|59|59,59,59,,CBU_OR_ORDINARY_VEHICLE_BLOCK,EXTRACTED_FROM_WORDDOCUMENT_CELL_STREAM
RCEP,ASEAN,"BN,KH,ID,LA,MY,SG,TH,MM,PH",2023_129 + 130_129-2022-NĐ-CP.doc,8703.24.69,870324,8703246900,- - - - - Loại khác,67|67|67|67|67|67,67,67,,CBU_OR_ORDINARY_VEHICLE_BLOCK,EXTRACTED_FROM_WORDDOCUMENT_CELL_STREAM
RCEP,ASEAN,"BN,KH,ID,LA,MY,SG,TH,MM,PH",2023_129 + 130_129-2022-NĐ-CP.doc,8703.40.41,870340,8703404100,- - - - Dung tích xi lanh không quá 1.000 cc,70|70|70|70|70|70,70,70,,CBU_OR_ORDINARY_VEHICLE_BLOCK,EXTRACTED_FROM_WORDDOCUMENT_CELL_STREAM
RCEP,ASEAN,"BN,KH,ID,LA,MY,SG,TH,MM,PH",2023_129 + 130_129-2022-NĐ-CP.doc,8703.40.42,870340,8703404200,- - - - Dung tích xi lanh trên 1.000 cc nhưng không quá 1.500 cc,70|70|70|70|70|70,70,70,,CBU_OR_ORDINARY_VEHICLE_BLOCK,EXTRACTED_FROM_WORDDOCUMENT_CELL_STREAM
RCEP,ASEAN,"BN,KH,ID,LA,MY,SG,TH,MM,PH",2023_129 + 130_129-2022-NĐ-CP.doc,8703.40.43,870340,8703404300,- - - - Dung tích xi lanh trên 1.500 cc nhưng không quá 1.800 cc,70|70|70|70|70|70,70,70,,CBU_OR_ORDINARY_VEHICLE_BLOCK,EXTRACTED_FROM_WORDDOCUMENT_CELL_STREAM
RCEP,ASEAN,"BN,KH,ID,LA,MY,SG,TH,MM,PH",2023_129 + 130_129-2022-NĐ-CP.doc,8703.40.44,870340,8703404400,- - - - Dung tích xi lanh trên 1.800 cc nhưng không quá 2.000 cc,70|70|70|70|70|70,70,70,,CBU_OR_ORDINARY_VEHICLE_BLOCK,EXTRACTED_FROM_WORDDOCUMENT_CELL_STREAM
RCEP,ASEAN,"BN,KH,ID,LA,MY,SG,TH,MM,PH",2023_129 + 130_129-2022-NĐ-CP.doc,8703.40.45,870340,8703404500,- - - - Dung tích xi lanh trên 2.000 cc nhưng không quá 2.500 cc,70|70|70|70|70|70,70,70,,CBU_OR_ORDINARY_VEHICLE_BLOCK,EXTRACTED_FROM_WORDDOCUMENT_CELL_STREAM
RCEP,ASEAN,"BN,KH,ID,LA,MY,SG,TH,MM,PH",2023_129 + 130_129-2022-NĐ-CP.doc,8703.40.46,870340,8703404600,- - - - Dung tích xi lanh trên 2.500 cc nhưng không quá 3.000 cc,70|70|70|70|70|70,70,70,,CBU_OR_ORDINARY_VEHICLE_BLOCK,EXTRACTED_FROM_WORDDOCUMENT_CELL_STREAM
RCEP,ASEAN,"BN,KH,ID,LA,MY,SG,TH,MM,PH",2023_129 + 130_129-2022-NĐ-CP.doc,8703.40.47,870340,8703404700,- - - - Dung tích xi lanh trên 3.000 cc,70|70|70|70|70|70,70,70,,CBU_OR_ORDINARY_VEHICLE_BLOCK,EXTRACTED_FROM_WORDDOCUMENT_CELL_STREAM
RCEP,ASEAN,"BN,KH,ID,LA,MY,SG,TH,MM,PH",2023_129 + 130_129-2022-NĐ-CP.doc,8703.40.51,870340,8703405100,- - - - Dung tích xi lanh không quá 1.000 cc,70|70|70|70|70|70,70,70,,CBU_OR_ORDINARY_VEHICLE_BLOCK,EXTRACTED_FROM_WORDDOCUMENT_CELL_STREAM
RCEP,ASEAN,"BN,KH,ID,LA,MY,SG,TH,MM,PH",2023_129 + 130_129-2022-NĐ-CP.doc,8703.40.52,870340,8703405200,- - - - Dung tích xi lanh trên 1.000 cc nhưng không quá 1.500 cc,70|70|70|70|70|70,70,70,,CBU_OR_ORDINARY_VEHICLE_BLOCK,EXTRACTED_FROM_WORDDOCUMENT_CELL_STREAM
RCEP,ASEAN,"BN,KH,ID,LA,MY,SG,TH,MM,PH",2023_129 + 130_129-2022-NĐ-CP.doc,8703.40.53,870340,8703405300,- - - - Dung tích xi lanh trên 1.500 cc nhưng không quá 1.800 cc,70|70|70|70|70|70,70,70,,CBU_OR_ORDINARY_VEHICLE_BLOCK,EXTRACTED_FROM_WORDDOCUMENT_CELL_STREAM
RCEP,ASEAN,"BN,KH,ID,LA,MY,SG,TH,MM,PH",2023_129 + 130_129-2022-NĐ-CP.doc,8703.40.54,870340,8703405400,- - - - Dung tích xi lanh trên 1.800 cc nhưng không quá 3.000 cc,70|70|70|70|70|70,70,70,,CBU_OR_ORDINARY_VEHICLE_BLOCK,EXTRACTED_FROM_WORDDOCUMENT_CELL_STREAM
RCEP,ASEAN,"BN,KH,ID,LA,MY,SG,TH,MM,PH",2023_129 + 130_129-2022-NĐ-CP.doc,8703.40.55,870340,8703405500,- - - - Dung tích xi lanh trên 3.000 cc,70|70|70|70|70|70,70,70,,CBU_OR_ORDINARY_VEHICLE_BLOCK,EXTRACTED_FROM_WORDDOCUMENT_CELL_STREAM
RCEP,ASEAN,"BN,KH,ID,LA,MY,SG,TH,MM,PH",2023_129 + 130_129-2022-NĐ-CP.doc,8703.40.56,870340,8703405600,- - - - Dung tích xi lanh không quá 1.500 cc,70|70|70|70|70|70,70,70,,CBU_OR_ORDINARY_VEHICLE_BLOCK,EXTRACTED_FROM_WORDDOCUMENT_CELL_STREAM
RCEP,ASEAN,"BN,KH,ID,LA,MY,SG,TH,MM,PH",2023_129 + 130_129-2022-NĐ-CP.doc,8703.40.57,870340,8703405700,- - - - Dung tích xi lanh trên 1.500 cc nhưng không quá 2.000 cc,70|70|70|70|70|70,70,70,,CBU_OR_ORDINARY_VEHICLE_BLOCK,EXTRACTED_FROM_WORDDOCUMENT_CELL_STREAM
RCEP,ASEAN,"BN,KH,ID,LA,MY,SG,TH,MM,PH",2023_129 + 130_129-2022-NĐ-CP.doc,8703.40.58,870340,8703405800,- - - - Dung tích xi lanh trên 2.000 cc,70|70|70|70|70|70,70,70,,CBU_OR_ORDINARY_VEHICLE_BLOCK,EXTRACTED_FROM_WORDDOCUMENT_CELL_STREAM
RCEP,ASEAN,"BN,KH,ID,LA,MY,SG,TH,MM,PH",2023_129 + 130_129-2022-NĐ-CP.doc,8703.40.61,870340,8703406100,- - - - Dung tích xi lanh không quá 1.000 cc,70|70|70|70|70|70,70,70,,CBU_OR_ORDINARY_VEHICLE_BLOCK,EXTRACTED_FROM_WORDDOCUMENT_CELL_STREAM
RCEP,ASEAN,"BN,KH,ID,LA,MY,SG,TH,MM,PH",2023_129 + 130_129-2022-NĐ-CP.doc,8703.40.62,870340,8703406200,- - - - Dung tích xi lanh trên 1.000 cc nhưng không quá 1.500 cc,70|70|70|70|70|70,70,70,,CBU_OR_ORDINARY_VEHICLE_BLOCK,EXTRACTED_FROM_WORDDOCUMENT_CELL_STREAM
RCEP,ASEAN,"BN,KH,ID,LA,MY,SG,TH,MM,PH",2023_129 + 130_129-2022-NĐ-CP.doc,8703.40.63,870340,8703406300,- - - - Dung tích xi lanh trên 1.500 cc nhưng không quá 1.800 cc,70|70|70|70|70|70,70,70,,CBU_OR_ORDINARY_VEHICLE_BLOCK,EXTRACTED_FROM_WORDDOCUMENT_CELL_STREAM
RCEP,ASEAN,"BN,KH,ID,LA,MY,SG,TH,MM,PH",2023_129 + 130_129-2022-NĐ-CP.doc,8703.40.64,870340,8703406400,- - - - Dung tích xi lanh trên 1.800 cc nhưng không quá 2.000 cc,70|70|70|70|70|70,70,70,,CBU_OR_ORDINARY_VEHICLE_BLOCK,EXTRACTED_FROM_WORDDOCUMENT_CELL_STREAM
RCEP,ASEAN,"BN,KH,ID,LA,MY,SG,TH,MM,PH",2023_129 + 130_129-2022-NĐ-CP.doc,8703.40.65,870340,8703406500,- - - - Dung tích xi lanh trên 2.000 cc nhưng không quá 2.500 cc,70|70|70|70|70|70,70,70,,CBU_OR_ORDINARY_VEHICLE_BLOCK,EXTRACTED_FROM_WORDDOCUMENT_CELL_STREAM
RCEP,ASEAN,"BN,KH,ID,LA,MY,SG,TH,MM,PH",2023_129 + 130_129-2022-NĐ-CP.doc,8703.40.66,870340,8703406600,- - - - Dung tích xi lanh trên 2.500 cc nhưng không quá 3.000 cc,70|70|70|70|70|70,70,70,,CBU_OR_ORDINARY_VEHICLE_BLOCK,EXTRACTED_FROM_WORDDOCUMENT_CELL_STREAM
RCEP,ASEAN,"BN,KH,ID,LA,MY,SG,TH,MM,PH",2023_129 + 130_129-2022-NĐ-CP.doc,8703.40.67,870340,8703406700,"- - - - Dung tích xi lanh trên 3.000 cc, loại bốn bánh chủ động",70|70|70|70|70|70,70,70,,CBU_OR_ORDINARY_VEHICLE_BLOCK,EXTRACTED_FROM_WORDDOCUMENT_CELL_STREAM
RCEP,ASEAN,"BN,KH,ID,LA,MY,SG,TH,MM,PH",2023_129 + 130_129-2022-NĐ-CP.doc,8703.40.68,870340,8703406800,"- - - - Dung tích xi lanh trên 3.000 cc, không phải loại bốn bánh chủ động",70|70|70|70|70|70,70,70,,CBU_OR_ORDINARY_VEHICLE_BLOCK,EXTRACTED_FROM_WORDDOCUMENT_CELL_STREAM
RCEP,ASEAN,"BN,KH,ID,LA,MY,SG,TH,MM,PH",2023_129 + 130_129-2022-NĐ-CP.doc,8703.40.71,870340,8703407100,- - - - Dung tích xi lanh không quá 1.000 cc,70|70|70|70|70|70,70,70,,CBU_OR_ORDINARY_VEHICLE_BLOCK,EXTRACTED_FROM_WORDDOCUMENT_CELL_STREAM
RCEP,ASEAN,"BN,KH,ID,LA,MY,SG,TH,MM,PH",2023_129 + 130_129-2022-NĐ-CP.doc,8703.40.72,870340,8703407200,- - - - Dung tích xi lanh trên 1.000 cc nhưng không quá 1.500 cc,70|70|70|70|70|70,70,70,,CBU_OR_ORDINARY_VEHICLE_BLOCK,EXTRACTED_FROM_WORDDOCUMENT_CELL_STREAM
RCEP,ASEAN,"BN,KH,ID,LA,MY,SG,TH,MM,PH",2023_129 + 130_129-2022-NĐ-CP.doc,8703.40.73,870340,8703407300,- - - - Dung tích xi lanh trên 1.500 cc nhưng không quá 1.800 cc,70|70|70|70|70|70,70,70,,CBU_OR_ORDINARY_VEHICLE_BLOCK,EXTRACTED_FROM_WORDDOCUMENT_CELL_STREAM
RCEP,ASEAN,"BN,KH,ID,LA,MY,SG,TH,MM,PH",2023_129 + 130_129-2022-NĐ-CP.doc,8703.40.74,870340,8703407400,- - - - Dung tích xi lanh trên 1.800 cc nhưng không quá 2.000 cc,70|70|70|70|70|70,70,70,,CBU_OR_ORDINARY_VEHICLE_BLOCK,EXTRACTED_FROM_WORDDOCUMENT_CELL_STREAM
RCEP,ASEAN,"BN,KH,ID,LA,MY,SG,TH,MM,PH",2023_129 + 130_129-2022-NĐ-CP.doc,8703.40.75,870340,8703407500,- - - - Dung tích xi lanh trên 2.000 cc nhưng không quá 2.500 cc,70|70|70|70|70|70,70,70,,CBU_OR_ORDINARY_VEHICLE_BLOCK,EXTRACTED_FROM_WORDDOCUMENT_CELL_STREAM
RCEP,ASEAN,"BN,KH,ID,LA,MY,SG,TH,MM,PH",2023_129 + 130_129-2022-NĐ-CP.doc,8703.40.76,870340,8703407600,- - - - Dung tích xi lanh trên 2.500 cc nhưng không quá 3.000 cc,70|70|70|70|70|70,70,70,,CBU_OR_ORDINARY_VEHICLE_BLOCK,EXTRACTED_FROM_WORDDOCUMENT_CELL_STREAM
RCEP,ASEAN,"BN,KH,ID,LA,MY,SG,TH,MM,PH",2023_129 + 130_129-2022-NĐ-CP.doc,8703.40.77,870340,8703407700,- - - - Dung tích xi lanh trên 3.000 cc,70|70|70|70|70|70,70,70,,CBU_OR_ORDINARY_VEHICLE_BLOCK,EXTRACTED_FROM_WORDDOCUMENT_CELL_STREAM
RCEP,ASEAN,"BN,KH,ID,LA,MY,SG,TH,MM,PH",2023_129 + 130_129-2022-NĐ-CP.doc,8703.40.81,870340,8703408100,- - - - Dung tích xi lanh không quá 1.000 cc,70|70|70|70|70|70,70,70,,CBU_OR_ORDINARY_VEHICLE_BLOCK,EXTRACTED_FROM_WORDDOCUMENT_CELL_STREAM
RCEP,ASEAN,"BN,KH,ID,LA,MY,SG,TH,MM,PH",2023_129 + 130_129-2022-NĐ-CP.doc,8703.40.82,870340,8703408200,- - - - Dung tích xi lanh trên 1.000 cc nhưng không quá 1.500 cc,70|70|70|70|70|70,70,70,,CBU_OR_ORDINARY_VEHICLE_BLOCK,EXTRACTED_FROM_WORDDOCUMENT_CELL_STREAM
RCEP,ASEAN,"BN,KH,ID,LA,MY,SG,TH,MM,PH",2023_129 + 130_129-2022-NĐ-CP.doc,8703.40.83,870340,8703408300,- - - - Dung tích xi lanh trên 1.500 cc nhưng không quá 1.800 cc,70|70|70|70|70|70,70,70,,CBU_OR_ORDINARY_VEHICLE_BLOCK,EXTRACTED_FROM_WORDDOCUMENT_CELL_STREAM
RCEP,ASEAN,"BN,KH,ID,LA,MY,SG,TH,MM,PH",2023_129 + 130_129-2022-NĐ-CP.doc,8703.40.84,870340,8703408400,- - - - Dung tích xi lanh trên 1.800 cc nhưng không quá 2.000 cc,70|70|70|70|70|70,70,70,,CBU_OR_ORDINARY_VEHICLE_BLOCK,EXTRACTED_FROM_WORDDOCUMENT_CELL_STREAM
RCEP,ASEAN,"BN,KH,ID,LA,MY,SG,TH,MM,PH",2023_129 + 130_129-2022-NĐ-CP.doc,8703.40.85,870340,8703408500,- - - - Dung tích xi lanh trên 2.000 cc nhưng không quá 2.500 cc,70|70|70|70|70|70,70,70,,CBU_OR_ORDINARY_VEHICLE_BLOCK,EXTRACTED_FROM_WORDDOCUMENT_CELL_STREAM
RCEP,ASEAN,"BN,KH,ID,LA,MY,SG,TH,MM,PH",2023_129 + 130_129-2022-NĐ-CP.doc,8703.40.86,870340,8703408600,- - - - Dung tích xi lanh trên 2.500 cc nhưng không quá 3.000 cc,70|70|70|70|70|70,70,70,,CBU_OR_ORDINARY_VEHICLE_BLOCK,EXTRACTED_FROM_WORDDOCUMENT_CELL_STREAM
RCEP,ASEAN,"BN,KH,ID,LA,MY,SG,TH,MM,PH",2023_129 + 130_129-2022-NĐ-CP.doc,8703.40.87,870340,8703408700,- - - - Dung tích xi lanh trên 3.000 cc,70|70|70|70|70|70,70,70,,CBU_OR_ORDINARY_VEHICLE_BLOCK,EXTRACTED_FROM_WORDDOCUMENT_CELL_STREAM
RCEP,ASEAN,"BN,KH,ID,LA,MY,SG,TH,MM,PH",2023_129 + 130_129-2022-NĐ-CP.doc,8703.40.91,870340,8703409100,- - - - Dung tích xi lanh không quá 1.000 cc,70|70|70|70|70|70,70,70,,CBU_OR_ORDINARY_VEHICLE_BLOCK,EXTRACTED_FROM_WORDDOCUMENT_CELL_STREAM
RCEP,ASEAN,"BN,KH,ID,LA,MY,SG,TH,MM,PH",2023_129 + 130_129-2022-NĐ-CP.doc,8703.40.92,870340,8703409200,- - - - Dung tích xi lanh trên 1.000 cc nhưng không quá 1.500 cc,70|70|70|70|70|70,70,70,,CBU_OR_ORDINARY_VEHICLE_BLOCK,EXTRACTED_FROM_WORDDOCUMENT_CELL_STREAM
RCEP,ASEAN,"BN,KH,ID,LA,MY,SG,TH,MM,PH",2023_129 + 130_129-2022-NĐ-CP.doc,8703.40.93,870340,8703409300,- - - - Dung tích xi lanh trên 1.500 cc nhưng không quá 1.800 cc,70|70|70|70|70|70,70,70,,CBU_OR_ORDINARY_VEHICLE_BLOCK,EXTRACTED_FROM_WORDDOCUMENT_CELL_STREAM
RCEP,ASEAN,"BN,KH,ID,LA,MY,SG,TH,MM,PH",2023_129 + 130_129-2022-NĐ-CP.doc,8703.40.94,870340,8703409400,- - - - Dung tích xi lanh trên 1.800 cc nhưng không quá 2.000 cc,70|70|70|70|70|70,70,70,,CBU_OR_ORDINARY_VEHICLE_BLOCK,EXTRACTED_FROM_WORDDOCUMENT_CELL_STREAM
RCEP,ASEAN,"BN,KH,ID,LA,MY,SG,TH,MM,PH",2023_129 + 130_129-2022-NĐ-CP.doc,8703.40.95,870340,8703409500,- - - - Dung tích xi lanh trên 2.000 cc nhưng không quá 2.500 cc,70|70|70|70|70|70,70,70,,CBU_OR_ORDINARY_VEHICLE_BLOCK,EXTRACTED_FROM_WORDDOCUMENT_CELL_STREAM
RCEP,ASEAN,"BN,KH,ID,LA,MY,SG,TH,MM,PH",2023_129 + 130_129-2022-NĐ-CP.doc,8703.40.96,870340,8703409600,- - - - Dung tích xi lanh trên 2.500 cc nhưng không quá 3.000 cc,70|70|70|70|70|70,70,70,,CBU_OR_ORDINARY_VEHICLE_BLOCK,EXTRACTED_FROM_WORDDOCUMENT_CELL_STREAM
RCEP,ASEAN,"BN,KH,ID,LA,MY,SG,TH,MM,PH",2023_129 + 130_129-2022-NĐ-CP.doc,8703.40.97,870340,8703409700,"- - - - Dung tích xi lanh trên 3.000 cc, loại bốn bánh chủ động",70|70|70|70|70|70,70,70,,CBU_OR_ORDINARY_VEHICLE_BLOCK,EXTRACTED_FROM_WORDDOCUMENT_CELL_STREAM
RCEP,ASEAN,"BN,KH,ID,LA,MY,SG,TH,MM,PH",2023_129 + 130_129-2022-NĐ-CP.doc,8703.40.98,870340,8703409800,"- - - - Dung tích xi lanh trên 3.000 cc, không phải loại bốn bánh chủ động",70|70|70|70|70|70,70,70,,CBU_OR_ORDINARY_VEHICLE_BLOCK,EXTRACTED_FROM_WORDDOCUMENT_CELL_STREAM
RCEP,ASEAN,"BN,KH,ID,LA,MY,SG,TH,MM,PH",2023_129 + 130_129-2022-NĐ-CP.doc,8703.50.41,870350,8703504100,- - - - Dung tích xi lanh không quá 1.000 cc,70|70|70|70|70|70,70,70,,CBU_OR_ORDINARY_VEHICLE_BLOCK,EXTRACTED_FROM_WORDDOCUMENT_CELL_STREAM
RCEP,ASEAN,"BN,KH,ID,LA,MY,SG,TH,MM,PH",2023_129 + 130_129-2022-NĐ-CP.doc,8703.50.42,870350,8703504200,- - - - Dung tích xi lanh trên 1.000 cc nhưng không quá 1.500 cc,70|70|70|70|70|70,70,70,,CBU_OR_ORDINARY_VEHICLE_BLOCK,EXTRACTED_FROM_WORDDOCUMENT_CELL_STREAM
RCEP,ASEAN,"BN,KH,ID,LA,MY,SG,TH,MM,PH",2023_129 + 130_129-2022-NĐ-CP.doc,8703.50.43,870350,8703504300,- - - - Dung tích xi lanh trên 1.500 cc nhưng không quá 1.800 cc,70|70|70|70|70|70,70,70,,CBU_OR_ORDINARY_VEHICLE_BLOCK,EXTRACTED_FROM_WORDDOCUMENT_CELL_STREAM
RCEP,ASEAN,"BN,KH,ID,LA,MY,SG,TH,MM,PH",2023_129 + 130_129-2022-NĐ-CP.doc,8703.50.44,870350,8703504400,- - - - Dung tích xi lanh trên 1.800 cc nhưng không quá 2.000 cc,70|70|70|70|70|70,70,70,,CBU_OR_ORDINARY_VEHICLE_BLOCK,EXTRACTED_FROM_WORDDOCUMENT_CELL_STREAM
RCEP,ASEAN,"BN,KH,ID,LA,MY,SG,TH,MM,PH",2023_129 + 130_129-2022-NĐ-CP.doc,8703.50.45,870350,8703504500,- - - - Dung tích xi lanh trên 2.000 cc nhưng không quá 2.500 cc,70|70|70|70|70|70,70,70,,CBU_OR_ORDINARY_VEHICLE_BLOCK,EXTRACTED_FROM_WORDDOCUMENT_CELL_STREAM
RCEP,ASEAN,"BN,KH,ID,LA,MY,SG,TH,MM,PH",2023_129 + 130_129-2022-NĐ-CP.doc,8703.50.46,870350,8703504600,- - - - Dung tích xi lanh trên 2.500 cc nhưng không quá 3.000 cc,70|70|70|70|70|70,70,70,,CBU_OR_ORDINARY_VEHICLE_BLOCK,EXTRACTED_FROM_WORDDOCUMENT_CELL_STREAM
RCEP,ASEAN,"BN,KH,ID,LA,MY,SG,TH,MM,PH",2023_129 + 130_129-2022-NĐ-CP.doc,8703.50.47,870350,8703504700,- - - - Dung tích xi lanh trên 3.000 cc,70|70|70|70|70|70,70,70,,CBU_OR_ORDINARY_VEHICLE_BLOCK,EXTRACTED_FROM_WORDDOCUMENT_CELL_STREAM
RCEP,ASEAN,"BN,KH,ID,LA,MY,SG,TH,MM,PH",2023_129 + 130_129-2022-NĐ-CP.doc,8703.50.51,870350,8703505100,- - - - Dung tích xi lanh không quá 1.000 cc,70|70|70|70|70|70,70,70,,CBU_OR_ORDINARY_VEHICLE_BLOCK,EXTRACTED_FROM_WORDDOCUMENT_CELL_STREAM
RCEP,ASEAN,"BN,KH,ID,LA,MY,SG,TH,MM,PH",2023_129 + 130_129-2022-NĐ-CP.doc,8703.50.52,870350,8703505200,- - - - Dung tích xi lanh trên 1.000 cc nhưng không quá 1.500 cc,70|70|70|70|70|70,70,70,,CBU_OR_ORDINARY_VEHICLE_BLOCK,EXTRACTED_FROM_WORDDOCUMENT_CELL_STREAM
RCEP,ASEAN,"BN,KH,ID,LA,MY,SG,TH,MM,PH",2023_129 + 130_129-2022-NĐ-CP.doc,8703.50.53,870350,8703505300,- - - - Dung tích xi lanh trên 1.500 cc nhưng không quá 1.800 cc,70|70|70|70|70|70,70,70,,CBU_OR_ORDINARY_VEHICLE_BLOCK,EXTRACTED_FROM_WORDDOCUMENT_CELL_STREAM
RCEP,ASEAN,"BN,KH,ID,LA,MY,SG,TH,MM,PH",2023_129 + 130_129-2022-NĐ-CP.doc,8703.50.54,870350,8703505400,- - - - Dung tích xi lanh trên 1.800 cc nhưng không quá 2.500 cc,70|70|70|70|70|70,70,70,,CBU_OR_ORDINARY_VEHICLE_BLOCK,EXTRACTED_FROM_WORDDOCUMENT_CELL_STREAM
RCEP,ASEAN,"BN,KH,ID,LA,MY,SG,TH,MM,PH",2023_129 + 130_129-2022-NĐ-CP.doc,8703.50.55,870350,8703505500,- - - - Dung tích xi lanh trên 2.500 cc,70|70|70|70|70|70,70,70,,CBU_OR_ORDINARY_VEHICLE_BLOCK,EXTRACTED_FROM_WORDDOCUMENT_CELL_STREAM
RCEP,ASEAN,"BN,KH,ID,LA,MY,SG,TH,MM,PH",2023_129 + 130_129-2022-NĐ-CP.doc,8703.50.56,870350,8703505600,- - - - Dung tích xi lanh không quá 1.500 cc,70|70|70|70|70|70,70,70,,CBU_OR_ORDINARY_VEHICLE_BLOCK,EXTRACTED_FROM_WORDDOCUMENT_CELL_STREAM
RCEP,ASEAN,"BN,KH,ID,LA,MY,SG,TH,MM,PH",2023_129 + 130_129-2022-NĐ-CP.doc,8703.50.57,870350,8703505700,- - - - Dung tích xi lanh trên 1.500 cc nhưng không quá 2.000 cc,70|70|70|70|70|70,70,70,,CBU_OR_ORDINARY_VEHICLE_BLOCK,EXTRACTED_FROM_WORDDOCUMENT_CELL_STREAM
RCEP,ASEAN,"BN,KH,ID,LA,MY,SG,TH,MM,PH",2023_129 + 130_129-2022-NĐ-CP.doc,8703.50.58,870350,8703505800,- - - - Dung tích xi lanh trên 2.000 cc,70|70|70|70|70|70,70,70,,CBU_OR_ORDINARY_VEHICLE_BLOCK,EXTRACTED_FROM_WORDDOCUMENT_CELL_STREAM
RCEP,ASEAN,"BN,KH,ID,LA,MY,SG,TH,MM,PH",2023_129 + 130_129-2022-NĐ-CP.doc,8703.50.61,870350,8703506100,- - - - Dung tích xi lanh không quá 1.000 cc,70|70|70|70|70|70,70,70,,CBU_OR_ORDINARY_VEHICLE_BLOCK,EXTRACTED_FROM_WORDDOCUMENT_CELL_STREAM
RCEP,ASEAN,"BN,KH,ID,LA,MY,SG,TH,MM,PH",2023_129 + 130_129-2022-NĐ-CP.doc,8703.50.62,870350,8703506200,- - - - Dung tích xi lanh trên 1.000 cc nhưng không quá 1.500 cc,70|70|70|70|70|70,70,70,,CBU_OR_ORDINARY_VEHICLE_BLOCK,EXTRACTED_FROM_WORDDOCUMENT_CELL_STREAM
RCEP,ASEAN,"BN,KH,ID,LA,MY,SG,TH,MM,PH",2023_129 + 130_129-2022-NĐ-CP.doc,8703.50.63,870350,8703506300,- - - - Dung tích xi lanh trên 1.500 cc nhưng không quá 1.800 cc,70|70|70|70|70|70,70,70,,CBU_OR_ORDINARY_VEHICLE_BLOCK,EXTRACTED_FROM_WORDDOCUMENT_CELL_STREAM
RCEP,ASEAN,"BN,KH,ID,LA,MY,SG,TH,MM,PH",2023_129 + 130_129-2022-NĐ-CP.doc,8703.50.64,870350,8703506400,- - - - Dung tích xi lanh trên 1.800 cc nhưng không quá 2.000 cc,70|70|70|70|70|70,70,70,,CBU_OR_ORDINARY_VEHICLE_BLOCK,EXTRACTED_FROM_WORDDOCUMENT_CELL_STREAM
RCEP,ASEAN,"BN,KH,ID,LA,MY,SG,TH,MM,PH",2023_129 + 130_129-2022-NĐ-CP.doc,8703.50.65,870350,8703506500,- - - - Dung tích xi lanh trên 2.000 cc nhưng không quá 2.500 cc,70|70|70|70|70|70,70,70,,CBU_OR_ORDINARY_VEHICLE_BLOCK,EXTRACTED_FROM_WORDDOCUMENT_CELL_STREAM
RCEP,ASEAN,"BN,KH,ID,LA,MY,SG,TH,MM,PH",2023_129 + 130_129-2022-NĐ-CP.doc,8703.50.66,870350,8703506600,- - - - Dung tích xi lanh trên 2.500 cc nhưng không quá 3.000 cc,70|70|70|70|70|70,70,70,,CBU_OR_ORDINARY_VEHICLE_BLOCK,EXTRACTED_FROM_WORDDOCUMENT_CELL_STREAM
RCEP,ASEAN,"BN,KH,ID,LA,MY,SG,TH,MM,PH",2023_129 + 130_129-2022-NĐ-CP.doc,8703.50.67,870350,8703506700,- - - - Dung tích xi lanh trên 3.000 cc,70|70|70|70|70|70,70,70,,CBU_OR_ORDINARY_VEHICLE_BLOCK,EXTRACTED_FROM_WORDDOCUMENT_CELL_STREAM
RCEP,ASEAN,"BN,KH,ID,LA,MY,SG,TH,MM,PH",2023_129 + 130_129-2022-NĐ-CP.doc,8703.50.71,870350,8703507100,- - - - Dung tích xi lanh không quá 1.000 cc,70|70|70|70|70|70,70,70,,CBU_OR_ORDINARY_VEHICLE_BLOCK,EXTRACTED_FROM_WORDDOCUMENT_CELL_STREAM
RCEP,ASEAN,"BN,KH,ID,LA,MY,SG,TH,MM,PH",2023_129 + 130_129-2022-NĐ-CP.doc,8703.50.72,870350,8703507200,- - - - Dung tích xi lanh trên 1.000 cc nhưng không quá 1.500 cc,70|70|70|70|70|70,70,70,,CBU_OR_ORDINARY_VEHICLE_BLOCK,EXTRACTED_FROM_WORDDOCUMENT_CELL_STREAM
RCEP,ASEAN,"BN,KH,ID,LA,MY,SG,TH,MM,PH",2023_129 + 130_129-2022-NĐ-CP.doc,8703.50.73,870350,8703507300,- - - - Dung tích xi lanh trên 1.500 cc nhưng không quá 1.800 cc,70|70|70|70|70|70,70,70,,CBU_OR_ORDINARY_VEHICLE_BLOCK,EXTRACTED_FROM_WORDDOCUMENT_CELL_STREAM
RCEP,ASEAN,"BN,KH,ID,LA,MY,SG,TH,MM,PH",2023_129 + 130_129-2022-NĐ-CP.doc,8703.50.74,870350,8703507400,- - - - Dung tích xi lanh trên 1.800 cc nhưng không quá 2.000 cc,70|70|70|70|70|70,70,70,,CBU_OR_ORDINARY_VEHICLE_BLOCK,EXTRACTED_FROM_WORDDOCUMENT_CELL_STREAM
RCEP,ASEAN,"BN,KH,ID,LA,MY,SG,TH,MM,PH",2023_129 + 130_129-2022-NĐ-CP.doc,8703.50.75,870350,8703507500,- - - - Dung tích xi lanh trên 2.000 cc nhưng không quá 2.500 cc,70|70|70|70|70|70,70,70,,CBU_OR_ORDINARY_VEHICLE_BLOCK,EXTRACTED_FROM_WORDDOCUMENT_CELL_STREAM
RCEP,ASEAN,"BN,KH,ID,LA,MY,SG,TH,MM,PH",2023_129 + 130_129-2022-NĐ-CP.doc,8703.50.76,870350,8703507600,- - - - Dung tích xi lanh trên 2.500 cc nhưng không quá 3.000 cc,70|70|70|70|70|70,70,70,,CBU_OR_ORDINARY_VEHICLE_BLOCK,EXTRACTED_FROM_WORDDOCUMENT_CELL_STREAM
RCEP,ASEAN,"BN,KH,ID,LA,MY,SG,TH,MM,PH",2023_129 + 130_129-2022-NĐ-CP.doc,8703.50.77,870350,8703507700,- - - - Dung tích xi lanh trên 3.000 cc,70|70|70|70|70|70,70,70,,CBU_OR_ORDINARY_VEHICLE_BLOCK,EXTRACTED_FROM_WORDDOCUMENT_CELL_STREAM
RCEP,ASEAN,"BN,KH,ID,LA,MY,SG,TH,MM,PH",2023_129 + 130_129-2022-NĐ-CP.doc,8703.50.81,870350,8703508100,- - - - Dung tích xi lanh không quá 1.000 cc,70|70|70|70|70|70,70,70,,CBU_OR_ORDINARY_VEHICLE_BLOCK,EXTRACTED_FROM_WORDDOCUMENT_CELL_STREAM
RCEP,ASEAN,"BN,KH,ID,LA,MY,SG,TH,MM,PH",2023_129 + 130_129-2022-NĐ-CP.doc,8703.50.82,870350,8703508200,- - - - Dung tích xi lanh trên 1.000 cc nhưng không quá 1.500 cc,70|70|70|70|70|70,70,70,,CBU_OR_ORDINARY_VEHICLE_BLOCK,EXTRACTED_FROM_WORDDOCUMENT_CELL_STREAM
RCEP,ASEAN,"BN,KH,ID,LA,MY,SG,TH,MM,PH",2023_129 + 130_129-2022-NĐ-CP.doc,8703.50.83,870350,8703508300,- - - - Dung tích xi lanh trên 1.500 cc nhưng không quá 1.800 cc,70|70|70|70|70|70,70,70,,CBU_OR_ORDINARY_VEHICLE_BLOCK,EXTRACTED_FROM_WORDDOCUMENT_CELL_STREAM
RCEP,ASEAN,"BN,KH,ID,LA,MY,SG,TH,MM,PH",2023_129 + 130_129-2022-NĐ-CP.doc,8703.50.84,870350,8703508400,- - - - Dung tích xi lanh trên 1.800 cc nhưng không quá 2.000 cc,70|70|70|70|70|70,70,70,,CBU_OR_ORDINARY_VEHICLE_BLOCK,EXTRACTED_FROM_WORDDOCUMENT_CELL_STREAM
RCEP,ASEAN,"BN,KH,ID,LA,MY,SG,TH,MM,PH",2023_129 + 130_129-2022-NĐ-CP.doc,8703.50.85,870350,8703508500,- - - - Dung tích xi lanh trên 2.000 cc nhưng không quá 2.500 cc,70|70|70|70|70|70,70,70,,CBU_OR_ORDINARY_VEHICLE_BLOCK,EXTRACTED_FROM_WORDDOCUMENT_CELL_STREAM
RCEP,ASEAN,"BN,KH,ID,LA,MY,SG,TH,MM,PH",2023_129 + 130_129-2022-NĐ-CP.doc,8703.50.86,870350,8703508600,- - - - Dung tích xi lanh trên 2.500 cc nhưng không quá 3.000 cc,70|70|70|70|70|70,70,70,,CBU_OR_ORDINARY_VEHICLE_BLOCK,EXTRACTED_FROM_WORDDOCUMENT_CELL_STREAM
RCEP,ASEAN,"BN,KH,ID,LA,MY,SG,TH,MM,PH",2023_129 + 130_129-2022-NĐ-CP.doc,8703.50.87,870350,8703508700,- - - - Dung tích xi lanh trên 3.000 cc,70|70|70|70|70|70,70,70,,CBU_OR_ORDINARY_VEHICLE_BLOCK,EXTRACTED_FROM_WORDDOCUMENT_CELL_STREAM
RCEP,ASEAN,"BN,KH,ID,LA,MY,SG,TH,MM,PH",2023_129 + 130_129-2022-NĐ-CP.doc,8703.50.91,870350,8703509100,- - - - Dung tích xi lanh không quá 1.000 cc,70|70|70|70|70|70,70,70,,CBU_OR_ORDINARY_VEHICLE_BLOCK,EXTRACTED_FROM_WORDDOCUMENT_CELL_STREAM
RCEP,ASEAN,"BN,KH,ID,LA,MY,SG,TH,MM,PH",2023_129 + 130_129-2022-NĐ-CP.doc,8703.50.92,870350,8703509200,- - - - Dung tích xi lanh trên 1.000 cc nhưng không quá 1.500 cc,70|70|70|70|70|70,70,70,,CBU_OR_ORDINARY_VEHICLE_BLOCK,EXTRACTED_FROM_WORDDOCUMENT_CELL_STREAM
RCEP,ASEAN,"BN,KH,ID,LA,MY,SG,TH,MM,PH",2023_129 + 130_129-2022-NĐ-CP.doc,8703.50.93,870350,8703509300,- - - - Dung tích xi lanh trên 1.500 cc nhưng không quá 1.800 cc,70|70|70|70|70|70,70,70,,CBU_OR_ORDINARY_VEHICLE_BLOCK,EXTRACTED_FROM_WORDDOCUMENT_CELL_STREAM
RCEP,ASEAN,"BN,KH,ID,LA,MY,SG,TH,MM,PH",2023_129 + 130_129-2022-NĐ-CP.doc,8703.50.94,870350,8703509400,- - - - Dung tích xi lanh trên 1.800 cc nhưng không quá 2.000 cc,70|70|70|70|70|70,70,70,,CBU_OR_ORDINARY_VEHICLE_BLOCK,EXTRACTED_FROM_WORDDOCUMENT_CELL_STREAM
RCEP,ASEAN,"BN,KH,ID,LA,MY,SG,TH,MM,PH",2023_129 + 130_129-2022-NĐ-CP.doc,8703.50.95,870350,8703509500,- - - - Dung tích xi lanh trên 2.000 cc nhưng không quá 2.500 cc,70|70|70|70|70|70,70,70,,CBU_OR_ORDINARY_VEHICLE_BLOCK,EXTRACTED_FROM_WORDDOCUMENT_CELL_STREAM
RCEP,ASEAN,"BN,KH,ID,LA,MY,SG,TH,MM,PH",2023_129 + 130_129-2022-NĐ-CP.doc,8703.50.96,870350,8703509600,- - - - Dung tích xi lanh trên 2.500 cc nhưng không quá 3.000 cc,70|70|70|70|70|70,70,70,,CBU_OR_ORDINARY_VEHICLE_BLOCK,EXTRACTED_FROM_WORDDOCUMENT_CELL_STREAM
RCEP,ASEAN,"BN,KH,ID,LA,MY,SG,TH,MM,PH",2023_129 + 130_129-2022-NĐ-CP.doc,8703.50.97,870350,8703509700,- - - - Dung tích xi lanh trên 3.000 cc,70|70|70|70|70|70,70,70,,CBU_OR_ORDINARY_VEHICLE_BLOCK,EXTRACTED_FROM_WORDDOCUMENT_CELL_STREAM
RCEP,ASEAN,"BN,KH,ID,LA,MY,SG,TH,MM,PH",2023_129 + 130_129-2022-NĐ-CP.doc,8703.60.41,870360,8703604100,- - - - Dung tích xi lanh không quá 1.000 cc,70|70|70|70|70|70,70,70,,CBU_OR_ORDINARY_VEHICLE_BLOCK,EXTRACTED_FROM_WORDDOCUMENT_CELL_STREAM
RCEP,ASEAN,"BN,KH,ID,LA,MY,SG,TH,MM,PH",2023_129 + 130_129-2022-NĐ-CP.doc,8703.60.42,870360,8703604200,- - - - Dung tích xi lanh trên 1.000 cc nhưng không quá 1.500 cc,70|70|70|70|70|70,70,70,,CBU_OR_ORDINARY_VEHICLE_BLOCK,EXTRACTED_FROM_WORDDOCUMENT_CELL_STREAM
RCEP,ASEAN,"BN,KH,ID,LA,MY,SG,TH,MM,PH",2023_129 + 130_129-2022-NĐ-CP.doc,8703.60.43,870360,8703604300,- - - - Dung tích xi lanh trên 1.500 cc nhưng không quá 1.800 cc,70|70|70|70|70|70,70,70,,CBU_OR_ORDINARY_VEHICLE_BLOCK,EXTRACTED_FROM_WORDDOCUMENT_CELL_STREAM
RCEP,ASEAN,"BN,KH,ID,LA,MY,SG,TH,MM,PH",2023_129 + 130_129-2022-NĐ-CP.doc,8703.60.44,870360,8703604400,- - - - Dung tích xi lanh trên 1.800 cc nhưng không quá 2.000 cc,70|70|70|70|70|70,70,70,,CBU_OR_ORDINARY_VEHICLE_BLOCK,EXTRACTED_FROM_WORDDOCUMENT_CELL_STREAM
RCEP,ASEAN,"BN,KH,ID,LA,MY,SG,TH,MM,PH",2023_129 + 130_129-2022-NĐ-CP.doc,8703.60.45,870360,8703604500,- - - - Dung tích xi lanh trên 2.000 cc nhưng không quá 2.500 cc,70|70|70|70|70|70,70,70,,CBU_OR_ORDINARY_VEHICLE_BLOCK,EXTRACTED_FROM_WORDDOCUMENT_CELL_STREAM
RCEP,ASEAN,"BN,KH,ID,LA,MY,SG,TH,MM,PH",2023_129 + 130_129-2022-NĐ-CP.doc,8703.60.46,870360,8703604600,- - - - Dung tích xi lanh trên 2.500 cc nhưng không quá 3.000 cc,70|70|70|70|70|70,70,70,,CBU_OR_ORDINARY_VEHICLE_BLOCK,EXTRACTED_FROM_WORDDOCUMENT_CELL_STREAM
RCEP,ASEAN,"BN,KH,ID,LA,MY,SG,TH,MM,PH",2023_129 + 130_129-2022-NĐ-CP.doc,8703.60.47,870360,8703604700,- - - - Dung tích xi lanh trên 3.000 cc,70|70|70|70|70|70,70,70,,CBU_OR_ORDINARY_VEHICLE_BLOCK,EXTRACTED_FROM_WORDDOCUMENT_CELL_STREAM
RCEP,ASEAN,"BN,KH,ID,LA,MY,SG,TH,MM,PH",2023_129 + 130_129-2022-NĐ-CP.doc,8703.60.51,870360,8703605100,- - - - Dung tích xi lanh không quá 1.000 cc,70|70|70|70|70|70,70,70,,CBU_OR_ORDINARY_VEHICLE_BLOCK,EXTRACTED_FROM_WORDDOCUMENT_CELL_STREAM
RCEP,ASEAN,"BN,KH,ID,LA,MY,SG,TH,MM,PH",2023_129 + 130_129-2022-NĐ-CP.doc,8703.60.52,870360,8703605200,- - - - Dung tích xi lanh trên 1.000 cc nhưng không quá 1.500 cc,70|70|70|70|70|70,70,70,,CBU_OR_ORDINARY_VEHICLE_BLOCK,EXTRACTED_FROM_WORDDOCUMENT_CELL_STREAM
RCEP,ASEAN,"BN,KH,ID,LA,MY,SG,TH,MM,PH",2023_129 + 130_129-2022-NĐ-CP.doc,8703.60.53,870360,8703605300,- - - - Dung tích xi lanh trên 1.500 cc nhưng không quá 1.800 cc,70|70|70|70|70|70,70,70,,CBU_OR_ORDINARY_VEHICLE_BLOCK,EXTRACTED_FROM_WORDDOCUMENT_CELL_STREAM
RCEP,ASEAN,"BN,KH,ID,LA,MY,SG,TH,MM,PH",2023_129 + 130_129-2022-NĐ-CP.doc,8703.60.54,870360,8703605400,- - - - Dung tích xi lanh trên 1.800 cc nhưng không quá 3.000 cc,70|70|70|70|70|70,70,70,,CBU_OR_ORDINARY_VEHICLE_BLOCK,EXTRACTED_FROM_WORDDOCUMENT_CELL_STREAM
RCEP,ASEAN,"BN,KH,ID,LA,MY,SG,TH,MM,PH",2023_129 + 130_129-2022-NĐ-CP.doc,8703.60.55,870360,8703605500,- - - - Dung tích xi lanh trên 3.000 cc,70|70|70|70|70|70,70,70,,CBU_OR_ORDINARY_VEHICLE_BLOCK,EXTRACTED_FROM_WORDDOCUMENT_CELL_STREAM
RCEP,ASEAN,"BN,KH,ID,LA,MY,SG,TH,MM,PH",2023_129 + 130_129-2022-NĐ-CP.doc,8703.60.56,870360,8703605600,- - - - Dung tích xi lanh không quá 1.500 cc,70|70|70|70|70|70,70,70,,CBU_OR_ORDINARY_VEHICLE_BLOCK,EXTRACTED_FROM_WORDDOCUMENT_CELL_STREAM
RCEP,ASEAN,"BN,KH,ID,LA,MY,SG,TH,MM,PH",2023_129 + 130_129-2022-NĐ-CP.doc,8703.60.57,870360,8703605700,- - - - Dung tích xi lanh trên 1.500 cc nhưng không quá 2.000 cc,70|70|70|70|70|70,70,70,,CBU_OR_ORDINARY_VEHICLE_BLOCK,EXTRACTED_FROM_WORDDOCUMENT_CELL_STREAM
RCEP,ASEAN,"BN,KH,ID,LA,MY,SG,TH,MM,PH",2023_129 + 130_129-2022-NĐ-CP.doc,8703.60.58,870360,8703605800,- - - - Dung tích xi lanh trên 2.000 cc,70|70|70|70|70|70,70,70,,CBU_OR_ORDINARY_VEHICLE_BLOCK,EXTRACTED_FROM_WORDDOCUMENT_CELL_STREAM
RCEP,ASEAN,"BN,KH,ID,LA,MY,SG,TH,MM,PH",2023_129 + 130_129-2022-NĐ-CP.doc,8703.60.61,870360,8703606100,- - - - Dung tích xi lanh không quá 1.000 cc,70|70|70|70|70|70,70,70,,CBU_OR_ORDINARY_VEHICLE_BLOCK,EXTRACTED_FROM_WORDDOCUMENT_CELL_STREAM
RCEP,ASEAN,"BN,KH,ID,LA,MY,SG,TH,MM,PH",2023_129 + 130_129-2022-NĐ-CP.doc,8703.60.62,870360,8703606200,- - - - Dung tích xi lanh trên 1.000 cc nhưng không quá 1.500 cc,70|70|70|70|70|70,70,70,,CBU_OR_ORDINARY_VEHICLE_BLOCK,EXTRACTED_FROM_WORDDOCUMENT_CELL_STREAM
RCEP,ASEAN,"BN,KH,ID,LA,MY,SG,TH,MM,PH",2023_129 + 130_129-2022-NĐ-CP.doc,8703.60.63,870360,8703606300,- - - - Dung tích xi lanh trên 1.500 cc nhưng không quá 1.800 cc,70|70|70|70|70|70,70,70,,CBU_OR_ORDINARY_VEHICLE_BLOCK,EXTRACTED_FROM_WORDDOCUMENT_CELL_STREAM
RCEP,ASEAN,"BN,KH,ID,LA,MY,SG,TH,MM,PH",2023_129 + 130_129-2022-NĐ-CP.doc,8703.60.64,870360,8703606400,- - - - Dung tích xi lanh trên 1.800 cc nhưng không quá 2.000 cc,70|70|70|70|70|70,70,70,,CBU_OR_ORDINARY_VEHICLE_BLOCK,EXTRACTED_FROM_WORDDOCUMENT_CELL_STREAM
RCEP,ASEAN,"BN,KH,ID,LA,MY,SG,TH,MM,PH",2023_129 + 130_129-2022-NĐ-CP.doc,8703.60.65,870360,8703606500,- - - - Dung tích xi lanh trên 2.000 cc nhưng không quá 2.500 cc,70|70|70|70|70|70,70,70,,CBU_OR_ORDINARY_VEHICLE_BLOCK,EXTRACTED_FROM_WORDDOCUMENT_CELL_STREAM
RCEP,ASEAN,"BN,KH,ID,LA,MY,SG,TH,MM,PH",2023_129 + 130_129-2022-NĐ-CP.doc,8703.60.66,870360,8703606600,- - - - Dung tích xi lanh trên 2.500 cc nhưng không quá 3.000 cc,70|70|70|70|70|70,70,70,,CBU_OR_ORDINARY_VEHICLE_BLOCK,EXTRACTED_FROM_WORDDOCUMENT_CELL_STREAM
RCEP,ASEAN,"BN,KH,ID,LA,MY,SG,TH,MM,PH",2023_129 + 130_129-2022-NĐ-CP.doc,8703.60.67,870360,8703606700,"- - - - Dung tích xi lanh trên 3.000 cc, loại bốn bánh chủ động",70|70|70|70|70|70,70,70,,CBU_OR_ORDINARY_VEHICLE_BLOCK,EXTRACTED_FROM_WORDDOCUMENT_CELL_STREAM
RCEP,ASEAN,"BN,KH,ID,LA,MY,SG,TH,MM,PH",2023_129 + 130_129-2022-NĐ-CP.doc,8703.60.68,870360,8703606800,"- - - - Dung tích xi lanh trên 3.000 cc, không phải loại bốn bánh chủ động",70|70|70|70|70|70,70,70,,CBU_OR_ORDINARY_VEHICLE_BLOCK,EXTRACTED_FROM_WORDDOCUMENT_CELL_STREAM
RCEP,ASEAN,"BN,KH,ID,LA,MY,SG,TH,MM,PH",2023_129 + 130_129-2022-NĐ-CP.doc,8703.60.71,870360,8703607100,- - - - Dung tích xi lanh không quá 1.000 cc,70|70|70|70|70|70,70,70,,CBU_OR_ORDINARY_VEHICLE_BLOCK,EXTRACTED_FROM_WORDDOCUMENT_CELL_STREAM
RCEP,ASEAN,"BN,KH,ID,LA,MY,SG,TH,MM,PH",2023_129 + 130_129-2022-NĐ-CP.doc,8703.60.72,870360,8703607200,- - - - Dung tích xi lanh trên 1.000 cc nhưng không quá 1.500 cc,70|70|70|70|70|70,70,70,,CBU_OR_ORDINARY_VEHICLE_BLOCK,EXTRACTED_FROM_WORDDOCUMENT_CELL_STREAM
RCEP,ASEAN,"BN,KH,ID,LA,MY,SG,TH,MM,PH",2023_129 + 130_129-2022-NĐ-CP.doc,8703.60.73,870360,8703607300,- - - - Dung tích xi lanh trên 1.500 cc nhưng không quá 1.800 cc,70|70|70|70|70|70,70,70,,CBU_OR_ORDINARY_VEHICLE_BLOCK,EXTRACTED_FROM_WORDDOCUMENT_CELL_STREAM
RCEP,ASEAN,"BN,KH,ID,LA,MY,SG,TH,MM,PH",2023_129 + 130_129-2022-NĐ-CP.doc,8703.60.74,870360,8703607400,- - - - Dung tích xi lanh trên 1.800 cc nhưng không quá 2.000 cc,70|70|70|70|70|70,70,70,,CBU_OR_ORDINARY_VEHICLE_BLOCK,EXTRACTED_FROM_WORDDOCUMENT_CELL_STREAM
RCEP,ASEAN,"BN,KH,ID,LA,MY,SG,TH,MM,PH",2023_129 + 130_129-2022-NĐ-CP.doc,8703.60.75,870360,8703607500,- - - - Dung tích xi lanh trên 2.000 cc nhưng không quá 2.500 cc,70|70|70|70|70|70,70,70,,CBU_OR_ORDINARY_VEHICLE_BLOCK,EXTRACTED_FROM_WORDDOCUMENT_CELL_STREAM
RCEP,ASEAN,"BN,KH,ID,LA,MY,SG,TH,MM,PH",2023_129 + 130_129-2022-NĐ-CP.doc,8703.60.76,870360,8703607600,- - - - Dung tích xi lanh trên 2.500 cc nhưng không quá 3.000 cc,70|70|70|70|70|70,70,70,,CBU_OR_ORDINARY_VEHICLE_BLOCK,EXTRACTED_FROM_WORDDOCUMENT_CELL_STREAM
RCEP,ASEAN,"BN,KH,ID,LA,MY,SG,TH,MM,PH",2023_129 + 130_129-2022-NĐ-CP.doc,8703.60.77,870360,8703607700,- - - - Dung tích xi lanh trên 3.000 cc,70|70|70|70|70|70,70,70,,CBU_OR_ORDINARY_VEHICLE_BLOCK,EXTRACTED_FROM_WORDDOCUMENT_CELL_STREAM
RCEP,ASEAN,"BN,KH,ID,LA,MY,SG,TH,MM,PH",2023_129 + 130_129-2022-NĐ-CP.doc,8703.60.81,870360,8703608100,- - - - Dung tích xi lanh không quá 1.000 cc,70|70|70|70|70|70,70,70,,CBU_OR_ORDINARY_VEHICLE_BLOCK,EXTRACTED_FROM_WORDDOCUMENT_CELL_STREAM
RCEP,ASEAN,"BN,KH,ID,LA,MY,SG,TH,MM,PH",2023_129 + 130_129-2022-NĐ-CP.doc,8703.60.82,870360,8703608200,- - - - Dung tích xi lanh trên 1.000 cc nhưng không quá 1.500 cc,70|70|70|70|70|70,70,70,,CBU_OR_ORDINARY_VEHICLE_BLOCK,EXTRACTED_FROM_WORDDOCUMENT_CELL_STREAM
RCEP,ASEAN,"BN,KH,ID,LA,MY,SG,TH,MM,PH",2023_129 + 130_129-2022-NĐ-CP.doc,8703.60.83,870360,8703608300,- - - - Dung tích xi lanh trên 1.500 cc nhưng không quá 1.800 cc,70|70|70|70|70|70,70,70,,CBU_OR_ORDINARY_VEHICLE_BLOCK,EXTRACTED_FROM_WORDDOCUMENT_CELL_STREAM
RCEP,ASEAN,"BN,KH,ID,LA,MY,SG,TH,MM,PH",2023_129 + 130_129-2022-NĐ-CP.doc,8703.60.84,870360,8703608400,- - - - Dung tích xi lanh trên 1.800 cc nhưng không quá 2.000 cc,70|70|70|70|70|70,70,70,,CBU_OR_ORDINARY_VEHICLE_BLOCK,EXTRACTED_FROM_WORDDOCUMENT_CELL_STREAM
RCEP,ASEAN,"BN,KH,ID,LA,MY,SG,TH,MM,PH",2023_129 + 130_129-2022-NĐ-CP.doc,8703.60.85,870360,8703608500,- - - - Dung tích xi lanh trên 2.000 cc nhưng không quá 2.500 cc,70|70|70|70|70|70,70,70,,CBU_OR_ORDINARY_VEHICLE_BLOCK,EXTRACTED_FROM_WORDDOCUMENT_CELL_STREAM
RCEP,ASEAN,"BN,KH,ID,LA,MY,SG,TH,MM,PH",2023_129 + 130_129-2022-NĐ-CP.doc,8703.60.86,870360,8703608600,- - - - Dung tích xi lanh trên 2.500 cc nhưng không quá 3.000 cc,70|70|70|70|70|70,70,70,,CBU_OR_ORDINARY_VEHICLE_BLOCK,EXTRACTED_FROM_WORDDOCUMENT_CELL_STREAM
RCEP,ASEAN,"BN,KH,ID,LA,MY,SG,TH,MM,PH",2023_129 + 130_129-2022-NĐ-CP.doc,8703.60.87,870360,8703608700,- - - - Dung tích xi lanh trên 3.000 cc,70|70|70|70|70|70,70,70,,CBU_OR_ORDINARY_VEHICLE_BLOCK,EXTRACTED_FROM_WORDDOCUMENT_CELL_STREAM
RCEP,ASEAN,"BN,KH,ID,LA,MY,SG,TH,MM,PH",2023_129 + 130_129-2022-NĐ-CP.doc,8703.60.91,870360,8703609100,- - - - Dung tích xi lanh không quá 1.000 cc,70|70|70|70|70|70,70,70,,CBU_OR_ORDINARY_VEHICLE_BLOCK,EXTRACTED_FROM_WORDDOCUMENT_CELL_STREAM
RCEP,ASEAN,"BN,KH,ID,LA,MY,SG,TH,MM,PH",2023_129 + 130_129-2022-NĐ-CP.doc,8703.60.92,870360,8703609200,- - - - Dung tích xi lanh trên 1.000 cc nhưng không quá 1.500 cc,70|70|70|70|70|70,70,70,,CBU_OR_ORDINARY_VEHICLE_BLOCK,EXTRACTED_FROM_WORDDOCUMENT_CELL_STREAM
RCEP,ASEAN,"BN,KH,ID,LA,MY,SG,TH,MM,PH",2023_129 + 130_129-2022-NĐ-CP.doc,8703.60.93,870360,8703609300,- - - - Dung tích xi lanh trên 1.500 cc nhưng không quá 1.800 cc,70|70|70|70|70|70,70,70,,CBU_OR_ORDINARY_VEHICLE_BLOCK,EXTRACTED_FROM_WORDDOCUMENT_CELL_STREAM
RCEP,ASEAN,"BN,KH,ID,LA,MY,SG,TH,MM,PH",2023_129 + 130_129-2022-NĐ-CP.doc,8703.60.94,870360,8703609400,- - - - Dung tích xi lanh trên 1.800 cc nhưng không quá 2.000 cc,70|70|70|70|70|70,70,70,,CBU_OR_ORDINARY_VEHICLE_BLOCK,EXTRACTED_FROM_WORDDOCUMENT_CELL_STREAM
RCEP,ASEAN,"BN,KH,ID,LA,MY,SG,TH,MM,PH",2023_129 + 130_129-2022-NĐ-CP.doc,8703.60.95,870360,8703609500,- - - - Dung tích xi lanh trên 2.000 cc nhưng không quá 2.500 cc,70|70|70|70|70|70,70,70,,CBU_OR_ORDINARY_VEHICLE_BLOCK,EXTRACTED_FROM_WORDDOCUMENT_CELL_STREAM
RCEP,ASEAN,"BN,KH,ID,LA,MY,SG,TH,MM,PH",2023_129 + 130_129-2022-NĐ-CP.doc,8703.60.96,870360,8703609600,- - - - Dung tích xi lanh trên 2.500 cc nhưng không quá 3.000 cc,70|70|70|70|70|70,70,70,,CBU_OR_ORDINARY_VEHICLE_BLOCK,EXTRACTED_FROM_WORDDOCUMENT_CELL_STREAM
RCEP,ASEAN,"BN,KH,ID,LA,MY,SG,TH,MM,PH",2023_129 + 130_129-2022-NĐ-CP.doc,8703.60.97,870360,8703609700,"- - - - Dung tích xi lanh trên 3.000 cc, loại bốn bánh chủ động",70|70|70|70|70|70,70,70,,CBU_OR_ORDINARY_VEHICLE_BLOCK,EXTRACTED_FROM_WORDDOCUMENT_CELL_STREAM
RCEP,ASEAN,"BN,KH,ID,LA,MY,SG,TH,MM,PH",2023_129 + 130_129-2022-NĐ-CP.doc,8703.60.98,870360,8703609800,"- - - - Dung tích xi lanh trên 3.000 cc, không phải loại bốn bánh chủ động",70|70|70|70|70|70,70,70,,CBU_OR_ORDINARY_VEHICLE_BLOCK,EXTRACTED_FROM_WORDDOCUMENT_CELL_STREAM
RCEP,ASEAN,"BN,KH,ID,LA,MY,SG,TH,MM,PH",2023_129 + 130_129-2022-NĐ-CP.doc,8703.70.41,870370,8703704100,- - - - Dung tích xi lanh không quá 1.000 cc,70|70|70|70|70|70,70,70,,CBU_OR_ORDINARY_VEHICLE_BLOCK,EXTRACTED_FROM_WORDDOCUMENT_CELL_STREAM
RCEP,ASEAN,"BN,KH,ID,LA,MY,SG,TH,MM,PH",2023_129 + 130_129-2022-NĐ-CP.doc,8703.70.42,870370,8703704200,- - - - Dung tích xi lanh trên 1.000 cc nhưng không quá 1.500 cc,70|70|70|70|70|70,70,70,,CBU_OR_ORDINARY_VEHICLE_BLOCK,EXTRACTED_FROM_WORDDOCUMENT_CELL_STREAM
RCEP,ASEAN,"BN,KH,ID,LA,MY,SG,TH,MM,PH",2023_129 + 130_129-2022-NĐ-CP.doc,8703.70.43,870370,8703704300,- - - - Dung tích xi lanh trên 1.500 cc nhưng không quá 1.800 cc,70|70|70|70|70|70,70,70,,CBU_OR_ORDINARY_VEHICLE_BLOCK,EXTRACTED_FROM_WORDDOCUMENT_CELL_STREAM
RCEP,ASEAN,"BN,KH,ID,LA,MY,SG,TH,MM,PH",2023_129 + 130_129-2022-NĐ-CP.doc,8703.70.44,870370,8703704400,- - - - Dung tích xi lanh trên 1.800 cc nhưng không quá 2.000 cc,70|70|70|70|70|70,70,70,,CBU_OR_ORDINARY_VEHICLE_BLOCK,EXTRACTED_FROM_WORDDOCUMENT_CELL_STREAM
RCEP,ASEAN,"BN,KH,ID,LA,MY,SG,TH,MM,PH",2023_129 + 130_129-2022-NĐ-CP.doc,8703.70.45,870370,8703704500,- - - - Dung tích xi lanh trên 2.000 cc nhưng không quá 2.500 cc,70|70|70|70|70|70,70,70,,CBU_OR_ORDINARY_VEHICLE_BLOCK,EXTRACTED_FROM_WORDDOCUMENT_CELL_STREAM
RCEP,ASEAN,"BN,KH,ID,LA,MY,SG,TH,MM,PH",2023_129 + 130_129-2022-NĐ-CP.doc,8703.70.46,870370,8703704600,- - - - Dung tích xi lanh trên 2.500 cc nhưng không quá 3.000 cc,70|70|70|70|70|70,70,70,,CBU_OR_ORDINARY_VEHICLE_BLOCK,EXTRACTED_FROM_WORDDOCUMENT_CELL_STREAM
RCEP,ASEAN,"BN,KH,ID,LA,MY,SG,TH,MM,PH",2023_129 + 130_129-2022-NĐ-CP.doc,8703.70.47,870370,8703704700,- - - - Dung tích xi lanh trên 3.000 cc,70|70|70|70|70|70,70,70,,CBU_OR_ORDINARY_VEHICLE_BLOCK,EXTRACTED_FROM_WORDDOCUMENT_CELL_STREAM
RCEP,ASEAN,"BN,KH,ID,LA,MY,SG,TH,MM,PH",2023_129 + 130_129-2022-NĐ-CP.doc,8703.70.51,870370,8703705100,- - - - Dung tích xi lanh không quá 1.000 cc,70|70|70|70|70|70,70,70,,CBU_OR_ORDINARY_VEHICLE_BLOCK,EXTRACTED_FROM_WORDDOCUMENT_CELL_STREAM
RCEP,ASEAN,"BN,KH,ID,LA,MY,SG,TH,MM,PH",2023_129 + 130_129-2022-NĐ-CP.doc,8703.70.52,870370,8703705200,- - - - Dung tích xi lanh trên 1.000 cc nhưng không quá 1.500 cc,70|70|70|70|70|70,70,70,,CBU_OR_ORDINARY_VEHICLE_BLOCK,EXTRACTED_FROM_WORDDOCUMENT_CELL_STREAM
RCEP,ASEAN,"BN,KH,ID,LA,MY,SG,TH,MM,PH",2023_129 + 130_129-2022-NĐ-CP.doc,8703.70.53,870370,8703705300,- - - - Dung tích xi lanh trên 1.500 cc nhưng không quá 1.800 cc,70|70|70|70|70|70,70,70,,CBU_OR_ORDINARY_VEHICLE_BLOCK,EXTRACTED_FROM_WORDDOCUMENT_CELL_STREAM
RCEP,ASEAN,"BN,KH,ID,LA,MY,SG,TH,MM,PH",2023_129 + 130_129-2022-NĐ-CP.doc,8703.70.54,870370,8703705400,- - - - Dung tích xi lanh trên 1.800 cc nhưng không quá 2.500 cc,70|70|70|70|70|70,70,70,,CBU_OR_ORDINARY_VEHICLE_BLOCK,EXTRACTED_FROM_WORDDOCUMENT_CELL_STREAM
RCEP,ASEAN,"BN,KH,ID,LA,MY,SG,TH,MM,PH",2023_129 + 130_129-2022-NĐ-CP.doc,8703.70.55,870370,8703705500,- - - - Dung tích xi lanh trên 2.500 cc,70|70|70|70|70|70,70,70,,CBU_OR_ORDINARY_VEHICLE_BLOCK,EXTRACTED_FROM_WORDDOCUMENT_CELL_STREAM
RCEP,ASEAN,"BN,KH,ID,LA,MY,SG,TH,MM,PH",2023_129 + 130_129-2022-NĐ-CP.doc,8703.70.56,870370,8703705600,- - - - Dung tích xi lanh không quá 1.500 cc,70|70|70|70|70|70,70,70,,CBU_OR_ORDINARY_VEHICLE_BLOCK,EXTRACTED_FROM_WORDDOCUMENT_CELL_STREAM
RCEP,ASEAN,"BN,KH,ID,LA,MY,SG,TH,MM,PH",2023_129 + 130_129-2022-NĐ-CP.doc,8703.70.57,870370,8703705700,- - - - Dung tích xi lanh trên 1.500 cc nhưng không quá 2.000 cc,70|70|70|70|70|70,70,70,,CBU_OR_ORDINARY_VEHICLE_BLOCK,EXTRACTED_FROM_WORDDOCUMENT_CELL_STREAM
RCEP,ASEAN,"BN,KH,ID,LA,MY,SG,TH,MM,PH",2023_129 + 130_129-2022-NĐ-CP.doc,8703.70.58,870370,8703705800,- - - - Dung tích xi lanh trên 2.000 cc,70|70|70|70|70|70,70,70,,CBU_OR_ORDINARY_VEHICLE_BLOCK,EXTRACTED_FROM_WORDDOCUMENT_CELL_STREAM
RCEP,ASEAN,"BN,KH,ID,LA,MY,SG,TH,MM,PH",2023_129 + 130_129-2022-NĐ-CP.doc,8703.70.61,870370,8703706100,- - - - Dung tích xi lanh không quá 1.000 cc,70|70|70|70|70|70,70,70,,CBU_OR_ORDINARY_VEHICLE_BLOCK,EXTRACTED_FROM_WORDDOCUMENT_CELL_STREAM
RCEP,ASEAN,"BN,KH,ID,LA,MY,SG,TH,MM,PH",2023_129 + 130_129-2022-NĐ-CP.doc,8703.70.62,870370,8703706200,- - - - Dung tích xi lanh trên 1.000 cc nhưng không quá 1.500 cc,70|70|70|70|70|70,70,70,,CBU_OR_ORDINARY_VEHICLE_BLOCK,EXTRACTED_FROM_WORDDOCUMENT_CELL_STREAM
RCEP,ASEAN,"BN,KH,ID,LA,MY,SG,TH,MM,PH",2023_129 + 130_129-2022-NĐ-CP.doc,8703.70.63,870370,8703706300,- - - - Dung tích xi lanh trên 1.500 cc nhưng không quá 1.800 cc,70|70|70|70|70|70,70,70,,CBU_OR_ORDINARY_VEHICLE_BLOCK,EXTRACTED_FROM_WORDDOCUMENT_CELL_STREAM
RCEP,ASEAN,"BN,KH,ID,LA,MY,SG,TH,MM,PH",2023_129 + 130_129-2022-NĐ-CP.doc,8703.70.64,870370,8703706400,- - - - Dung tích xi lanh trên 1.800 cc nhưng không quá 2.000 cc,70|70|70|70|70|70,70,70,,CBU_OR_ORDINARY_VEHICLE_BLOCK,EXTRACTED_FROM_WORDDOCUMENT_CELL_STREAM
RCEP,ASEAN,"BN,KH,ID,LA,MY,SG,TH,MM,PH",2023_129 + 130_129-2022-NĐ-CP.doc,8703.70.65,870370,8703706500,- - - - Dung tích xi lanh trên 2.000 cc nhưng không quá 2.500 cc,70|70|70|70|70|70,70,70,,CBU_OR_ORDINARY_VEHICLE_BLOCK,EXTRACTED_FROM_WORDDOCUMENT_CELL_STREAM
RCEP,ASEAN,"BN,KH,ID,LA,MY,SG,TH,MM,PH",2023_129 + 130_129-2022-NĐ-CP.doc,8703.70.66,870370,8703706600,- - - - Dung tích xi lanh trên 2.500 cc nhưng không quá 3.000 cc,70|70|70|70|70|70,70,70,,CBU_OR_ORDINARY_VEHICLE_BLOCK,EXTRACTED_FROM_WORDDOCUMENT_CELL_STREAM
RCEP,ASEAN,"BN,KH,ID,LA,MY,SG,TH,MM,PH",2023_129 + 130_129-2022-NĐ-CP.doc,8703.70.67,870370,8703706700,- - - - Dung tích xi lanh trên 3.000 cc,70|70|70|70|70|70,70,70,,CBU_OR_ORDINARY_VEHICLE_BLOCK,EXTRACTED_FROM_WORDDOCUMENT_CELL_STREAM
RCEP,ASEAN,"BN,KH,ID,LA,MY,SG,TH,MM,PH",2023_129 + 130_129-2022-NĐ-CP.doc,8703.70.71,870370,8703707100,- - - - Dung tích xi lanh không quá 1.000 cc,70|70|70|70|70|70,70,70,,CBU_OR_ORDINARY_VEHICLE_BLOCK,EXTRACTED_FROM_WORDDOCUMENT_CELL_STREAM
RCEP,ASEAN,"BN,KH,ID,LA,MY,SG,TH,MM,PH",2023_129 + 130_129-2022-NĐ-CP.doc,8703.70.72,870370,8703707200,- - - - Dung tích xi lanh trên 1.000 cc nhưng không quá 1.500 cc,70|70|70|70|70|70,70,70,,CBU_OR_ORDINARY_VEHICLE_BLOCK,EXTRACTED_FROM_WORDDOCUMENT_CELL_STREAM
RCEP,ASEAN,"BN,KH,ID,LA,MY,SG,TH,MM,PH",2023_129 + 130_129-2022-NĐ-CP.doc,8703.70.73,870370,8703707300,- - - - Dung tích xi lanh trên 1.500 cc nhưng không quá 1.800 cc,70|70|70|70|70|70,70,70,,CBU_OR_ORDINARY_VEHICLE_BLOCK,EXTRACTED_FROM_WORDDOCUMENT_CELL_STREAM
RCEP,ASEAN,"BN,KH,ID,LA,MY,SG,TH,MM,PH",2023_129 + 130_129-2022-NĐ-CP.doc,8703.70.74,870370,8703707400,- - - - Dung tích xi lanh trên 1.800 cc nhưng không quá 2.000 cc,70|70|70|70|70|70,70,70,,CBU_OR_ORDINARY_VEHICLE_BLOCK,EXTRACTED_FROM_WORDDOCUMENT_CELL_STREAM
RCEP,ASEAN,"BN,KH,ID,LA,MY,SG,TH,MM,PH",2023_129 + 130_129-2022-NĐ-CP.doc,8703.70.75,870370,8703707500,- - - - Dung tích xi lanh trên 2.000 cc nhưng không quá 2.500 cc,70|70|70|70|70|70,70,70,,CBU_OR_ORDINARY_VEHICLE_BLOCK,EXTRACTED_FROM_WORDDOCUMENT_CELL_STREAM
RCEP,ASEAN,"BN,KH,ID,LA,MY,SG,TH,MM,PH",2023_129 + 130_129-2022-NĐ-CP.doc,8703.70.76,870370,8703707600,- - - - Dung tích xi lanh trên 2.500 cc nhưng không quá 3.000 cc,70|70|70|70|70|70,70,70,,CBU_OR_ORDINARY_VEHICLE_BLOCK,EXTRACTED_FROM_WORDDOCUMENT_CELL_STREAM
RCEP,ASEAN,"BN,KH,ID,LA,MY,SG,TH,MM,PH",2023_129 + 130_129-2022-NĐ-CP.doc,8703.70.77,870370,8703707700,- - - - Dung tích xi lanh trên 3.000 cc,70|70|70|70|70|70,70,70,,CBU_OR_ORDINARY_VEHICLE_BLOCK,EXTRACTED_FROM_WORDDOCUMENT_CELL_STREAM
RCEP,ASEAN,"BN,KH,ID,LA,MY,SG,TH,MM,PH",2023_129 + 130_129-2022-NĐ-CP.doc,8703.70.81,870370,8703708100,- - - - Dung tích xi lanh không quá 1.000 cc,70|70|70|70|70|70,70,70,,CBU_OR_ORDINARY_VEHICLE_BLOCK,EXTRACTED_FROM_WORDDOCUMENT_CELL_STREAM
RCEP,ASEAN,"BN,KH,ID,LA,MY,SG,TH,MM,PH",2023_129 + 130_129-2022-NĐ-CP.doc,8703.70.82,870370,8703708200,- - - - Dung tích xi lanh trên 1.000 cc nhưng không quá 1.500 cc,70|70|70|70|70|70,70,70,,CBU_OR_ORDINARY_VEHICLE_BLOCK,EXTRACTED_FROM_WORDDOCUMENT_CELL_STREAM
RCEP,ASEAN,"BN,KH,ID,LA,MY,SG,TH,MM,PH",2023_129 + 130_129-2022-NĐ-CP.doc,8703.70.83,870370,8703708300,- - - - Dung tích xi lanh trên 1.500 cc nhưng không quá 1.800 cc,70|70|70|70|70|70,70,70,,CBU_OR_ORDINARY_VEHICLE_BLOCK,EXTRACTED_FROM_WORDDOCUMENT_CELL_STREAM
RCEP,ASEAN,"BN,KH,ID,LA,MY,SG,TH,MM,PH",2023_129 + 130_129-2022-NĐ-CP.doc,8703.70.84,870370,8703708400,- - - - Dung tích xi lanh trên 1.800 cc nhưng không quá 2.000 cc,70|70|70|70|70|70,70,70,,CBU_OR_ORDINARY_VEHICLE_BLOCK,EXTRACTED_FROM_WORDDOCUMENT_CELL_STREAM
RCEP,ASEAN,"BN,KH,ID,LA,MY,SG,TH,MM,PH",2023_129 + 130_129-2022-NĐ-CP.doc,8703.70.85,870370,8703708500,- - - - Dung tích xi lanh trên 2.000 cc nhưng không quá 2.500 cc,70|70|70|70|70|70,70,70,,CBU_OR_ORDINARY_VEHICLE_BLOCK,EXTRACTED_FROM_WORDDOCUMENT_CELL_STREAM
RCEP,ASEAN,"BN,KH,ID,LA,MY,SG,TH,MM,PH",2023_129 + 130_129-2022-NĐ-CP.doc,8703.70.86,870370,8703708600,- - - - Dung tích xi lanh trên 2.500 cc nhưng không quá 3.000 cc,70|70|70|70|70|70,70,70,,CBU_OR_ORDINARY_VEHICLE_BLOCK,EXTRACTED_FROM_WORDDOCUMENT_CELL_STREAM
RCEP,ASEAN,"BN,KH,ID,LA,MY,SG,TH,MM,PH",2023_129 + 130_129-2022-NĐ-CP.doc,8703.70.87,870370,8703708700,- - - - Dung tích xi lanh trên 3.000 cc,70|70|70|70|70|70,70,70,,CBU_OR_ORDINARY_VEHICLE_BLOCK,EXTRACTED_FROM_WORDDOCUMENT_CELL_STREAM
RCEP,ASEAN,"BN,KH,ID,LA,MY,SG,TH,MM,PH",2023_129 + 130_129-2022-NĐ-CP.doc,8703.70.91,870370,8703709100,- - - - Dung tích xi lanh không quá 1.000 cc,70|70|70|70|70|70,70,70,,CBU_OR_ORDINARY_VEHICLE_BLOCK,EXTRACTED_FROM_WORDDOCUMENT_CELL_STREAM
RCEP,ASEAN,"BN,KH,ID,LA,MY,SG,TH,MM,PH",2023_129 + 130_129-2022-NĐ-CP.doc,8703.70.92,870370,8703709200,- - - - Dung tích xi lanh trên 1.000 cc nhưng không quá 1.500 cc,70|70|70|70|70|70,70,70,,CBU_OR_ORDINARY_VEHICLE_BLOCK,EXTRACTED_FROM_WORDDOCUMENT_CELL_STREAM
RCEP,ASEAN,"BN,KH,ID,LA,MY,SG,TH,MM,PH",2023_129 + 130_129-2022-NĐ-CP.doc,8703.70.93,870370,8703709300,- - - - Dung tích xi lanh trên 1.500 cc nhưng không quá 1.800 cc,70|70|70|70|70|70,70,70,,CBU_OR_ORDINARY_VEHICLE_BLOCK,EXTRACTED_FROM_WORDDOCUMENT_CELL_STREAM
RCEP,ASEAN,"BN,KH,ID,LA,MY,SG,TH,MM,PH",2023_129 + 130_129-2022-NĐ-CP.doc,8703.70.94,870370,8703709400,- - - - Dung tích xi lanh trên 1.800 cc nhưng không quá 2.000 cc,70|70|70|70|70|70,70,70,,CBU_OR_ORDINARY_VEHICLE_BLOCK,EXTRACTED_FROM_WORDDOCUMENT_CELL_STREAM
RCEP,ASEAN,"BN,KH,ID,LA,MY,SG,TH,MM,PH",2023_129 + 130_129-2022-NĐ-CP.doc,8703.70.95,870370,8703709500,- - - - Dung tích xi lanh trên 2.000 cc nhưng không quá 2.500 cc,70|70|70|70|70|70,70,70,,CBU_OR_ORDINARY_VEHICLE_BLOCK,EXTRACTED_FROM_WORDDOCUMENT_CELL_STREAM
RCEP,ASEAN,"BN,KH,ID,LA,MY,SG,TH,MM,PH",2023_129 + 130_129-2022-NĐ-CP.doc,8703.70.96,870370,8703709600,- - - - Dung tích xi lanh trên 2.500 cc nhưng không quá 3.000 cc,70|70|70|70|70|70,70,70,,CBU_OR_ORDINARY_VEHICLE_BLOCK,EXTRACTED_FROM_WORDDOCUMENT_CELL_STREAM
RCEP,ASEAN,"BN,KH,ID,LA,MY,SG,TH,MM,PH",2023_129 + 130_129-2022-NĐ-CP.doc,8703.70.97,870370,8703709700,- - - - Dung tích xi lanh trên 3.000 cc,70|70|70|70|70|70,70,70,,CBU_OR_ORDINARY_VEHICLE_BLOCK,EXTRACTED_FROM_WORDDOCUMENT_CELL_STREAM
RCEP,ASEAN,"BN,KH,ID,LA,MY,SG,TH,MM,PH",2023_129 + 130_129-2022-NĐ-CP.doc,8703.80.91,870380,8703809100,- - - Xe đua cỡ nhỏ,70|70|70|70|70|70,70,70,,CBU_OR_ORDINARY_VEHICLE_BLOCK,EXTRACTED_FROM_WORDDOCUMENT_CELL_STREAM
RCEP,ASEAN,"BN,KH,ID,LA,MY,SG,TH,MM,PH",2023_129 + 130_129-2022-NĐ-CP.doc,8703.80.92,870380,8703809200,- - - Xe địa hình ATV (All-Terrain Vehicles),70|70|70|70|70|70,70,70,,CBU_OR_ORDINARY_VEHICLE_BLOCK,EXTRACTED_FROM_WORDDOCUMENT_CELL_STREAM
RCEP,ASEAN,"BN,KH,ID,LA,MY,SG,TH,MM,PH",2023_129 + 130_129-2022-NĐ-CP.doc,8703.80.93,870380,8703809300,- - - Ô tô cứu thương,15|15|15|15|15|15,15,15,,CBU_OR_ORDINARY_VEHICLE_BLOCK,EXTRACTED_FROM_WORDDOCUMENT_CELL_STREAM
RCEP,ASEAN,"BN,KH,ID,LA,MY,SG,TH,MM,PH",2023_129 + 130_129-2022-NĐ-CP.doc,8703.80.94,870380,8703809400,- - - Ô tô tang lễ,70|70|70|70|70|70,70,70,,CBU_OR_ORDINARY_VEHICLE_BLOCK,EXTRACTED_FROM_WORDDOCUMENT_CELL_STREAM
RCEP,ASEAN,"BN,KH,ID,LA,MY,SG,TH,MM,PH",2023_129 + 130_129-2022-NĐ-CP.doc,8703.80.95,870380,8703809500,- - - Ô tô chở phạm nhân,70|70|70|70|70|70,70,70,,CBU_OR_ORDINARY_VEHICLE_BLOCK,EXTRACTED_FROM_WORDDOCUMENT_CELL_STREAM
RCEP,ASEAN,"BN,KH,ID,LA,MY,SG,TH,MM,PH",2023_129 + 130_129-2022-NĐ-CP.doc,8703.80.96,870380,8703809600,- - - Ô tô nhà ở lưu động (có nội thất được thiết kế như căn hộ) (Motor-homes),70|70|70|70|70|70,70,70,,CBU_OR_ORDINARY_VEHICLE_BLOCK,EXTRACTED_FROM_WORDDOCUMENT_CELL_STREAM
RCEP,ASEAN,"BN,KH,ID,LA,MY,SG,TH,MM,PH",2023_129 + 130_129-2022-NĐ-CP.doc,8703.80.97,870380,8703809700,- - - Ô tô kiểu Sedan,70|70|70|70|70|70,70,70,,CBU_OR_ORDINARY_VEHICLE_BLOCK,EXTRACTED_FROM_WORDDOCUMENT_CELL_STREAM
RCEP,ASEAN,"BN,KH,ID,LA,MY,SG,TH,MM,PH",2023_129 + 130_129-2022-NĐ-CP.doc,8703.80.98,870380,8703809800,"- - - Ô tô khác (kể cả ô tô chở người có khoang chở hành lý chung (station wagons) và ô tô thể thao, nhưng không kể ô tô van)",70|70|70|70|70|70,70,70,,CBU_OR_ORDINARY_VEHICLE_BLOCK,EXTRACTED_FROM_WORDDOCUMENT_CELL_STREAM
RCEP,ASEAN,"BN,KH,ID,LA,MY,SG,TH,MM,PH",2023_129 + 130_129-2022-NĐ-CP.doc,8703.80.99,870380,8703809900,- - - Loại khác,70|70|70|70|70|70,70,70,,CBU_OR_ORDINARY_VEHICLE_BLOCK,EXTRACTED_FROM_WORDDOCUMENT_CELL_STREAM
RCEP,ASEAN,"BN,KH,ID,LA,MY,SG,TH,MM,PH",2023_129 + 130_129-2022-NĐ-CP.doc,8703.90.91,870390,8703909100,- - - Xe đua cỡ nhỏ,70|70|70|70|70|70,70,70,,CBU_OR_ORDINARY_VEHICLE_BLOCK,EXTRACTED_FROM_WORDDOCUMENT_CELL_STREAM
RCEP,ASEAN,"BN,KH,ID,LA,MY,SG,TH,MM,PH",2023_129 + 130_129-2022-NĐ-CP.doc,8703.90.92,870390,8703909200,- - - Xe địa hình ATV (All-Terrain Vehicles),70|70|70|70|70|70,70,70,,CBU_OR_ORDINARY_VEHICLE_BLOCK,EXTRACTED_FROM_WORDDOCUMENT_CELL_STREAM
RCEP,ASEAN,"BN,KH,ID,LA,MY,SG,TH,MM,PH",2023_129 + 130_129-2022-NĐ-CP.doc,8703.90.93,870390,8703909300,- - - Ô tô cứu thương,70|70|70|70|70|70,70,70,,CBU_OR_ORDINARY_VEHICLE_BLOCK,EXTRACTED_FROM_WORDDOCUMENT_CELL_STREAM
RCEP,ASEAN,"BN,KH,ID,LA,MY,SG,TH,MM,PH",2023_129 + 130_129-2022-NĐ-CP.doc,8703.90.94,870390,8703909400,- - - Ô tô tang lễ,70|70|70|70|70|70,70,70,,CBU_OR_ORDINARY_VEHICLE_BLOCK,EXTRACTED_FROM_WORDDOCUMENT_CELL_STREAM
RCEP,ASEAN,"BN,KH,ID,LA,MY,SG,TH,MM,PH",2023_129 + 130_129-2022-NĐ-CP.doc,8703.90.95,870390,8703909500,- - - Ô tô chở phạm nhân,70|70|70|70|70|70,70,70,,CBU_OR_ORDINARY_VEHICLE_BLOCK,EXTRACTED_FROM_WORDDOCUMENT_CELL_STREAM
RCEP,ASEAN,"BN,KH,ID,LA,MY,SG,TH,MM,PH",2023_129 + 130_129-2022-NĐ-CP.doc,8703.90.96,870390,8703909600,- - - Ô tô nhà ở lưu động (có nội thất được thiết kế như căn hộ) (Motor-homes),70|70|70|70|70|70,70,70,,CBU_OR_ORDINARY_VEHICLE_BLOCK,EXTRACTED_FROM_WORDDOCUMENT_CELL_STREAM
RCEP,ASEAN,"BN,KH,ID,LA,MY,SG,TH,MM,PH",2023_129 + 130_129-2022-NĐ-CP.doc,8703.90.97,870390,8703909700,- - - Ô tô kiểu Sedan,70|70|70|70|70|70,70,70,,CBU_OR_ORDINARY_VEHICLE_BLOCK,EXTRACTED_FROM_WORDDOCUMENT_CELL_STREAM
RCEP,ASEAN,"BN,KH,ID,LA,MY,SG,TH,MM,PH",2023_129 + 130_129-2022-NĐ-CP.doc,8703.90.98,870390,8703909800,"- - - Ô tô khác (kể cả ô tô chở người có khoang chở hành lý chung (station wagons) và ô tô thể thao, nhưng không kể ô tô van)",70|70|70|70|70|70,70,70,,CBU_OR_ORDINARY_VEHICLE_BLOCK,EXTRACTED_FROM_WORDDOCUMENT_CELL_STREAM
RCEP,AU,AU,2023_147 + 148_129-2022-NĐ-CP.doc,8703.21.41,870321,8703214100,- - - - Xe đua cỡ nhỏ,63|56|49|42|35|28,35,28,,CBU_OR_ORDINARY_VEHICLE_BLOCK,EXTRACTED_FROM_WORDDOCUMENT_CELL_STREAM
RCEP,AU,AU,2023_147 + 148_129-2022-NĐ-CP.doc,8703.21.42,870321,8703214200,- - - - Xe địa hình ATV (All-Terrain Vehicles),70|70|70|70|70|70,70,70,,CBU_OR_ORDINARY_VEHICLE_BLOCK,EXTRACTED_FROM_WORDDOCUMENT_CELL_STREAM
RCEP,AU,AU,2023_147 + 148_129-2022-NĐ-CP.doc,8703.21.44,870321,8703214400,- - - - Ô tô nhà ở lưu động (có nội thất được thiết kế như căn hộ) (Motor-homes),70|70|70|70|70|70,70,70,,CBU_OR_ORDINARY_VEHICLE_BLOCK,EXTRACTED_FROM_WORDDOCUMENT_CELL_STREAM
RCEP,AU,AU,2023_147 + 148_129-2022-NĐ-CP.doc,8703.21.45,870321,8703214500,- - - - Ô tô kiểu Sedan,70|70|70|70|70|70,70,70,,CBU_OR_ORDINARY_VEHICLE_BLOCK,EXTRACTED_FROM_WORDDOCUMENT_CELL_STREAM
RCEP,AU,AU,2023_147 + 148_129-2022-NĐ-CP.doc,8703.21.51,870321,8703215100,- - - - - Loại bốn bánh chủ động,70|70|70|70|70|70,70,70,,CBU_OR_ORDINARY_VEHICLE_BLOCK,EXTRACTED_FROM_WORDDOCUMENT_CELL_STREAM
RCEP,AU,AU,2023_147 + 148_129-2022-NĐ-CP.doc,8703.21.59,870321,8703215900,- - - - - Loại khác,70|70|70|70|70|70,70,70,,CBU_OR_ORDINARY_VEHICLE_BLOCK,EXTRACTED_FROM_WORDDOCUMENT_CELL_STREAM
RCEP,AU,AU,2023_147 + 148_129-2022-NĐ-CP.doc,8703.21.91,870321,8703219100,- - - - - Xe 3 bánh,70|70|70|70|70|70,70,70,,CBU_OR_ORDINARY_VEHICLE_BLOCK,EXTRACTED_FROM_WORDDOCUMENT_CELL_STREAM
RCEP,AU,AU,2023_147 + 148_129-2022-NĐ-CP.doc,8703.21.99,870321,8703219900,- - - - - Loại khác,70|70|70|70|70|70,70,70,,CBU_OR_ORDINARY_VEHICLE_BLOCK,EXTRACTED_FROM_WORDDOCUMENT_CELL_STREAM
RCEP,AU,AU,2023_147 + 148_129-2022-NĐ-CP.doc,8703.22.41,870322,8703224100,- - - - Xe đua cỡ nhỏ,70|70|70|70|70|70,70,70,,CBU_OR_ORDINARY_VEHICLE_BLOCK,EXTRACTED_FROM_WORDDOCUMENT_CELL_STREAM
RCEP,AU,AU,2023_147 + 148_129-2022-NĐ-CP.doc,8703.22.42,870322,8703224200,- - - - Xe địa hình ATV (All-Terrain Vehicles),70|70|70|70|70|70,70,70,,CBU_OR_ORDINARY_VEHICLE_BLOCK,EXTRACTED_FROM_WORDDOCUMENT_CELL_STREAM
RCEP,AU,AU,2023_147 + 148_129-2022-NĐ-CP.doc,8703.22.43,870322,8703224300,- - - - Ô tô cứu thương,20|20|20|20|20|20,20,20,,CBU_OR_ORDINARY_VEHICLE_BLOCK,EXTRACTED_FROM_WORDDOCUMENT_CELL_STREAM
RCEP,AU,AU,2023_147 + 148_129-2022-NĐ-CP.doc,8703.22.44,870322,8703224400,- - - - Ô tô tang lễ,70|70|70|70|70|70,70,70,,CBU_OR_ORDINARY_VEHICLE_BLOCK,EXTRACTED_FROM_WORDDOCUMENT_CELL_STREAM
RCEP,AU,AU,2023_147 + 148_129-2022-NĐ-CP.doc,8703.22.45,870322,8703224500,- - - - Ô tô chở phạm nhân,70|70|70|70|70|70,70,70,,CBU_OR_ORDINARY_VEHICLE_BLOCK,EXTRACTED_FROM_WORDDOCUMENT_CELL_STREAM
RCEP,AU,AU,2023_147 + 148_129-2022-NĐ-CP.doc,8703.22.46,870322,8703224600,- - - - Ô tô nhà ở lưu động (có nội thất được thiết kế như căn hộ) (Motor-homes),70|70|70|70|70|70,70,70,,CBU_OR_ORDINARY_VEHICLE_BLOCK,EXTRACTED_FROM_WORDDOCUMENT_CELL_STREAM
RCEP,AU,AU,2023_147 + 148_129-2022-NĐ-CP.doc,8703.22.47,870322,8703224700,- - - - Ô tô kiểu Sedan,70|70|70|70|70|70,70,70,,CBU_OR_ORDINARY_VEHICLE_BLOCK,EXTRACTED_FROM_WORDDOCUMENT_CELL_STREAM
RCEP,AU,AU,2023_147 + 148_129-2022-NĐ-CP.doc,8703.22.51,870322,8703225100,- - - - - Loại bốn bánh chủ động,70|70|70|70|70|70,70,70,,CBU_OR_ORDINARY_VEHICLE_BLOCK,EXTRACTED_FROM_WORDDOCUMENT_CELL_STREAM
RCEP,AU,AU,2023_147 + 148_129-2022-NĐ-CP.doc,8703.22.59,870322,8703225900,- - - - - Loại khác,70|70|70|70|70|70,70,70,,CBU_OR_ORDINARY_VEHICLE_BLOCK,EXTRACTED_FROM_WORDDOCUMENT_CELL_STREAM
RCEP,AU,AU,2023_147 + 148_129-2022-NĐ-CP.doc,8703.22.90,870322,8703229000,- - - - Loại khác,70|70|70|70|70|70,70,70,,CBU_OR_ORDINARY_VEHICLE_BLOCK,EXTRACTED_FROM_WORDDOCUMENT_CELL_STREAM
RCEP,AU,AU,2023_147 + 148_129-2022-NĐ-CP.doc,8703.23.51,870323,8703235100,- - - - Ô tô cứu thương,20|20|20|20|20|20,20,20,,CBU_OR_ORDINARY_VEHICLE_BLOCK,EXTRACTED_FROM_WORDDOCUMENT_CELL_STREAM
RCEP,AU,AU,2023_147 + 148_129-2022-NĐ-CP.doc,8703.23.52,870323,8703235200,- - - - Ô tô tang lễ,20|20|20|20|20|20,20,20,,CBU_OR_ORDINARY_VEHICLE_BLOCK,EXTRACTED_FROM_WORDDOCUMENT_CELL_STREAM
RCEP,AU,AU,2023_147 + 148_129-2022-NĐ-CP.doc,8703.23.53,870323,8703235300,- - - - Ô tô chở phạm nhân,15|15|15|15|15|15,15,15,,CBU_OR_ORDINARY_VEHICLE_BLOCK,EXTRACTED_FROM_WORDDOCUMENT_CELL_STREAM
RCEP,AU,AU,2023_147 + 148_129-2022-NĐ-CP.doc,8703.23.54,870323,8703235400,- - - - Ô tô nhà ở lưu động (có nội thất được thiết kế như căn hộ) (Motor-homes),67|67|67|67|67|67,67,67,,CBU_OR_ORDINARY_VEHICLE_BLOCK,EXTRACTED_FROM_WORDDOCUMENT_CELL_STREAM
RCEP,AU,AU,2023_147 + 148_129-2022-NĐ-CP.doc,8703.23.55,870323,8703235500,- - - - - Dung tích xi lanh trên 1.500 cc nhưng không quá 1.800 cc,70|70|70|70|70|70,70,70,,CBU_OR_ORDINARY_VEHICLE_BLOCK,EXTRACTED_FROM_WORDDOCUMENT_CELL_STREAM
RCEP,AU,AU,2023_147 + 148_129-2022-NĐ-CP.doc,8703.23.56,870323,8703235600,- - - - - Dung tích xi lanh trên 1.800 cc nhưng không quá 2.000 cc,70|70|70|70|70|70,70,70,,CBU_OR_ORDINARY_VEHICLE_BLOCK,EXTRACTED_FROM_WORDDOCUMENT_CELL_STREAM
RCEP,AU,AU,2023_147 + 148_129-2022-NĐ-CP.doc,8703.23.57,870323,8703235700,- - - - - Dung tích xi lanh trên 2.000 cc nhưng không quá 2.500 cc,70|70|70|70|70|70,70,70,,CBU_OR_ORDINARY_VEHICLE_BLOCK,EXTRACTED_FROM_WORDDOCUMENT_CELL_STREAM
RCEP,AU,AU,2023_147 + 148_129-2022-NĐ-CP.doc,8703.23.58,870323,8703235800,- - - - - Dung tích xi lanh trên 2.500 cc,70|70|70|70|70|70,70,70,,CBU_OR_ORDINARY_VEHICLE_BLOCK,EXTRACTED_FROM_WORDDOCUMENT_CELL_STREAM
RCEP,AU,AU,2023_147 + 148_129-2022-NĐ-CP.doc,8703.23.61,870323,8703236100,- - - - - Dung tích xi lanh trên 1.500 cc nhưng không quá 1.800 cc,70|70|70|70|70|70,70,70,,CBU_OR_ORDINARY_VEHICLE_BLOCK,EXTRACTED_FROM_WORDDOCUMENT_CELL_STREAM
RCEP,AU,AU,2023_147 + 148_129-2022-NĐ-CP.doc,8703.23.62,870323,8703236200,- - - - - Dung tích xi lanh trên 1.800 cc nhưng không quá 2.000 cc,70|70|70|70|70|70,70,70,,CBU_OR_ORDINARY_VEHICLE_BLOCK,EXTRACTED_FROM_WORDDOCUMENT_CELL_STREAM
RCEP,AU,AU,2023_147 + 148_129-2022-NĐ-CP.doc,8703.23.63,870323,8703236300,- - - - - Dung tích xi lanh trên 2.000 cc nhưng không quá 2.500 cc,70|70|70|70|70|70,70,70,,CBU_OR_ORDINARY_VEHICLE_BLOCK,EXTRACTED_FROM_WORDDOCUMENT_CELL_STREAM
RCEP,AU,AU,2023_147 + 148_129-2022-NĐ-CP.doc,8703.23.64,870323,8703236400,- - - - - Dung tích xi lanh trên 2.500 cc,70|70|70|70|70|70,70,70,,CBU_OR_ORDINARY_VEHICLE_BLOCK,EXTRACTED_FROM_WORDDOCUMENT_CELL_STREAM
RCEP,AU,AU,2023_147 + 148_129-2022-NĐ-CP.doc,8703.23.65,870323,8703236500,- - - - - Dung tích xi lanh trên 1.500 cc nhưng không quá 1.800 cc,70|70|70|70|70|70,70,70,,CBU_OR_ORDINARY_VEHICLE_BLOCK,EXTRACTED_FROM_WORDDOCUMENT_CELL_STREAM
RCEP,AU,AU,2023_147 + 148_129-2022-NĐ-CP.doc,8703.23.66,870323,8703236600,- - - - - Dung tích xi lanh trên 1.800 cc nhưng không quá 2.000 cc,70|70|70|70|70|70,70,70,,CBU_OR_ORDINARY_VEHICLE_BLOCK,EXTRACTED_FROM_WORDDOCUMENT_CELL_STREAM
RCEP,AU,AU,2023_147 + 148_129-2022-NĐ-CP.doc,8703.23.67,870323,8703236700,- - - - - Dung tích xi lanh trên 2.000 cc nhưng không quá 2.500 cc,70|70|70|70|70|70,70,70,,CBU_OR_ORDINARY_VEHICLE_BLOCK,EXTRACTED_FROM_WORDDOCUMENT_CELL_STREAM
RCEP,AU,AU,2023_147 + 148_129-2022-NĐ-CP.doc,8703.23.68,870323,8703236800,- - - - - Dung tích xi lanh trên 2.500 cc,70|70|70|70|70|70,70,70,,CBU_OR_ORDINARY_VEHICLE_BLOCK,EXTRACTED_FROM_WORDDOCUMENT_CELL_STREAM
RCEP,AU,AU,2023_147 + 148_129-2022-NĐ-CP.doc,8703.23.71,870323,8703237100,- - - - - Dung tích xi lanh trên 1.500 cc nhưng không quá 1.800 cc,70|70|70|70|70|70,70,70,,CBU_OR_ORDINARY_VEHICLE_BLOCK,EXTRACTED_FROM_WORDDOCUMENT_CELL_STREAM
RCEP,AU,AU,2023_147 + 148_129-2022-NĐ-CP.doc,8703.23.72,870323,8703237200,- - - - - Dung tích xi lanh trên 1.800 cc nhưng không quá 2.000 cc,70|70|70|70|70|70,70,70,,CBU_OR_ORDINARY_VEHICLE_BLOCK,EXTRACTED_FROM_WORDDOCUMENT_CELL_STREAM
RCEP,AU,AU,2023_147 + 148_129-2022-NĐ-CP.doc,8703.23.73,870323,8703237300,- - - - - Dung tích xi lanh trên 2.000 cc nhưng không quá 2.500 cc,70|70|70|70|70|70,70,70,,CBU_OR_ORDINARY_VEHICLE_BLOCK,EXTRACTED_FROM_WORDDOCUMENT_CELL_STREAM
RCEP,AU,AU,2023_147 + 148_129-2022-NĐ-CP.doc,8703.23.74,870323,8703237400,- - - - - Dung tích xi lanh trên 2.500 cc,67|67|67|67|67|67,67,67,,CBU_OR_ORDINARY_VEHICLE_BLOCK,EXTRACTED_FROM_WORDDOCUMENT_CELL_STREAM
RCEP,AU,AU,2023_147 + 148_129-2022-NĐ-CP.doc,8703.24.41,870324,8703244100,- - - - Ô tô cứu thương,15|15|15|15|15|15,15,15,,CBU_OR_ORDINARY_VEHICLE_BLOCK,EXTRACTED_FROM_WORDDOCUMENT_CELL_STREAM
RCEP,AU,AU,2023_147 + 148_129-2022-NĐ-CP.doc,8703.24.42,870324,8703244200,- - - - Ô tô tang lễ,15|15|15|15|15|15,15,15,,CBU_OR_ORDINARY_VEHICLE_BLOCK,EXTRACTED_FROM_WORDDOCUMENT_CELL_STREAM
RCEP,AU,AU,2023_147 + 148_129-2022-NĐ-CP.doc,8703.24.43,870324,8703244300,- - - - Ô tô chở phạm nhân,15|15|15|15|15|15,15,15,,CBU_OR_ORDINARY_VEHICLE_BLOCK,EXTRACTED_FROM_WORDDOCUMENT_CELL_STREAM
RCEP,AU,AU,2023_147 + 148_129-2022-NĐ-CP.doc,8703.24.44,870324,8703244400,- - - - Ô tô nhà ở lưu động (có nội thất được thiết kế như căn hộ) (Motor-homes),67|67|67|67|67|67,67,67,,CBU_OR_ORDINARY_VEHICLE_BLOCK,EXTRACTED_FROM_WORDDOCUMENT_CELL_STREAM
RCEP,AU,AU,2023_147 + 148_129-2022-NĐ-CP.doc,8703.24.45,870324,8703244500,- - - - - Loại bốn bánh chủ động,59|59|59|59|59|59,59,59,,CBU_OR_ORDINARY_VEHICLE_BLOCK,EXTRACTED_FROM_WORDDOCUMENT_CELL_STREAM
RCEP,AU,AU,2023_147 + 148_129-2022-NĐ-CP.doc,8703.24.49,870324,8703244900,- - - - - Loại khác,67|67|67|67|67|67,67,67,,CBU_OR_ORDINARY_VEHICLE_BLOCK,EXTRACTED_FROM_WORDDOCUMENT_CELL_STREAM
RCEP,AU,AU,2023_147 + 148_129-2022-NĐ-CP.doc,8703.24.51,870324,8703245100,- - - - - Loại bốn bánh chủ động,59|59|59|59|59|59,59,59,,CBU_OR_ORDINARY_VEHICLE_BLOCK,EXTRACTED_FROM_WORDDOCUMENT_CELL_STREAM
RCEP,AU,AU,2023_147 + 148_129-2022-NĐ-CP.doc,8703.24.59,870324,8703245900,- - - - - Loại khác,67|67|67|67|67|67,67,67,,CBU_OR_ORDINARY_VEHICLE_BLOCK,EXTRACTED_FROM_WORDDOCUMENT_CELL_STREAM
RCEP,AU,AU,2023_147 + 148_129-2022-NĐ-CP.doc,8703.24.61,870324,8703246100,- - - - - Loại bốn bánh chủ động,59|59|59|59|59|59,59,59,,CBU_OR_ORDINARY_VEHICLE_BLOCK,EXTRACTED_FROM_WORDDOCUMENT_CELL_STREAM
RCEP,AU,AU,2023_147 + 148_129-2022-NĐ-CP.doc,8703.24.69,870324,8703246900,- - - - - Loại khác,67|67|67|67|67|67,67,67,,CBU_OR_ORDINARY_VEHICLE_BLOCK,EXTRACTED_FROM_WORDDOCUMENT_CELL_STREAM
RCEP,AU,AU,2023_147 + 148_129-2022-NĐ-CP.doc,8703.40.41,870340,8703404100,- - - - Dung tích xi lanh không quá 1.000 cc,70|70|70|70|70|70,70,70,,CBU_OR_ORDINARY_VEHICLE_BLOCK,EXTRACTED_FROM_WORDDOCUMENT_CELL_STREAM
RCEP,AU,AU,2023_147 + 148_129-2022-NĐ-CP.doc,8703.40.42,870340,8703404200,- - - - Dung tích xi lanh trên 1.000 cc nhưng không quá 1.500 cc,70|70|70|70|70|70,70,70,,CBU_OR_ORDINARY_VEHICLE_BLOCK,EXTRACTED_FROM_WORDDOCUMENT_CELL_STREAM
RCEP,AU,AU,2023_147 + 148_129-2022-NĐ-CP.doc,8703.40.43,870340,8703404300,- - - - Dung tích xi lanh trên 1.500 cc nhưng không quá 1.800 cc,70|70|70|70|70|70,70,70,,CBU_OR_ORDINARY_VEHICLE_BLOCK,EXTRACTED_FROM_WORDDOCUMENT_CELL_STREAM
RCEP,AU,AU,2023_147 + 148_129-2022-NĐ-CP.doc,8703.40.44,870340,8703404400,- - - - Dung tích xi lanh trên 1.800 cc nhưng không quá 2.000 cc,70|70|70|70|70|70,70,70,,CBU_OR_ORDINARY_VEHICLE_BLOCK,EXTRACTED_FROM_WORDDOCUMENT_CELL_STREAM
RCEP,AU,AU,2023_147 + 148_129-2022-NĐ-CP.doc,8703.40.45,870340,8703404500,- - - - Dung tích xi lanh trên 2.000 cc nhưng không quá 2.500 cc,70|70|70|70|70|70,70,70,,CBU_OR_ORDINARY_VEHICLE_BLOCK,EXTRACTED_FROM_WORDDOCUMENT_CELL_STREAM
RCEP,AU,AU,2023_147 + 148_129-2022-NĐ-CP.doc,8703.40.46,870340,8703404600,- - - - Dung tích xi lanh trên 2.500 cc nhưng không quá 3.000 cc,70|70|70|70|70|70,70,70,,CBU_OR_ORDINARY_VEHICLE_BLOCK,EXTRACTED_FROM_WORDDOCUMENT_CELL_STREAM
RCEP,AU,AU,2023_147 + 148_129-2022-NĐ-CP.doc,8703.40.47,870340,8703404700,- - - - Dung tích xi lanh trên 3.000 cc,70|70|70|70|70|70,70,70,,CBU_OR_ORDINARY_VEHICLE_BLOCK,EXTRACTED_FROM_WORDDOCUMENT_CELL_STREAM
RCEP,AU,AU,2023_147 + 148_129-2022-NĐ-CP.doc,8703.40.51,870340,8703405100,- - - - Dung tích xi lanh không quá 1.000 cc,70|70|70|70|70|70,70,70,,CBU_OR_ORDINARY_VEHICLE_BLOCK,EXTRACTED_FROM_WORDDOCUMENT_CELL_STREAM
RCEP,AU,AU,2023_147 + 148_129-2022-NĐ-CP.doc,8703.40.52,870340,8703405200,- - - - Dung tích xi lanh trên 1.000 cc nhưng không quá 1.500 cc,70|70|70|70|70|70,70,70,,CBU_OR_ORDINARY_VEHICLE_BLOCK,EXTRACTED_FROM_WORDDOCUMENT_CELL_STREAM
RCEP,AU,AU,2023_147 + 148_129-2022-NĐ-CP.doc,8703.40.53,870340,8703405300,- - - - Dung tích xi lanh trên 1.500 cc nhưng không quá 1.800 cc,70|70|70|70|70|70,70,70,,CBU_OR_ORDINARY_VEHICLE_BLOCK,EXTRACTED_FROM_WORDDOCUMENT_CELL_STREAM
RCEP,AU,AU,2023_147 + 148_129-2022-NĐ-CP.doc,8703.40.54,870340,8703405400,- - - - Dung tích xi lanh trên 1.800 cc nhưng không quá 3.000 cc,70|70|70|70|70|70,70,70,,CBU_OR_ORDINARY_VEHICLE_BLOCK,EXTRACTED_FROM_WORDDOCUMENT_CELL_STREAM
RCEP,AU,AU,2023_147 + 148_129-2022-NĐ-CP.doc,8703.40.55,870340,8703405500,- - - - Dung tích xi lanh trên 3.000 cc,70|70|70|70|70|70,70,70,,CBU_OR_ORDINARY_VEHICLE_BLOCK,EXTRACTED_FROM_WORDDOCUMENT_CELL_STREAM
RCEP,AU,AU,2023_147 + 148_129-2022-NĐ-CP.doc,8703.40.56,870340,8703405600,- - - - Dung tích xi lanh không quá 1.500 cc,70|70|70|70|70|70,70,70,,CBU_OR_ORDINARY_VEHICLE_BLOCK,EXTRACTED_FROM_WORDDOCUMENT_CELL_STREAM
RCEP,AU,AU,2023_147 + 148_129-2022-NĐ-CP.doc,8703.40.57,870340,8703405700,- - - - Dung tích xi lanh trên 1.500 cc nhưng không quá 2.000 cc,70|70|70|70|70|70,70,70,,CBU_OR_ORDINARY_VEHICLE_BLOCK,EXTRACTED_FROM_WORDDOCUMENT_CELL_STREAM
RCEP,AU,AU,2023_147 + 148_129-2022-NĐ-CP.doc,8703.40.58,870340,8703405800,- - - - Dung tích xi lanh trên 2.000 cc,70|70|70|70|70|70,70,70,,CBU_OR_ORDINARY_VEHICLE_BLOCK,EXTRACTED_FROM_WORDDOCUMENT_CELL_STREAM
RCEP,AU,AU,2023_147 + 148_129-2022-NĐ-CP.doc,8703.40.61,870340,8703406100,- - - - Dung tích xi lanh không quá 1.000 cc,70|70|70|70|70|70,70,70,,CBU_OR_ORDINARY_VEHICLE_BLOCK,EXTRACTED_FROM_WORDDOCUMENT_CELL_STREAM
RCEP,AU,AU,2023_147 + 148_129-2022-NĐ-CP.doc,8703.40.62,870340,8703406200,- - - - Dung tích xi lanh trên 1.000 cc nhưng không quá 1.500 cc,70|70|70|70|70|70,70,70,,CBU_OR_ORDINARY_VEHICLE_BLOCK,EXTRACTED_FROM_WORDDOCUMENT_CELL_STREAM
RCEP,AU,AU,2023_147 + 148_129-2022-NĐ-CP.doc,8703.40.63,870340,8703406300,- - - - Dung tích xi lanh trên 1.500 cc nhưng không quá 1.800 cc,70|70|70|70|70|70,70,70,,CBU_OR_ORDINARY_VEHICLE_BLOCK,EXTRACTED_FROM_WORDDOCUMENT_CELL_STREAM
RCEP,AU,AU,2023_147 + 148_129-2022-NĐ-CP.doc,8703.40.64,870340,8703406400,- - - - Dung tích xi lanh trên 1.800 cc nhưng không quá 2.000 cc,70|70|70|70|70|70,70,70,,CBU_OR_ORDINARY_VEHICLE_BLOCK,EXTRACTED_FROM_WORDDOCUMENT_CELL_STREAM
RCEP,AU,AU,2023_147 + 148_129-2022-NĐ-CP.doc,8703.40.65,870340,8703406500,- - - - Dung tích xi lanh trên 2.000 cc nhưng không quá 2.500 cc,70|70|70|70|70|70,70,70,,CBU_OR_ORDINARY_VEHICLE_BLOCK,EXTRACTED_FROM_WORDDOCUMENT_CELL_STREAM
RCEP,AU,AU,2023_147 + 148_129-2022-NĐ-CP.doc,8703.40.66,870340,8703406600,- - - - Dung tích xi lanh trên 2.500 cc nhưng không quá 3.000 cc,70|70|70|70|70|70,70,70,,CBU_OR_ORDINARY_VEHICLE_BLOCK,EXTRACTED_FROM_WORDDOCUMENT_CELL_STREAM
RCEP,AU,AU,2023_147 + 148_129-2022-NĐ-CP.doc,8703.40.67,870340,8703406700,"- - - - Dung tích xi lanh trên 3.000 cc, loại bốn bánh chủ động",70|70|70|70|70|70,70,70,,CBU_OR_ORDINARY_VEHICLE_BLOCK,EXTRACTED_FROM_WORDDOCUMENT_CELL_STREAM
RCEP,AU,AU,2023_147 + 148_129-2022-NĐ-CP.doc,8703.40.68,870340,8703406800,"- - - - Dung tích xi lanh trên 3.000 cc, không phải loại bốn bánh chủ động",70|70|70|70|70|70,70,70,,CBU_OR_ORDINARY_VEHICLE_BLOCK,EXTRACTED_FROM_WORDDOCUMENT_CELL_STREAM
RCEP,AU,AU,2023_147 + 148_129-2022-NĐ-CP.doc,8703.40.71,870340,8703407100,- - - - Dung tích xi lanh không quá 1.000 cc,70|70|70|70|70|70,70,70,,CBU_OR_ORDINARY_VEHICLE_BLOCK,EXTRACTED_FROM_WORDDOCUMENT_CELL_STREAM
RCEP,AU,AU,2023_147 + 148_129-2022-NĐ-CP.doc,8703.40.72,870340,8703407200,- - - - Dung tích xi lanh trên 1.000 cc nhưng không quá 1.500 cc,70|70|70|70|70|70,70,70,,CBU_OR_ORDINARY_VEHICLE_BLOCK,EXTRACTED_FROM_WORDDOCUMENT_CELL_STREAM
RCEP,AU,AU,2023_147 + 148_129-2022-NĐ-CP.doc,8703.40.73,870340,8703407300,- - - - Dung tích xi lanh trên 1.500 cc nhưng không quá 1.800 cc,70|70|70|70|70|70,70,70,,CBU_OR_ORDINARY_VEHICLE_BLOCK,EXTRACTED_FROM_WORDDOCUMENT_CELL_STREAM
RCEP,AU,AU,2023_147 + 148_129-2022-NĐ-CP.doc,8703.40.74,870340,8703407400,- - - - Dung tích xi lanh trên 1.800 cc nhưng không quá 2.000 cc,70|70|70|70|70|70,70,70,,CBU_OR_ORDINARY_VEHICLE_BLOCK,EXTRACTED_FROM_WORDDOCUMENT_CELL_STREAM
RCEP,AU,AU,2023_147 + 148_129-2022-NĐ-CP.doc,8703.40.75,870340,8703407500,- - - - Dung tích xi lanh trên 2.000 cc nhưng không quá 2.500 cc,70|70|70|70|70|70,70,70,,CBU_OR_ORDINARY_VEHICLE_BLOCK,EXTRACTED_FROM_WORDDOCUMENT_CELL_STREAM
RCEP,AU,AU,2023_147 + 148_129-2022-NĐ-CP.doc,8703.40.76,870340,8703407600,- - - - Dung tích xi lanh trên 2.500 cc nhưng không quá 3.000 cc,70|70|70|70|70|70,70,70,,CBU_OR_ORDINARY_VEHICLE_BLOCK,EXTRACTED_FROM_WORDDOCUMENT_CELL_STREAM
RCEP,AU,AU,2023_147 + 148_129-2022-NĐ-CP.doc,8703.40.77,870340,8703407700,- - - - Dung tích xi lanh trên 3.000 cc,70|70|70|70|70|70,70,70,,CBU_OR_ORDINARY_VEHICLE_BLOCK,EXTRACTED_FROM_WORDDOCUMENT_CELL_STREAM
RCEP,AU,AU,2023_147 + 148_129-2022-NĐ-CP.doc,8703.40.81,870340,8703408100,- - - - Dung tích xi lanh không quá 1.000 cc,70|70|70|70|70|70,70,70,,CBU_OR_ORDINARY_VEHICLE_BLOCK,EXTRACTED_FROM_WORDDOCUMENT_CELL_STREAM
RCEP,AU,AU,2023_147 + 148_129-2022-NĐ-CP.doc,8703.40.82,870340,8703408200,- - - - Dung tích xi lanh trên 1.000 cc nhưng không quá 1.500 cc,70|70|70|70|70|70,70,70,,CBU_OR_ORDINARY_VEHICLE_BLOCK,EXTRACTED_FROM_WORDDOCUMENT_CELL_STREAM
RCEP,AU,AU,2023_147 + 148_129-2022-NĐ-CP.doc,8703.40.83,870340,8703408300,- - - - Dung tích xi lanh trên 1.500 cc nhưng không quá 1.800 cc,70|70|70|70|70|70,70,70,,CBU_OR_ORDINARY_VEHICLE_BLOCK,EXTRACTED_FROM_WORDDOCUMENT_CELL_STREAM
RCEP,AU,AU,2023_147 + 148_129-2022-NĐ-CP.doc,8703.40.84,870340,8703408400,- - - - Dung tích xi lanh trên 1.800 cc nhưng không quá 2.000 cc,70|70|70|70|70|70,70,70,,CBU_OR_ORDINARY_VEHICLE_BLOCK,EXTRACTED_FROM_WORDDOCUMENT_CELL_STREAM
RCEP,AU,AU,2023_147 + 148_129-2022-NĐ-CP.doc,8703.40.85,870340,8703408500,- - - - Dung tích xi lanh trên 2.000 cc nhưng không quá 2.500 cc,70|70|70|70|70|70,70,70,,CBU_OR_ORDINARY_VEHICLE_BLOCK,EXTRACTED_FROM_WORDDOCUMENT_CELL_STREAM
RCEP,AU,AU,2023_147 + 148_129-2022-NĐ-CP.doc,8703.40.86,870340,8703408600,- - - - Dung tích xi lanh trên 2.500 cc nhưng không quá 3.000 cc,70|70|70|70|70|70,70,70,,CBU_OR_ORDINARY_VEHICLE_BLOCK,EXTRACTED_FROM_WORDDOCUMENT_CELL_STREAM
RCEP,AU,AU,2023_147 + 148_129-2022-NĐ-CP.doc,8703.40.87,870340,8703408700,- - - - Dung tích xi lanh trên 3.000 cc,70|70|70|70|70|70,70,70,,CBU_OR_ORDINARY_VEHICLE_BLOCK,EXTRACTED_FROM_WORDDOCUMENT_CELL_STREAM
RCEP,AU,AU,2023_147 + 148_129-2022-NĐ-CP.doc,8703.40.91,870340,8703409100,- - - - Dung tích xi lanh không quá 1.000 cc,70|70|70|70|70|70,70,70,,CBU_OR_ORDINARY_VEHICLE_BLOCK,EXTRACTED_FROM_WORDDOCUMENT_CELL_STREAM
RCEP,AU,AU,2023_147 + 148_129-2022-NĐ-CP.doc,8703.40.92,870340,8703409200,- - - - Dung tích xi lanh trên 1.000 cc nhưng không quá 1.500 cc,70|70|70|70|70|70,70,70,,CBU_OR_ORDINARY_VEHICLE_BLOCK,EXTRACTED_FROM_WORDDOCUMENT_CELL_STREAM
RCEP,AU,AU,2023_147 + 148_129-2022-NĐ-CP.doc,8703.40.93,870340,8703409300,- - - - Dung tích xi lanh trên 1.500 cc nhưng không quá 1.800 cc,70|70|70|70|70|70,70,70,,CBU_OR_ORDINARY_VEHICLE_BLOCK,EXTRACTED_FROM_WORDDOCUMENT_CELL_STREAM
RCEP,AU,AU,2023_147 + 148_129-2022-NĐ-CP.doc,8703.40.94,870340,8703409400,- - - - Dung tích xi lanh trên 1.800 cc nhưng không quá 2.000 cc,70|70|70|70|70|70,70,70,,CBU_OR_ORDINARY_VEHICLE_BLOCK,EXTRACTED_FROM_WORDDOCUMENT_CELL_STREAM
RCEP,AU,AU,2023_147 + 148_129-2022-NĐ-CP.doc,8703.40.95,870340,8703409500,- - - - Dung tích xi lanh trên 2.000 cc nhưng không quá 2.500 cc,70|70|70|70|70|70,70,70,,CBU_OR_ORDINARY_VEHICLE_BLOCK,EXTRACTED_FROM_WORDDOCUMENT_CELL_STREAM
RCEP,AU,AU,2023_147 + 148_129-2022-NĐ-CP.doc,8703.40.96,870340,8703409600,- - - - Dung tích xi lanh trên 2.500 cc nhưng không quá 3.000 cc,70|70|70|70|70|70,70,70,,CBU_OR_ORDINARY_VEHICLE_BLOCK,EXTRACTED_FROM_WORDDOCUMENT_CELL_STREAM
RCEP,AU,AU,2023_147 + 148_129-2022-NĐ-CP.doc,8703.40.97,870340,8703409700,"- - - - Dung tích xi lanh trên 3.000 cc, loại bốn bánh chủ động",70|70|70|70|70|70,70,70,,CBU_OR_ORDINARY_VEHICLE_BLOCK,EXTRACTED_FROM_WORDDOCUMENT_CELL_STREAM
RCEP,AU,AU,2023_147 + 148_129-2022-NĐ-CP.doc,8703.40.98,870340,8703409800,"- - - - Dung tích xi lanh trên 3.000 cc, không phải loại bốn bánh chủ động",70|70|70|70|70|70,70,70,,CBU_OR_ORDINARY_VEHICLE_BLOCK,EXTRACTED_FROM_WORDDOCUMENT_CELL_STREAM
RCEP,AU,AU,2023_147 + 148_129-2022-NĐ-CP.doc,8703.50.41,870350,8703504100,- - - - Dung tích xi lanh không quá 1.000 cc,70|70|70|70|70|70,70,70,,CBU_OR_ORDINARY_VEHICLE_BLOCK,EXTRACTED_FROM_WORDDOCUMENT_CELL_STREAM
RCEP,AU,AU,2023_147 + 148_129-2022-NĐ-CP.doc,8703.50.42,870350,8703504200,- - - - Dung tích xi lanh trên 1.000 cc nhưng không quá 1.500 cc,70|70|70|70|70|70,70,70,,CBU_OR_ORDINARY_VEHICLE_BLOCK,EXTRACTED_FROM_WORDDOCUMENT_CELL_STREAM
RCEP,AU,AU,2023_147 + 148_129-2022-NĐ-CP.doc,8703.50.43,870350,8703504300,- - - - Dung tích xi lanh trên 1.500 cc nhưng không quá 1.800 cc,70|70|70|70|70|70,70,70,,CBU_OR_ORDINARY_VEHICLE_BLOCK,EXTRACTED_FROM_WORDDOCUMENT_CELL_STREAM
RCEP,AU,AU,2023_147 + 148_129-2022-NĐ-CP.doc,8703.50.44,870350,8703504400,- - - - Dung tích xi lanh trên 1.800 cc nhưng không quá 2.000 cc,70|70|70|70|70|70,70,70,,CBU_OR_ORDINARY_VEHICLE_BLOCK,EXTRACTED_FROM_WORDDOCUMENT_CELL_STREAM
RCEP,AU,AU,2023_147 + 148_129-2022-NĐ-CP.doc,8703.50.45,870350,8703504500,- - - - Dung tích xi lanh trên 2.000 cc nhưng không quá 2.500 cc,70|70|70|70|70|70,70,70,,CBU_OR_ORDINARY_VEHICLE_BLOCK,EXTRACTED_FROM_WORDDOCUMENT_CELL_STREAM
RCEP,AU,AU,2023_147 + 148_129-2022-NĐ-CP.doc,8703.50.46,870350,8703504600,- - - - Dung tích xi lanh trên 2.500 cc nhưng không quá 3.000 cc,70|70|70|70|70|70,70,70,,CBU_OR_ORDINARY_VEHICLE_BLOCK,EXTRACTED_FROM_WORDDOCUMENT_CELL_STREAM
RCEP,AU,AU,2023_147 + 148_129-2022-NĐ-CP.doc,8703.50.47,870350,8703504700,- - - - Dung tích xi lanh trên 3.000 cc,70|70|70|70|70|70,70,70,,CBU_OR_ORDINARY_VEHICLE_BLOCK,EXTRACTED_FROM_WORDDOCUMENT_CELL_STREAM
RCEP,AU,AU,2023_147 + 148_129-2022-NĐ-CP.doc,8703.50.51,870350,8703505100,- - - - Dung tích xi lanh không quá 1.000 cc,70|70|70|70|70|70,70,70,,CBU_OR_ORDINARY_VEHICLE_BLOCK,EXTRACTED_FROM_WORDDOCUMENT_CELL_STREAM
RCEP,AU,AU,2023_147 + 148_129-2022-NĐ-CP.doc,8703.50.52,870350,8703505200,- - - - Dung tích xi lanh trên 1.000 cc nhưng không quá 1.500 cc,70|70|70|70|70|70,70,70,,CBU_OR_ORDINARY_VEHICLE_BLOCK,EXTRACTED_FROM_WORDDOCUMENT_CELL_STREAM
RCEP,AU,AU,2023_147 + 148_129-2022-NĐ-CP.doc,8703.50.53,870350,8703505300,- - - - Dung tích xi lanh trên 1.500 cc nhưng không quá 1.800 cc,70|70|70|70|70|70,70,70,,CBU_OR_ORDINARY_VEHICLE_BLOCK,EXTRACTED_FROM_WORDDOCUMENT_CELL_STREAM
RCEP,AU,AU,2023_147 + 148_129-2022-NĐ-CP.doc,8703.50.54,870350,8703505400,- - - - Dung tích xi lanh trên 1.800 cc nhưng không quá 2.500 cc,70|70|70|70|70|70,70,70,,CBU_OR_ORDINARY_VEHICLE_BLOCK,EXTRACTED_FROM_WORDDOCUMENT_CELL_STREAM
RCEP,AU,AU,2023_147 + 148_129-2022-NĐ-CP.doc,8703.50.55,870350,8703505500,- - - - Dung tích xi lanh trên 2.500 cc,70|70|70|70|70|70,70,70,,CBU_OR_ORDINARY_VEHICLE_BLOCK,EXTRACTED_FROM_WORDDOCUMENT_CELL_STREAM
RCEP,AU,AU,2023_147 + 148_129-2022-NĐ-CP.doc,8703.50.56,870350,8703505600,- - - - Dung tích xi lanh không quá 1.500 cc,70|70|70|70|70|70,70,70,,CBU_OR_ORDINARY_VEHICLE_BLOCK,EXTRACTED_FROM_WORDDOCUMENT_CELL_STREAM
RCEP,AU,AU,2023_147 + 148_129-2022-NĐ-CP.doc,8703.50.57,870350,8703505700,- - - - Dung tích xi lanh trên 1.500 cc nhưng không quá 2.000 cc,70|70|70|70|70|70,70,70,,CBU_OR_ORDINARY_VEHICLE_BLOCK,EXTRACTED_FROM_WORDDOCUMENT_CELL_STREAM
RCEP,AU,AU,2023_147 + 148_129-2022-NĐ-CP.doc,8703.50.58,870350,8703505800,- - - - Dung tích xi lanh trên 2.000 cc,70|70|70|70|70|70,70,70,,CBU_OR_ORDINARY_VEHICLE_BLOCK,EXTRACTED_FROM_WORDDOCUMENT_CELL_STREAM
RCEP,AU,AU,2023_147 + 148_129-2022-NĐ-CP.doc,8703.50.61,870350,8703506100,- - - - Dung tích xi lanh không quá 1.000 cc,70|70|70|70|70|70,70,70,,CBU_OR_ORDINARY_VEHICLE_BLOCK,EXTRACTED_FROM_WORDDOCUMENT_CELL_STREAM
RCEP,AU,AU,2023_147 + 148_129-2022-NĐ-CP.doc,8703.50.62,870350,8703506200,- - - - Dung tích xi lanh trên 1.000 cc nhưng không quá 1.500 cc,70|70|70|70|70|70,70,70,,CBU_OR_ORDINARY_VEHICLE_BLOCK,EXTRACTED_FROM_WORDDOCUMENT_CELL_STREAM
RCEP,AU,AU,2023_147 + 148_129-2022-NĐ-CP.doc,8703.50.63,870350,8703506300,- - - - Dung tích xi lanh trên 1.500 cc nhưng không quá 1.800 cc,70|70|70|70|70|70,70,70,,CBU_OR_ORDINARY_VEHICLE_BLOCK,EXTRACTED_FROM_WORDDOCUMENT_CELL_STREAM
RCEP,AU,AU,2023_147 + 148_129-2022-NĐ-CP.doc,8703.50.64,870350,8703506400,- - - - Dung tích xi lanh trên 1.800 cc nhưng không quá 2.000 cc,70|70|70|70|70|70,70,70,,CBU_OR_ORDINARY_VEHICLE_BLOCK,EXTRACTED_FROM_WORDDOCUMENT_CELL_STREAM
RCEP,AU,AU,2023_147 + 148_129-2022-NĐ-CP.doc,8703.50.65,870350,8703506500,- - - - Dung tích xi lanh trên 2.000 cc nhưng không quá 2.500 cc,70|70|70|70|70|70,70,70,,CBU_OR_ORDINARY_VEHICLE_BLOCK,EXTRACTED_FROM_WORDDOCUMENT_CELL_STREAM
RCEP,AU,AU,2023_147 + 148_129-2022-NĐ-CP.doc,8703.50.66,870350,8703506600,- - - - Dung tích xi lanh trên 2.500 cc nhưng không quá 3.000 cc,70|70|70|70|70|70,70,70,,CBU_OR_ORDINARY_VEHICLE_BLOCK,EXTRACTED_FROM_WORDDOCUMENT_CELL_STREAM
RCEP,AU,AU,2023_147 + 148_129-2022-NĐ-CP.doc,8703.50.67,870350,8703506700,- - - - Dung tích xi lanh trên 3.000 cc,70|70|70|70|70|70,70,70,,CBU_OR_ORDINARY_VEHICLE_BLOCK,EXTRACTED_FROM_WORDDOCUMENT_CELL_STREAM
RCEP,AU,AU,2023_147 + 148_129-2022-NĐ-CP.doc,8703.50.71,870350,8703507100,- - - - Dung tích xi lanh không quá 1.000 cc,70|70|70|70|70|70,70,70,,CBU_OR_ORDINARY_VEHICLE_BLOCK,EXTRACTED_FROM_WORDDOCUMENT_CELL_STREAM
RCEP,AU,AU,2023_147 + 148_129-2022-NĐ-CP.doc,8703.50.72,870350,8703507200,- - - - Dung tích xi lanh trên 1.000 cc nhưng không quá 1.500 cc,70|70|70|70|70|70,70,70,,CBU_OR_ORDINARY_VEHICLE_BLOCK,EXTRACTED_FROM_WORDDOCUMENT_CELL_STREAM
RCEP,AU,AU,2023_147 + 148_129-2022-NĐ-CP.doc,8703.50.73,870350,8703507300,- - - - Dung tích xi lanh trên 1.500 cc nhưng không quá 1.800 cc,70|70|70|70|70|70,70,70,,CBU_OR_ORDINARY_VEHICLE_BLOCK,EXTRACTED_FROM_WORDDOCUMENT_CELL_STREAM
RCEP,AU,AU,2023_147 + 148_129-2022-NĐ-CP.doc,8703.50.74,870350,8703507400,- - - - Dung tích xi lanh trên 1.800 cc nhưng không quá 2.000 cc,70|70|70|70|70|70,70,70,,CBU_OR_ORDINARY_VEHICLE_BLOCK,EXTRACTED_FROM_WORDDOCUMENT_CELL_STREAM
RCEP,AU,AU,2023_147 + 148_129-2022-NĐ-CP.doc,8703.50.75,870350,8703507500,- - - - Dung tích xi lanh trên 2.000 cc nhưng không quá 2.500 cc,70|70|70|70|70|70,70,70,,CBU_OR_ORDINARY_VEHICLE_BLOCK,EXTRACTED_FROM_WORDDOCUMENT_CELL_STREAM
RCEP,AU,AU,2023_147 + 148_129-2022-NĐ-CP.doc,8703.50.76,870350,8703507600,- - - - Dung tích xi lanh trên 2.500 cc nhưng không quá 3.000 cc,70|70|70|70|70|70,70,70,,CBU_OR_ORDINARY_VEHICLE_BLOCK,EXTRACTED_FROM_WORDDOCUMENT_CELL_STREAM
RCEP,AU,AU,2023_147 + 148_129-2022-NĐ-CP.doc,8703.50.77,870350,8703507700,- - - - Dung tích xi lanh trên 3.000 cc,70|70|70|70|70|70,70,70,,CBU_OR_ORDINARY_VEHICLE_BLOCK,EXTRACTED_FROM_WORDDOCUMENT_CELL_STREAM
RCEP,AU,AU,2023_147 + 148_129-2022-NĐ-CP.doc,8703.50.81,870350,8703508100,- - - - Dung tích xi lanh không quá 1.000 cc,70|70|70|70|70|70,70,70,,CBU_OR_ORDINARY_VEHICLE_BLOCK,EXTRACTED_FROM_WORDDOCUMENT_CELL_STREAM
RCEP,AU,AU,2023_147 + 148_129-2022-NĐ-CP.doc,8703.50.82,870350,8703508200,- - - - Dung tích xi lanh trên 1.000 cc nhưng không quá 1.500 cc,70|70|70|70|70|70,70,70,,CBU_OR_ORDINARY_VEHICLE_BLOCK,EXTRACTED_FROM_WORDDOCUMENT_CELL_STREAM
RCEP,AU,AU,2023_147 + 148_129-2022-NĐ-CP.doc,8703.50.83,870350,8703508300,- - - - Dung tích xi lanh trên 1.500 cc nhưng không quá 1.800 cc,70|70|70|70|70|70,70,70,,CBU_OR_ORDINARY_VEHICLE_BLOCK,EXTRACTED_FROM_WORDDOCUMENT_CELL_STREAM
RCEP,AU,AU,2023_147 + 148_129-2022-NĐ-CP.doc,8703.50.84,870350,8703508400,- - - - Dung tích xi lanh trên 1.800 cc nhưng không quá 2.000 cc,70|70|70|70|70|70,70,70,,CBU_OR_ORDINARY_VEHICLE_BLOCK,EXTRACTED_FROM_WORDDOCUMENT_CELL_STREAM
RCEP,AU,AU,2023_147 + 148_129-2022-NĐ-CP.doc,8703.50.85,870350,8703508500,- - - - Dung tích xi lanh trên 2.000 cc nhưng không quá 2.500 cc,70|70|70|70|70|70,70,70,,CBU_OR_ORDINARY_VEHICLE_BLOCK,EXTRACTED_FROM_WORDDOCUMENT_CELL_STREAM
RCEP,AU,AU,2023_147 + 148_129-2022-NĐ-CP.doc,8703.50.86,870350,8703508600,- - - - Dung tích xi lanh trên 2.500 cc nhưng không quá 3.000 cc,70|70|70|70|70|70,70,70,,CBU_OR_ORDINARY_VEHICLE_BLOCK,EXTRACTED_FROM_WORDDOCUMENT_CELL_STREAM
RCEP,AU,AU,2023_147 + 148_129-2022-NĐ-CP.doc,8703.50.87,870350,8703508700,- - - - Dung tích xi lanh trên 3.000 cc,70|70|70|70|70|70,70,70,,CBU_OR_ORDINARY_VEHICLE_BLOCK,EXTRACTED_FROM_WORDDOCUMENT_CELL_STREAM
RCEP,AU,AU,2023_147 + 148_129-2022-NĐ-CP.doc,8703.50.91,870350,8703509100,- - - - Dung tích xi lanh không quá 1.000 cc,70|70|70|70|70|70,70,70,,CBU_OR_ORDINARY_VEHICLE_BLOCK,EXTRACTED_FROM_WORDDOCUMENT_CELL_STREAM
RCEP,AU,AU,2023_147 + 148_129-2022-NĐ-CP.doc,8703.50.92,870350,8703509200,- - - - Dung tích xi lanh trên 1.000 cc nhưng không quá 1.500 cc,70|70|70|70|70|70,70,70,,CBU_OR_ORDINARY_VEHICLE_BLOCK,EXTRACTED_FROM_WORDDOCUMENT_CELL_STREAM
RCEP,AU,AU,2023_147 + 148_129-2022-NĐ-CP.doc,8703.50.93,870350,8703509300,- - - - Dung tích xi lanh trên 1.500 cc nhưng không quá 1.800 cc,70|70|70|70|70|70,70,70,,CBU_OR_ORDINARY_VEHICLE_BLOCK,EXTRACTED_FROM_WORDDOCUMENT_CELL_STREAM
RCEP,AU,AU,2023_147 + 148_129-2022-NĐ-CP.doc,8703.50.94,870350,8703509400,- - - - Dung tích xi lanh trên 1.800 cc nhưng không quá 2.000 cc,70|70|70|70|70|70,70,70,,CBU_OR_ORDINARY_VEHICLE_BLOCK,EXTRACTED_FROM_WORDDOCUMENT_CELL_STREAM
RCEP,AU,AU,2023_147 + 148_129-2022-NĐ-CP.doc,8703.50.95,870350,8703509500,- - - - Dung tích xi lanh trên 2.000 cc nhưng không quá 2.500 cc,70|70|70|70|70|70,70,70,,CBU_OR_ORDINARY_VEHICLE_BLOCK,EXTRACTED_FROM_WORDDOCUMENT_CELL_STREAM
RCEP,AU,AU,2023_147 + 148_129-2022-NĐ-CP.doc,8703.50.96,870350,8703509600,- - - - Dung tích xi lanh trên 2.500 cc nhưng không quá 3.000 cc,70|70|70|70|70|70,70,70,,CBU_OR_ORDINARY_VEHICLE_BLOCK,EXTRACTED_FROM_WORDDOCUMENT_CELL_STREAM
RCEP,AU,AU,2023_147 + 148_129-2022-NĐ-CP.doc,8703.50.97,870350,8703509700,- - - - Dung tích xi lanh trên 3.000 cc,70|70|70|70|70|70,70,70,,CBU_OR_ORDINARY_VEHICLE_BLOCK,EXTRACTED_FROM_WORDDOCUMENT_CELL_STREAM
RCEP,AU,AU,2023_147 + 148_129-2022-NĐ-CP.doc,8703.60.41,870360,8703604100,- - - - Dung tích xi lanh không quá 1.000 cc,70|70|70|70|70|70,70,70,,CBU_OR_ORDINARY_VEHICLE_BLOCK,EXTRACTED_FROM_WORDDOCUMENT_CELL_STREAM
RCEP,AU,AU,2023_147 + 148_129-2022-NĐ-CP.doc,8703.60.42,870360,8703604200,- - - - Dung tích xi lanh trên 1.000 cc nhưng không quá 1.500 cc,70|70|70|70|70|70,70,70,,CBU_OR_ORDINARY_VEHICLE_BLOCK,EXTRACTED_FROM_WORDDOCUMENT_CELL_STREAM
RCEP,AU,AU,2023_147 + 148_129-2022-NĐ-CP.doc,8703.60.43,870360,8703604300,- - - - Dung tích xi lanh trên 1.500 cc nhưng không quá 1.800 cc,70|70|70|70|70|70,70,70,,CBU_OR_ORDINARY_VEHICLE_BLOCK,EXTRACTED_FROM_WORDDOCUMENT_CELL_STREAM
RCEP,AU,AU,2023_147 + 148_129-2022-NĐ-CP.doc,8703.60.44,870360,8703604400,- - - - Dung tích xi lanh trên 1.800 cc nhưng không quá 2.000 cc,70|70|70|70|70|70,70,70,,CBU_OR_ORDINARY_VEHICLE_BLOCK,EXTRACTED_FROM_WORDDOCUMENT_CELL_STREAM
RCEP,AU,AU,2023_147 + 148_129-2022-NĐ-CP.doc,8703.60.45,870360,8703604500,- - - - Dung tích xi lanh trên 2.000 cc nhưng không quá 2.500 cc,70|70|70|70|70|70,70,70,,CBU_OR_ORDINARY_VEHICLE_BLOCK,EXTRACTED_FROM_WORDDOCUMENT_CELL_STREAM
RCEP,AU,AU,2023_147 + 148_129-2022-NĐ-CP.doc,8703.60.46,870360,8703604600,- - - - Dung tích xi lanh trên 2.500 cc nhưng không quá 3.000 cc,70|70|70|70|70|70,70,70,,CBU_OR_ORDINARY_VEHICLE_BLOCK,EXTRACTED_FROM_WORDDOCUMENT_CELL_STREAM
RCEP,AU,AU,2023_147 + 148_129-2022-NĐ-CP.doc,8703.60.47,870360,8703604700,- - - - Dung tích xi lanh trên 3.000 cc,70|70|70|70|70|70,70,70,,CBU_OR_ORDINARY_VEHICLE_BLOCK,EXTRACTED_FROM_WORDDOCUMENT_CELL_STREAM
RCEP,AU,AU,2023_147 + 148_129-2022-NĐ-CP.doc,8703.60.51,870360,8703605100,- - - - Dung tích xi lanh không quá 1.000 cc,70|70|70|70|70|70,70,70,,CBU_OR_ORDINARY_VEHICLE_BLOCK,EXTRACTED_FROM_WORDDOCUMENT_CELL_STREAM
RCEP,AU,AU,2023_147 + 148_129-2022-NĐ-CP.doc,8703.60.52,870360,8703605200,- - - - Dung tích xi lanh trên 1.000 cc nhưng không quá 1.500 cc,70|70|70|70|70|70,70,70,,CBU_OR_ORDINARY_VEHICLE_BLOCK,EXTRACTED_FROM_WORDDOCUMENT_CELL_STREAM
RCEP,AU,AU,2023_147 + 148_129-2022-NĐ-CP.doc,8703.60.53,870360,8703605300,- - - - Dung tích xi lanh trên 1.500 cc nhưng không quá 1.800 cc,70|70|70|70|70|70,70,70,,CBU_OR_ORDINARY_VEHICLE_BLOCK,EXTRACTED_FROM_WORDDOCUMENT_CELL_STREAM
RCEP,AU,AU,2023_147 + 148_129-2022-NĐ-CP.doc,8703.60.54,870360,8703605400,- - - - Dung tích xi lanh trên 1.800 cc nhưng không quá 3.000 cc,70|70|70|70|70|70,70,70,,CBU_OR_ORDINARY_VEHICLE_BLOCK,EXTRACTED_FROM_WORDDOCUMENT_CELL_STREAM
RCEP,AU,AU,2023_147 + 148_129-2022-NĐ-CP.doc,8703.60.55,870360,8703605500,- - - - Dung tích xi lanh trên 3.000 cc,70|70|70|70|70|70,70,70,,CBU_OR_ORDINARY_VEHICLE_BLOCK,EXTRACTED_FROM_WORDDOCUMENT_CELL_STREAM
RCEP,AU,AU,2023_147 + 148_129-2022-NĐ-CP.doc,8703.60.56,870360,8703605600,- - - - Dung tích xi lanh không quá 1.500 cc,70|70|70|70|70|70,70,70,,CBU_OR_ORDINARY_VEHICLE_BLOCK,EXTRACTED_FROM_WORDDOCUMENT_CELL_STREAM
RCEP,AU,AU,2023_147 + 148_129-2022-NĐ-CP.doc,8703.60.57,870360,8703605700,- - - - Dung tích xi lanh trên 1.500 cc nhưng không quá 2.000 cc,70|70|70|70|70|70,70,70,,CBU_OR_ORDINARY_VEHICLE_BLOCK,EXTRACTED_FROM_WORDDOCUMENT_CELL_STREAM
RCEP,AU,AU,2023_147 + 148_129-2022-NĐ-CP.doc,8703.60.58,870360,8703605800,- - - - Dung tích xi lanh trên 2.000 cc,70|70|70|70|70|70,70,70,,CBU_OR_ORDINARY_VEHICLE_BLOCK,EXTRACTED_FROM_WORDDOCUMENT_CELL_STREAM
RCEP,AU,AU,2023_147 + 148_129-2022-NĐ-CP.doc,8703.60.61,870360,8703606100,- - - - Dung tích xi lanh không quá 1.000 cc,70|70|70|70|70|70,70,70,,CBU_OR_ORDINARY_VEHICLE_BLOCK,EXTRACTED_FROM_WORDDOCUMENT_CELL_STREAM
RCEP,AU,AU,2023_147 + 148_129-2022-NĐ-CP.doc,8703.60.62,870360,8703606200,- - - - Dung tích xi lanh trên 1.000 cc nhưng không quá 1.500 cc,70|70|70|70|70|70,70,70,,CBU_OR_ORDINARY_VEHICLE_BLOCK,EXTRACTED_FROM_WORDDOCUMENT_CELL_STREAM
RCEP,AU,AU,2023_147 + 148_129-2022-NĐ-CP.doc,8703.60.63,870360,8703606300,- - - - Dung tích xi lanh trên 1.500 cc nhưng không quá 1.800 cc,70|70|70|70|70|70,70,70,,CBU_OR_ORDINARY_VEHICLE_BLOCK,EXTRACTED_FROM_WORDDOCUMENT_CELL_STREAM
RCEP,AU,AU,2023_147 + 148_129-2022-NĐ-CP.doc,8703.60.64,870360,8703606400,- - - - Dung tích xi lanh trên 1.800 cc nhưng không quá 2.000 cc,70|70|70|70|70|70,70,70,,CBU_OR_ORDINARY_VEHICLE_BLOCK,EXTRACTED_FROM_WORDDOCUMENT_CELL_STREAM
RCEP,AU,AU,2023_147 + 148_129-2022-NĐ-CP.doc,8703.60.65,870360,8703606500,- - - - Dung tích xi lanh trên 2.000 cc nhưng không quá 2.500 cc,70|70|70|70|70|70,70,70,,CBU_OR_ORDINARY_VEHICLE_BLOCK,EXTRACTED_FROM_WORDDOCUMENT_CELL_STREAM
RCEP,AU,AU,2023_147 + 148_129-2022-NĐ-CP.doc,8703.60.66,870360,8703606600,- - - - Dung tích xi lanh trên 2.500 cc nhưng không quá 3.000 cc,70|70|70|70|70|70,70,70,,CBU_OR_ORDINARY_VEHICLE_BLOCK,EXTRACTED_FROM_WORDDOCUMENT_CELL_STREAM
RCEP,AU,AU,2023_147 + 148_129-2022-NĐ-CP.doc,8703.60.67,870360,8703606700,"- - - - Dung tích xi lanh trên 3.000 cc, loại bốn bánh chủ động",70|70|70|70|70|70,70,70,,CBU_OR_ORDINARY_VEHICLE_BLOCK,EXTRACTED_FROM_WORDDOCUMENT_CELL_STREAM
RCEP,AU,AU,2023_147 + 148_129-2022-NĐ-CP.doc,8703.60.68,870360,8703606800,"- - - - Dung tích xi lanh trên 3.000 cc, không phải loại bốn bánh chủ động",70|70|70|70|70|70,70,70,,CBU_OR_ORDINARY_VEHICLE_BLOCK,EXTRACTED_FROM_WORDDOCUMENT_CELL_STREAM
RCEP,AU,AU,2023_147 + 148_129-2022-NĐ-CP.doc,8703.60.71,870360,8703607100,- - - - Dung tích xi lanh không quá 1.000 cc,70|70|70|70|70|70,70,70,,CBU_OR_ORDINARY_VEHICLE_BLOCK,EXTRACTED_FROM_WORDDOCUMENT_CELL_STREAM
RCEP,AU,AU,2023_147 + 148_129-2022-NĐ-CP.doc,8703.60.72,870360,8703607200,- - - - Dung tích xi lanh trên 1.000 cc nhưng không quá 1.500 cc,70|70|70|70|70|70,70,70,,CBU_OR_ORDINARY_VEHICLE_BLOCK,EXTRACTED_FROM_WORDDOCUMENT_CELL_STREAM
RCEP,AU,AU,2023_147 + 148_129-2022-NĐ-CP.doc,8703.60.73,870360,8703607300,- - - - Dung tích xi lanh trên 1.500 cc nhưng không quá 1.800 cc,70|70|70|70|70|70,70,70,,CBU_OR_ORDINARY_VEHICLE_BLOCK,EXTRACTED_FROM_WORDDOCUMENT_CELL_STREAM
RCEP,AU,AU,2023_147 + 148_129-2022-NĐ-CP.doc,8703.60.74,870360,8703607400,- - - - Dung tích xi lanh trên 1.800 cc nhưng không quá 2.000 cc,70|70|70|70|70|70,70,70,,CBU_OR_ORDINARY_VEHICLE_BLOCK,EXTRACTED_FROM_WORDDOCUMENT_CELL_STREAM
RCEP,AU,AU,2023_147 + 148_129-2022-NĐ-CP.doc,8703.60.75,870360,8703607500,- - - - Dung tích xi lanh trên 2.000 cc nhưng không quá 2.500 cc,70|70|70|70|70|70,70,70,,CBU_OR_ORDINARY_VEHICLE_BLOCK,EXTRACTED_FROM_WORDDOCUMENT_CELL_STREAM
RCEP,AU,AU,2023_147 + 148_129-2022-NĐ-CP.doc,8703.60.76,870360,8703607600,- - - - Dung tích xi lanh trên 2.500 cc nhưng không quá 3.000 cc,70|70|70|70|70|70,70,70,,CBU_OR_ORDINARY_VEHICLE_BLOCK,EXTRACTED_FROM_WORDDOCUMENT_CELL_STREAM
RCEP,AU,AU,2023_147 + 148_129-2022-NĐ-CP.doc,8703.60.77,870360,8703607700,- - - - Dung tích xi lanh trên 3.000 cc,70|70|70|70|70|70,70,70,,CBU_OR_ORDINARY_VEHICLE_BLOCK,EXTRACTED_FROM_WORDDOCUMENT_CELL_STREAM
RCEP,AU,AU,2023_147 + 148_129-2022-NĐ-CP.doc,8703.60.81,870360,8703608100,- - - - Dung tích xi lanh không quá 1.000 cc,70|70|70|70|70|70,70,70,,CBU_OR_ORDINARY_VEHICLE_BLOCK,EXTRACTED_FROM_WORDDOCUMENT_CELL_STREAM
RCEP,AU,AU,2023_147 + 148_129-2022-NĐ-CP.doc,8703.60.82,870360,8703608200,- - - - Dung tích xi lanh trên 1.000 cc nhưng không quá 1.500 cc,70|70|70|70|70|70,70,70,,CBU_OR_ORDINARY_VEHICLE_BLOCK,EXTRACTED_FROM_WORDDOCUMENT_CELL_STREAM
RCEP,AU,AU,2023_147 + 148_129-2022-NĐ-CP.doc,8703.60.83,870360,8703608300,- - - - Dung tích xi lanh trên 1.500 cc nhưng không quá 1.800 cc,70|70|70|70|70|70,70,70,,CBU_OR_ORDINARY_VEHICLE_BLOCK,EXTRACTED_FROM_WORDDOCUMENT_CELL_STREAM
RCEP,AU,AU,2023_147 + 148_129-2022-NĐ-CP.doc,8703.60.84,870360,8703608400,- - - - Dung tích xi lanh trên 1.800 cc nhưng không quá 2.000 cc,70|70|70|70|70|70,70,70,,CBU_OR_ORDINARY_VEHICLE_BLOCK,EXTRACTED_FROM_WORDDOCUMENT_CELL_STREAM
RCEP,AU,AU,2023_147 + 148_129-2022-NĐ-CP.doc,8703.60.85,870360,8703608500,- - - - Dung tích xi lanh trên 2.000 cc nhưng không quá 2.500 cc,70|70|70|70|70|70,70,70,,CBU_OR_ORDINARY_VEHICLE_BLOCK,EXTRACTED_FROM_WORDDOCUMENT_CELL_STREAM
RCEP,AU,AU,2023_147 + 148_129-2022-NĐ-CP.doc,8703.60.86,870360,8703608600,- - - - Dung tích xi lanh trên 2.500 cc nhưng không quá 3.000 cc,70|70|70|70|70|70,70,70,,CBU_OR_ORDINARY_VEHICLE_BLOCK,EXTRACTED_FROM_WORDDOCUMENT_CELL_STREAM
RCEP,AU,AU,2023_147 + 148_129-2022-NĐ-CP.doc,8703.60.87,870360,8703608700,- - - - Dung tích xi lanh trên 3.000 cc,70|70|70|70|70|70,70,70,,CBU_OR_ORDINARY_VEHICLE_BLOCK,EXTRACTED_FROM_WORDDOCUMENT_CELL_STREAM
RCEP,AU,AU,2023_147 + 148_129-2022-NĐ-CP.doc,8703.60.91,870360,8703609100,- - - - Dung tích xi lanh không quá 1.000 cc,70|70|70|70|70|70,70,70,,CBU_OR_ORDINARY_VEHICLE_BLOCK,EXTRACTED_FROM_WORDDOCUMENT_CELL_STREAM
RCEP,AU,AU,2023_147 + 148_129-2022-NĐ-CP.doc,8703.60.92,870360,8703609200,- - - - Dung tích xi lanh trên 1.000 cc nhưng không quá 1.500 cc,70|70|70|70|70|70,70,70,,CBU_OR_ORDINARY_VEHICLE_BLOCK,EXTRACTED_FROM_WORDDOCUMENT_CELL_STREAM
RCEP,AU,AU,2023_147 + 148_129-2022-NĐ-CP.doc,8703.60.93,870360,8703609300,- - - - Dung tích xi lanh trên 1.500 cc nhưng không quá 1.800 cc,70|70|70|70|70|70,70,70,,CBU_OR_ORDINARY_VEHICLE_BLOCK,EXTRACTED_FROM_WORDDOCUMENT_CELL_STREAM
RCEP,AU,AU,2023_147 + 148_129-2022-NĐ-CP.doc,8703.60.94,870360,8703609400,- - - - Dung tích xi lanh trên 1.800 cc nhưng không quá 2.000 cc,70|70|70|70|70|70,70,70,,CBU_OR_ORDINARY_VEHICLE_BLOCK,EXTRACTED_FROM_WORDDOCUMENT_CELL_STREAM
RCEP,AU,AU,2023_147 + 148_129-2022-NĐ-CP.doc,8703.60.95,870360,8703609500,- - - - Dung tích xi lanh trên 2.000 cc nhưng không quá 2.500 cc,70|70|70|70|70|70,70,70,,CBU_OR_ORDINARY_VEHICLE_BLOCK,EXTRACTED_FROM_WORDDOCUMENT_CELL_STREAM
RCEP,AU,AU,2023_147 + 148_129-2022-NĐ-CP.doc,8703.60.96,870360,8703609600,- - - - Dung tích xi lanh trên 2.500 cc nhưng không quá 3.000 cc,70|70|70|70|70|70,70,70,,CBU_OR_ORDINARY_VEHICLE_BLOCK,EXTRACTED_FROM_WORDDOCUMENT_CELL_STREAM
RCEP,AU,AU,2023_147 + 148_129-2022-NĐ-CP.doc,8703.60.97,870360,8703609700,"- - - - Dung tích xi lanh trên 3.000 cc, loại bốn bánh chủ động",70|70|70|70|70|70,70,70,,CBU_OR_ORDINARY_VEHICLE_BLOCK,EXTRACTED_FROM_WORDDOCUMENT_CELL_STREAM
RCEP,AU,AU,2023_147 + 148_129-2022-NĐ-CP.doc,8703.60.98,870360,8703609800,"- - - - Dung tích xi lanh trên 3.000 cc, không phải loại bốn bánh chủ động",70|70|70|70|70|70,70,70,,CBU_OR_ORDINARY_VEHICLE_BLOCK,EXTRACTED_FROM_WORDDOCUMENT_CELL_STREAM
RCEP,AU,AU,2023_147 + 148_129-2022-NĐ-CP.doc,8703.70.41,870370,8703704100,- - - - Dung tích xi lanh không quá 1.000 cc,70|70|70|70|70|70,70,70,,CBU_OR_ORDINARY_VEHICLE_BLOCK,EXTRACTED_FROM_WORDDOCUMENT_CELL_STREAM
RCEP,AU,AU,2023_147 + 148_129-2022-NĐ-CP.doc,8703.70.42,870370,8703704200,- - - - Dung tích xi lanh trên 1.000 cc nhưng không quá 1.500 cc,70|70|70|70|70|70,70,70,,CBU_OR_ORDINARY_VEHICLE_BLOCK,EXTRACTED_FROM_WORDDOCUMENT_CELL_STREAM
RCEP,AU,AU,2023_147 + 148_129-2022-NĐ-CP.doc,8703.70.43,870370,8703704300,- - - - Dung tích xi lanh trên 1.500 cc nhưng không quá 1.800 cc,70|70|70|70|70|70,70,70,,CBU_OR_ORDINARY_VEHICLE_BLOCK,EXTRACTED_FROM_WORDDOCUMENT_CELL_STREAM
RCEP,AU,AU,2023_147 + 148_129-2022-NĐ-CP.doc,8703.70.44,870370,8703704400,- - - - Dung tích xi lanh trên 1.800 cc nhưng không quá 2.000 cc,70|70|70|70|70|70,70,70,,CBU_OR_ORDINARY_VEHICLE_BLOCK,EXTRACTED_FROM_WORDDOCUMENT_CELL_STREAM
RCEP,AU,AU,2023_147 + 148_129-2022-NĐ-CP.doc,8703.70.45,870370,8703704500,- - - - Dung tích xi lanh trên 2.000 cc nhưng không quá 2.500 cc,70|70|70|70|70|70,70,70,,CBU_OR_ORDINARY_VEHICLE_BLOCK,EXTRACTED_FROM_WORDDOCUMENT_CELL_STREAM
RCEP,AU,AU,2023_147 + 148_129-2022-NĐ-CP.doc,8703.70.46,870370,8703704600,- - - - Dung tích xi lanh trên 2.500 cc nhưng không quá 3.000 cc,70|70|70|70|70|70,70,70,,CBU_OR_ORDINARY_VEHICLE_BLOCK,EXTRACTED_FROM_WORDDOCUMENT_CELL_STREAM
RCEP,AU,AU,2023_147 + 148_129-2022-NĐ-CP.doc,8703.70.47,870370,8703704700,- - - - Dung tích xi lanh trên 3.000 cc,70|70|70|70|70|70,70,70,,CBU_OR_ORDINARY_VEHICLE_BLOCK,EXTRACTED_FROM_WORDDOCUMENT_CELL_STREAM
RCEP,AU,AU,2023_147 + 148_129-2022-NĐ-CP.doc,8703.70.51,870370,8703705100,- - - - Dung tích xi lanh không quá 1.000 cc,70|70|70|70|70|70,70,70,,CBU_OR_ORDINARY_VEHICLE_BLOCK,EXTRACTED_FROM_WORDDOCUMENT_CELL_STREAM
RCEP,AU,AU,2023_147 + 148_129-2022-NĐ-CP.doc,8703.70.52,870370,8703705200,- - - - Dung tích xi lanh trên 1.000 cc nhưng không quá 1.500 cc,70|70|70|70|70|70,70,70,,CBU_OR_ORDINARY_VEHICLE_BLOCK,EXTRACTED_FROM_WORDDOCUMENT_CELL_STREAM
RCEP,AU,AU,2023_147 + 148_129-2022-NĐ-CP.doc,8703.70.53,870370,8703705300,- - - - Dung tích xi lanh trên 1.500 cc nhưng không quá 1.800 cc,70|70|70|70|70|70,70,70,,CBU_OR_ORDINARY_VEHICLE_BLOCK,EXTRACTED_FROM_WORDDOCUMENT_CELL_STREAM
RCEP,AU,AU,2023_147 + 148_129-2022-NĐ-CP.doc,8703.70.54,870370,8703705400,- - - - Dung tích xi lanh trên 1.800 cc nhưng không quá 2.500 cc,70|70|70|70|70|70,70,70,,CBU_OR_ORDINARY_VEHICLE_BLOCK,EXTRACTED_FROM_WORDDOCUMENT_CELL_STREAM
RCEP,AU,AU,2023_147 + 148_129-2022-NĐ-CP.doc,8703.70.55,870370,8703705500,- - - - Dung tích xi lanh trên 2.500 cc,70|70|70|70|70|70,70,70,,CBU_OR_ORDINARY_VEHICLE_BLOCK,EXTRACTED_FROM_WORDDOCUMENT_CELL_STREAM
RCEP,AU,AU,2023_147 + 148_129-2022-NĐ-CP.doc,8703.70.56,870370,8703705600,- - - - Dung tích xi lanh không quá 1.500 cc,70|70|70|70|70|70,70,70,,CBU_OR_ORDINARY_VEHICLE_BLOCK,EXTRACTED_FROM_WORDDOCUMENT_CELL_STREAM
RCEP,AU,AU,2023_147 + 148_129-2022-NĐ-CP.doc,8703.70.57,870370,8703705700,- - - - Dung tích xi lanh trên 1.500 cc nhưng không quá 2.000 cc,70|70|70|70|70|70,70,70,,CBU_OR_ORDINARY_VEHICLE_BLOCK,EXTRACTED_FROM_WORDDOCUMENT_CELL_STREAM
RCEP,AU,AU,2023_147 + 148_129-2022-NĐ-CP.doc,8703.70.58,870370,8703705800,- - - - Dung tích xi lanh trên 2.000 cc,70|70|70|70|70|70,70,70,,CBU_OR_ORDINARY_VEHICLE_BLOCK,EXTRACTED_FROM_WORDDOCUMENT_CELL_STREAM
RCEP,AU,AU,2023_147 + 148_129-2022-NĐ-CP.doc,8703.70.61,870370,8703706100,- - - - Dung tích xi lanh không quá 1.000 cc,70|70|70|70|70|70,70,70,,CBU_OR_ORDINARY_VEHICLE_BLOCK,EXTRACTED_FROM_WORDDOCUMENT_CELL_STREAM
RCEP,AU,AU,2023_147 + 148_129-2022-NĐ-CP.doc,8703.70.62,870370,8703706200,- - - - Dung tích xi lanh trên 1.000 cc nhưng không quá 1.500 cc,70|70|70|70|70|70,70,70,,CBU_OR_ORDINARY_VEHICLE_BLOCK,EXTRACTED_FROM_WORDDOCUMENT_CELL_STREAM
RCEP,AU,AU,2023_147 + 148_129-2022-NĐ-CP.doc,8703.70.63,870370,8703706300,- - - - Dung tích xi lanh trên 1.500 cc nhưng không quá 1.800 cc,70|70|70|70|70|70,70,70,,CBU_OR_ORDINARY_VEHICLE_BLOCK,EXTRACTED_FROM_WORDDOCUMENT_CELL_STREAM
RCEP,AU,AU,2023_147 + 148_129-2022-NĐ-CP.doc,8703.70.64,870370,8703706400,- - - - Dung tích xi lanh trên 1.800 cc nhưng không quá 2.000 cc,70|70|70|70|70|70,70,70,,CBU_OR_ORDINARY_VEHICLE_BLOCK,EXTRACTED_FROM_WORDDOCUMENT_CELL_STREAM
RCEP,AU,AU,2023_147 + 148_129-2022-NĐ-CP.doc,8703.70.65,870370,8703706500,- - - - Dung tích xi lanh trên 2.000 cc nhưng không quá 2.500 cc,70|70|70|70|70|70,70,70,,CBU_OR_ORDINARY_VEHICLE_BLOCK,EXTRACTED_FROM_WORDDOCUMENT_CELL_STREAM
RCEP,AU,AU,2023_147 + 148_129-2022-NĐ-CP.doc,8703.70.66,870370,8703706600,- - - - Dung tích xi lanh trên 2.500 cc nhưng không quá 3.000 cc,70|70|70|70|70|70,70,70,,CBU_OR_ORDINARY_VEHICLE_BLOCK,EXTRACTED_FROM_WORDDOCUMENT_CELL_STREAM
RCEP,AU,AU,2023_147 + 148_129-2022-NĐ-CP.doc,8703.70.67,870370,8703706700,- - - - Dung tích xi lanh trên 3.000 cc,70|70|70|70|70|70,70,70,,CBU_OR_ORDINARY_VEHICLE_BLOCK,EXTRACTED_FROM_WORDDOCUMENT_CELL_STREAM
RCEP,AU,AU,2023_147 + 148_129-2022-NĐ-CP.doc,8703.70.71,870370,8703707100,- - - - Dung tích xi lanh không quá 1.000 cc,70|70|70|70|70|70,70,70,,CBU_OR_ORDINARY_VEHICLE_BLOCK,EXTRACTED_FROM_WORDDOCUMENT_CELL_STREAM
RCEP,AU,AU,2023_147 + 148_129-2022-NĐ-CP.doc,8703.70.72,870370,8703707200,- - - - Dung tích xi lanh trên 1.000 cc nhưng không quá 1.500 cc,70|70|70|70|70|70,70,70,,CBU_OR_ORDINARY_VEHICLE_BLOCK,EXTRACTED_FROM_WORDDOCUMENT_CELL_STREAM
RCEP,AU,AU,2023_147 + 148_129-2022-NĐ-CP.doc,8703.70.73,870370,8703707300,- - - - Dung tích xi lanh trên 1.500 cc nhưng không quá 1.800 cc,70|70|70|70|70|70,70,70,,CBU_OR_ORDINARY_VEHICLE_BLOCK,EXTRACTED_FROM_WORDDOCUMENT_CELL_STREAM
RCEP,AU,AU,2023_147 + 148_129-2022-NĐ-CP.doc,8703.70.74,870370,8703707400,- - - - Dung tích xi lanh trên 1.800 cc nhưng không quá 2.000 cc,70|70|70|70|70|70,70,70,,CBU_OR_ORDINARY_VEHICLE_BLOCK,EXTRACTED_FROM_WORDDOCUMENT_CELL_STREAM
RCEP,AU,AU,2023_147 + 148_129-2022-NĐ-CP.doc,8703.70.75,870370,8703707500,- - - - Dung tích xi lanh trên 2.000 cc nhưng không quá 2.500 cc,70|70|70|70|70|70,70,70,,CBU_OR_ORDINARY_VEHICLE_BLOCK,EXTRACTED_FROM_WORDDOCUMENT_CELL_STREAM
RCEP,AU,AU,2023_147 + 148_129-2022-NĐ-CP.doc,8703.70.76,870370,8703707600,- - - - Dung tích xi lanh trên 2.500 cc nhưng không quá 3.000 cc,70|70|70|70|70|70,70,70,,CBU_OR_ORDINARY_VEHICLE_BLOCK,EXTRACTED_FROM_WORDDOCUMENT_CELL_STREAM
RCEP,AU,AU,2023_147 + 148_129-2022-NĐ-CP.doc,8703.70.77,870370,8703707700,- - - - Dung tích xi lanh trên 3.000 cc,70|70|70|70|70|70,70,70,,CBU_OR_ORDINARY_VEHICLE_BLOCK,EXTRACTED_FROM_WORDDOCUMENT_CELL_STREAM
RCEP,AU,AU,2023_147 + 148_129-2022-NĐ-CP.doc,8703.70.81,870370,8703708100,- - - - Dung tích xi lanh không quá 1.000 cc,70|70|70|70|70|70,70,70,,CBU_OR_ORDINARY_VEHICLE_BLOCK,EXTRACTED_FROM_WORDDOCUMENT_CELL_STREAM
RCEP,AU,AU,2023_147 + 148_129-2022-NĐ-CP.doc,8703.70.82,870370,8703708200,- - - - Dung tích xi lanh trên 1.000 cc nhưng không quá 1.500 cc,70|70|70|70|70|70,70,70,,CBU_OR_ORDINARY_VEHICLE_BLOCK,EXTRACTED_FROM_WORDDOCUMENT_CELL_STREAM
RCEP,AU,AU,2023_147 + 148_129-2022-NĐ-CP.doc,8703.70.83,870370,8703708300,- - - - Dung tích xi lanh trên 1.500 cc nhưng không quá 1.800 cc,70|70|70|70|70|70,70,70,,CBU_OR_ORDINARY_VEHICLE_BLOCK,EXTRACTED_FROM_WORDDOCUMENT_CELL_STREAM
RCEP,AU,AU,2023_147 + 148_129-2022-NĐ-CP.doc,8703.70.84,870370,8703708400,- - - - Dung tích xi lanh trên 1.800 cc nhưng không quá 2.000 cc,70|70|70|70|70|70,70,70,,CBU_OR_ORDINARY_VEHICLE_BLOCK,EXTRACTED_FROM_WORDDOCUMENT_CELL_STREAM
RCEP,AU,AU,2023_147 + 148_129-2022-NĐ-CP.doc,8703.70.85,870370,8703708500,- - - - Dung tích xi lanh trên 2.000 cc nhưng không quá 2.500 cc,70|70|70|70|70|70,70,70,,CBU_OR_ORDINARY_VEHICLE_BLOCK,EXTRACTED_FROM_WORDDOCUMENT_CELL_STREAM
RCEP,AU,AU,2023_147 + 148_129-2022-NĐ-CP.doc,8703.70.86,870370,8703708600,- - - - Dung tích xi lanh trên 2.500 cc nhưng không quá 3.000 cc,70|70|70|70|70|70,70,70,,CBU_OR_ORDINARY_VEHICLE_BLOCK,EXTRACTED_FROM_WORDDOCUMENT_CELL_STREAM
RCEP,AU,AU,2023_147 + 148_129-2022-NĐ-CP.doc,8703.70.87,870370,8703708700,- - - - Dung tích xi lanh trên 3.000 cc,70|70|70|70|70|70,70,70,,CBU_OR_ORDINARY_VEHICLE_BLOCK,EXTRACTED_FROM_WORDDOCUMENT_CELL_STREAM
RCEP,AU,AU,2023_147 + 148_129-2022-NĐ-CP.doc,8703.70.91,870370,8703709100,- - - - Dung tích xi lanh không quá 1.000 cc,70|70|70|70|70|70,70,70,,CBU_OR_ORDINARY_VEHICLE_BLOCK,EXTRACTED_FROM_WORDDOCUMENT_CELL_STREAM
RCEP,AU,AU,2023_147 + 148_129-2022-NĐ-CP.doc,8703.70.92,870370,8703709200,- - - - Dung tích xi lanh trên 1.000 cc nhưng không quá 1.500 cc,70|70|70|70|70|70,70,70,,CBU_OR_ORDINARY_VEHICLE_BLOCK,EXTRACTED_FROM_WORDDOCUMENT_CELL_STREAM
RCEP,AU,AU,2023_147 + 148_129-2022-NĐ-CP.doc,8703.70.93,870370,8703709300,- - - - Dung tích xi lanh trên 1.500 cc nhưng không quá 1.800 cc,70|70|70|70|70|70,70,70,,CBU_OR_ORDINARY_VEHICLE_BLOCK,EXTRACTED_FROM_WORDDOCUMENT_CELL_STREAM
RCEP,AU,AU,2023_147 + 148_129-2022-NĐ-CP.doc,8703.70.94,870370,8703709400,- - - - Dung tích xi lanh trên 1.800 cc nhưng không quá 2.000 cc,70|70|70|70|70|70,70,70,,CBU_OR_ORDINARY_VEHICLE_BLOCK,EXTRACTED_FROM_WORDDOCUMENT_CELL_STREAM
RCEP,AU,AU,2023_147 + 148_129-2022-NĐ-CP.doc,8703.70.95,870370,8703709500,- - - - Dung tích xi lanh trên 2.000 cc nhưng không quá 2.500 cc,70|70|70|70|70|70,70,70,,CBU_OR_ORDINARY_VEHICLE_BLOCK,EXTRACTED_FROM_WORDDOCUMENT_CELL_STREAM
RCEP,AU,AU,2023_147 + 148_129-2022-NĐ-CP.doc,8703.70.96,870370,8703709600,- - - - Dung tích xi lanh trên 2.500 cc nhưng không quá 3.000 cc,70|70|70|70|70|70,70,70,,CBU_OR_ORDINARY_VEHICLE_BLOCK,EXTRACTED_FROM_WORDDOCUMENT_CELL_STREAM
RCEP,AU,AU,2023_147 + 148_129-2022-NĐ-CP.doc,8703.70.97,870370,8703709700,- - - - Dung tích xi lanh trên 3.000 cc,70|70|70|70|70|70,70,70,,CBU_OR_ORDINARY_VEHICLE_BLOCK,EXTRACTED_FROM_WORDDOCUMENT_CELL_STREAM
RCEP,AU,AU,2023_147 + 148_129-2022-NĐ-CP.doc,8703.80.91,870380,8703809100,- - - Xe đua cỡ nhỏ,70|70|70|70|70|70,70,70,,CBU_OR_ORDINARY_VEHICLE_BLOCK,EXTRACTED_FROM_WORDDOCUMENT_CELL_STREAM
RCEP,AU,AU,2023_147 + 148_129-2022-NĐ-CP.doc,8703.80.92,870380,8703809200,- - - Xe địa hình ATV (All-Terrain Vehicles),70|70|70|70|70|70,70,70,,CBU_OR_ORDINARY_VEHICLE_BLOCK,EXTRACTED_FROM_WORDDOCUMENT_CELL_STREAM
RCEP,AU,AU,2023_147 + 148_129-2022-NĐ-CP.doc,8703.80.93,870380,8703809300,- - - Ô tô cứu thương,15|15|15|15|15|15,15,15,,CBU_OR_ORDINARY_VEHICLE_BLOCK,EXTRACTED_FROM_WORDDOCUMENT_CELL_STREAM
RCEP,AU,AU,2023_147 + 148_129-2022-NĐ-CP.doc,8703.80.94,870380,8703809400,- - - Ô tô tang lễ,70|70|70|70|70|70,70,70,,CBU_OR_ORDINARY_VEHICLE_BLOCK,EXTRACTED_FROM_WORDDOCUMENT_CELL_STREAM
RCEP,AU,AU,2023_147 + 148_129-2022-NĐ-CP.doc,8703.80.95,870380,8703809500,- - - Ô tô chở phạm nhân,70|70|70|70|70|70,70,70,,CBU_OR_ORDINARY_VEHICLE_BLOCK,EXTRACTED_FROM_WORDDOCUMENT_CELL_STREAM
RCEP,AU,AU,2023_147 + 148_129-2022-NĐ-CP.doc,8703.80.96,870380,8703809600,- - - Ô tô nhà ở lưu động (có nội thất được thiết kế như căn hộ) (Motor-homes),70|70|70|70|70|70,70,70,,CBU_OR_ORDINARY_VEHICLE_BLOCK,EXTRACTED_FROM_WORDDOCUMENT_CELL_STREAM
RCEP,AU,AU,2023_147 + 148_129-2022-NĐ-CP.doc,8703.80.97,870380,8703809700,- - - Ô tô kiểu Sedan,70|70|70|70|70|70,70,70,,CBU_OR_ORDINARY_VEHICLE_BLOCK,EXTRACTED_FROM_WORDDOCUMENT_CELL_STREAM
RCEP,AU,AU,2023_147 + 148_129-2022-NĐ-CP.doc,8703.80.98,870380,8703809800,"- - - Ô tô khác (kể cả ô tô chở người có khoang chở hành lý chung (station wagons) và ô tô thể thao, nhưng không kể ô tô van)",70|70|70|70|70|70,70,70,,CBU_OR_ORDINARY_VEHICLE_BLOCK,EXTRACTED_FROM_WORDDOCUMENT_CELL_STREAM
RCEP,AU,AU,2023_147 + 148_129-2022-NĐ-CP.doc,8703.80.99,870380,8703809900,- - - Loại khác,70|70|70|70|70|70,70,70,,CBU_OR_ORDINARY_VEHICLE_BLOCK,EXTRACTED_FROM_WORDDOCUMENT_CELL_STREAM
RCEP,AU,AU,2023_147 + 148_129-2022-NĐ-CP.doc,8703.90.91,870390,8703909100,- - - Xe đua cỡ nhỏ,70|70|70|70|70|70,70,70,,CBU_OR_ORDINARY_VEHICLE_BLOCK,EXTRACTED_FROM_WORDDOCUMENT_CELL_STREAM
RCEP,AU,AU,2023_147 + 148_129-2022-NĐ-CP.doc,8703.90.92,870390,8703909200,- - - Xe địa hình ATV (All-Terrain Vehicles),70|70|70|70|70|70,70,70,,CBU_OR_ORDINARY_VEHICLE_BLOCK,EXTRACTED_FROM_WORDDOCUMENT_CELL_STREAM
RCEP,AU,AU,2023_147 + 148_129-2022-NĐ-CP.doc,8703.90.93,870390,8703909300,- - - Ô tô cứu thương,70|70|70|70|70|70,70,70,,CBU_OR_ORDINARY_VEHICLE_BLOCK,EXTRACTED_FROM_WORDDOCUMENT_CELL_STREAM
RCEP,AU,AU,2023_147 + 148_129-2022-NĐ-CP.doc,8703.90.94,870390,8703909400,- - - Ô tô tang lễ,70|70|70|70|70|70,70,70,,CBU_OR_ORDINARY_VEHICLE_BLOCK,EXTRACTED_FROM_WORDDOCUMENT_CELL_STREAM
RCEP,AU,AU,2023_147 + 148_129-2022-NĐ-CP.doc,8703.90.95,870390,8703909500,- - - Ô tô chở phạm nhân,70|70|70|70|70|70,70,70,,CBU_OR_ORDINARY_VEHICLE_BLOCK,EXTRACTED_FROM_WORDDOCUMENT_CELL_STREAM
RCEP,AU,AU,2023_147 + 148_129-2022-NĐ-CP.doc,8703.90.96,870390,8703909600,- - - Ô tô nhà ở lưu động (có nội thất được thiết kế như căn hộ) (Motor-homes),70|70|70|70|70|70,70,70,,CBU_OR_ORDINARY_VEHICLE_BLOCK,EXTRACTED_FROM_WORDDOCUMENT_CELL_STREAM
RCEP,AU,AU,2023_147 + 148_129-2022-NĐ-CP.doc,8703.90.97,870390,8703909700,- - - Ô tô kiểu Sedan,70|70|70|70|70|70,70,70,,CBU_OR_ORDINARY_VEHICLE_BLOCK,EXTRACTED_FROM_WORDDOCUMENT_CELL_STREAM
RCEP,AU,AU,2023_147 + 148_129-2022-NĐ-CP.doc,8703.90.98,870390,8703909800,"- - - Ô tô khác (kể cả ô tô chở người có khoang chở hành lý chung (station wagons) và ô tô thể thao, nhưng không kể ô tô van)",70|70|70|70|70|70,70,70,,CBU_OR_ORDINARY_VEHICLE_BLOCK,EXTRACTED_FROM_WORDDOCUMENT_CELL_STREAM
RCEP,CN,CN,2023_163 + 164_129-2022-NĐ-CP.doc,8703.21.41,870321,8703214100,- - - - Xe đua cỡ nhỏ,63|56|49|42|35|28,35,28,,CBU_OR_ORDINARY_VEHICLE_BLOCK,EXTRACTED_FROM_WORDDOCUMENT_CELL_STREAM
RCEP,CN,CN,2023_163 + 164_129-2022-NĐ-CP.doc,8703.21.42,870321,8703214200,- - - - Xe địa hình ATV (All-Terrain Vehicles),70|70|70|70|70|70,70,70,,CBU_OR_ORDINARY_VEHICLE_BLOCK,EXTRACTED_FROM_WORDDOCUMENT_CELL_STREAM
RCEP,CN,CN,2023_163 + 164_129-2022-NĐ-CP.doc,8703.21.44,870321,8703214400,- - - - Ô tô nhà ở lưu động (có nội thất được thiết kế như căn hộ) (Motor-homes),70|70|70|70|70|70,70,70,,CBU_OR_ORDINARY_VEHICLE_BLOCK,EXTRACTED_FROM_WORDDOCUMENT_CELL_STREAM
RCEP,CN,CN,2023_163 + 164_129-2022-NĐ-CP.doc,8703.21.45,870321,8703214500,- - - - Ô tô kiểu Sedan,70|70|70|70|70|70,70,70,,CBU_OR_ORDINARY_VEHICLE_BLOCK,EXTRACTED_FROM_WORDDOCUMENT_CELL_STREAM
RCEP,CN,CN,2023_163 + 164_129-2022-NĐ-CP.doc,8703.21.51,870321,8703215100,- - - - - Loại bốn bánh chủ động,70|70|70|70|70|70,70,70,,CBU_OR_ORDINARY_VEHICLE_BLOCK,EXTRACTED_FROM_WORDDOCUMENT_CELL_STREAM
RCEP,CN,CN,2023_163 + 164_129-2022-NĐ-CP.doc,8703.21.59,870321,8703215900,- - - - - Loại khác,70|70|70|70|70|70,70,70,,CBU_OR_ORDINARY_VEHICLE_BLOCK,EXTRACTED_FROM_WORDDOCUMENT_CELL_STREAM
RCEP,CN,CN,2023_163 + 164_129-2022-NĐ-CP.doc,8703.21.91,870321,8703219100,- - - - - Xe 3 bánh,70|70|70|70|70|70,70,70,,CBU_OR_ORDINARY_VEHICLE_BLOCK,EXTRACTED_FROM_WORDDOCUMENT_CELL_STREAM
RCEP,CN,CN,2023_163 + 164_129-2022-NĐ-CP.doc,8703.21.99,870321,8703219900,- - - - - Loại khác,70|70|70|70|70|70,70,70,,CBU_OR_ORDINARY_VEHICLE_BLOCK,EXTRACTED_FROM_WORDDOCUMENT_CELL_STREAM
RCEP,CN,CN,2023_163 + 164_129-2022-NĐ-CP.doc,8703.22.41,870322,8703224100,- - - - Xe đua cỡ nhỏ,70|70|70|70|70|70,70,70,,CBU_OR_ORDINARY_VEHICLE_BLOCK,EXTRACTED_FROM_WORDDOCUMENT_CELL_STREAM
RCEP,CN,CN,2023_163 + 164_129-2022-NĐ-CP.doc,8703.22.42,870322,8703224200,- - - - Xe địa hình ATV (All-Terrain Vehicles),70|70|70|70|70|70,70,70,,CBU_OR_ORDINARY_VEHICLE_BLOCK,EXTRACTED_FROM_WORDDOCUMENT_CELL_STREAM
RCEP,CN,CN,2023_163 + 164_129-2022-NĐ-CP.doc,8703.22.43,870322,8703224300,- - - - Ô tô cứu thương,20|20|20|20|20|20,20,20,,CBU_OR_ORDINARY_VEHICLE_BLOCK,EXTRACTED_FROM_WORDDOCUMENT_CELL_STREAM
RCEP,CN,CN,2023_163 + 164_129-2022-NĐ-CP.doc,8703.22.44,870322,8703224400,- - - - Ô tô tang lễ,70|70|70|70|70|70,70,70,,CBU_OR_ORDINARY_VEHICLE_BLOCK,EXTRACTED_FROM_WORDDOCUMENT_CELL_STREAM
RCEP,CN,CN,2023_163 + 164_129-2022-NĐ-CP.doc,8703.22.45,870322,8703224500,- - - - Ô tô chở phạm nhân,70|70|70|70|70|70,70,70,,CBU_OR_ORDINARY_VEHICLE_BLOCK,EXTRACTED_FROM_WORDDOCUMENT_CELL_STREAM
RCEP,CN,CN,2023_163 + 164_129-2022-NĐ-CP.doc,8703.22.46,870322,8703224600,- - - - Ô tô nhà ở lưu động (có nội thất được thiết kế như căn hộ) (Motor-homes),70|70|70|70|70|70,70,70,,CBU_OR_ORDINARY_VEHICLE_BLOCK,EXTRACTED_FROM_WORDDOCUMENT_CELL_STREAM
RCEP,CN,CN,2023_163 + 164_129-2022-NĐ-CP.doc,8703.22.47,870322,8703224700,- - - - Ô tô kiểu Sedan,70|70|70|70|70|70,70,70,,CBU_OR_ORDINARY_VEHICLE_BLOCK,EXTRACTED_FROM_WORDDOCUMENT_CELL_STREAM
RCEP,CN,CN,2023_163 + 164_129-2022-NĐ-CP.doc,8703.22.51,870322,8703225100,- - - - - Loại bốn bánh chủ động,70|70|70|70|70|70,70,70,,CBU_OR_ORDINARY_VEHICLE_BLOCK,EXTRACTED_FROM_WORDDOCUMENT_CELL_STREAM
RCEP,CN,CN,2023_163 + 164_129-2022-NĐ-CP.doc,8703.22.59,870322,8703225900,- - - - - Loại khác,70|70|70|70|70|70,70,70,,CBU_OR_ORDINARY_VEHICLE_BLOCK,EXTRACTED_FROM_WORDDOCUMENT_CELL_STREAM
RCEP,CN,CN,2023_163 + 164_129-2022-NĐ-CP.doc,8703.22.90,870322,8703229000,- - - - Loại khác,70|70|70|70|70|70,70,70,,CBU_OR_ORDINARY_VEHICLE_BLOCK,EXTRACTED_FROM_WORDDOCUMENT_CELL_STREAM
RCEP,CN,CN,2023_163 + 164_129-2022-NĐ-CP.doc,8703.23.51,870323,8703235100,- - - - Ô tô cứu thương,20|20|20|20|20|20,20,20,,CBU_OR_ORDINARY_VEHICLE_BLOCK,EXTRACTED_FROM_WORDDOCUMENT_CELL_STREAM
RCEP,CN,CN,2023_163 + 164_129-2022-NĐ-CP.doc,8703.23.52,870323,8703235200,- - - - Ô tô tang lễ,20|20|20|20|20|20,20,20,,CBU_OR_ORDINARY_VEHICLE_BLOCK,EXTRACTED_FROM_WORDDOCUMENT_CELL_STREAM
RCEP,CN,CN,2023_163 + 164_129-2022-NĐ-CP.doc,8703.23.53,870323,8703235300,- - - - Ô tô chở phạm nhân,15|15|15|15|15|15,15,15,,CBU_OR_ORDINARY_VEHICLE_BLOCK,EXTRACTED_FROM_WORDDOCUMENT_CELL_STREAM
RCEP,CN,CN,2023_163 + 164_129-2022-NĐ-CP.doc,8703.23.54,870323,8703235400,- - - - Ô tô nhà ở lưu động (có nội thất được thiết kế như căn hộ) (Motor-homes),67|67|67|67|67|67,67,67,,CBU_OR_ORDINARY_VEHICLE_BLOCK,EXTRACTED_FROM_WORDDOCUMENT_CELL_STREAM
RCEP,CN,CN,2023_163 + 164_129-2022-NĐ-CP.doc,8703.23.55,870323,8703235500,- - - - - Dung tích xi lanh trên 1.500 cc nhưng không quá 1.800 cc,70|70|70|70|70|70,70,70,,CBU_OR_ORDINARY_VEHICLE_BLOCK,EXTRACTED_FROM_WORDDOCUMENT_CELL_STREAM
RCEP,CN,CN,2023_163 + 164_129-2022-NĐ-CP.doc,8703.23.56,870323,8703235600,- - - - - Dung tích xi lanh trên 1.800 cc nhưng không quá 2.000 cc,70|70|70|70|70|70,70,70,,CBU_OR_ORDINARY_VEHICLE_BLOCK,EXTRACTED_FROM_WORDDOCUMENT_CELL_STREAM
RCEP,CN,CN,2023_163 + 164_129-2022-NĐ-CP.doc,8703.23.57,870323,8703235700,- - - - - Dung tích xi lanh trên 2.000 cc nhưng không quá 2.500 cc,70|70|70|70|70|70,70,70,,CBU_OR_ORDINARY_VEHICLE_BLOCK,EXTRACTED_FROM_WORDDOCUMENT_CELL_STREAM
RCEP,CN,CN,2023_163 + 164_129-2022-NĐ-CP.doc,8703.23.58,870323,8703235800,- - - - - Dung tích xi lanh trên 2.500 cc,70|70|70|70|70|70,70,70,,CBU_OR_ORDINARY_VEHICLE_BLOCK,EXTRACTED_FROM_WORDDOCUMENT_CELL_STREAM
RCEP,CN,CN,2023_163 + 164_129-2022-NĐ-CP.doc,8703.23.61,870323,8703236100,- - - - - Dung tích xi lanh trên 1.500 cc nhưng không quá 1.800 cc,70|70|70|70|70|70,70,70,,CBU_OR_ORDINARY_VEHICLE_BLOCK,EXTRACTED_FROM_WORDDOCUMENT_CELL_STREAM
RCEP,CN,CN,2023_163 + 164_129-2022-NĐ-CP.doc,8703.23.62,870323,8703236200,- - - - - Dung tích xi lanh trên 1.800 cc nhưng không quá 2.000 cc,70|70|70|70|70|70,70,70,,CBU_OR_ORDINARY_VEHICLE_BLOCK,EXTRACTED_FROM_WORDDOCUMENT_CELL_STREAM
RCEP,CN,CN,2023_163 + 164_129-2022-NĐ-CP.doc,8703.23.63,870323,8703236300,- - - - - Dung tích xi lanh trên 2.000 cc nhưng không quá 2.500 cc,70|70|70|70|70|70,70,70,,CBU_OR_ORDINARY_VEHICLE_BLOCK,EXTRACTED_FROM_WORDDOCUMENT_CELL_STREAM
RCEP,CN,CN,2023_163 + 164_129-2022-NĐ-CP.doc,8703.23.64,870323,8703236400,- - - - - Dung tích xi lanh trên 2.500 cc,70|70|70|70|70|70,70,70,,CBU_OR_ORDINARY_VEHICLE_BLOCK,EXTRACTED_FROM_WORDDOCUMENT_CELL_STREAM
RCEP,CN,CN,2023_163 + 164_129-2022-NĐ-CP.doc,8703.23.65,870323,8703236500,- - - - - Dung tích xi lanh trên 1.500 cc nhưng không quá 1.800 cc,70|70|70|70|70|70,70,70,,CBU_OR_ORDINARY_VEHICLE_BLOCK,EXTRACTED_FROM_WORDDOCUMENT_CELL_STREAM
RCEP,CN,CN,2023_163 + 164_129-2022-NĐ-CP.doc,8703.23.66,870323,8703236600,- - - - - Dung tích xi lanh trên 1.800 cc nhưng không quá 2.000 cc,70|70|70|70|70|70,70,70,,CBU_OR_ORDINARY_VEHICLE_BLOCK,EXTRACTED_FROM_WORDDOCUMENT_CELL_STREAM
RCEP,CN,CN,2023_163 + 164_129-2022-NĐ-CP.doc,8703.23.67,870323,8703236700,- - - - - Dung tích xi lanh trên 2.000 cc nhưng không quá 2.500 cc,70|70|70|70|70|70,70,70,,CBU_OR_ORDINARY_VEHICLE_BLOCK,EXTRACTED_FROM_WORDDOCUMENT_CELL_STREAM
RCEP,CN,CN,2023_163 + 164_129-2022-NĐ-CP.doc,8703.23.68,870323,8703236800,- - - - - Dung tích xi lanh trên 2.500 cc,70|70|70|70|70|70,70,70,,CBU_OR_ORDINARY_VEHICLE_BLOCK,EXTRACTED_FROM_WORDDOCUMENT_CELL_STREAM
RCEP,CN,CN,2023_163 + 164_129-2022-NĐ-CP.doc,8703.23.71,870323,8703237100,- - - - - Dung tích xi lanh trên 1.500 cc nhưng không quá 1.800 cc,70|70|70|70|70|70,70,70,,CBU_OR_ORDINARY_VEHICLE_BLOCK,EXTRACTED_FROM_WORDDOCUMENT_CELL_STREAM
RCEP,CN,CN,2023_163 + 164_129-2022-NĐ-CP.doc,8703.23.72,870323,8703237200,- - - - - Dung tích xi lanh trên 1.800 cc nhưng không quá 2.000 cc,70|70|70|70|70|70,70,70,,CBU_OR_ORDINARY_VEHICLE_BLOCK,EXTRACTED_FROM_WORDDOCUMENT_CELL_STREAM
RCEP,CN,CN,2023_163 + 164_129-2022-NĐ-CP.doc,8703.23.73,870323,8703237300,- - - - - Dung tích xi lanh trên 2.000 cc nhưng không quá 2.500 cc,70|70|70|70|70|70,70,70,,CBU_OR_ORDINARY_VEHICLE_BLOCK,EXTRACTED_FROM_WORDDOCUMENT_CELL_STREAM
RCEP,CN,CN,2023_163 + 164_129-2022-NĐ-CP.doc,8703.23.74,870323,8703237400,- - - - - Dung tích xi lanh trên 2.500 cc,67|67|67|67|67|67,67,67,,CBU_OR_ORDINARY_VEHICLE_BLOCK,EXTRACTED_FROM_WORDDOCUMENT_CELL_STREAM
RCEP,CN,CN,2023_163 + 164_129-2022-NĐ-CP.doc,8703.24.41,870324,8703244100,- - - - Ô tô cứu thương,15|15|15|15|15|15,15,15,,CBU_OR_ORDINARY_VEHICLE_BLOCK,EXTRACTED_FROM_WORDDOCUMENT_CELL_STREAM
RCEP,CN,CN,2023_163 + 164_129-2022-NĐ-CP.doc,8703.24.42,870324,8703244200,- - - - Ô tô tang lễ,15|15|15|15|15|15,15,15,,CBU_OR_ORDINARY_VEHICLE_BLOCK,EXTRACTED_FROM_WORDDOCUMENT_CELL_STREAM
RCEP,CN,CN,2023_163 + 164_129-2022-NĐ-CP.doc,8703.24.43,870324,8703244300,- - - - Ô tô chở phạm nhân,15|15|15|15|15|15,15,15,,CBU_OR_ORDINARY_VEHICLE_BLOCK,EXTRACTED_FROM_WORDDOCUMENT_CELL_STREAM
RCEP,CN,CN,2023_163 + 164_129-2022-NĐ-CP.doc,8703.24.44,870324,8703244400,- - - - Ô tô nhà ở lưu động (có nội thất được thiết kế như căn hộ) (Motor-homes),67|67|67|67|67|67,67,67,,CBU_OR_ORDINARY_VEHICLE_BLOCK,EXTRACTED_FROM_WORDDOCUMENT_CELL_STREAM
RCEP,CN,CN,2023_163 + 164_129-2022-NĐ-CP.doc,8703.24.45,870324,8703244500,- - - - - Loại bốn bánh chủ động,59|59|59|59|59|59,59,59,,CBU_OR_ORDINARY_VEHICLE_BLOCK,EXTRACTED_FROM_WORDDOCUMENT_CELL_STREAM
RCEP,CN,CN,2023_163 + 164_129-2022-NĐ-CP.doc,8703.24.49,870324,8703244900,- - - - - Loại khác,67|67|67|67|67|67,67,67,,CBU_OR_ORDINARY_VEHICLE_BLOCK,EXTRACTED_FROM_WORDDOCUMENT_CELL_STREAM
RCEP,CN,CN,2023_163 + 164_129-2022-NĐ-CP.doc,8703.24.51,870324,8703245100,- - - - - Loại bốn bánh chủ động,59|59|59|59|59|59,59,59,,CBU_OR_ORDINARY_VEHICLE_BLOCK,EXTRACTED_FROM_WORDDOCUMENT_CELL_STREAM
RCEP,CN,CN,2023_163 + 164_129-2022-NĐ-CP.doc,8703.24.59,870324,8703245900,- - - - - Loại khác,67|67|67|67|67|67,67,67,,CBU_OR_ORDINARY_VEHICLE_BLOCK,EXTRACTED_FROM_WORDDOCUMENT_CELL_STREAM
RCEP,CN,CN,2023_163 + 164_129-2022-NĐ-CP.doc,8703.24.61,870324,8703246100,- - - - - Loại bốn bánh chủ động,59|59|59|59|59|59,59,59,,CBU_OR_ORDINARY_VEHICLE_BLOCK,EXTRACTED_FROM_WORDDOCUMENT_CELL_STREAM
RCEP,CN,CN,2023_163 + 164_129-2022-NĐ-CP.doc,8703.24.69,870324,8703246900,- - - - - Loại khác,67|67|67|67|67|67,67,67,,CBU_OR_ORDINARY_VEHICLE_BLOCK,EXTRACTED_FROM_WORDDOCUMENT_CELL_STREAM
RCEP,CN,CN,2023_163 + 164_129-2022-NĐ-CP.doc,8703.40.41,870340,8703404100,- - - - Dung tích xi lanh không quá 1.000 cc,70|70|70|70|70|70,70,70,,CBU_OR_ORDINARY_VEHICLE_BLOCK,EXTRACTED_FROM_WORDDOCUMENT_CELL_STREAM
RCEP,CN,CN,2023_163 + 164_129-2022-NĐ-CP.doc,8703.40.42,870340,8703404200,- - - - Dung tích xi lanh trên 1.000 cc nhưng không quá 1.500 cc,70|70|70|70|70|70,70,70,,CBU_OR_ORDINARY_VEHICLE_BLOCK,EXTRACTED_FROM_WORDDOCUMENT_CELL_STREAM
RCEP,CN,CN,2023_163 + 164_129-2022-NĐ-CP.doc,8703.40.43,870340,8703404300,- - - - Dung tích xi lanh trên 1.500 cc nhưng không quá 1.800 cc,70|70|70|70|70|70,70,70,,CBU_OR_ORDINARY_VEHICLE_BLOCK,EXTRACTED_FROM_WORDDOCUMENT_CELL_STREAM
RCEP,CN,CN,2023_163 + 164_129-2022-NĐ-CP.doc,8703.40.44,870340,8703404400,- - - - Dung tích xi lanh trên 1.800 cc nhưng không quá 2.000 cc,70|70|70|70|70|70,70,70,,CBU_OR_ORDINARY_VEHICLE_BLOCK,EXTRACTED_FROM_WORDDOCUMENT_CELL_STREAM
RCEP,CN,CN,2023_163 + 164_129-2022-NĐ-CP.doc,8703.40.45,870340,8703404500,- - - - Dung tích xi lanh trên 2.000 cc nhưng không quá 2.500 cc,70|70|70|70|70|70,70,70,,CBU_OR_ORDINARY_VEHICLE_BLOCK,EXTRACTED_FROM_WORDDOCUMENT_CELL_STREAM
RCEP,CN,CN,2023_163 + 164_129-2022-NĐ-CP.doc,8703.40.46,870340,8703404600,- - - - Dung tích xi lanh trên 2.500 cc nhưng không quá 3.000 cc,70|70|70|70|70|70,70,70,,CBU_OR_ORDINARY_VEHICLE_BLOCK,EXTRACTED_FROM_WORDDOCUMENT_CELL_STREAM
RCEP,CN,CN,2023_163 + 164_129-2022-NĐ-CP.doc,8703.40.47,870340,8703404700,- - - - Dung tích xi lanh trên 3.000 cc,70|70|70|70|70|70,70,70,,CBU_OR_ORDINARY_VEHICLE_BLOCK,EXTRACTED_FROM_WORDDOCUMENT_CELL_STREAM
RCEP,CN,CN,2023_163 + 164_129-2022-NĐ-CP.doc,8703.40.51,870340,8703405100,- - - - Dung tích xi lanh không quá 1.000 cc,70|70|70|70|70|70,70,70,,CBU_OR_ORDINARY_VEHICLE_BLOCK,EXTRACTED_FROM_WORDDOCUMENT_CELL_STREAM
RCEP,CN,CN,2023_163 + 164_129-2022-NĐ-CP.doc,8703.40.52,870340,8703405200,- - - - Dung tích xi lanh trên 1.000 cc nhưng không quá 1.500 cc,70|70|70|70|70|70,70,70,,CBU_OR_ORDINARY_VEHICLE_BLOCK,EXTRACTED_FROM_WORDDOCUMENT_CELL_STREAM
RCEP,CN,CN,2023_163 + 164_129-2022-NĐ-CP.doc,8703.40.53,870340,8703405300,- - - - Dung tích xi lanh trên 1.500 cc nhưng không quá 1.800 cc,70|70|70|70|70|70,70,70,,CBU_OR_ORDINARY_VEHICLE_BLOCK,EXTRACTED_FROM_WORDDOCUMENT_CELL_STREAM
RCEP,CN,CN,2023_163 + 164_129-2022-NĐ-CP.doc,8703.40.54,870340,8703405400,- - - - Dung tích xi lanh trên 1.800 cc nhưng không quá 3.000 cc,70|70|70|70|70|70,70,70,,CBU_OR_ORDINARY_VEHICLE_BLOCK,EXTRACTED_FROM_WORDDOCUMENT_CELL_STREAM
RCEP,CN,CN,2023_163 + 164_129-2022-NĐ-CP.doc,8703.40.55,870340,8703405500,- - - - Dung tích xi lanh trên 3.000 cc,70|70|70|70|70|70,70,70,,CBU_OR_ORDINARY_VEHICLE_BLOCK,EXTRACTED_FROM_WORDDOCUMENT_CELL_STREAM
RCEP,CN,CN,2023_163 + 164_129-2022-NĐ-CP.doc,8703.40.56,870340,8703405600,- - - - Dung tích xi lanh không quá 1.500 cc,70|70|70|70|70|70,70,70,,CBU_OR_ORDINARY_VEHICLE_BLOCK,EXTRACTED_FROM_WORDDOCUMENT_CELL_STREAM
RCEP,CN,CN,2023_163 + 164_129-2022-NĐ-CP.doc,8703.40.57,870340,8703405700,- - - - Dung tích xi lanh trên 1.500 cc nhưng không quá 2.000 cc,70|70|70|70|70|70,70,70,,CBU_OR_ORDINARY_VEHICLE_BLOCK,EXTRACTED_FROM_WORDDOCUMENT_CELL_STREAM
RCEP,CN,CN,2023_163 + 164_129-2022-NĐ-CP.doc,8703.40.58,870340,8703405800,- - - - Dung tích xi lanh trên 2.000 cc,70|70|70|70|70|70,70,70,,CBU_OR_ORDINARY_VEHICLE_BLOCK,EXTRACTED_FROM_WORDDOCUMENT_CELL_STREAM
RCEP,CN,CN,2023_163 + 164_129-2022-NĐ-CP.doc,8703.40.61,870340,8703406100,- - - - Dung tích xi lanh không quá 1.000 cc,70|70|70|70|70|70,70,70,,CBU_OR_ORDINARY_VEHICLE_BLOCK,EXTRACTED_FROM_WORDDOCUMENT_CELL_STREAM
RCEP,CN,CN,2023_163 + 164_129-2022-NĐ-CP.doc,8703.40.62,870340,8703406200,- - - - Dung tích xi lanh trên 1.000 cc nhưng không quá 1.500 cc,70|70|70|70|70|70,70,70,,CBU_OR_ORDINARY_VEHICLE_BLOCK,EXTRACTED_FROM_WORDDOCUMENT_CELL_STREAM
RCEP,CN,CN,2023_163 + 164_129-2022-NĐ-CP.doc,8703.40.63,870340,8703406300,- - - - Dung tích xi lanh trên 1.500 cc nhưng không quá 1.800 cc,70|70|70|70|70|70,70,70,,CBU_OR_ORDINARY_VEHICLE_BLOCK,EXTRACTED_FROM_WORDDOCUMENT_CELL_STREAM
RCEP,CN,CN,2023_163 + 164_129-2022-NĐ-CP.doc,8703.40.64,870340,8703406400,- - - - Dung tích xi lanh trên 1.800 cc nhưng không quá 2.000 cc,70|70|70|70|70|70,70,70,,CBU_OR_ORDINARY_VEHICLE_BLOCK,EXTRACTED_FROM_WORDDOCUMENT_CELL_STREAM
RCEP,CN,CN,2023_163 + 164_129-2022-NĐ-CP.doc,8703.40.65,870340,8703406500,- - - - Dung tích xi lanh trên 2.000 cc nhưng không quá 2.500 cc,70|70|70|70|70|70,70,70,,CBU_OR_ORDINARY_VEHICLE_BLOCK,EXTRACTED_FROM_WORDDOCUMENT_CELL_STREAM
RCEP,CN,CN,2023_163 + 164_129-2022-NĐ-CP.doc,8703.40.66,870340,8703406600,- - - - Dung tích xi lanh trên 2.500 cc nhưng không quá 3.000 cc,70|70|70|70|70|70,70,70,,CBU_OR_ORDINARY_VEHICLE_BLOCK,EXTRACTED_FROM_WORDDOCUMENT_CELL_STREAM
RCEP,CN,CN,2023_163 + 164_129-2022-NĐ-CP.doc,8703.40.67,870340,8703406700,"- - - - Dung tích xi lanh trên 3.000 cc, loại bốn bánh chủ động",70|70|70|70|70|70,70,70,,CBU_OR_ORDINARY_VEHICLE_BLOCK,EXTRACTED_FROM_WORDDOCUMENT_CELL_STREAM
RCEP,CN,CN,2023_163 + 164_129-2022-NĐ-CP.doc,8703.40.68,870340,8703406800,"- - - - Dung tích xi lanh trên 3.000 cc, không phải loại bốn bánh chủ động",70|70|70|70|70|70,70,70,,CBU_OR_ORDINARY_VEHICLE_BLOCK,EXTRACTED_FROM_WORDDOCUMENT_CELL_STREAM
RCEP,CN,CN,2023_163 + 164_129-2022-NĐ-CP.doc,8703.40.71,870340,8703407100,- - - - Dung tích xi lanh không quá 1.000 cc,70|70|70|70|70|70,70,70,,CBU_OR_ORDINARY_VEHICLE_BLOCK,EXTRACTED_FROM_WORDDOCUMENT_CELL_STREAM
RCEP,CN,CN,2023_163 + 164_129-2022-NĐ-CP.doc,8703.40.72,870340,8703407200,- - - - Dung tích xi lanh trên 1.000 cc nhưng không quá 1.500 cc,70|70|70|70|70|70,70,70,,CBU_OR_ORDINARY_VEHICLE_BLOCK,EXTRACTED_FROM_WORDDOCUMENT_CELL_STREAM
RCEP,CN,CN,2023_163 + 164_129-2022-NĐ-CP.doc,8703.40.73,870340,8703407300,- - - - Dung tích xi lanh trên 1.500 cc nhưng không quá 1.800 cc,70|70|70|70|70|70,70,70,,CBU_OR_ORDINARY_VEHICLE_BLOCK,EXTRACTED_FROM_WORDDOCUMENT_CELL_STREAM
RCEP,CN,CN,2023_163 + 164_129-2022-NĐ-CP.doc,8703.40.74,870340,8703407400,- - - - Dung tích xi lanh trên 1.800 cc nhưng không quá 2.000 cc,70|70|70|70|70|70,70,70,,CBU_OR_ORDINARY_VEHICLE_BLOCK,EXTRACTED_FROM_WORDDOCUMENT_CELL_STREAM
RCEP,CN,CN,2023_163 + 164_129-2022-NĐ-CP.doc,8703.40.75,870340,8703407500,- - - - Dung tích xi lanh trên 2.000 cc nhưng không quá 2.500 cc,70|70|70|70|70|70,70,70,,CBU_OR_ORDINARY_VEHICLE_BLOCK,EXTRACTED_FROM_WORDDOCUMENT_CELL_STREAM
RCEP,CN,CN,2023_163 + 164_129-2022-NĐ-CP.doc,8703.40.76,870340,8703407600,- - - - Dung tích xi lanh trên 2.500 cc nhưng không quá 3.000 cc,70|70|70|70|70|70,70,70,,CBU_OR_ORDINARY_VEHICLE_BLOCK,EXTRACTED_FROM_WORDDOCUMENT_CELL_STREAM
RCEP,CN,CN,2023_163 + 164_129-2022-NĐ-CP.doc,8703.40.77,870340,8703407700,- - - - Dung tích xi lanh trên 3.000 cc,70|70|70|70|70|70,70,70,,CBU_OR_ORDINARY_VEHICLE_BLOCK,EXTRACTED_FROM_WORDDOCUMENT_CELL_STREAM
RCEP,CN,CN,2023_163 + 164_129-2022-NĐ-CP.doc,8703.40.81,870340,8703408100,- - - - Dung tích xi lanh không quá 1.000 cc,70|70|70|70|70|70,70,70,,CBU_OR_ORDINARY_VEHICLE_BLOCK,EXTRACTED_FROM_WORDDOCUMENT_CELL_STREAM
RCEP,CN,CN,2023_163 + 164_129-2022-NĐ-CP.doc,8703.40.82,870340,8703408200,- - - - Dung tích xi lanh trên 1.000 cc nhưng không quá 1.500 cc,70|70|70|70|70|70,70,70,,CBU_OR_ORDINARY_VEHICLE_BLOCK,EXTRACTED_FROM_WORDDOCUMENT_CELL_STREAM
RCEP,CN,CN,2023_163 + 164_129-2022-NĐ-CP.doc,8703.40.83,870340,8703408300,- - - - Dung tích xi lanh trên 1.500 cc nhưng không quá 1.800 cc,70|70|70|70|70|70,70,70,,CBU_OR_ORDINARY_VEHICLE_BLOCK,EXTRACTED_FROM_WORDDOCUMENT_CELL_STREAM
RCEP,CN,CN,2023_163 + 164_129-2022-NĐ-CP.doc,8703.40.84,870340,8703408400,- - - - Dung tích xi lanh trên 1.800 cc nhưng không quá 2.000 cc,70|70|70|70|70|70,70,70,,CBU_OR_ORDINARY_VEHICLE_BLOCK,EXTRACTED_FROM_WORDDOCUMENT_CELL_STREAM
RCEP,CN,CN,2023_163 + 164_129-2022-NĐ-CP.doc,8703.40.85,870340,8703408500,- - - - Dung tích xi lanh trên 2.000 cc nhưng không quá 2.500 cc,70|70|70|70|70|70,70,70,,CBU_OR_ORDINARY_VEHICLE_BLOCK,EXTRACTED_FROM_WORDDOCUMENT_CELL_STREAM
RCEP,CN,CN,2023_163 + 164_129-2022-NĐ-CP.doc,8703.40.86,870340,8703408600,- - - - Dung tích xi lanh trên 2.500 cc nhưng không quá 3.000 cc,70|70|70|70|70|70,70,70,,CBU_OR_ORDINARY_VEHICLE_BLOCK,EXTRACTED_FROM_WORDDOCUMENT_CELL_STREAM
RCEP,CN,CN,2023_163 + 164_129-2022-NĐ-CP.doc,8703.40.87,870340,8703408700,- - - - Dung tích xi lanh trên 3.000 cc,70|70|70|70|70|70,70,70,,CBU_OR_ORDINARY_VEHICLE_BLOCK,EXTRACTED_FROM_WORDDOCUMENT_CELL_STREAM
RCEP,CN,CN,2023_163 + 164_129-2022-NĐ-CP.doc,8703.40.91,870340,8703409100,- - - - Dung tích xi lanh không quá 1.000 cc,70|70|70|70|70|70,70,70,,CBU_OR_ORDINARY_VEHICLE_BLOCK,EXTRACTED_FROM_WORDDOCUMENT_CELL_STREAM
RCEP,CN,CN,2023_163 + 164_129-2022-NĐ-CP.doc,8703.40.92,870340,8703409200,- - - - Dung tích xi lanh trên 1.000 cc nhưng không quá 1.500 cc,70|70|70|70|70|70,70,70,,CBU_OR_ORDINARY_VEHICLE_BLOCK,EXTRACTED_FROM_WORDDOCUMENT_CELL_STREAM
RCEP,CN,CN,2023_163 + 164_129-2022-NĐ-CP.doc,8703.40.93,870340,8703409300,- - - - Dung tích xi lanh trên 1.500 cc nhưng không quá 1.800 cc,70|70|70|70|70|70,70,70,,CBU_OR_ORDINARY_VEHICLE_BLOCK,EXTRACTED_FROM_WORDDOCUMENT_CELL_STREAM
RCEP,CN,CN,2023_163 + 164_129-2022-NĐ-CP.doc,8703.40.94,870340,8703409400,- - - - Dung tích xi lanh trên 1.800 cc nhưng không quá 2.000 cc,70|70|70|70|70|70,70,70,,CBU_OR_ORDINARY_VEHICLE_BLOCK,EXTRACTED_FROM_WORDDOCUMENT_CELL_STREAM
RCEP,CN,CN,2023_163 + 164_129-2022-NĐ-CP.doc,8703.40.95,870340,8703409500,- - - - Dung tích xi lanh trên 2.000 cc nhưng không quá 2.500 cc,70|70|70|70|70|70,70,70,,CBU_OR_ORDINARY_VEHICLE_BLOCK,EXTRACTED_FROM_WORDDOCUMENT_CELL_STREAM
RCEP,CN,CN,2023_163 + 164_129-2022-NĐ-CP.doc,8703.40.96,870340,8703409600,- - - - Dung tích xi lanh trên 2.500 cc nhưng không quá 3.000 cc,70|70|70|70|70|70,70,70,,CBU_OR_ORDINARY_VEHICLE_BLOCK,EXTRACTED_FROM_WORDDOCUMENT_CELL_STREAM
RCEP,CN,CN,2023_163 + 164_129-2022-NĐ-CP.doc,8703.40.97,870340,8703409700,"- - - - Dung tích xi lanh trên 3.000 cc, loại bốn bánh chủ động",70|70|70|70|70|70,70,70,,CBU_OR_ORDINARY_VEHICLE_BLOCK,EXTRACTED_FROM_WORDDOCUMENT_CELL_STREAM
RCEP,CN,CN,2023_163 + 164_129-2022-NĐ-CP.doc,8703.40.98,870340,8703409800,"- - - - Dung tích xi lanh trên 3.000 cc, không phải loại bốn bánh chủ động",70|70|70|70|70|70,70,70,,CBU_OR_ORDINARY_VEHICLE_BLOCK,EXTRACTED_FROM_WORDDOCUMENT_CELL_STREAM
RCEP,CN,CN,2023_163 + 164_129-2022-NĐ-CP.doc,8703.50.41,870350,8703504100,- - - - Dung tích xi lanh không quá 1.000 cc,70|70|70|70|70|70,70,70,,CBU_OR_ORDINARY_VEHICLE_BLOCK,EXTRACTED_FROM_WORDDOCUMENT_CELL_STREAM
RCEP,CN,CN,2023_163 + 164_129-2022-NĐ-CP.doc,8703.50.42,870350,8703504200,- - - - Dung tích xi lanh trên 1.000 cc nhưng không quá 1.500 cc,70|70|70|70|70|70,70,70,,CBU_OR_ORDINARY_VEHICLE_BLOCK,EXTRACTED_FROM_WORDDOCUMENT_CELL_STREAM
RCEP,CN,CN,2023_163 + 164_129-2022-NĐ-CP.doc,8703.50.43,870350,8703504300,- - - - Dung tích xi lanh trên 1.500 cc nhưng không quá 1.800 cc,70|70|70|70|70|70,70,70,,CBU_OR_ORDINARY_VEHICLE_BLOCK,EXTRACTED_FROM_WORDDOCUMENT_CELL_STREAM
RCEP,CN,CN,2023_163 + 164_129-2022-NĐ-CP.doc,8703.50.44,870350,8703504400,- - - - Dung tích xi lanh trên 1.800 cc nhưng không quá 2.000 cc,70|70|70|70|70|70,70,70,,CBU_OR_ORDINARY_VEHICLE_BLOCK,EXTRACTED_FROM_WORDDOCUMENT_CELL_STREAM
RCEP,CN,CN,2023_163 + 164_129-2022-NĐ-CP.doc,8703.50.45,870350,8703504500,- - - - Dung tích xi lanh trên 2.000 cc nhưng không quá 2.500 cc,70|70|70|70|70|70,70,70,,CBU_OR_ORDINARY_VEHICLE_BLOCK,EXTRACTED_FROM_WORDDOCUMENT_CELL_STREAM
RCEP,CN,CN,2023_163 + 164_129-2022-NĐ-CP.doc,8703.50.46,870350,8703504600,- - - - Dung tích xi lanh trên 2.500 cc nhưng không quá 3.000 cc,70|70|70|70|70|70,70,70,,CBU_OR_ORDINARY_VEHICLE_BLOCK,EXTRACTED_FROM_WORDDOCUMENT_CELL_STREAM
RCEP,CN,CN,2023_163 + 164_129-2022-NĐ-CP.doc,8703.50.47,870350,8703504700,- - - - Dung tích xi lanh trên 3.000 cc,70|70|70|70|70|70,70,70,,CBU_OR_ORDINARY_VEHICLE_BLOCK,EXTRACTED_FROM_WORDDOCUMENT_CELL_STREAM
RCEP,CN,CN,2023_163 + 164_129-2022-NĐ-CP.doc,8703.50.51,870350,8703505100,- - - - Dung tích xi lanh không quá 1.000 cc,70|70|70|70|70|70,70,70,,CBU_OR_ORDINARY_VEHICLE_BLOCK,EXTRACTED_FROM_WORDDOCUMENT_CELL_STREAM
RCEP,CN,CN,2023_163 + 164_129-2022-NĐ-CP.doc,8703.50.52,870350,8703505200,- - - - Dung tích xi lanh trên 1.000 cc nhưng không quá 1.500 cc,70|70|70|70|70|70,70,70,,CBU_OR_ORDINARY_VEHICLE_BLOCK,EXTRACTED_FROM_WORDDOCUMENT_CELL_STREAM
RCEP,CN,CN,2023_163 + 164_129-2022-NĐ-CP.doc,8703.50.53,870350,8703505300,- - - - Dung tích xi lanh trên 1.500 cc nhưng không quá 1.800 cc,70|70|70|70|70|70,70,70,,CBU_OR_ORDINARY_VEHICLE_BLOCK,EXTRACTED_FROM_WORDDOCUMENT_CELL_STREAM
RCEP,CN,CN,2023_163 + 164_129-2022-NĐ-CP.doc,8703.50.54,870350,8703505400,- - - - Dung tích xi lanh trên 1.800 cc nhưng không quá 2.500 cc,70|70|70|70|70|70,70,70,,CBU_OR_ORDINARY_VEHICLE_BLOCK,EXTRACTED_FROM_WORDDOCUMENT_CELL_STREAM
RCEP,CN,CN,2023_163 + 164_129-2022-NĐ-CP.doc,8703.50.55,870350,8703505500,- - - - Dung tích xi lanh trên 2.500 cc,70|70|70|70|70|70,70,70,,CBU_OR_ORDINARY_VEHICLE_BLOCK,EXTRACTED_FROM_WORDDOCUMENT_CELL_STREAM
RCEP,CN,CN,2023_163 + 164_129-2022-NĐ-CP.doc,8703.50.56,870350,8703505600,- - - - Dung tích xi lanh không quá 1.500 cc,70|70|70|70|70|70,70,70,,CBU_OR_ORDINARY_VEHICLE_BLOCK,EXTRACTED_FROM_WORDDOCUMENT_CELL_STREAM
RCEP,CN,CN,2023_163 + 164_129-2022-NĐ-CP.doc,8703.50.57,870350,8703505700,- - - - Dung tích xi lanh trên 1.500 cc nhưng không quá 2.000 cc,70|70|70|70|70|70,70,70,,CBU_OR_ORDINARY_VEHICLE_BLOCK,EXTRACTED_FROM_WORDDOCUMENT_CELL_STREAM
RCEP,CN,CN,2023_163 + 164_129-2022-NĐ-CP.doc,8703.50.58,870350,8703505800,- - - - Dung tích xi lanh trên 2.000 cc,70|70|70|70|70|70,70,70,,CBU_OR_ORDINARY_VEHICLE_BLOCK,EXTRACTED_FROM_WORDDOCUMENT_CELL_STREAM
RCEP,CN,CN,2023_163 + 164_129-2022-NĐ-CP.doc,8703.50.61,870350,8703506100,- - - - Dung tích xi lanh không quá 1.000 cc,70|70|70|70|70|70,70,70,,CBU_OR_ORDINARY_VEHICLE_BLOCK,EXTRACTED_FROM_WORDDOCUMENT_CELL_STREAM
RCEP,CN,CN,2023_163 + 164_129-2022-NĐ-CP.doc,8703.50.62,870350,8703506200,- - - - Dung tích xi lanh trên 1.000 cc nhưng không quá 1.500 cc,70|70|70|70|70|70,70,70,,CBU_OR_ORDINARY_VEHICLE_BLOCK,EXTRACTED_FROM_WORDDOCUMENT_CELL_STREAM
RCEP,CN,CN,2023_163 + 164_129-2022-NĐ-CP.doc,8703.50.63,870350,8703506300,- - - - Dung tích xi lanh trên 1.500 cc nhưng không quá 1.800 cc,70|70|70|70|70|70,70,70,,CBU_OR_ORDINARY_VEHICLE_BLOCK,EXTRACTED_FROM_WORDDOCUMENT_CELL_STREAM
RCEP,CN,CN,2023_163 + 164_129-2022-NĐ-CP.doc,8703.50.64,870350,8703506400,- - - - Dung tích xi lanh trên 1.800 cc nhưng không quá 2.000 cc,70|70|70|70|70|70,70,70,,CBU_OR_ORDINARY_VEHICLE_BLOCK,EXTRACTED_FROM_WORDDOCUMENT_CELL_STREAM
RCEP,CN,CN,2023_163 + 164_129-2022-NĐ-CP.doc,8703.50.65,870350,8703506500,- - - - Dung tích xi lanh trên 2.000 cc nhưng không quá 2.500 cc,70|70|70|70|70|70,70,70,,CBU_OR_ORDINARY_VEHICLE_BLOCK,EXTRACTED_FROM_WORDDOCUMENT_CELL_STREAM
RCEP,CN,CN,2023_163 + 164_129-2022-NĐ-CP.doc,8703.50.66,870350,8703506600,- - - - Dung tích xi lanh trên 2.500 cc nhưng không quá 3.000 cc,70|70|70|70|70|70,70,70,,CBU_OR_ORDINARY_VEHICLE_BLOCK,EXTRACTED_FROM_WORDDOCUMENT_CELL_STREAM
RCEP,CN,CN,2023_163 + 164_129-2022-NĐ-CP.doc,8703.50.67,870350,8703506700,- - - - Dung tích xi lanh trên 3.000 cc,70|70|70|70|70|70,70,70,,CBU_OR_ORDINARY_VEHICLE_BLOCK,EXTRACTED_FROM_WORDDOCUMENT_CELL_STREAM
RCEP,CN,CN,2023_163 + 164_129-2022-NĐ-CP.doc,8703.50.71,870350,8703507100,- - - - Dung tích xi lanh không quá 1.000 cc,70|70|70|70|70|70,70,70,,CBU_OR_ORDINARY_VEHICLE_BLOCK,EXTRACTED_FROM_WORDDOCUMENT_CELL_STREAM
RCEP,CN,CN,2023_163 + 164_129-2022-NĐ-CP.doc,8703.50.72,870350,8703507200,- - - - Dung tích xi lanh trên 1.000 cc nhưng không quá 1.500 cc,70|70|70|70|70|70,70,70,,CBU_OR_ORDINARY_VEHICLE_BLOCK,EXTRACTED_FROM_WORDDOCUMENT_CELL_STREAM
RCEP,CN,CN,2023_163 + 164_129-2022-NĐ-CP.doc,8703.50.73,870350,8703507300,- - - - Dung tích xi lanh trên 1.500 cc nhưng không quá 1.800 cc,70|70|70|70|70|70,70,70,,CBU_OR_ORDINARY_VEHICLE_BLOCK,EXTRACTED_FROM_WORDDOCUMENT_CELL_STREAM
RCEP,CN,CN,2023_163 + 164_129-2022-NĐ-CP.doc,8703.50.74,870350,8703507400,- - - - Dung tích xi lanh trên 1.800 cc nhưng không quá 2.000 cc,70|70|70|70|70|70,70,70,,CBU_OR_ORDINARY_VEHICLE_BLOCK,EXTRACTED_FROM_WORDDOCUMENT_CELL_STREAM
RCEP,CN,CN,2023_163 + 164_129-2022-NĐ-CP.doc,8703.50.75,870350,8703507500,- - - - Dung tích xi lanh trên 2.000 cc nhưng không quá 2.500 cc,70|70|70|70|70|70,70,70,,CBU_OR_ORDINARY_VEHICLE_BLOCK,EXTRACTED_FROM_WORDDOCUMENT_CELL_STREAM
RCEP,CN,CN,2023_163 + 164_129-2022-NĐ-CP.doc,8703.50.76,870350,8703507600,- - - - Dung tích xi lanh trên 2.500 cc nhưng không quá 3.000 cc,70|70|70|70|70|70,70,70,,CBU_OR_ORDINARY_VEHICLE_BLOCK,EXTRACTED_FROM_WORDDOCUMENT_CELL_STREAM
RCEP,CN,CN,2023_163 + 164_129-2022-NĐ-CP.doc,8703.50.77,870350,8703507700,- - - - Dung tích xi lanh trên 3.000 cc,70|70|70|70|70|70,70,70,,CBU_OR_ORDINARY_VEHICLE_BLOCK,EXTRACTED_FROM_WORDDOCUMENT_CELL_STREAM
RCEP,CN,CN,2023_163 + 164_129-2022-NĐ-CP.doc,8703.50.81,870350,8703508100,- - - - Dung tích xi lanh không quá 1.000 cc,70|70|70|70|70|70,70,70,,CBU_OR_ORDINARY_VEHICLE_BLOCK,EXTRACTED_FROM_WORDDOCUMENT_CELL_STREAM
RCEP,CN,CN,2023_163 + 164_129-2022-NĐ-CP.doc,8703.50.82,870350,8703508200,- - - - Dung tích xi lanh trên 1.000 cc nhưng không quá 1.500 cc,70|70|70|70|70|70,70,70,,CBU_OR_ORDINARY_VEHICLE_BLOCK,EXTRACTED_FROM_WORDDOCUMENT_CELL_STREAM
RCEP,CN,CN,2023_163 + 164_129-2022-NĐ-CP.doc,8703.50.83,870350,8703508300,- - - - Dung tích xi lanh trên 1.500 cc nhưng không quá 1.800 cc,70|70|70|70|70|70,70,70,,CBU_OR_ORDINARY_VEHICLE_BLOCK,EXTRACTED_FROM_WORDDOCUMENT_CELL_STREAM
RCEP,CN,CN,2023_163 + 164_129-2022-NĐ-CP.doc,8703.50.84,870350,8703508400,- - - - Dung tích xi lanh trên 1.800 cc nhưng không quá 2.000 cc,70|70|70|70|70|70,70,70,,CBU_OR_ORDINARY_VEHICLE_BLOCK,EXTRACTED_FROM_WORDDOCUMENT_CELL_STREAM
RCEP,CN,CN,2023_163 + 164_129-2022-NĐ-CP.doc,8703.50.85,870350,8703508500,- - - - Dung tích xi lanh trên 2.000 cc nhưng không quá 2.500 cc,70|70|70|70|70|70,70,70,,CBU_OR_ORDINARY_VEHICLE_BLOCK,EXTRACTED_FROM_WORDDOCUMENT_CELL_STREAM
RCEP,CN,CN,2023_163 + 164_129-2022-NĐ-CP.doc,8703.50.86,870350,8703508600,- - - - Dung tích xi lanh trên 2.500 cc nhưng không quá 3.000 cc,70|70|70|70|70|70,70,70,,CBU_OR_ORDINARY_VEHICLE_BLOCK,EXTRACTED_FROM_WORDDOCUMENT_CELL_STREAM
RCEP,CN,CN,2023_163 + 164_129-2022-NĐ-CP.doc,8703.50.87,870350,8703508700,- - - - Dung tích xi lanh trên 3.000 cc,70|70|70|70|70|70,70,70,,CBU_OR_ORDINARY_VEHICLE_BLOCK,EXTRACTED_FROM_WORDDOCUMENT_CELL_STREAM
RCEP,CN,CN,2023_163 + 164_129-2022-NĐ-CP.doc,8703.50.91,870350,8703509100,- - - - Dung tích xi lanh không quá 1.000 cc,70|70|70|70|70|70,70,70,,CBU_OR_ORDINARY_VEHICLE_BLOCK,EXTRACTED_FROM_WORDDOCUMENT_CELL_STREAM
RCEP,CN,CN,2023_163 + 164_129-2022-NĐ-CP.doc,8703.50.92,870350,8703509200,- - - - Dung tích xi lanh trên 1.000 cc nhưng không quá 1.500 cc,70|70|70|70|70|70,70,70,,CBU_OR_ORDINARY_VEHICLE_BLOCK,EXTRACTED_FROM_WORDDOCUMENT_CELL_STREAM
RCEP,CN,CN,2023_163 + 164_129-2022-NĐ-CP.doc,8703.50.93,870350,8703509300,- - - - Dung tích xi lanh trên 1.500 cc nhưng không quá 1.800 cc,70|70|70|70|70|70,70,70,,CBU_OR_ORDINARY_VEHICLE_BLOCK,EXTRACTED_FROM_WORDDOCUMENT_CELL_STREAM
RCEP,CN,CN,2023_163 + 164_129-2022-NĐ-CP.doc,8703.50.94,870350,8703509400,- - - - Dung tích xi lanh trên 1.800 cc nhưng không quá 2.000 cc,70|70|70|70|70|70,70,70,,CBU_OR_ORDINARY_VEHICLE_BLOCK,EXTRACTED_FROM_WORDDOCUMENT_CELL_STREAM
RCEP,CN,CN,2023_163 + 164_129-2022-NĐ-CP.doc,8703.50.95,870350,8703509500,- - - - Dung tích xi lanh trên 2.000 cc nhưng không quá 2.500 cc,70|70|70|70|70|70,70,70,,CBU_OR_ORDINARY_VEHICLE_BLOCK,EXTRACTED_FROM_WORDDOCUMENT_CELL_STREAM
RCEP,CN,CN,2023_163 + 164_129-2022-NĐ-CP.doc,8703.50.96,870350,8703509600,- - - - Dung tích xi lanh trên 2.500 cc nhưng không quá 3.000 cc,70|70|70|70|70|70,70,70,,CBU_OR_ORDINARY_VEHICLE_BLOCK,EXTRACTED_FROM_WORDDOCUMENT_CELL_STREAM
RCEP,CN,CN,2023_163 + 164_129-2022-NĐ-CP.doc,8703.50.97,870350,8703509700,- - - - Dung tích xi lanh trên 3.000 cc,70|70|70|70|70|70,70,70,,CBU_OR_ORDINARY_VEHICLE_BLOCK,EXTRACTED_FROM_WORDDOCUMENT_CELL_STREAM
RCEP,CN,CN,2023_163 + 164_129-2022-NĐ-CP.doc,8703.60.41,870360,8703604100,- - - - Dung tích xi lanh không quá 1.000 cc,70|70|70|70|70|70,70,70,,CBU_OR_ORDINARY_VEHICLE_BLOCK,EXTRACTED_FROM_WORDDOCUMENT_CELL_STREAM
RCEP,CN,CN,2023_163 + 164_129-2022-NĐ-CP.doc,8703.60.42,870360,8703604200,- - - - Dung tích xi lanh trên 1.000 cc nhưng không quá 1.500 cc,70|70|70|70|70|70,70,70,,CBU_OR_ORDINARY_VEHICLE_BLOCK,EXTRACTED_FROM_WORDDOCUMENT_CELL_STREAM
RCEP,CN,CN,2023_163 + 164_129-2022-NĐ-CP.doc,8703.60.43,870360,8703604300,- - - - Dung tích xi lanh trên 1.500 cc nhưng không quá 1.800 cc,70|70|70|70|70|70,70,70,,CBU_OR_ORDINARY_VEHICLE_BLOCK,EXTRACTED_FROM_WORDDOCUMENT_CELL_STREAM
RCEP,CN,CN,2023_163 + 164_129-2022-NĐ-CP.doc,8703.60.44,870360,8703604400,- - - - Dung tích xi lanh trên 1.800 cc nhưng không quá 2.000 cc,70|70|70|70|70|70,70,70,,CBU_OR_ORDINARY_VEHICLE_BLOCK,EXTRACTED_FROM_WORDDOCUMENT_CELL_STREAM
RCEP,CN,CN,2023_163 + 164_129-2022-NĐ-CP.doc,8703.60.45,870360,8703604500,- - - - Dung tích xi lanh trên 2.000 cc nhưng không quá 2.500 cc,70|70|70|70|70|70,70,70,,CBU_OR_ORDINARY_VEHICLE_BLOCK,EXTRACTED_FROM_WORDDOCUMENT_CELL_STREAM
RCEP,CN,CN,2023_163 + 164_129-2022-NĐ-CP.doc,8703.60.46,870360,8703604600,- - - - Dung tích xi lanh trên 2.500 cc nhưng không quá 3.000 cc,70|70|70|70|70|70,70,70,,CBU_OR_ORDINARY_VEHICLE_BLOCK,EXTRACTED_FROM_WORDDOCUMENT_CELL_STREAM
RCEP,CN,CN,2023_163 + 164_129-2022-NĐ-CP.doc,8703.60.47,870360,8703604700,- - - - Dung tích xi lanh trên 3.000 cc,70|70|70|70|70|70,70,70,,CBU_OR_ORDINARY_VEHICLE_BLOCK,EXTRACTED_FROM_WORDDOCUMENT_CELL_STREAM
RCEP,CN,CN,2023_163 + 164_129-2022-NĐ-CP.doc,8703.60.51,870360,8703605100,- - - - Dung tích xi lanh không quá 1.000 cc,70|70|70|70|70|70,70,70,,CBU_OR_ORDINARY_VEHICLE_BLOCK,EXTRACTED_FROM_WORDDOCUMENT_CELL_STREAM
RCEP,CN,CN,2023_163 + 164_129-2022-NĐ-CP.doc,8703.60.52,870360,8703605200,- - - - Dung tích xi lanh trên 1.000 cc nhưng không quá 1.500 cc,70|70|70|70|70|70,70,70,,CBU_OR_ORDINARY_VEHICLE_BLOCK,EXTRACTED_FROM_WORDDOCUMENT_CELL_STREAM
RCEP,CN,CN,2023_163 + 164_129-2022-NĐ-CP.doc,8703.60.53,870360,8703605300,- - - - Dung tích xi lanh trên 1.500 cc nhưng không quá 1.800 cc,70|70|70|70|70|70,70,70,,CBU_OR_ORDINARY_VEHICLE_BLOCK,EXTRACTED_FROM_WORDDOCUMENT_CELL_STREAM
RCEP,CN,CN,2023_163 + 164_129-2022-NĐ-CP.doc,8703.60.54,870360,8703605400,- - - - Dung tích xi lanh trên 1.800 cc nhưng không quá 3.000 cc,70|70|70|70|70|70,70,70,,CBU_OR_ORDINARY_VEHICLE_BLOCK,EXTRACTED_FROM_WORDDOCUMENT_CELL_STREAM
RCEP,CN,CN,2023_163 + 164_129-2022-NĐ-CP.doc,8703.60.55,870360,8703605500,- - - - Dung tích xi lanh trên 3.000 cc,70|70|70|70|70|70,70,70,,CBU_OR_ORDINARY_VEHICLE_BLOCK,EXTRACTED_FROM_WORDDOCUMENT_CELL_STREAM
RCEP,CN,CN,2023_163 + 164_129-2022-NĐ-CP.doc,8703.60.56,870360,8703605600,- - - - Dung tích xi lanh không quá 1.500 cc,70|70|70|70|70|70,70,70,,CBU_OR_ORDINARY_VEHICLE_BLOCK,EXTRACTED_FROM_WORDDOCUMENT_CELL_STREAM
RCEP,CN,CN,2023_163 + 164_129-2022-NĐ-CP.doc,8703.60.57,870360,8703605700,- - - - Dung tích xi lanh trên 1.500 cc nhưng không quá 2.000 cc,70|70|70|70|70|70,70,70,,CBU_OR_ORDINARY_VEHICLE_BLOCK,EXTRACTED_FROM_WORDDOCUMENT_CELL_STREAM
RCEP,CN,CN,2023_163 + 164_129-2022-NĐ-CP.doc,8703.60.58,870360,8703605800,- - - - Dung tích xi lanh trên 2.000 cc,70|70|70|70|70|70,70,70,,CBU_OR_ORDINARY_VEHICLE_BLOCK,EXTRACTED_FROM_WORDDOCUMENT_CELL_STREAM
RCEP,CN,CN,2023_163 + 164_129-2022-NĐ-CP.doc,8703.60.61,870360,8703606100,- - - - Dung tích xi lanh không quá 1.000 cc,70|70|70|70|70|70,70,70,,CBU_OR_ORDINARY_VEHICLE_BLOCK,EXTRACTED_FROM_WORDDOCUMENT_CELL_STREAM
RCEP,CN,CN,2023_163 + 164_129-2022-NĐ-CP.doc,8703.60.62,870360,8703606200,- - - - Dung tích xi lanh trên 1.000 cc nhưng không quá 1.500 cc,70|70|70|70|70|70,70,70,,CBU_OR_ORDINARY_VEHICLE_BLOCK,EXTRACTED_FROM_WORDDOCUMENT_CELL_STREAM
RCEP,CN,CN,2023_163 + 164_129-2022-NĐ-CP.doc,8703.60.63,870360,8703606300,- - - - Dung tích xi lanh trên 1.500 cc nhưng không quá 1.800 cc,70|70|70|70|70|70,70,70,,CBU_OR_ORDINARY_VEHICLE_BLOCK,EXTRACTED_FROM_WORDDOCUMENT_CELL_STREAM
RCEP,CN,CN,2023_163 + 164_129-2022-NĐ-CP.doc,8703.60.64,870360,8703606400,- - - - Dung tích xi lanh trên 1.800 cc nhưng không quá 2.000 cc,70|70|70|70|70|70,70,70,,CBU_OR_ORDINARY_VEHICLE_BLOCK,EXTRACTED_FROM_WORDDOCUMENT_CELL_STREAM
RCEP,CN,CN,2023_163 + 164_129-2022-NĐ-CP.doc,8703.60.65,870360,8703606500,- - - - Dung tích xi lanh trên 2.000 cc nhưng không quá 2.500 cc,70|70|70|70|70|70,70,70,,CBU_OR_ORDINARY_VEHICLE_BLOCK,EXTRACTED_FROM_WORDDOCUMENT_CELL_STREAM
RCEP,CN,CN,2023_163 + 164_129-2022-NĐ-CP.doc,8703.60.66,870360,8703606600,- - - - Dung tích xi lanh trên 2.500 cc nhưng không quá 3.000 cc,70|70|70|70|70|70,70,70,,CBU_OR_ORDINARY_VEHICLE_BLOCK,EXTRACTED_FROM_WORDDOCUMENT_CELL_STREAM
RCEP,CN,CN,2023_163 + 164_129-2022-NĐ-CP.doc,8703.60.67,870360,8703606700,"- - - - Dung tích xi lanh trên 3.000 cc, loại bốn bánh chủ động",70|70|70|70|70|70,70,70,,CBU_OR_ORDINARY_VEHICLE_BLOCK,EXTRACTED_FROM_WORDDOCUMENT_CELL_STREAM
RCEP,CN,CN,2023_163 + 164_129-2022-NĐ-CP.doc,8703.60.68,870360,8703606800,"- - - - Dung tích xi lanh trên 3.000 cc, không phải loại bốn bánh chủ động",70|70|70|70|70|70,70,70,,CBU_OR_ORDINARY_VEHICLE_BLOCK,EXTRACTED_FROM_WORDDOCUMENT_CELL_STREAM
RCEP,CN,CN,2023_163 + 164_129-2022-NĐ-CP.doc,8703.60.71,870360,8703607100,- - - - Dung tích xi lanh không quá 1.000 cc,70|70|70|70|70|70,70,70,,CBU_OR_ORDINARY_VEHICLE_BLOCK,EXTRACTED_FROM_WORDDOCUMENT_CELL_STREAM
RCEP,CN,CN,2023_163 + 164_129-2022-NĐ-CP.doc,8703.60.72,870360,8703607200,- - - - Dung tích xi lanh trên 1.000 cc nhưng không quá 1.500 cc,70|70|70|70|70|70,70,70,,CBU_OR_ORDINARY_VEHICLE_BLOCK,EXTRACTED_FROM_WORDDOCUMENT_CELL_STREAM
RCEP,CN,CN,2023_163 + 164_129-2022-NĐ-CP.doc,8703.60.73,870360,8703607300,- - - - Dung tích xi lanh trên 1.500 cc nhưng không quá 1.800 cc,70|70|70|70|70|70,70,70,,CBU_OR_ORDINARY_VEHICLE_BLOCK,EXTRACTED_FROM_WORDDOCUMENT_CELL_STREAM
RCEP,CN,CN,2023_163 + 164_129-2022-NĐ-CP.doc,8703.60.74,870360,8703607400,- - - - Dung tích xi lanh trên 1.800 cc nhưng không quá 2.000 cc,70|70|70|70|70|70,70,70,,CBU_OR_ORDINARY_VEHICLE_BLOCK,EXTRACTED_FROM_WORDDOCUMENT_CELL_STREAM
RCEP,CN,CN,2023_163 + 164_129-2022-NĐ-CP.doc,8703.60.75,870360,8703607500,- - - - Dung tích xi lanh trên 2.000 cc nhưng không quá 2.500 cc,70|70|70|70|70|70,70,70,,CBU_OR_ORDINARY_VEHICLE_BLOCK,EXTRACTED_FROM_WORDDOCUMENT_CELL_STREAM
RCEP,CN,CN,2023_163 + 164_129-2022-NĐ-CP.doc,8703.60.76,870360,8703607600,- - - - Dung tích xi lanh trên 2.500 cc nhưng không quá 3.000 cc,70|70|70|70|70|70,70,70,,CBU_OR_ORDINARY_VEHICLE_BLOCK,EXTRACTED_FROM_WORDDOCUMENT_CELL_STREAM
RCEP,CN,CN,2023_163 + 164_129-2022-NĐ-CP.doc,8703.60.77,870360,8703607700,- - - - Dung tích xi lanh trên 3.000 cc,70|70|70|70|70|70,70,70,,CBU_OR_ORDINARY_VEHICLE_BLOCK,EXTRACTED_FROM_WORDDOCUMENT_CELL_STREAM
RCEP,CN,CN,2023_163 + 164_129-2022-NĐ-CP.doc,8703.60.81,870360,8703608100,- - - - Dung tích xi lanh không quá 1.000 cc,70|70|70|70|70|70,70,70,,CBU_OR_ORDINARY_VEHICLE_BLOCK,EXTRACTED_FROM_WORDDOCUMENT_CELL_STREAM
RCEP,CN,CN,2023_163 + 164_129-2022-NĐ-CP.doc,8703.60.82,870360,8703608200,- - - - Dung tích xi lanh trên 1.000 cc nhưng không quá 1.500 cc,70|70|70|70|70|70,70,70,,CBU_OR_ORDINARY_VEHICLE_BLOCK,EXTRACTED_FROM_WORDDOCUMENT_CELL_STREAM
RCEP,CN,CN,2023_163 + 164_129-2022-NĐ-CP.doc,8703.60.83,870360,8703608300,- - - - Dung tích xi lanh trên 1.500 cc nhưng không quá 1.800 cc,70|70|70|70|70|70,70,70,,CBU_OR_ORDINARY_VEHICLE_BLOCK,EXTRACTED_FROM_WORDDOCUMENT_CELL_STREAM
RCEP,CN,CN,2023_163 + 164_129-2022-NĐ-CP.doc,8703.60.84,870360,8703608400,- - - - Dung tích xi lanh trên 1.800 cc nhưng không quá 2.000 cc,70|70|70|70|70|70,70,70,,CBU_OR_ORDINARY_VEHICLE_BLOCK,EXTRACTED_FROM_WORDDOCUMENT_CELL_STREAM
RCEP,CN,CN,2023_163 + 164_129-2022-NĐ-CP.doc,8703.60.85,870360,8703608500,- - - - Dung tích xi lanh trên 2.000 cc nhưng không quá 2.500 cc,70|70|70|70|70|70,70,70,,CBU_OR_ORDINARY_VEHICLE_BLOCK,EXTRACTED_FROM_WORDDOCUMENT_CELL_STREAM
RCEP,CN,CN,2023_163 + 164_129-2022-NĐ-CP.doc,8703.60.86,870360,8703608600,- - - - Dung tích xi lanh trên 2.500 cc nhưng không quá 3.000 cc,70|70|70|70|70|70,70,70,,CBU_OR_ORDINARY_VEHICLE_BLOCK,EXTRACTED_FROM_WORDDOCUMENT_CELL_STREAM
RCEP,CN,CN,2023_163 + 164_129-2022-NĐ-CP.doc,8703.60.87,870360,8703608700,- - - - Dung tích xi lanh trên 3.000 cc,70|70|70|70|70|70,70,70,,CBU_OR_ORDINARY_VEHICLE_BLOCK,EXTRACTED_FROM_WORDDOCUMENT_CELL_STREAM
RCEP,CN,CN,2023_163 + 164_129-2022-NĐ-CP.doc,8703.60.91,870360,8703609100,- - - - Dung tích xi lanh không quá 1.000 cc,70|70|70|70|70|70,70,70,,CBU_OR_ORDINARY_VEHICLE_BLOCK,EXTRACTED_FROM_WORDDOCUMENT_CELL_STREAM
RCEP,CN,CN,2023_163 + 164_129-2022-NĐ-CP.doc,8703.60.92,870360,8703609200,- - - - Dung tích xi lanh trên 1.000 cc nhưng không quá 1.500 cc,70|70|70|70|70|70,70,70,,CBU_OR_ORDINARY_VEHICLE_BLOCK,EXTRACTED_FROM_WORDDOCUMENT_CELL_STREAM
RCEP,CN,CN,2023_163 + 164_129-2022-NĐ-CP.doc,8703.60.93,870360,8703609300,- - - - Dung tích xi lanh trên 1.500 cc nhưng không quá 1.800 cc,70|70|70|70|70|70,70,70,,CBU_OR_ORDINARY_VEHICLE_BLOCK,EXTRACTED_FROM_WORDDOCUMENT_CELL_STREAM
RCEP,CN,CN,2023_163 + 164_129-2022-NĐ-CP.doc,8703.60.94,870360,8703609400,- - - - Dung tích xi lanh trên 1.800 cc nhưng không quá 2.000 cc,70|70|70|70|70|70,70,70,,CBU_OR_ORDINARY_VEHICLE_BLOCK,EXTRACTED_FROM_WORDDOCUMENT_CELL_STREAM
RCEP,CN,CN,2023_163 + 164_129-2022-NĐ-CP.doc,8703.60.95,870360,8703609500,- - - - Dung tích xi lanh trên 2.000 cc nhưng không quá 2.500 cc,70|70|70|70|70|70,70,70,,CBU_OR_ORDINARY_VEHICLE_BLOCK,EXTRACTED_FROM_WORDDOCUMENT_CELL_STREAM
RCEP,CN,CN,2023_163 + 164_129-2022-NĐ-CP.doc,8703.60.96,870360,8703609600,- - - - Dung tích xi lanh trên 2.500 cc nhưng không quá 3.000 cc,70|70|70|70|70|70,70,70,,CBU_OR_ORDINARY_VEHICLE_BLOCK,EXTRACTED_FROM_WORDDOCUMENT_CELL_STREAM
RCEP,CN,CN,2023_163 + 164_129-2022-NĐ-CP.doc,8703.60.97,870360,8703609700,"- - - - Dung tích xi lanh trên 3.000 cc, loại bốn bánh chủ động",70|70|70|70|70|70,70,70,,CBU_OR_ORDINARY_VEHICLE_BLOCK,EXTRACTED_FROM_WORDDOCUMENT_CELL_STREAM
RCEP,CN,CN,2023_163 + 164_129-2022-NĐ-CP.doc,8703.60.98,870360,8703609800,"- - - - Dung tích xi lanh trên 3.000 cc, không phải loại bốn bánh chủ động",70|70|70|70|70|70,70,70,,CBU_OR_ORDINARY_VEHICLE_BLOCK,EXTRACTED_FROM_WORDDOCUMENT_CELL_STREAM
RCEP,CN,CN,2023_163 + 164_129-2022-NĐ-CP.doc,8703.70.41,870370,8703704100,- - - - Dung tích xi lanh không quá 1.000 cc,70|70|70|70|70|70,70,70,,CBU_OR_ORDINARY_VEHICLE_BLOCK,EXTRACTED_FROM_WORDDOCUMENT_CELL_STREAM
RCEP,CN,CN,2023_163 + 164_129-2022-NĐ-CP.doc,8703.70.42,870370,8703704200,- - - - Dung tích xi lanh trên 1.000 cc nhưng không quá 1.500 cc,70|70|70|70|70|70,70,70,,CBU_OR_ORDINARY_VEHICLE_BLOCK,EXTRACTED_FROM_WORDDOCUMENT_CELL_STREAM
RCEP,CN,CN,2023_163 + 164_129-2022-NĐ-CP.doc,8703.70.43,870370,8703704300,- - - - Dung tích xi lanh trên 1.500 cc nhưng không quá 1.800 cc,70|70|70|70|70|70,70,70,,CBU_OR_ORDINARY_VEHICLE_BLOCK,EXTRACTED_FROM_WORDDOCUMENT_CELL_STREAM
RCEP,CN,CN,2023_163 + 164_129-2022-NĐ-CP.doc,8703.70.44,870370,8703704400,- - - - Dung tích xi lanh trên 1.800 cc nhưng không quá 2.000 cc,70|70|70|70|70|70,70,70,,CBU_OR_ORDINARY_VEHICLE_BLOCK,EXTRACTED_FROM_WORDDOCUMENT_CELL_STREAM
RCEP,CN,CN,2023_163 + 164_129-2022-NĐ-CP.doc,8703.70.45,870370,8703704500,- - - - Dung tích xi lanh trên 2.000 cc nhưng không quá 2.500 cc,70|70|70|70|70|70,70,70,,CBU_OR_ORDINARY_VEHICLE_BLOCK,EXTRACTED_FROM_WORDDOCUMENT_CELL_STREAM
RCEP,CN,CN,2023_163 + 164_129-2022-NĐ-CP.doc,8703.70.46,870370,8703704600,- - - - Dung tích xi lanh trên 2.500 cc nhưng không quá 3.000 cc,70|70|70|70|70|70,70,70,,CBU_OR_ORDINARY_VEHICLE_BLOCK,EXTRACTED_FROM_WORDDOCUMENT_CELL_STREAM
RCEP,CN,CN,2023_163 + 164_129-2022-NĐ-CP.doc,8703.70.47,870370,8703704700,- - - - Dung tích xi lanh trên 3.000 cc,70|70|70|70|70|70,70,70,,CBU_OR_ORDINARY_VEHICLE_BLOCK,EXTRACTED_FROM_WORDDOCUMENT_CELL_STREAM
RCEP,CN,CN,2023_163 + 164_129-2022-NĐ-CP.doc,8703.70.51,870370,8703705100,- - - - Dung tích xi lanh không quá 1.000 cc,70|70|70|70|70|70,70,70,,CBU_OR_ORDINARY_VEHICLE_BLOCK,EXTRACTED_FROM_WORDDOCUMENT_CELL_STREAM
RCEP,CN,CN,2023_163 + 164_129-2022-NĐ-CP.doc,8703.70.52,870370,8703705200,- - - - Dung tích xi lanh trên 1.000 cc nhưng không quá 1.500 cc,70|70|70|70|70|70,70,70,,CBU_OR_ORDINARY_VEHICLE_BLOCK,EXTRACTED_FROM_WORDDOCUMENT_CELL_STREAM
RCEP,CN,CN,2023_163 + 164_129-2022-NĐ-CP.doc,8703.70.53,870370,8703705300,- - - - Dung tích xi lanh trên 1.500 cc nhưng không quá 1.800 cc,70|70|70|70|70|70,70,70,,CBU_OR_ORDINARY_VEHICLE_BLOCK,EXTRACTED_FROM_WORDDOCUMENT_CELL_STREAM
RCEP,CN,CN,2023_163 + 164_129-2022-NĐ-CP.doc,8703.70.54,870370,8703705400,- - - - Dung tích xi lanh trên 1.800 cc nhưng không quá 2.500 cc,70|70|70|70|70|70,70,70,,CBU_OR_ORDINARY_VEHICLE_BLOCK,EXTRACTED_FROM_WORDDOCUMENT_CELL_STREAM
RCEP,CN,CN,2023_163 + 164_129-2022-NĐ-CP.doc,8703.70.55,870370,8703705500,- - - - Dung tích xi lanh trên 2.500 cc,70|70|70|70|70|70,70,70,,CBU_OR_ORDINARY_VEHICLE_BLOCK,EXTRACTED_FROM_WORDDOCUMENT_CELL_STREAM
RCEP,CN,CN,2023_163 + 164_129-2022-NĐ-CP.doc,8703.70.56,870370,8703705600,- - - - Dung tích xi lanh không quá 1.500 cc,70|70|70|70|70|70,70,70,,CBU_OR_ORDINARY_VEHICLE_BLOCK,EXTRACTED_FROM_WORDDOCUMENT_CELL_STREAM
RCEP,CN,CN,2023_163 + 164_129-2022-NĐ-CP.doc,8703.70.57,870370,8703705700,- - - - Dung tích xi lanh trên 1.500 cc nhưng không quá 2.000 cc,70|70|70|70|70|70,70,70,,CBU_OR_ORDINARY_VEHICLE_BLOCK,EXTRACTED_FROM_WORDDOCUMENT_CELL_STREAM
RCEP,CN,CN,2023_163 + 164_129-2022-NĐ-CP.doc,8703.70.58,870370,8703705800,- - - - Dung tích xi lanh trên 2.000 cc,70|70|70|70|70|70,70,70,,CBU_OR_ORDINARY_VEHICLE_BLOCK,EXTRACTED_FROM_WORDDOCUMENT_CELL_STREAM
RCEP,CN,CN,2023_163 + 164_129-2022-NĐ-CP.doc,8703.70.61,870370,8703706100,- - - - Dung tích xi lanh không quá 1.000 cc,70|70|70|70|70|70,70,70,,CBU_OR_ORDINARY_VEHICLE_BLOCK,EXTRACTED_FROM_WORDDOCUMENT_CELL_STREAM
RCEP,CN,CN,2023_163 + 164_129-2022-NĐ-CP.doc,8703.70.62,870370,8703706200,- - - - Dung tích xi lanh trên 1.000 cc nhưng không quá 1.500 cc,70|70|70|70|70|70,70,70,,CBU_OR_ORDINARY_VEHICLE_BLOCK,EXTRACTED_FROM_WORDDOCUMENT_CELL_STREAM
RCEP,CN,CN,2023_163 + 164_129-2022-NĐ-CP.doc,8703.70.63,870370,8703706300,- - - - Dung tích xi lanh trên 1.500 cc nhưng không quá 1.800 cc,70|70|70|70|70|70,70,70,,CBU_OR_ORDINARY_VEHICLE_BLOCK,EXTRACTED_FROM_WORDDOCUMENT_CELL_STREAM
RCEP,CN,CN,2023_163 + 164_129-2022-NĐ-CP.doc,8703.70.64,870370,8703706400,- - - - Dung tích xi lanh trên 1.800 cc nhưng không quá 2.000 cc,70|70|70|70|70|70,70,70,,CBU_OR_ORDINARY_VEHICLE_BLOCK,EXTRACTED_FROM_WORDDOCUMENT_CELL_STREAM
RCEP,CN,CN,2023_163 + 164_129-2022-NĐ-CP.doc,8703.70.65,870370,8703706500,- - - - Dung tích xi lanh trên 2.000 cc nhưng không quá 2.500 cc,70|70|70|70|70|70,70,70,,CBU_OR_ORDINARY_VEHICLE_BLOCK,EXTRACTED_FROM_WORDDOCUMENT_CELL_STREAM
RCEP,CN,CN,2023_163 + 164_129-2022-NĐ-CP.doc,8703.70.66,870370,8703706600,- - - - Dung tích xi lanh trên 2.500 cc nhưng không quá 3.000 cc,70|70|70|70|70|70,70,70,,CBU_OR_ORDINARY_VEHICLE_BLOCK,EXTRACTED_FROM_WORDDOCUMENT_CELL_STREAM
RCEP,CN,CN,2023_163 + 164_129-2022-NĐ-CP.doc,8703.70.67,870370,8703706700,- - - - Dung tích xi lanh trên 3.000 cc,70|70|70|70|70|70,70,70,,CBU_OR_ORDINARY_VEHICLE_BLOCK,EXTRACTED_FROM_WORDDOCUMENT_CELL_STREAM
RCEP,CN,CN,2023_163 + 164_129-2022-NĐ-CP.doc,8703.70.71,870370,8703707100,- - - - Dung tích xi lanh không quá 1.000 cc,70|70|70|70|70|70,70,70,,CBU_OR_ORDINARY_VEHICLE_BLOCK,EXTRACTED_FROM_WORDDOCUMENT_CELL_STREAM
RCEP,CN,CN,2023_163 + 164_129-2022-NĐ-CP.doc,8703.70.72,870370,8703707200,- - - - Dung tích xi lanh trên 1.000 cc nhưng không quá 1.500 cc,70|70|70|70|70|70,70,70,,CBU_OR_ORDINARY_VEHICLE_BLOCK,EXTRACTED_FROM_WORDDOCUMENT_CELL_STREAM
RCEP,CN,CN,2023_163 + 164_129-2022-NĐ-CP.doc,8703.70.73,870370,8703707300,- - - - Dung tích xi lanh trên 1.500 cc nhưng không quá 1.800 cc,70|70|70|70|70|70,70,70,,CBU_OR_ORDINARY_VEHICLE_BLOCK,EXTRACTED_FROM_WORDDOCUMENT_CELL_STREAM
RCEP,CN,CN,2023_163 + 164_129-2022-NĐ-CP.doc,8703.70.74,870370,8703707400,- - - - Dung tích xi lanh trên 1.800 cc nhưng không quá 2.000 cc,70|70|70|70|70|70,70,70,,CBU_OR_ORDINARY_VEHICLE_BLOCK,EXTRACTED_FROM_WORDDOCUMENT_CELL_STREAM
RCEP,CN,CN,2023_163 + 164_129-2022-NĐ-CP.doc,8703.70.75,870370,8703707500,- - - - Dung tích xi lanh trên 2.000 cc nhưng không quá 2.500 cc,70|70|70|70|70|70,70,70,,CBU_OR_ORDINARY_VEHICLE_BLOCK,EXTRACTED_FROM_WORDDOCUMENT_CELL_STREAM
RCEP,CN,CN,2023_163 + 164_129-2022-NĐ-CP.doc,8703.70.76,870370,8703707600,- - - - Dung tích xi lanh trên 2.500 cc nhưng không quá 3.000 cc,70|70|70|70|70|70,70,70,,CBU_OR_ORDINARY_VEHICLE_BLOCK,EXTRACTED_FROM_WORDDOCUMENT_CELL_STREAM
RCEP,CN,CN,2023_163 + 164_129-2022-NĐ-CP.doc,8703.70.77,870370,8703707700,- - - - Dung tích xi lanh trên 3.000 cc,70|70|70|70|70|70,70,70,,CBU_OR_ORDINARY_VEHICLE_BLOCK,EXTRACTED_FROM_WORDDOCUMENT_CELL_STREAM
RCEP,CN,CN,2023_163 + 164_129-2022-NĐ-CP.doc,8703.70.81,870370,8703708100,- - - - Dung tích xi lanh không quá 1.000 cc,70|70|70|70|70|70,70,70,,CBU_OR_ORDINARY_VEHICLE_BLOCK,EXTRACTED_FROM_WORDDOCUMENT_CELL_STREAM
RCEP,CN,CN,2023_163 + 164_129-2022-NĐ-CP.doc,8703.70.82,870370,8703708200,- - - - Dung tích xi lanh trên 1.000 cc nhưng không quá 1.500 cc,70|70|70|70|70|70,70,70,,CBU_OR_ORDINARY_VEHICLE_BLOCK,EXTRACTED_FROM_WORDDOCUMENT_CELL_STREAM
RCEP,CN,CN,2023_163 + 164_129-2022-NĐ-CP.doc,8703.70.83,870370,8703708300,- - - - Dung tích xi lanh trên 1.500 cc nhưng không quá 1.800 cc,70|70|70|70|70|70,70,70,,CBU_OR_ORDINARY_VEHICLE_BLOCK,EXTRACTED_FROM_WORDDOCUMENT_CELL_STREAM
RCEP,CN,CN,2023_163 + 164_129-2022-NĐ-CP.doc,8703.70.84,870370,8703708400,- - - - Dung tích xi lanh trên 1.800 cc nhưng không quá 2.000 cc,70|70|70|70|70|70,70,70,,CBU_OR_ORDINARY_VEHICLE_BLOCK,EXTRACTED_FROM_WORDDOCUMENT_CELL_STREAM
RCEP,CN,CN,2023_163 + 164_129-2022-NĐ-CP.doc,8703.70.85,870370,8703708500,- - - - Dung tích xi lanh trên 2.000 cc nhưng không quá 2.500 cc,70|70|70|70|70|70,70,70,,CBU_OR_ORDINARY_VEHICLE_BLOCK,EXTRACTED_FROM_WORDDOCUMENT_CELL_STREAM
RCEP,CN,CN,2023_163 + 164_129-2022-NĐ-CP.doc,8703.70.86,870370,8703708600,- - - - Dung tích xi lanh trên 2.500 cc nhưng không quá 3.000 cc,70|70|70|70|70|70,70,70,,CBU_OR_ORDINARY_VEHICLE_BLOCK,EXTRACTED_FROM_WORDDOCUMENT_CELL_STREAM
RCEP,CN,CN,2023_163 + 164_129-2022-NĐ-CP.doc,8703.70.87,870370,8703708700,- - - - Dung tích xi lanh trên 3.000 cc,70|70|70|70|70|70,70,70,,CBU_OR_ORDINARY_VEHICLE_BLOCK,EXTRACTED_FROM_WORDDOCUMENT_CELL_STREAM
RCEP,CN,CN,2023_163 + 164_129-2022-NĐ-CP.doc,8703.70.91,870370,8703709100,- - - - Dung tích xi lanh không quá 1.000 cc,70|70|70|70|70|70,70,70,,CBU_OR_ORDINARY_VEHICLE_BLOCK,EXTRACTED_FROM_WORDDOCUMENT_CELL_STREAM
RCEP,CN,CN,2023_163 + 164_129-2022-NĐ-CP.doc,8703.70.92,870370,8703709200,- - - - Dung tích xi lanh trên 1.000 cc nhưng không quá 1.500 cc,70|70|70|70|70|70,70,70,,CBU_OR_ORDINARY_VEHICLE_BLOCK,EXTRACTED_FROM_WORDDOCUMENT_CELL_STREAM
RCEP,CN,CN,2023_163 + 164_129-2022-NĐ-CP.doc,8703.70.93,870370,8703709300,- - - - Dung tích xi lanh trên 1.500 cc nhưng không quá 1.800 cc,70|70|70|70|70|70,70,70,,CBU_OR_ORDINARY_VEHICLE_BLOCK,EXTRACTED_FROM_WORDDOCUMENT_CELL_STREAM
RCEP,CN,CN,2023_163 + 164_129-2022-NĐ-CP.doc,8703.70.94,870370,8703709400,- - - - Dung tích xi lanh trên 1.800 cc nhưng không quá 2.000 cc,70|70|70|70|70|70,70,70,,CBU_OR_ORDINARY_VEHICLE_BLOCK,EXTRACTED_FROM_WORDDOCUMENT_CELL_STREAM
RCEP,CN,CN,2023_163 + 164_129-2022-NĐ-CP.doc,8703.70.95,870370,8703709500,- - - - Dung tích xi lanh trên 2.000 cc nhưng không quá 2.500 cc,70|70|70|70|70|70,70,70,,CBU_OR_ORDINARY_VEHICLE_BLOCK,EXTRACTED_FROM_WORDDOCUMENT_CELL_STREAM
RCEP,CN,CN,2023_163 + 164_129-2022-NĐ-CP.doc,8703.70.96,870370,8703709600,- - - - Dung tích xi lanh trên 2.500 cc nhưng không quá 3.000 cc,70|70|70|70|70|70,70,70,,CBU_OR_ORDINARY_VEHICLE_BLOCK,EXTRACTED_FROM_WORDDOCUMENT_CELL_STREAM
RCEP,CN,CN,2023_163 + 164_129-2022-NĐ-CP.doc,8703.70.97,870370,8703709700,- - - - Dung tích xi lanh trên 3.000 cc,70|70|70|70|70|70,70,70,,CBU_OR_ORDINARY_VEHICLE_BLOCK,EXTRACTED_FROM_WORDDOCUMENT_CELL_STREAM
RCEP,CN,CN,2023_163 + 164_129-2022-NĐ-CP.doc,8703.80.91,870380,8703809100,- - - Xe đua cỡ nhỏ,70|70|70|70|70|70,70,70,,CBU_OR_ORDINARY_VEHICLE_BLOCK,EXTRACTED_FROM_WORDDOCUMENT_CELL_STREAM
RCEP,CN,CN,2023_163 + 164_129-2022-NĐ-CP.doc,8703.80.92,870380,8703809200,- - - Xe địa hình ATV (All-Terrain Vehicles),70|70|70|70|70|70,70,70,,CBU_OR_ORDINARY_VEHICLE_BLOCK,EXTRACTED_FROM_WORDDOCUMENT_CELL_STREAM
RCEP,CN,CN,2023_163 + 164_129-2022-NĐ-CP.doc,8703.80.93,870380,8703809300,- - - Ô tô cứu thương,15|15|15|15|15|15,15,15,,CBU_OR_ORDINARY_VEHICLE_BLOCK,EXTRACTED_FROM_WORDDOCUMENT_CELL_STREAM
RCEP,CN,CN,2023_163 + 164_129-2022-NĐ-CP.doc,8703.80.94,870380,8703809400,- - - Ô tô tang lễ,70|70|70|70|70|70,70,70,,CBU_OR_ORDINARY_VEHICLE_BLOCK,EXTRACTED_FROM_WORDDOCUMENT_CELL_STREAM
RCEP,CN,CN,2023_163 + 164_129-2022-NĐ-CP.doc,8703.80.95,870380,8703809500,- - - Ô tô chở phạm nhân,70|70|70|70|70|70,70,70,,CBU_OR_ORDINARY_VEHICLE_BLOCK,EXTRACTED_FROM_WORDDOCUMENT_CELL_STREAM
RCEP,CN,CN,2023_163 + 164_129-2022-NĐ-CP.doc,8703.80.96,870380,8703809600,- - - Ô tô nhà ở lưu động (có nội thất được thiết kế như căn hộ) (Motor-homes),70|70|70|70|70|70,70,70,,CBU_OR_ORDINARY_VEHICLE_BLOCK,EXTRACTED_FROM_WORDDOCUMENT_CELL_STREAM
RCEP,CN,CN,2023_163 + 164_129-2022-NĐ-CP.doc,8703.80.97,870380,8703809700,- - - Ô tô kiểu Sedan,70|70|70|70|70|70,70,70,,CBU_OR_ORDINARY_VEHICLE_BLOCK,EXTRACTED_FROM_WORDDOCUMENT_CELL_STREAM
RCEP,CN,CN,2023_163 + 164_129-2022-NĐ-CP.doc,8703.80.98,870380,8703809800,"- - - Ô tô khác (kể cả ô tô chở người có khoang chở hành lý chung (station wagons) và ô tô thể thao, nhưng không kể ô tô van)",70|70|70|70|70|70,70,70,,CBU_OR_ORDINARY_VEHICLE_BLOCK,EXTRACTED_FROM_WORDDOCUMENT_CELL_STREAM
RCEP,CN,CN,2023_163 + 164_129-2022-NĐ-CP.doc,8703.80.99,870380,8703809900,- - - Loại khác,70|70|70|70|70|70,70,70,,CBU_OR_ORDINARY_VEHICLE_BLOCK,EXTRACTED_FROM_WORDDOCUMENT_CELL_STREAM
RCEP,CN,CN,2023_163 + 164_129-2022-NĐ-CP.doc,8703.90.91,870390,8703909100,- - - Xe đua cỡ nhỏ,70|70|70|70|70|70,70,70,,CBU_OR_ORDINARY_VEHICLE_BLOCK,EXTRACTED_FROM_WORDDOCUMENT_CELL_STREAM
RCEP,CN,CN,2023_163 + 164_129-2022-NĐ-CP.doc,8703.90.92,870390,8703909200,- - - Xe địa hình ATV (All-Terrain Vehicles),70|70|70|70|70|70,70,70,,CBU_OR_ORDINARY_VEHICLE_BLOCK,EXTRACTED_FROM_WORDDOCUMENT_CELL_STREAM
RCEP,CN,CN,2023_163 + 164_129-2022-NĐ-CP.doc,8703.90.93,870390,8703909300,- - - Ô tô cứu thương,70|70|70|70|70|70,70,70,,CBU_OR_ORDINARY_VEHICLE_BLOCK,EXTRACTED_FROM_WORDDOCUMENT_CELL_STREAM
RCEP,CN,CN,2023_163 + 164_129-2022-NĐ-CP.doc,8703.90.94,870390,8703909400,- - - Ô tô tang lễ,70|70|70|70|70|70,70,70,,CBU_OR_ORDINARY_VEHICLE_BLOCK,EXTRACTED_FROM_WORDDOCUMENT_CELL_STREAM
RCEP,CN,CN,2023_163 + 164_129-2022-NĐ-CP.doc,8703.90.95,870390,8703909500,- - - Ô tô chở phạm nhân,70|70|70|70|70|70,70,70,,CBU_OR_ORDINARY_VEHICLE_BLOCK,EXTRACTED_FROM_WORDDOCUMENT_CELL_STREAM
RCEP,CN,CN,2023_163 + 164_129-2022-NĐ-CP.doc,8703.90.96,870390,8703909600,- - - Ô tô nhà ở lưu động (có nội thất được thiết kế như căn hộ) (Motor-homes),70|70|70|70|70|70,70,70,,CBU_OR_ORDINARY_VEHICLE_BLOCK,EXTRACTED_FROM_WORDDOCUMENT_CELL_STREAM
RCEP,CN,CN,2023_163 + 164_129-2022-NĐ-CP.doc,8703.90.97,870390,8703909700,- - - Ô tô kiểu Sedan,70|70|70|70|70|70,70,70,,CBU_OR_ORDINARY_VEHICLE_BLOCK,EXTRACTED_FROM_WORDDOCUMENT_CELL_STREAM
RCEP,CN,CN,2023_163 + 164_129-2022-NĐ-CP.doc,8703.90.98,870390,8703909800,"- - - Ô tô khác (kể cả ô tô chở người có khoang chở hành lý chung (station wagons) và ô tô thể thao, nhưng không kể ô tô van)",70|70|70|70|70|70,70,70,,CBU_OR_ORDINARY_VEHICLE_BLOCK,EXTRACTED_FROM_WORDDOCUMENT_CELL_STREAM
RCEP,JP,JP,2023_179 + 180_129-2022-NĐ-CP.doc,8703.23.52,870323,8703235200,- - - - Ô tô tang lễ,20|20|20|20|20|20,20,20,,CBU_OR_ORDINARY_VEHICLE_BLOCK,EXTRACTED_FROM_WORDDOCUMENT_CELL_STREAM
RCEP,JP,JP,2023_179 + 180_129-2022-NĐ-CP.doc,8703.23.53,870323,8703235300,- - - - Ô tô chở phạm nhân,15|15|15|15|15|15,15,15,,CBU_OR_ORDINARY_VEHICLE_BLOCK,EXTRACTED_FROM_WORDDOCUMENT_CELL_STREAM
RCEP,JP,JP,2023_179 + 180_129-2022-NĐ-CP.doc,8703.24.42,870324,8703244200,- - - - Ô tô tang lễ,15|15|15|15|15|15,15,15,,CBU_OR_ORDINARY_VEHICLE_BLOCK,EXTRACTED_FROM_WORDDOCUMENT_CELL_STREAM
RCEP,JP,JP,2023_179 + 180_129-2022-NĐ-CP.doc,8703.24.43,870324,8703244300,- - - - Ô tô chở phạm nhân,15|15|15|15|15|15,15,15,,CBU_OR_ORDINARY_VEHICLE_BLOCK,EXTRACTED_FROM_WORDDOCUMENT_CELL_STREAM
RCEP,KR,KR,2023_197 + 198_129-2022-NĐ-CP.doc,8703.21.41,870321,8703214100,- - - - Xe đua cỡ nhỏ,63|56|49|42|35|28,35,28,,CBU_OR_ORDINARY_VEHICLE_BLOCK,EXTRACTED_FROM_WORDDOCUMENT_CELL_STREAM
RCEP,KR,KR,2023_197 + 198_129-2022-NĐ-CP.doc,8703.23.52,870323,8703235200,- - - - Ô tô tang lễ,20|20|20|20|20|20,20,20,,CBU_OR_ORDINARY_VEHICLE_BLOCK,EXTRACTED_FROM_WORDDOCUMENT_CELL_STREAM
RCEP,KR,KR,2023_197 + 198_129-2022-NĐ-CP.doc,8703.23.53,870323,8703235300,- - - - Ô tô chở phạm nhân,15|15|15|15|15|15,15,15,,CBU_OR_ORDINARY_VEHICLE_BLOCK,EXTRACTED_FROM_WORDDOCUMENT_CELL_STREAM
RCEP,KR,KR,2023_197 + 198_129-2022-NĐ-CP.doc,8703.24.42,870324,8703244200,- - - - Ô tô tang lễ,15|15|15|15|15|15,15,15,,CBU_OR_ORDINARY_VEHICLE_BLOCK,EXTRACTED_FROM_WORDDOCUMENT_CELL_STREAM
RCEP,KR,KR,2023_197 + 198_129-2022-NĐ-CP.doc,8703.24.43,870324,8703244300,- - - - Ô tô chở phạm nhân,15|15|15|15|15|15,15,15,,CBU_OR_ORDINARY_VEHICLE_BLOCK,EXTRACTED_FROM_WORDDOCUMENT_CELL_STREAM
RCEP,NZ,NZ,2023_213 + 214_129-2022-NĐ-CP.doc,8703.21.41,870321,8703214100,- - - - Xe đua cỡ nhỏ,63|56|49|42|35|28,35,28,,CBU_OR_ORDINARY_VEHICLE_BLOCK,EXTRACTED_FROM_WORDDOCUMENT_CELL_STREAM
RCEP,NZ,NZ,2023_213 + 214_129-2022-NĐ-CP.doc,8703.21.42,870321,8703214200,- - - - Xe địa hình ATV (All-Terrain Vehicles),70|70|70|70|70|70,70,70,,CBU_OR_ORDINARY_VEHICLE_BLOCK,EXTRACTED_FROM_WORDDOCUMENT_CELL_STREAM
RCEP,NZ,NZ,2023_213 + 214_129-2022-NĐ-CP.doc,8703.21.44,870321,8703214400,- - - - Ô tô nhà ở lưu động (có nội thất được thiết kế như căn hộ) (Motor-homes),70|70|70|70|70|70,70,70,,CBU_OR_ORDINARY_VEHICLE_BLOCK,EXTRACTED_FROM_WORDDOCUMENT_CELL_STREAM
RCEP,NZ,NZ,2023_213 + 214_129-2022-NĐ-CP.doc,8703.21.45,870321,8703214500,- - - - Ô tô kiểu Sedan,70|70|70|70|70|70,70,70,,CBU_OR_ORDINARY_VEHICLE_BLOCK,EXTRACTED_FROM_WORDDOCUMENT_CELL_STREAM
RCEP,NZ,NZ,2023_213 + 214_129-2022-NĐ-CP.doc,8703.21.51,870321,8703215100,- - - - - Loại bốn bánh chủ động,70|70|70|70|70|70,70,70,,CBU_OR_ORDINARY_VEHICLE_BLOCK,EXTRACTED_FROM_WORDDOCUMENT_CELL_STREAM
RCEP,NZ,NZ,2023_213 + 214_129-2022-NĐ-CP.doc,8703.21.59,870321,8703215900,- - - - - Loại khác,70|70|70|70|70|70,70,70,,CBU_OR_ORDINARY_VEHICLE_BLOCK,EXTRACTED_FROM_WORDDOCUMENT_CELL_STREAM
RCEP,NZ,NZ,2023_213 + 214_129-2022-NĐ-CP.doc,8703.21.91,870321,8703219100,- - - - - Xe 3 bánh,70|70|70|70|70|70,70,70,,CBU_OR_ORDINARY_VEHICLE_BLOCK,EXTRACTED_FROM_WORDDOCUMENT_CELL_STREAM
RCEP,NZ,NZ,2023_213 + 214_129-2022-NĐ-CP.doc,8703.21.99,870321,8703219900,- - - - - Loại khác,70|70|70|70|70|70,70,70,,CBU_OR_ORDINARY_VEHICLE_BLOCK,EXTRACTED_FROM_WORDDOCUMENT_CELL_STREAM
RCEP,NZ,NZ,2023_213 + 214_129-2022-NĐ-CP.doc,8703.22.41,870322,8703224100,- - - - Xe đua cỡ nhỏ,70|70|70|70|70|70,70,70,,CBU_OR_ORDINARY_VEHICLE_BLOCK,EXTRACTED_FROM_WORDDOCUMENT_CELL_STREAM
RCEP,NZ,NZ,2023_213 + 214_129-2022-NĐ-CP.doc,8703.22.42,870322,8703224200,- - - - Xe địa hình ATV (All-Terrain Vehicles),70|70|70|70|70|70,70,70,,CBU_OR_ORDINARY_VEHICLE_BLOCK,EXTRACTED_FROM_WORDDOCUMENT_CELL_STREAM
RCEP,NZ,NZ,2023_213 + 214_129-2022-NĐ-CP.doc,8703.22.43,870322,8703224300,- - - - Ô tô cứu thương,20|20|20|20|20|20,20,20,,CBU_OR_ORDINARY_VEHICLE_BLOCK,EXTRACTED_FROM_WORDDOCUMENT_CELL_STREAM
RCEP,NZ,NZ,2023_213 + 214_129-2022-NĐ-CP.doc,8703.22.44,870322,8703224400,- - - - Ô tô tang lễ,70|70|70|70|70|70,70,70,,CBU_OR_ORDINARY_VEHICLE_BLOCK,EXTRACTED_FROM_WORDDOCUMENT_CELL_STREAM
RCEP,NZ,NZ,2023_213 + 214_129-2022-NĐ-CP.doc,8703.22.45,870322,8703224500,- - - - Ô tô chở phạm nhân,70|70|70|70|70|70,70,70,,CBU_OR_ORDINARY_VEHICLE_BLOCK,EXTRACTED_FROM_WORDDOCUMENT_CELL_STREAM
RCEP,NZ,NZ,2023_213 + 214_129-2022-NĐ-CP.doc,8703.22.46,870322,8703224600,- - - - Ô tô nhà ở lưu động (có nội thất được thiết kế như căn hộ) (Motor-homes),70|70|70|70|70|70,70,70,,CBU_OR_ORDINARY_VEHICLE_BLOCK,EXTRACTED_FROM_WORDDOCUMENT_CELL_STREAM
RCEP,NZ,NZ,2023_213 + 214_129-2022-NĐ-CP.doc,8703.22.47,870322,8703224700,- - - - Ô tô kiểu Sedan,70|70|70|70|70|70,70,70,,CBU_OR_ORDINARY_VEHICLE_BLOCK,EXTRACTED_FROM_WORDDOCUMENT_CELL_STREAM
RCEP,NZ,NZ,2023_213 + 214_129-2022-NĐ-CP.doc,8703.22.51,870322,8703225100,- - - - - Loại bốn bánh chủ động,70|70|70|70|70|70,70,70,,CBU_OR_ORDINARY_VEHICLE_BLOCK,EXTRACTED_FROM_WORDDOCUMENT_CELL_STREAM
RCEP,NZ,NZ,2023_213 + 214_129-2022-NĐ-CP.doc,8703.22.59,870322,8703225900,- - - - - Loại khác,70|70|70|70|70|70,70,70,,CBU_OR_ORDINARY_VEHICLE_BLOCK,EXTRACTED_FROM_WORDDOCUMENT_CELL_STREAM
RCEP,NZ,NZ,2023_213 + 214_129-2022-NĐ-CP.doc,8703.22.90,870322,8703229000,- - - - Loại khác,70|70|70|70|70|70,70,70,,CBU_OR_ORDINARY_VEHICLE_BLOCK,EXTRACTED_FROM_WORDDOCUMENT_CELL_STREAM
RCEP,NZ,NZ,2023_213 + 214_129-2022-NĐ-CP.doc,8703.23.51,870323,8703235100,- - - - Ô tô cứu thương,20|20|20|20|20|20,20,20,,CBU_OR_ORDINARY_VEHICLE_BLOCK,EXTRACTED_FROM_WORDDOCUMENT_CELL_STREAM
RCEP,NZ,NZ,2023_213 + 214_129-2022-NĐ-CP.doc,8703.23.52,870323,8703235200,- - - - Ô tô tang lễ,20|20|20|20|20|20,20,20,,CBU_OR_ORDINARY_VEHICLE_BLOCK,EXTRACTED_FROM_WORDDOCUMENT_CELL_STREAM
RCEP,NZ,NZ,2023_213 + 214_129-2022-NĐ-CP.doc,8703.23.53,870323,8703235300,- - - - Ô tô chở phạm nhân,15|15|15|15|15|15,15,15,,CBU_OR_ORDINARY_VEHICLE_BLOCK,EXTRACTED_FROM_WORDDOCUMENT_CELL_STREAM
RCEP,NZ,NZ,2023_213 + 214_129-2022-NĐ-CP.doc,8703.23.54,870323,8703235400,- - - - Ô tô nhà ở lưu động (có nội thất được thiết kế như căn hộ) (Motor-homes),67|67|67|67|67|67,67,67,,CBU_OR_ORDINARY_VEHICLE_BLOCK,EXTRACTED_FROM_WORDDOCUMENT_CELL_STREAM
RCEP,NZ,NZ,2023_213 + 214_129-2022-NĐ-CP.doc,8703.23.55,870323,8703235500,- - - - - Dung tích xi lanh trên 1.500 cc nhưng không quá 1.800 cc,70|70|70|70|70|70,70,70,,CBU_OR_ORDINARY_VEHICLE_BLOCK,EXTRACTED_FROM_WORDDOCUMENT_CELL_STREAM
RCEP,NZ,NZ,2023_213 + 214_129-2022-NĐ-CP.doc,8703.23.56,870323,8703235600,- - - - - Dung tích xi lanh trên 1.800 cc nhưng không quá 2.000 cc,70|70|70|70|70|70,70,70,,CBU_OR_ORDINARY_VEHICLE_BLOCK,EXTRACTED_FROM_WORDDOCUMENT_CELL_STREAM
RCEP,NZ,NZ,2023_213 + 214_129-2022-NĐ-CP.doc,8703.23.57,870323,8703235700,- - - - - Dung tích xi lanh trên 2.000 cc nhưng không quá 2.500 cc,70|70|70|70|70|70,70,70,,CBU_OR_ORDINARY_VEHICLE_BLOCK,EXTRACTED_FROM_WORDDOCUMENT_CELL_STREAM
RCEP,NZ,NZ,2023_213 + 214_129-2022-NĐ-CP.doc,8703.23.58,870323,8703235800,- - - - - Dung tích xi lanh trên 2.500 cc,70|70|70|70|70|70,70,70,,CBU_OR_ORDINARY_VEHICLE_BLOCK,EXTRACTED_FROM_WORDDOCUMENT_CELL_STREAM
RCEP,NZ,NZ,2023_213 + 214_129-2022-NĐ-CP.doc,8703.23.61,870323,8703236100,- - - - - Dung tích xi lanh trên 1.500 cc nhưng không quá 1.800 cc,70|70|70|70|70|70,70,70,,CBU_OR_ORDINARY_VEHICLE_BLOCK,EXTRACTED_FROM_WORDDOCUMENT_CELL_STREAM
RCEP,NZ,NZ,2023_213 + 214_129-2022-NĐ-CP.doc,8703.23.62,870323,8703236200,- - - - - Dung tích xi lanh trên 1.800 cc nhưng không quá 2.000 cc,70|70|70|70|70|70,70,70,,CBU_OR_ORDINARY_VEHICLE_BLOCK,EXTRACTED_FROM_WORDDOCUMENT_CELL_STREAM
RCEP,NZ,NZ,2023_213 + 214_129-2022-NĐ-CP.doc,8703.23.63,870323,8703236300,- - - - - Dung tích xi lanh trên 2.000 cc nhưng không quá 2.500 cc,70|70|70|70|70|70,70,70,,CBU_OR_ORDINARY_VEHICLE_BLOCK,EXTRACTED_FROM_WORDDOCUMENT_CELL_STREAM
RCEP,NZ,NZ,2023_213 + 214_129-2022-NĐ-CP.doc,8703.23.64,870323,8703236400,- - - - - Dung tích xi lanh trên 2.500 cc,70|70|70|70|70|70,70,70,,CBU_OR_ORDINARY_VEHICLE_BLOCK,EXTRACTED_FROM_WORDDOCUMENT_CELL_STREAM
RCEP,NZ,NZ,2023_213 + 214_129-2022-NĐ-CP.doc,8703.23.65,870323,8703236500,- - - - - Dung tích xi lanh trên 1.500 cc nhưng không quá 1.800 cc,70|70|70|70|70|70,70,70,,CBU_OR_ORDINARY_VEHICLE_BLOCK,EXTRACTED_FROM_WORDDOCUMENT_CELL_STREAM
RCEP,NZ,NZ,2023_213 + 214_129-2022-NĐ-CP.doc,8703.23.66,870323,8703236600,- - - - - Dung tích xi lanh trên 1.800 cc nhưng không quá 2.000 cc,70|70|70|70|70|70,70,70,,CBU_OR_ORDINARY_VEHICLE_BLOCK,EXTRACTED_FROM_WORDDOCUMENT_CELL_STREAM
RCEP,NZ,NZ,2023_213 + 214_129-2022-NĐ-CP.doc,8703.23.67,870323,8703236700,- - - - - Dung tích xi lanh trên 2.000 cc nhưng không quá 2.500 cc,70|70|70|70|70|70,70,70,,CBU_OR_ORDINARY_VEHICLE_BLOCK,EXTRACTED_FROM_WORDDOCUMENT_CELL_STREAM
RCEP,NZ,NZ,2023_213 + 214_129-2022-NĐ-CP.doc,8703.23.68,870323,8703236800,- - - - - Dung tích xi lanh trên 2.500 cc,70|70|70|70|70|70,70,70,,CBU_OR_ORDINARY_VEHICLE_BLOCK,EXTRACTED_FROM_WORDDOCUMENT_CELL_STREAM
RCEP,NZ,NZ,2023_213 + 214_129-2022-NĐ-CP.doc,8703.23.71,870323,8703237100,- - - - - Dung tích xi lanh trên 1.500 cc nhưng không quá 1.800 cc,70|70|70|70|70|70,70,70,,CBU_OR_ORDINARY_VEHICLE_BLOCK,EXTRACTED_FROM_WORDDOCUMENT_CELL_STREAM
RCEP,NZ,NZ,2023_213 + 214_129-2022-NĐ-CP.doc,8703.23.72,870323,8703237200,- - - - - Dung tích xi lanh trên 1.800 cc nhưng không quá 2.000 cc,70|70|70|70|70|70,70,70,,CBU_OR_ORDINARY_VEHICLE_BLOCK,EXTRACTED_FROM_WORDDOCUMENT_CELL_STREAM
RCEP,NZ,NZ,2023_213 + 214_129-2022-NĐ-CP.doc,8703.23.73,870323,8703237300,- - - - - Dung tích xi lanh trên 2.000 cc nhưng không quá 2.500 cc,70|70|70|70|70|70,70,70,,CBU_OR_ORDINARY_VEHICLE_BLOCK,EXTRACTED_FROM_WORDDOCUMENT_CELL_STREAM
RCEP,NZ,NZ,2023_213 + 214_129-2022-NĐ-CP.doc,8703.23.74,870323,8703237400,- - - - - Dung tích xi lanh trên 2.500 cc,67|67|67|67|67|67,67,67,,CBU_OR_ORDINARY_VEHICLE_BLOCK,EXTRACTED_FROM_WORDDOCUMENT_CELL_STREAM
RCEP,NZ,NZ,2023_213 + 214_129-2022-NĐ-CP.doc,8703.24.41,870324,8703244100,- - - - Ô tô cứu thương,15|15|15|15|15|15,15,15,,CBU_OR_ORDINARY_VEHICLE_BLOCK,EXTRACTED_FROM_WORDDOCUMENT_CELL_STREAM
RCEP,NZ,NZ,2023_213 + 214_129-2022-NĐ-CP.doc,8703.24.42,870324,8703244200,- - - - Ô tô tang lễ,15|15|15|15|15|15,15,15,,CBU_OR_ORDINARY_VEHICLE_BLOCK,EXTRACTED_FROM_WORDDOCUMENT_CELL_STREAM
RCEP,NZ,NZ,2023_213 + 214_129-2022-NĐ-CP.doc,8703.24.43,870324,8703244300,- - - - Ô tô chở phạm nhân,15|15|15|15|15|15,15,15,,CBU_OR_ORDINARY_VEHICLE_BLOCK,EXTRACTED_FROM_WORDDOCUMENT_CELL_STREAM
RCEP,NZ,NZ,2023_213 + 214_129-2022-NĐ-CP.doc,8703.24.44,870324,8703244400,- - - - Ô tô nhà ở lưu động (có nội thất được thiết kế như căn hộ) (Motor-homes),67|67|67|67|67|67,67,67,,CBU_OR_ORDINARY_VEHICLE_BLOCK,EXTRACTED_FROM_WORDDOCUMENT_CELL_STREAM
RCEP,NZ,NZ,2023_213 + 214_129-2022-NĐ-CP.doc,8703.24.45,870324,8703244500,- - - - - Loại bốn bánh chủ động,59|59|59|59|59|59,59,59,,CBU_OR_ORDINARY_VEHICLE_BLOCK,EXTRACTED_FROM_WORDDOCUMENT_CELL_STREAM
RCEP,NZ,NZ,2023_213 + 214_129-2022-NĐ-CP.doc,8703.24.49,870324,8703244900,- - - - - Loại khác,67|67|67|67|67|67,67,67,,CBU_OR_ORDINARY_VEHICLE_BLOCK,EXTRACTED_FROM_WORDDOCUMENT_CELL_STREAM
RCEP,NZ,NZ,2023_213 + 214_129-2022-NĐ-CP.doc,8703.24.51,870324,8703245100,- - - - - Loại bốn bánh chủ động,59|59|59|59|59|59,59,59,,CBU_OR_ORDINARY_VEHICLE_BLOCK,EXTRACTED_FROM_WORDDOCUMENT_CELL_STREAM
RCEP,NZ,NZ,2023_213 + 214_129-2022-NĐ-CP.doc,8703.24.59,870324,8703245900,- - - - - Loại khác,67|67|67|67|67|67,67,67,,CBU_OR_ORDINARY_VEHICLE_BLOCK,EXTRACTED_FROM_WORDDOCUMENT_CELL_STREAM
RCEP,NZ,NZ,2023_213 + 214_129-2022-NĐ-CP.doc,8703.24.61,870324,8703246100,- - - - - Loại bốn bánh chủ động,59|59|59|59|59|59,59,59,,CBU_OR_ORDINARY_VEHICLE_BLOCK,EXTRACTED_FROM_WORDDOCUMENT_CELL_STREAM
RCEP,NZ,NZ,2023_213 + 214_129-2022-NĐ-CP.doc,8703.24.69,870324,8703246900,- - - - - Loại khác,67|67|67|67|67|67,67,67,,CBU_OR_ORDINARY_VEHICLE_BLOCK,EXTRACTED_FROM_WORDDOCUMENT_CELL_STREAM
RCEP,NZ,NZ,2023_213 + 214_129-2022-NĐ-CP.doc,8703.40.41,870340,8703404100,- - - - Dung tích xi lanh không quá 1.000 cc,70|70|70|70|70|70,70,70,,CBU_OR_ORDINARY_VEHICLE_BLOCK,EXTRACTED_FROM_WORDDOCUMENT_CELL_STREAM
RCEP,NZ,NZ,2023_213 + 214_129-2022-NĐ-CP.doc,8703.40.42,870340,8703404200,- - - - Dung tích xi lanh trên 1.000 cc nhưng không quá 1.500 cc,70|70|70|70|70|70,70,70,,CBU_OR_ORDINARY_VEHICLE_BLOCK,EXTRACTED_FROM_WORDDOCUMENT_CELL_STREAM
RCEP,NZ,NZ,2023_213 + 214_129-2022-NĐ-CP.doc,8703.40.43,870340,8703404300,- - - - Dung tích xi lanh trên 1.500 cc nhưng không quá 1.800 cc,70|70|70|70|70|70,70,70,,CBU_OR_ORDINARY_VEHICLE_BLOCK,EXTRACTED_FROM_WORDDOCUMENT_CELL_STREAM
RCEP,NZ,NZ,2023_213 + 214_129-2022-NĐ-CP.doc,8703.40.44,870340,8703404400,- - - - Dung tích xi lanh trên 1.800 cc nhưng không quá 2.000 cc,70|70|70|70|70|70,70,70,,CBU_OR_ORDINARY_VEHICLE_BLOCK,EXTRACTED_FROM_WORDDOCUMENT_CELL_STREAM
RCEP,NZ,NZ,2023_213 + 214_129-2022-NĐ-CP.doc,8703.40.45,870340,8703404500,- - - - Dung tích xi lanh trên 2.000 cc nhưng không quá 2.500 cc,70|70|70|70|70|70,70,70,,CBU_OR_ORDINARY_VEHICLE_BLOCK,EXTRACTED_FROM_WORDDOCUMENT_CELL_STREAM
RCEP,NZ,NZ,2023_213 + 214_129-2022-NĐ-CP.doc,8703.40.46,870340,8703404600,- - - - Dung tích xi lanh trên 2.500 cc nhưng không quá 3.000 cc,70|70|70|70|70|70,70,70,,CBU_OR_ORDINARY_VEHICLE_BLOCK,EXTRACTED_FROM_WORDDOCUMENT_CELL_STREAM
RCEP,NZ,NZ,2023_213 + 214_129-2022-NĐ-CP.doc,8703.40.47,870340,8703404700,- - - - Dung tích xi lanh trên 3.000 cc,70|70|70|70|70|70,70,70,,CBU_OR_ORDINARY_VEHICLE_BLOCK,EXTRACTED_FROM_WORDDOCUMENT_CELL_STREAM
RCEP,NZ,NZ,2023_213 + 214_129-2022-NĐ-CP.doc,8703.40.51,870340,8703405100,- - - - Dung tích xi lanh không quá 1.000 cc,70|70|70|70|70|70,70,70,,CBU_OR_ORDINARY_VEHICLE_BLOCK,EXTRACTED_FROM_WORDDOCUMENT_CELL_STREAM
RCEP,NZ,NZ,2023_213 + 214_129-2022-NĐ-CP.doc,8703.40.52,870340,8703405200,- - - - Dung tích xi lanh trên 1.000 cc nhưng không quá 1.500 cc,70|70|70|70|70|70,70,70,,CBU_OR_ORDINARY_VEHICLE_BLOCK,EXTRACTED_FROM_WORDDOCUMENT_CELL_STREAM
RCEP,NZ,NZ,2023_213 + 214_129-2022-NĐ-CP.doc,8703.40.53,870340,8703405300,- - - - Dung tích xi lanh trên 1.500 cc nhưng không quá 1.800 cc,70|70|70|70|70|70,70,70,,CBU_OR_ORDINARY_VEHICLE_BLOCK,EXTRACTED_FROM_WORDDOCUMENT_CELL_STREAM
RCEP,NZ,NZ,2023_213 + 214_129-2022-NĐ-CP.doc,8703.40.54,870340,8703405400,- - - - Dung tích xi lanh trên 1.800 cc nhưng không quá 3.000 cc,70|70|70|70|70|70,70,70,,CBU_OR_ORDINARY_VEHICLE_BLOCK,EXTRACTED_FROM_WORDDOCUMENT_CELL_STREAM
RCEP,NZ,NZ,2023_213 + 214_129-2022-NĐ-CP.doc,8703.40.55,870340,8703405500,- - - - Dung tích xi lanh trên 3.000 cc,70|70|70|70|70|70,70,70,,CBU_OR_ORDINARY_VEHICLE_BLOCK,EXTRACTED_FROM_WORDDOCUMENT_CELL_STREAM
RCEP,NZ,NZ,2023_213 + 214_129-2022-NĐ-CP.doc,8703.40.56,870340,8703405600,- - - - Dung tích xi lanh không quá 1.500 cc,70|70|70|70|70|70,70,70,,CBU_OR_ORDINARY_VEHICLE_BLOCK,EXTRACTED_FROM_WORDDOCUMENT_CELL_STREAM
RCEP,NZ,NZ,2023_213 + 214_129-2022-NĐ-CP.doc,8703.40.57,870340,8703405700,- - - - Dung tích xi lanh trên 1.500 cc nhưng không quá 2.000 cc,70|70|70|70|70|70,70,70,,CBU_OR_ORDINARY_VEHICLE_BLOCK,EXTRACTED_FROM_WORDDOCUMENT_CELL_STREAM
RCEP,NZ,NZ,2023_213 + 214_129-2022-NĐ-CP.doc,8703.40.58,870340,8703405800,- - - - Dung tích xi lanh trên 2.000 cc,70|70|70|70|70|70,70,70,,CBU_OR_ORDINARY_VEHICLE_BLOCK,EXTRACTED_FROM_WORDDOCUMENT_CELL_STREAM
RCEP,NZ,NZ,2023_213 + 214_129-2022-NĐ-CP.doc,8703.40.61,870340,8703406100,- - - - Dung tích xi lanh không quá 1.000 cc,70|70|70|70|70|70,70,70,,CBU_OR_ORDINARY_VEHICLE_BLOCK,EXTRACTED_FROM_WORDDOCUMENT_CELL_STREAM
RCEP,NZ,NZ,2023_213 + 214_129-2022-NĐ-CP.doc,8703.40.62,870340,8703406200,- - - - Dung tích xi lanh trên 1.000 cc nhưng không quá 1.500 cc,70|70|70|70|70|70,70,70,,CBU_OR_ORDINARY_VEHICLE_BLOCK,EXTRACTED_FROM_WORDDOCUMENT_CELL_STREAM
RCEP,NZ,NZ,2023_213 + 214_129-2022-NĐ-CP.doc,8703.40.63,870340,8703406300,- - - - Dung tích xi lanh trên 1.500 cc nhưng không quá 1.800 cc,70|70|70|70|70|70,70,70,,CBU_OR_ORDINARY_VEHICLE_BLOCK,EXTRACTED_FROM_WORDDOCUMENT_CELL_STREAM
RCEP,NZ,NZ,2023_213 + 214_129-2022-NĐ-CP.doc,8703.40.64,870340,8703406400,- - - - Dung tích xi lanh trên 1.800 cc nhưng không quá 2.000 cc,70|70|70|70|70|70,70,70,,CBU_OR_ORDINARY_VEHICLE_BLOCK,EXTRACTED_FROM_WORDDOCUMENT_CELL_STREAM
RCEP,NZ,NZ,2023_213 + 214_129-2022-NĐ-CP.doc,8703.40.65,870340,8703406500,- - - - Dung tích xi lanh trên 2.000 cc nhưng không quá 2.500 cc,70|70|70|70|70|70,70,70,,CBU_OR_ORDINARY_VEHICLE_BLOCK,EXTRACTED_FROM_WORDDOCUMENT_CELL_STREAM
RCEP,NZ,NZ,2023_213 + 214_129-2022-NĐ-CP.doc,8703.40.66,870340,8703406600,- - - - Dung tích xi lanh trên 2.500 cc nhưng không quá 3.000 cc,70|70|70|70|70|70,70,70,,CBU_OR_ORDINARY_VEHICLE_BLOCK,EXTRACTED_FROM_WORDDOCUMENT_CELL_STREAM
RCEP,NZ,NZ,2023_213 + 214_129-2022-NĐ-CP.doc,8703.40.67,870340,8703406700,"- - - - Dung tích xi lanh trên 3.000 cc, loại bốn bánh chủ động",70|70|70|70|70|70,70,70,,CBU_OR_ORDINARY_VEHICLE_BLOCK,EXTRACTED_FROM_WORDDOCUMENT_CELL_STREAM
RCEP,NZ,NZ,2023_213 + 214_129-2022-NĐ-CP.doc,8703.40.68,870340,8703406800,"- - - - Dung tích xi lanh trên 3.000 cc, không phải loại bốn bánh chủ động",70|70|70|70|70|70,70,70,,CBU_OR_ORDINARY_VEHICLE_BLOCK,EXTRACTED_FROM_WORDDOCUMENT_CELL_STREAM
RCEP,NZ,NZ,2023_213 + 214_129-2022-NĐ-CP.doc,8703.40.71,870340,8703407100,- - - - Dung tích xi lanh không quá 1.000 cc,70|70|70|70|70|70,70,70,,CBU_OR_ORDINARY_VEHICLE_BLOCK,EXTRACTED_FROM_WORDDOCUMENT_CELL_STREAM
RCEP,NZ,NZ,2023_213 + 214_129-2022-NĐ-CP.doc,8703.40.72,870340,8703407200,- - - - Dung tích xi lanh trên 1.000 cc nhưng không quá 1.500 cc,70|70|70|70|70|70,70,70,,CBU_OR_ORDINARY_VEHICLE_BLOCK,EXTRACTED_FROM_WORDDOCUMENT_CELL_STREAM
RCEP,NZ,NZ,2023_213 + 214_129-2022-NĐ-CP.doc,8703.40.73,870340,8703407300,- - - - Dung tích xi lanh trên 1.500 cc nhưng không quá 1.800 cc,70|70|70|70|70|70,70,70,,CBU_OR_ORDINARY_VEHICLE_BLOCK,EXTRACTED_FROM_WORDDOCUMENT_CELL_STREAM
RCEP,NZ,NZ,2023_213 + 214_129-2022-NĐ-CP.doc,8703.40.74,870340,8703407400,- - - - Dung tích xi lanh trên 1.800 cc nhưng không quá 2.000 cc,70|70|70|70|70|70,70,70,,CBU_OR_ORDINARY_VEHICLE_BLOCK,EXTRACTED_FROM_WORDDOCUMENT_CELL_STREAM
RCEP,NZ,NZ,2023_213 + 214_129-2022-NĐ-CP.doc,8703.40.75,870340,8703407500,- - - - Dung tích xi lanh trên 2.000 cc nhưng không quá 2.500 cc,70|70|70|70|70|70,70,70,,CBU_OR_ORDINARY_VEHICLE_BLOCK,EXTRACTED_FROM_WORDDOCUMENT_CELL_STREAM
RCEP,NZ,NZ,2023_213 + 214_129-2022-NĐ-CP.doc,8703.40.76,870340,8703407600,- - - - Dung tích xi lanh trên 2.500 cc nhưng không quá 3.000 cc,70|70|70|70|70|70,70,70,,CBU_OR_ORDINARY_VEHICLE_BLOCK,EXTRACTED_FROM_WORDDOCUMENT_CELL_STREAM
RCEP,NZ,NZ,2023_213 + 214_129-2022-NĐ-CP.doc,8703.40.77,870340,8703407700,- - - - Dung tích xi lanh trên 3.000 cc,70|70|70|70|70|70,70,70,,CBU_OR_ORDINARY_VEHICLE_BLOCK,EXTRACTED_FROM_WORDDOCUMENT_CELL_STREAM
RCEP,NZ,NZ,2023_213 + 214_129-2022-NĐ-CP.doc,8703.40.81,870340,8703408100,- - - - Dung tích xi lanh không quá 1.000 cc,70|70|70|70|70|70,70,70,,CBU_OR_ORDINARY_VEHICLE_BLOCK,EXTRACTED_FROM_WORDDOCUMENT_CELL_STREAM
RCEP,NZ,NZ,2023_213 + 214_129-2022-NĐ-CP.doc,8703.40.82,870340,8703408200,- - - - Dung tích xi lanh trên 1.000 cc nhưng không quá 1.500 cc,70|70|70|70|70|70,70,70,,CBU_OR_ORDINARY_VEHICLE_BLOCK,EXTRACTED_FROM_WORDDOCUMENT_CELL_STREAM
RCEP,NZ,NZ,2023_213 + 214_129-2022-NĐ-CP.doc,8703.40.83,870340,8703408300,- - - - Dung tích xi lanh trên 1.500 cc nhưng không quá 1.800 cc,70|70|70|70|70|70,70,70,,CBU_OR_ORDINARY_VEHICLE_BLOCK,EXTRACTED_FROM_WORDDOCUMENT_CELL_STREAM
RCEP,NZ,NZ,2023_213 + 214_129-2022-NĐ-CP.doc,8703.40.84,870340,8703408400,- - - - Dung tích xi lanh trên 1.800 cc nhưng không quá 2.000 cc,70|70|70|70|70|70,70,70,,CBU_OR_ORDINARY_VEHICLE_BLOCK,EXTRACTED_FROM_WORDDOCUMENT_CELL_STREAM
RCEP,NZ,NZ,2023_213 + 214_129-2022-NĐ-CP.doc,8703.40.85,870340,8703408500,- - - - Dung tích xi lanh trên 2.000 cc nhưng không quá 2.500 cc,70|70|70|70|70|70,70,70,,CBU_OR_ORDINARY_VEHICLE_BLOCK,EXTRACTED_FROM_WORDDOCUMENT_CELL_STREAM
RCEP,NZ,NZ,2023_213 + 214_129-2022-NĐ-CP.doc,8703.40.86,870340,8703408600,- - - - Dung tích xi lanh trên 2.500 cc nhưng không quá 3.000 cc,70|70|70|70|70|70,70,70,,CBU_OR_ORDINARY_VEHICLE_BLOCK,EXTRACTED_FROM_WORDDOCUMENT_CELL_STREAM
RCEP,NZ,NZ,2023_213 + 214_129-2022-NĐ-CP.doc,8703.40.87,870340,8703408700,- - - - Dung tích xi lanh trên 3.000 cc,70|70|70|70|70|70,70,70,,CBU_OR_ORDINARY_VEHICLE_BLOCK,EXTRACTED_FROM_WORDDOCUMENT_CELL_STREAM
RCEP,NZ,NZ,2023_213 + 214_129-2022-NĐ-CP.doc,8703.40.91,870340,8703409100,- - - - Dung tích xi lanh không quá 1.000 cc,70|70|70|70|70|70,70,70,,CBU_OR_ORDINARY_VEHICLE_BLOCK,EXTRACTED_FROM_WORDDOCUMENT_CELL_STREAM
RCEP,NZ,NZ,2023_213 + 214_129-2022-NĐ-CP.doc,8703.40.92,870340,8703409200,- - - - Dung tích xi lanh trên 1.000 cc nhưng không quá 1.500 cc,70|70|70|70|70|70,70,70,,CBU_OR_ORDINARY_VEHICLE_BLOCK,EXTRACTED_FROM_WORDDOCUMENT_CELL_STREAM
RCEP,NZ,NZ,2023_213 + 214_129-2022-NĐ-CP.doc,8703.40.93,870340,8703409300,- - - - Dung tích xi lanh trên 1.500 cc nhưng không quá 1.800 cc,70|70|70|70|70|70,70,70,,CBU_OR_ORDINARY_VEHICLE_BLOCK,EXTRACTED_FROM_WORDDOCUMENT_CELL_STREAM
RCEP,NZ,NZ,2023_213 + 214_129-2022-NĐ-CP.doc,8703.40.94,870340,8703409400,- - - - Dung tích xi lanh trên 1.800 cc nhưng không quá 2.000 cc,70|70|70|70|70|70,70,70,,CBU_OR_ORDINARY_VEHICLE_BLOCK,EXTRACTED_FROM_WORDDOCUMENT_CELL_STREAM
RCEP,NZ,NZ,2023_213 + 214_129-2022-NĐ-CP.doc,8703.40.95,870340,8703409500,- - - - Dung tích xi lanh trên 2.000 cc nhưng không quá 2.500 cc,70|70|70|70|70|70,70,70,,CBU_OR_ORDINARY_VEHICLE_BLOCK,EXTRACTED_FROM_WORDDOCUMENT_CELL_STREAM
RCEP,NZ,NZ,2023_213 + 214_129-2022-NĐ-CP.doc,8703.40.96,870340,8703409600,- - - - Dung tích xi lanh trên 2.500 cc nhưng không quá 3.000 cc,70|70|70|70|70|70,70,70,,CBU_OR_ORDINARY_VEHICLE_BLOCK,EXTRACTED_FROM_WORDDOCUMENT_CELL_STREAM
RCEP,NZ,NZ,2023_213 + 214_129-2022-NĐ-CP.doc,8703.40.97,870340,8703409700,"- - - - Dung tích xi lanh trên 3.000 cc, loại bốn bánh chủ động",70|70|70|70|70|70,70,70,,CBU_OR_ORDINARY_VEHICLE_BLOCK,EXTRACTED_FROM_WORDDOCUMENT_CELL_STREAM
RCEP,NZ,NZ,2023_215 + 216_129-2022-NĐ-CP.doc,8703.50.41,870350,8703504100,- - - - Dung tích xi lanh không quá 1.000 cc,70|70|70|70|70|70,70,70,,CBU_OR_ORDINARY_VEHICLE_BLOCK,EXTRACTED_FROM_WORDDOCUMENT_CELL_STREAM
RCEP,NZ,NZ,2023_215 + 216_129-2022-NĐ-CP.doc,8703.50.42,870350,8703504200,- - - - Dung tích xi lanh trên 1.000 cc nhưng không quá 1.500 cc,70|70|70|70|70|70,70,70,,CBU_OR_ORDINARY_VEHICLE_BLOCK,EXTRACTED_FROM_WORDDOCUMENT_CELL_STREAM
RCEP,NZ,NZ,2023_215 + 216_129-2022-NĐ-CP.doc,8703.50.43,870350,8703504300,- - - - Dung tích xi lanh trên 1.500 cc nhưng không quá 1.800 cc,70|70|70|70|70|70,70,70,,CBU_OR_ORDINARY_VEHICLE_BLOCK,EXTRACTED_FROM_WORDDOCUMENT_CELL_STREAM
RCEP,NZ,NZ,2023_215 + 216_129-2022-NĐ-CP.doc,8703.50.44,870350,8703504400,- - - - Dung tích xi lanh trên 1.800 cc nhưng không quá 2.000 cc,70|70|70|70|70|70,70,70,,CBU_OR_ORDINARY_VEHICLE_BLOCK,EXTRACTED_FROM_WORDDOCUMENT_CELL_STREAM
RCEP,NZ,NZ,2023_215 + 216_129-2022-NĐ-CP.doc,8703.50.45,870350,8703504500,- - - - Dung tích xi lanh trên 2.000 cc nhưng không quá 2.500 cc,70|70|70|70|70|70,70,70,,CBU_OR_ORDINARY_VEHICLE_BLOCK,EXTRACTED_FROM_WORDDOCUMENT_CELL_STREAM
RCEP,NZ,NZ,2023_215 + 216_129-2022-NĐ-CP.doc,8703.50.46,870350,8703504600,- - - - Dung tích xi lanh trên 2.500 cc nhưng không quá 3.000 cc,70|70|70|70|70|70,70,70,,CBU_OR_ORDINARY_VEHICLE_BLOCK,EXTRACTED_FROM_WORDDOCUMENT_CELL_STREAM
RCEP,NZ,NZ,2023_215 + 216_129-2022-NĐ-CP.doc,8703.50.47,870350,8703504700,- - - - Dung tích xi lanh trên 3.000 cc,70|70|70|70|70|70,70,70,,CBU_OR_ORDINARY_VEHICLE_BLOCK,EXTRACTED_FROM_WORDDOCUMENT_CELL_STREAM
RCEP,NZ,NZ,2023_215 + 216_129-2022-NĐ-CP.doc,8703.50.51,870350,8703505100,- - - - Dung tích xi lanh không quá 1.000 cc,70|70|70|70|70|70,70,70,,CBU_OR_ORDINARY_VEHICLE_BLOCK,EXTRACTED_FROM_WORDDOCUMENT_CELL_STREAM
RCEP,NZ,NZ,2023_215 + 216_129-2022-NĐ-CP.doc,8703.50.52,870350,8703505200,- - - - Dung tích xi lanh trên 1.000 cc nhưng không quá 1.500 cc,70|70|70|70|70|70,70,70,,CBU_OR_ORDINARY_VEHICLE_BLOCK,EXTRACTED_FROM_WORDDOCUMENT_CELL_STREAM
RCEP,NZ,NZ,2023_215 + 216_129-2022-NĐ-CP.doc,8703.50.53,870350,8703505300,- - - - Dung tích xi lanh trên 1.500 cc nhưng không quá 1.800 cc,70|70|70|70|70|70,70,70,,CBU_OR_ORDINARY_VEHICLE_BLOCK,EXTRACTED_FROM_WORDDOCUMENT_CELL_STREAM
RCEP,NZ,NZ,2023_215 + 216_129-2022-NĐ-CP.doc,8703.50.54,870350,8703505400,- - - - Dung tích xi lanh trên 1.800 cc nhưng không quá 2.500 cc,70|70|70|70|70|70,70,70,,CBU_OR_ORDINARY_VEHICLE_BLOCK,EXTRACTED_FROM_WORDDOCUMENT_CELL_STREAM
RCEP,NZ,NZ,2023_215 + 216_129-2022-NĐ-CP.doc,8703.50.55,870350,8703505500,- - - - Dung tích xi lanh trên 2.500 cc,70|70|70|70|70|70,70,70,,CBU_OR_ORDINARY_VEHICLE_BLOCK,EXTRACTED_FROM_WORDDOCUMENT_CELL_STREAM
RCEP,NZ,NZ,2023_215 + 216_129-2022-NĐ-CP.doc,8703.50.56,870350,8703505600,- - - - Dung tích xi lanh không quá 1.500 cc,70|70|70|70|70|70,70,70,,CBU_OR_ORDINARY_VEHICLE_BLOCK,EXTRACTED_FROM_WORDDOCUMENT_CELL_STREAM
RCEP,NZ,NZ,2023_215 + 216_129-2022-NĐ-CP.doc,8703.50.57,870350,8703505700,- - - - Dung tích xi lanh trên 1.500 cc nhưng không quá 2.000 cc,70|70|70|70|70|70,70,70,,CBU_OR_ORDINARY_VEHICLE_BLOCK,EXTRACTED_FROM_WORDDOCUMENT_CELL_STREAM
RCEP,NZ,NZ,2023_215 + 216_129-2022-NĐ-CP.doc,8703.50.58,870350,8703505800,- - - - Dung tích xi lanh trên 2.000 cc,70|70|70|70|70|70,70,70,,CBU_OR_ORDINARY_VEHICLE_BLOCK,EXTRACTED_FROM_WORDDOCUMENT_CELL_STREAM
RCEP,NZ,NZ,2023_215 + 216_129-2022-NĐ-CP.doc,8703.50.61,870350,8703506100,- - - - Dung tích xi lanh không quá 1.000 cc,70|70|70|70|70|70,70,70,,CBU_OR_ORDINARY_VEHICLE_BLOCK,EXTRACTED_FROM_WORDDOCUMENT_CELL_STREAM
RCEP,NZ,NZ,2023_215 + 216_129-2022-NĐ-CP.doc,8703.50.62,870350,8703506200,- - - - Dung tích xi lanh trên 1.000 cc nhưng không quá 1.500 cc,70|70|70|70|70|70,70,70,,CBU_OR_ORDINARY_VEHICLE_BLOCK,EXTRACTED_FROM_WORDDOCUMENT_CELL_STREAM
RCEP,NZ,NZ,2023_215 + 216_129-2022-NĐ-CP.doc,8703.50.63,870350,8703506300,- - - - Dung tích xi lanh trên 1.500 cc nhưng không quá 1.800 cc,70|70|70|70|70|70,70,70,,CBU_OR_ORDINARY_VEHICLE_BLOCK,EXTRACTED_FROM_WORDDOCUMENT_CELL_STREAM
RCEP,NZ,NZ,2023_215 + 216_129-2022-NĐ-CP.doc,8703.50.64,870350,8703506400,- - - - Dung tích xi lanh trên 1.800 cc nhưng không quá 2.000 cc,70|70|70|70|70|70,70,70,,CBU_OR_ORDINARY_VEHICLE_BLOCK,EXTRACTED_FROM_WORDDOCUMENT_CELL_STREAM
RCEP,NZ,NZ,2023_215 + 216_129-2022-NĐ-CP.doc,8703.50.65,870350,8703506500,- - - - Dung tích xi lanh trên 2.000 cc nhưng không quá 2.500 cc,70|70|70|70|70|70,70,70,,CBU_OR_ORDINARY_VEHICLE_BLOCK,EXTRACTED_FROM_WORDDOCUMENT_CELL_STREAM
RCEP,NZ,NZ,2023_215 + 216_129-2022-NĐ-CP.doc,8703.50.66,870350,8703506600,- - - - Dung tích xi lanh trên 2.500 cc nhưng không quá 3.000 cc,70|70|70|70|70|70,70,70,,CBU_OR_ORDINARY_VEHICLE_BLOCK,EXTRACTED_FROM_WORDDOCUMENT_CELL_STREAM
RCEP,NZ,NZ,2023_215 + 216_129-2022-NĐ-CP.doc,8703.50.67,870350,8703506700,- - - - Dung tích xi lanh trên 3.000 cc,70|70|70|70|70|70,70,70,,CBU_OR_ORDINARY_VEHICLE_BLOCK,EXTRACTED_FROM_WORDDOCUMENT_CELL_STREAM
RCEP,NZ,NZ,2023_215 + 216_129-2022-NĐ-CP.doc,8703.50.71,870350,8703507100,- - - - Dung tích xi lanh không quá 1.000 cc,70|70|70|70|70|70,70,70,,CBU_OR_ORDINARY_VEHICLE_BLOCK,EXTRACTED_FROM_WORDDOCUMENT_CELL_STREAM
RCEP,NZ,NZ,2023_215 + 216_129-2022-NĐ-CP.doc,8703.50.72,870350,8703507200,- - - - Dung tích xi lanh trên 1.000 cc nhưng không quá 1.500 cc,70|70|70|70|70|70,70,70,,CBU_OR_ORDINARY_VEHICLE_BLOCK,EXTRACTED_FROM_WORDDOCUMENT_CELL_STREAM
RCEP,NZ,NZ,2023_215 + 216_129-2022-NĐ-CP.doc,8703.50.73,870350,8703507300,- - - - Dung tích xi lanh trên 1.500 cc nhưng không quá 1.800 cc,70|70|70|70|70|70,70,70,,CBU_OR_ORDINARY_VEHICLE_BLOCK,EXTRACTED_FROM_WORDDOCUMENT_CELL_STREAM
RCEP,NZ,NZ,2023_215 + 216_129-2022-NĐ-CP.doc,8703.50.74,870350,8703507400,- - - - Dung tích xi lanh trên 1.800 cc nhưng không quá 2.000 cc,70|70|70|70|70|70,70,70,,CBU_OR_ORDINARY_VEHICLE_BLOCK,EXTRACTED_FROM_WORDDOCUMENT_CELL_STREAM
RCEP,NZ,NZ,2023_215 + 216_129-2022-NĐ-CP.doc,8703.50.75,870350,8703507500,- - - - Dung tích xi lanh trên 2.000 cc nhưng không quá 2.500 cc,70|70|70|70|70|70,70,70,,CBU_OR_ORDINARY_VEHICLE_BLOCK,EXTRACTED_FROM_WORDDOCUMENT_CELL_STREAM
RCEP,NZ,NZ,2023_215 + 216_129-2022-NĐ-CP.doc,8703.50.76,870350,8703507600,- - - - Dung tích xi lanh trên 2.500 cc nhưng không quá 3.000 cc,70|70|70|70|70|70,70,70,,CBU_OR_ORDINARY_VEHICLE_BLOCK,EXTRACTED_FROM_WORDDOCUMENT_CELL_STREAM
RCEP,NZ,NZ,2023_215 + 216_129-2022-NĐ-CP.doc,8703.50.77,870350,8703507700,- - - - Dung tích xi lanh trên 3.000 cc,70|70|70|70|70|70,70,70,,CBU_OR_ORDINARY_VEHICLE_BLOCK,EXTRACTED_FROM_WORDDOCUMENT_CELL_STREAM
RCEP,NZ,NZ,2023_215 + 216_129-2022-NĐ-CP.doc,8703.50.81,870350,8703508100,- - - - Dung tích xi lanh không quá 1.000 cc,70|70|70|70|70|70,70,70,,CBU_OR_ORDINARY_VEHICLE_BLOCK,EXTRACTED_FROM_WORDDOCUMENT_CELL_STREAM
RCEP,NZ,NZ,2023_215 + 216_129-2022-NĐ-CP.doc,8703.50.82,870350,8703508200,- - - - Dung tích xi lanh trên 1.000 cc nhưng không quá 1.500 cc,70|70|70|70|70|70,70,70,,CBU_OR_ORDINARY_VEHICLE_BLOCK,EXTRACTED_FROM_WORDDOCUMENT_CELL_STREAM
RCEP,NZ,NZ,2023_215 + 216_129-2022-NĐ-CP.doc,8703.50.83,870350,8703508300,- - - - Dung tích xi lanh trên 1.500 cc nhưng không quá 1.800 cc,70|70|70|70|70|70,70,70,,CBU_OR_ORDINARY_VEHICLE_BLOCK,EXTRACTED_FROM_WORDDOCUMENT_CELL_STREAM
RCEP,NZ,NZ,2023_215 + 216_129-2022-NĐ-CP.doc,8703.50.84,870350,8703508400,- - - - Dung tích xi lanh trên 1.800 cc nhưng không quá 2.000 cc,70|70|70|70|70|70,70,70,,CBU_OR_ORDINARY_VEHICLE_BLOCK,EXTRACTED_FROM_WORDDOCUMENT_CELL_STREAM
RCEP,NZ,NZ,2023_215 + 216_129-2022-NĐ-CP.doc,8703.50.85,870350,8703508500,- - - - Dung tích xi lanh trên 2.000 cc nhưng không quá 2.500 cc,70|70|70|70|70|70,70,70,,CBU_OR_ORDINARY_VEHICLE_BLOCK,EXTRACTED_FROM_WORDDOCUMENT_CELL_STREAM
RCEP,NZ,NZ,2023_215 + 216_129-2022-NĐ-CP.doc,8703.50.86,870350,8703508600,- - - - Dung tích xi lanh trên 2.500 cc nhưng không quá 3.000 cc,70|70|70|70|70|70,70,70,,CBU_OR_ORDINARY_VEHICLE_BLOCK,EXTRACTED_FROM_WORDDOCUMENT_CELL_STREAM
RCEP,NZ,NZ,2023_215 + 216_129-2022-NĐ-CP.doc,8703.50.87,870350,8703508700,- - - - Dung tích xi lanh trên 3.000 cc,70|70|70|70|70|70,70,70,,CBU_OR_ORDINARY_VEHICLE_BLOCK,EXTRACTED_FROM_WORDDOCUMENT_CELL_STREAM
RCEP,NZ,NZ,2023_215 + 216_129-2022-NĐ-CP.doc,8703.50.91,870350,8703509100,- - - - Dung tích xi lanh không quá 1.000 cc,70|70|70|70|70|70,70,70,,CBU_OR_ORDINARY_VEHICLE_BLOCK,EXTRACTED_FROM_WORDDOCUMENT_CELL_STREAM
RCEP,NZ,NZ,2023_215 + 216_129-2022-NĐ-CP.doc,8703.50.92,870350,8703509200,- - - - Dung tích xi lanh trên 1.000 cc nhưng không quá 1.500 cc,70|70|70|70|70|70,70,70,,CBU_OR_ORDINARY_VEHICLE_BLOCK,EXTRACTED_FROM_WORDDOCUMENT_CELL_STREAM
RCEP,NZ,NZ,2023_215 + 216_129-2022-NĐ-CP.doc,8703.50.93,870350,8703509300,- - - - Dung tích xi lanh trên 1.500 cc nhưng không quá 1.800 cc,70|70|70|70|70|70,70,70,,CBU_OR_ORDINARY_VEHICLE_BLOCK,EXTRACTED_FROM_WORDDOCUMENT_CELL_STREAM
RCEP,NZ,NZ,2023_215 + 216_129-2022-NĐ-CP.doc,8703.50.94,870350,8703509400,- - - - Dung tích xi lanh trên 1.800 cc nhưng không quá 2.000 cc,70|70|70|70|70|70,70,70,,CBU_OR_ORDINARY_VEHICLE_BLOCK,EXTRACTED_FROM_WORDDOCUMENT_CELL_STREAM
RCEP,NZ,NZ,2023_215 + 216_129-2022-NĐ-CP.doc,8703.50.95,870350,8703509500,- - - - Dung tích xi lanh trên 2.000 cc nhưng không quá 2.500 cc,70|70|70|70|70|70,70,70,,CBU_OR_ORDINARY_VEHICLE_BLOCK,EXTRACTED_FROM_WORDDOCUMENT_CELL_STREAM
RCEP,NZ,NZ,2023_215 + 216_129-2022-NĐ-CP.doc,8703.50.96,870350,8703509600,- - - - Dung tích xi lanh trên 2.500 cc nhưng không quá 3.000 cc,70|70|70|70|70|70,70,70,,CBU_OR_ORDINARY_VEHICLE_BLOCK,EXTRACTED_FROM_WORDDOCUMENT_CELL_STREAM
RCEP,NZ,NZ,2023_215 + 216_129-2022-NĐ-CP.doc,8703.50.97,870350,8703509700,- - - - Dung tích xi lanh trên 3.000 cc,70|70|70|70|70|70,70,70,,CBU_OR_ORDINARY_VEHICLE_BLOCK,EXTRACTED_FROM_WORDDOCUMENT_CELL_STREAM
RCEP,NZ,NZ,2023_215 + 216_129-2022-NĐ-CP.doc,8703.60.41,870360,8703604100,- - - - Dung tích xi lanh không quá 1.000 cc,70|70|70|70|70|70,70,70,,CBU_OR_ORDINARY_VEHICLE_BLOCK,EXTRACTED_FROM_WORDDOCUMENT_CELL_STREAM
RCEP,NZ,NZ,2023_215 + 216_129-2022-NĐ-CP.doc,8703.60.42,870360,8703604200,- - - - Dung tích xi lanh trên 1.000 cc nhưng không quá 1.500 cc,70|70|70|70|70|70,70,70,,CBU_OR_ORDINARY_VEHICLE_BLOCK,EXTRACTED_FROM_WORDDOCUMENT_CELL_STREAM
RCEP,NZ,NZ,2023_215 + 216_129-2022-NĐ-CP.doc,8703.60.43,870360,8703604300,- - - - Dung tích xi lanh trên 1.500 cc nhưng không quá 1.800 cc,70|70|70|70|70|70,70,70,,CBU_OR_ORDINARY_VEHICLE_BLOCK,EXTRACTED_FROM_WORDDOCUMENT_CELL_STREAM
RCEP,NZ,NZ,2023_215 + 216_129-2022-NĐ-CP.doc,8703.60.44,870360,8703604400,- - - - Dung tích xi lanh trên 1.800 cc nhưng không quá 2.000 cc,70|70|70|70|70|70,70,70,,CBU_OR_ORDINARY_VEHICLE_BLOCK,EXTRACTED_FROM_WORDDOCUMENT_CELL_STREAM
RCEP,NZ,NZ,2023_215 + 216_129-2022-NĐ-CP.doc,8703.60.45,870360,8703604500,- - - - Dung tích xi lanh trên 2.000 cc nhưng không quá 2.500 cc,70|70|70|70|70|70,70,70,,CBU_OR_ORDINARY_VEHICLE_BLOCK,EXTRACTED_FROM_WORDDOCUMENT_CELL_STREAM
RCEP,NZ,NZ,2023_215 + 216_129-2022-NĐ-CP.doc,8703.60.46,870360,8703604600,- - - - Dung tích xi lanh trên 2.500 cc nhưng không quá 3.000 cc,70|70|70|70|70|70,70,70,,CBU_OR_ORDINARY_VEHICLE_BLOCK,EXTRACTED_FROM_WORDDOCUMENT_CELL_STREAM
RCEP,NZ,NZ,2023_215 + 216_129-2022-NĐ-CP.doc,8703.60.47,870360,8703604700,- - - - Dung tích xi lanh trên 3.000 cc,70|70|70|70|70|70,70,70,,CBU_OR_ORDINARY_VEHICLE_BLOCK,EXTRACTED_FROM_WORDDOCUMENT_CELL_STREAM
RCEP,NZ,NZ,2023_215 + 216_129-2022-NĐ-CP.doc,8703.60.51,870360,8703605100,- - - - Dung tích xi lanh không quá 1.000 cc,70|70|70|70|70|70,70,70,,CBU_OR_ORDINARY_VEHICLE_BLOCK,EXTRACTED_FROM_WORDDOCUMENT_CELL_STREAM
RCEP,NZ,NZ,2023_215 + 216_129-2022-NĐ-CP.doc,8703.60.52,870360,8703605200,- - - - Dung tích xi lanh trên 1.000 cc nhưng không quá 1.500 cc,70|70|70|70|70|70,70,70,,CBU_OR_ORDINARY_VEHICLE_BLOCK,EXTRACTED_FROM_WORDDOCUMENT_CELL_STREAM
RCEP,NZ,NZ,2023_215 + 216_129-2022-NĐ-CP.doc,8703.60.53,870360,8703605300,- - - - Dung tích xi lanh trên 1.500 cc nhưng không quá 1.800 cc,70|70|70|70|70|70,70,70,,CBU_OR_ORDINARY_VEHICLE_BLOCK,EXTRACTED_FROM_WORDDOCUMENT_CELL_STREAM
RCEP,NZ,NZ,2023_215 + 216_129-2022-NĐ-CP.doc,8703.60.54,870360,8703605400,- - - - Dung tích xi lanh trên 1.800 cc nhưng không quá 3.000 cc,70|70|70|70|70|70,70,70,,CBU_OR_ORDINARY_VEHICLE_BLOCK,EXTRACTED_FROM_WORDDOCUMENT_CELL_STREAM
RCEP,NZ,NZ,2023_215 + 216_129-2022-NĐ-CP.doc,8703.60.55,870360,8703605500,- - - - Dung tích xi lanh trên 3.000 cc,70|70|70|70|70|70,70,70,,CBU_OR_ORDINARY_VEHICLE_BLOCK,EXTRACTED_FROM_WORDDOCUMENT_CELL_STREAM
RCEP,NZ,NZ,2023_215 + 216_129-2022-NĐ-CP.doc,8703.60.56,870360,8703605600,- - - - Dung tích xi lanh không quá 1.500 cc,70|70|70|70|70|70,70,70,,CBU_OR_ORDINARY_VEHICLE_BLOCK,EXTRACTED_FROM_WORDDOCUMENT_CELL_STREAM
RCEP,NZ,NZ,2023_215 + 216_129-2022-NĐ-CP.doc,8703.60.57,870360,8703605700,- - - - Dung tích xi lanh trên 1.500 cc nhưng không quá 2.000 cc,70|70|70|70|70|70,70,70,,CBU_OR_ORDINARY_VEHICLE_BLOCK,EXTRACTED_FROM_WORDDOCUMENT_CELL_STREAM
RCEP,NZ,NZ,2023_215 + 216_129-2022-NĐ-CP.doc,8703.60.58,870360,8703605800,- - - - Dung tích xi lanh trên 2.000 cc,70|70|70|70|70|70,70,70,,CBU_OR_ORDINARY_VEHICLE_BLOCK,EXTRACTED_FROM_WORDDOCUMENT_CELL_STREAM
RCEP,NZ,NZ,2023_215 + 216_129-2022-NĐ-CP.doc,8703.60.61,870360,8703606100,- - - - Dung tích xi lanh không quá 1.000 cc,70|70|70|70|70|70,70,70,,CBU_OR_ORDINARY_VEHICLE_BLOCK,EXTRACTED_FROM_WORDDOCUMENT_CELL_STREAM
RCEP,NZ,NZ,2023_215 + 216_129-2022-NĐ-CP.doc,8703.60.62,870360,8703606200,- - - - Dung tích xi lanh trên 1.000 cc nhưng không quá 1.500 cc,70|70|70|70|70|70,70,70,,CBU_OR_ORDINARY_VEHICLE_BLOCK,EXTRACTED_FROM_WORDDOCUMENT_CELL_STREAM
RCEP,NZ,NZ,2023_215 + 216_129-2022-NĐ-CP.doc,8703.60.63,870360,8703606300,- - - - Dung tích xi lanh trên 1.500 cc nhưng không quá 1.800 cc,70|70|70|70|70|70,70,70,,CBU_OR_ORDINARY_VEHICLE_BLOCK,EXTRACTED_FROM_WORDDOCUMENT_CELL_STREAM
RCEP,NZ,NZ,2023_215 + 216_129-2022-NĐ-CP.doc,8703.60.64,870360,8703606400,- - - - Dung tích xi lanh trên 1.800 cc nhưng không quá 2.000 cc,70|70|70|70|70|70,70,70,,CBU_OR_ORDINARY_VEHICLE_BLOCK,EXTRACTED_FROM_WORDDOCUMENT_CELL_STREAM
RCEP,NZ,NZ,2023_215 + 216_129-2022-NĐ-CP.doc,8703.60.65,870360,8703606500,- - - - Dung tích xi lanh trên 2.000 cc nhưng không quá 2.500 cc,70|70|70|70|70|70,70,70,,CBU_OR_ORDINARY_VEHICLE_BLOCK,EXTRACTED_FROM_WORDDOCUMENT_CELL_STREAM
RCEP,NZ,NZ,2023_215 + 216_129-2022-NĐ-CP.doc,8703.60.66,870360,8703606600,- - - - Dung tích xi lanh trên 2.500 cc nhưng không quá 3.000 cc,70|70|70|70|70|70,70,70,,CBU_OR_ORDINARY_VEHICLE_BLOCK,EXTRACTED_FROM_WORDDOCUMENT_CELL_STREAM
RCEP,NZ,NZ,2023_215 + 216_129-2022-NĐ-CP.doc,8703.60.67,870360,8703606700,"- - - - Dung tích xi lanh trên 3.000 cc, loại bốn bánh chủ động",70|70|70|70|70|70,70,70,,CBU_OR_ORDINARY_VEHICLE_BLOCK,EXTRACTED_FROM_WORDDOCUMENT_CELL_STREAM
RCEP,NZ,NZ,2023_215 + 216_129-2022-NĐ-CP.doc,8703.60.68,870360,8703606800,"- - - - Dung tích xi lanh trên 3.000 cc, không phải loại bốn bánh chủ động",70|70|70|70|70|70,70,70,,CBU_OR_ORDINARY_VEHICLE_BLOCK,EXTRACTED_FROM_WORDDOCUMENT_CELL_STREAM
RCEP,NZ,NZ,2023_215 + 216_129-2022-NĐ-CP.doc,8703.60.71,870360,8703607100,- - - - Dung tích xi lanh không quá 1.000 cc,70|70|70|70|70|70,70,70,,CBU_OR_ORDINARY_VEHICLE_BLOCK,EXTRACTED_FROM_WORDDOCUMENT_CELL_STREAM
RCEP,NZ,NZ,2023_215 + 216_129-2022-NĐ-CP.doc,8703.60.72,870360,8703607200,- - - - Dung tích xi lanh trên 1.000 cc nhưng không quá 1.500 cc,70|70|70|70|70|70,70,70,,CBU_OR_ORDINARY_VEHICLE_BLOCK,EXTRACTED_FROM_WORDDOCUMENT_CELL_STREAM
RCEP,NZ,NZ,2023_215 + 216_129-2022-NĐ-CP.doc,8703.60.73,870360,8703607300,- - - - Dung tích xi lanh trên 1.500 cc nhưng không quá 1.800 cc,70|70|70|70|70|70,70,70,,CBU_OR_ORDINARY_VEHICLE_BLOCK,EXTRACTED_FROM_WORDDOCUMENT_CELL_STREAM
RCEP,NZ,NZ,2023_215 + 216_129-2022-NĐ-CP.doc,8703.60.74,870360,8703607400,- - - - Dung tích xi lanh trên 1.800 cc nhưng không quá 2.000 cc,70|70|70|70|70|70,70,70,,CBU_OR_ORDINARY_VEHICLE_BLOCK,EXTRACTED_FROM_WORDDOCUMENT_CELL_STREAM
RCEP,NZ,NZ,2023_215 + 216_129-2022-NĐ-CP.doc,8703.60.75,870360,8703607500,- - - - Dung tích xi lanh trên 2.000 cc nhưng không quá 2.500 cc,70|70|70|70|70|70,70,70,,CBU_OR_ORDINARY_VEHICLE_BLOCK,EXTRACTED_FROM_WORDDOCUMENT_CELL_STREAM
RCEP,NZ,NZ,2023_215 + 216_129-2022-NĐ-CP.doc,8703.60.76,870360,8703607600,- - - - Dung tích xi lanh trên 2.500 cc nhưng không quá 3.000 cc,70|70|70|70|70|70,70,70,,CBU_OR_ORDINARY_VEHICLE_BLOCK,EXTRACTED_FROM_WORDDOCUMENT_CELL_STREAM
RCEP,NZ,NZ,2023_215 + 216_129-2022-NĐ-CP.doc,8703.60.77,870360,8703607700,- - - - Dung tích xi lanh trên 3.000 cc,70|70|70|70|70|70,70,70,,CBU_OR_ORDINARY_VEHICLE_BLOCK,EXTRACTED_FROM_WORDDOCUMENT_CELL_STREAM
RCEP,NZ,NZ,2023_215 + 216_129-2022-NĐ-CP.doc,8703.60.81,870360,8703608100,- - - - Dung tích xi lanh không quá 1.000 cc,70|70|70|70|70|70,70,70,,CBU_OR_ORDINARY_VEHICLE_BLOCK,EXTRACTED_FROM_WORDDOCUMENT_CELL_STREAM
RCEP,NZ,NZ,2023_215 + 216_129-2022-NĐ-CP.doc,8703.60.82,870360,8703608200,- - - - Dung tích xi lanh trên 1.000 cc nhưng không quá 1.500 cc,70|70|70|70|70|70,70,70,,CBU_OR_ORDINARY_VEHICLE_BLOCK,EXTRACTED_FROM_WORDDOCUMENT_CELL_STREAM
RCEP,NZ,NZ,2023_215 + 216_129-2022-NĐ-CP.doc,8703.60.83,870360,8703608300,- - - - Dung tích xi lanh trên 1.500 cc nhưng không quá 1.800 cc,70|70|70|70|70|70,70,70,,CBU_OR_ORDINARY_VEHICLE_BLOCK,EXTRACTED_FROM_WORDDOCUMENT_CELL_STREAM
RCEP,NZ,NZ,2023_215 + 216_129-2022-NĐ-CP.doc,8703.60.84,870360,8703608400,- - - - Dung tích xi lanh trên 1.800 cc nhưng không quá 2.000 cc,70|70|70|70|70|70,70,70,,CBU_OR_ORDINARY_VEHICLE_BLOCK,EXTRACTED_FROM_WORDDOCUMENT_CELL_STREAM
RCEP,NZ,NZ,2023_215 + 216_129-2022-NĐ-CP.doc,8703.60.85,870360,8703608500,- - - - Dung tích xi lanh trên 2.000 cc nhưng không quá 2.500 cc,70|70|70|70|70|70,70,70,,CBU_OR_ORDINARY_VEHICLE_BLOCK,EXTRACTED_FROM_WORDDOCUMENT_CELL_STREAM
RCEP,NZ,NZ,2023_215 + 216_129-2022-NĐ-CP.doc,8703.60.86,870360,8703608600,- - - - Dung tích xi lanh trên 2.500 cc nhưng không quá 3.000 cc,70|70|70|70|70|70,70,70,,CBU_OR_ORDINARY_VEHICLE_BLOCK,EXTRACTED_FROM_WORDDOCUMENT_CELL_STREAM
RCEP,NZ,NZ,2023_215 + 216_129-2022-NĐ-CP.doc,8703.60.87,870360,8703608700,- - - - Dung tích xi lanh trên 3.000 cc,70|70|70|70|70|70,70,70,,CBU_OR_ORDINARY_VEHICLE_BLOCK,EXTRACTED_FROM_WORDDOCUMENT_CELL_STREAM
RCEP,NZ,NZ,2023_215 + 216_129-2022-NĐ-CP.doc,8703.60.91,870360,8703609100,- - - - Dung tích xi lanh không quá 1.000 cc,70|70|70|70|70|70,70,70,,CBU_OR_ORDINARY_VEHICLE_BLOCK,EXTRACTED_FROM_WORDDOCUMENT_CELL_STREAM
RCEP,NZ,NZ,2023_215 + 216_129-2022-NĐ-CP.doc,8703.60.92,870360,8703609200,- - - - Dung tích xi lanh trên 1.000 cc nhưng không quá 1.500 cc,70|70|70|70|70|70,70,70,,CBU_OR_ORDINARY_VEHICLE_BLOCK,EXTRACTED_FROM_WORDDOCUMENT_CELL_STREAM
RCEP,NZ,NZ,2023_215 + 216_129-2022-NĐ-CP.doc,8703.60.93,870360,8703609300,- - - - Dung tích xi lanh trên 1.500 cc nhưng không quá 1.800 cc,70|70|70|70|70|70,70,70,,CBU_OR_ORDINARY_VEHICLE_BLOCK,EXTRACTED_FROM_WORDDOCUMENT_CELL_STREAM
RCEP,NZ,NZ,2023_215 + 216_129-2022-NĐ-CP.doc,8703.60.94,870360,8703609400,- - - - Dung tích xi lanh trên 1.800 cc nhưng không quá 2.000 cc,70|70|70|70|70|70,70,70,,CBU_OR_ORDINARY_VEHICLE_BLOCK,EXTRACTED_FROM_WORDDOCUMENT_CELL_STREAM
RCEP,NZ,NZ,2023_215 + 216_129-2022-NĐ-CP.doc,8703.60.95,870360,8703609500,- - - - Dung tích xi lanh trên 2.000 cc nhưng không quá 2.500 cc,70|70|70|70|70|70,70,70,,CBU_OR_ORDINARY_VEHICLE_BLOCK,EXTRACTED_FROM_WORDDOCUMENT_CELL_STREAM
RCEP,NZ,NZ,2023_215 + 216_129-2022-NĐ-CP.doc,8703.60.96,870360,8703609600,- - - - Dung tích xi lanh trên 2.500 cc nhưng không quá 3.000 cc,70|70|70|70|70|70,70,70,,CBU_OR_ORDINARY_VEHICLE_BLOCK,EXTRACTED_FROM_WORDDOCUMENT_CELL_STREAM
RCEP,NZ,NZ,2023_215 + 216_129-2022-NĐ-CP.doc,8703.60.97,870360,8703609700,"- - - - Dung tích xi lanh trên 3.000 cc, loại bốn bánh chủ động",70|70|70|70|70|70,70,70,,CBU_OR_ORDINARY_VEHICLE_BLOCK,EXTRACTED_FROM_WORDDOCUMENT_CELL_STREAM
RCEP,NZ,NZ,2023_215 + 216_129-2022-NĐ-CP.doc,8703.60.98,870360,8703609800,"- - - - Dung tích xi lanh trên 3.000 cc, không phải loại bốn bánh chủ động",70|70|70|70|70|70,70,70,,CBU_OR_ORDINARY_VEHICLE_BLOCK,EXTRACTED_FROM_WORDDOCUMENT_CELL_STREAM
RCEP,NZ,NZ,2023_215 + 216_129-2022-NĐ-CP.doc,8703.70.41,870370,8703704100,- - - - Dung tích xi lanh không quá 1.000 cc,70|70|70|70|70|70,70,70,,CBU_OR_ORDINARY_VEHICLE_BLOCK,EXTRACTED_FROM_WORDDOCUMENT_CELL_STREAM
RCEP,NZ,NZ,2023_215 + 216_129-2022-NĐ-CP.doc,8703.70.42,870370,8703704200,- - - - Dung tích xi lanh trên 1.000 cc nhưng không quá 1.500 cc,70|70|70|70|70|70,70,70,,CBU_OR_ORDINARY_VEHICLE_BLOCK,EXTRACTED_FROM_WORDDOCUMENT_CELL_STREAM
RCEP,NZ,NZ,2023_215 + 216_129-2022-NĐ-CP.doc,8703.70.43,870370,8703704300,- - - - Dung tích xi lanh trên 1.500 cc nhưng không quá 1.800 cc,70|70|70|70|70|70,70,70,,CBU_OR_ORDINARY_VEHICLE_BLOCK,EXTRACTED_FROM_WORDDOCUMENT_CELL_STREAM
RCEP,NZ,NZ,2023_215 + 216_129-2022-NĐ-CP.doc,8703.70.44,870370,8703704400,- - - - Dung tích xi lanh trên 1.800 cc nhưng không quá 2.000 cc,70|70|70|70|70|70,70,70,,CBU_OR_ORDINARY_VEHICLE_BLOCK,EXTRACTED_FROM_WORDDOCUMENT_CELL_STREAM
RCEP,NZ,NZ,2023_215 + 216_129-2022-NĐ-CP.doc,8703.70.45,870370,8703704500,- - - - Dung tích xi lanh trên 2.000 cc nhưng không quá 2.500 cc,70|70|70|70|70|70,70,70,,CBU_OR_ORDINARY_VEHICLE_BLOCK,EXTRACTED_FROM_WORDDOCUMENT_CELL_STREAM
RCEP,NZ,NZ,2023_215 + 216_129-2022-NĐ-CP.doc,8703.70.46,870370,8703704600,- - - - Dung tích xi lanh trên 2.500 cc nhưng không quá 3.000 cc,70|70|70|70|70|70,70,70,,CBU_OR_ORDINARY_VEHICLE_BLOCK,EXTRACTED_FROM_WORDDOCUMENT_CELL_STREAM
RCEP,NZ,NZ,2023_215 + 216_129-2022-NĐ-CP.doc,8703.70.47,870370,8703704700,- - - - Dung tích xi lanh trên 3.000 cc,70|70|70|70|70|70,70,70,,CBU_OR_ORDINARY_VEHICLE_BLOCK,EXTRACTED_FROM_WORDDOCUMENT_CELL_STREAM
RCEP,NZ,NZ,2023_215 + 216_129-2022-NĐ-CP.doc,8703.70.51,870370,8703705100,- - - - Dung tích xi lanh không quá 1.000 cc,70|70|70|70|70|70,70,70,,CBU_OR_ORDINARY_VEHICLE_BLOCK,EXTRACTED_FROM_WORDDOCUMENT_CELL_STREAM
RCEP,NZ,NZ,2023_215 + 216_129-2022-NĐ-CP.doc,8703.70.52,870370,8703705200,- - - - Dung tích xi lanh trên 1.000 cc nhưng không quá 1.500 cc,70|70|70|70|70|70,70,70,,CBU_OR_ORDINARY_VEHICLE_BLOCK,EXTRACTED_FROM_WORDDOCUMENT_CELL_STREAM
RCEP,NZ,NZ,2023_215 + 216_129-2022-NĐ-CP.doc,8703.70.53,870370,8703705300,- - - - Dung tích xi lanh trên 1.500 cc nhưng không quá 1.800 cc,70|70|70|70|70|70,70,70,,CBU_OR_ORDINARY_VEHICLE_BLOCK,EXTRACTED_FROM_WORDDOCUMENT_CELL_STREAM
RCEP,NZ,NZ,2023_215 + 216_129-2022-NĐ-CP.doc,8703.70.54,870370,8703705400,- - - - Dung tích xi lanh trên 1.800 cc nhưng không quá 2.500 cc,70|70|70|70|70|70,70,70,,CBU_OR_ORDINARY_VEHICLE_BLOCK,EXTRACTED_FROM_WORDDOCUMENT_CELL_STREAM
RCEP,NZ,NZ,2023_215 + 216_129-2022-NĐ-CP.doc,8703.70.55,870370,8703705500,- - - - Dung tích xi lanh trên 2.500 cc,70|70|70|70|70|70,70,70,,CBU_OR_ORDINARY_VEHICLE_BLOCK,EXTRACTED_FROM_WORDDOCUMENT_CELL_STREAM
RCEP,NZ,NZ,2023_215 + 216_129-2022-NĐ-CP.doc,8703.70.56,870370,8703705600,- - - - Dung tích xi lanh không quá 1.500 cc,70|70|70|70|70|70,70,70,,CBU_OR_ORDINARY_VEHICLE_BLOCK,EXTRACTED_FROM_WORDDOCUMENT_CELL_STREAM
RCEP,NZ,NZ,2023_215 + 216_129-2022-NĐ-CP.doc,8703.70.57,870370,8703705700,- - - - Dung tích xi lanh trên 1.500 cc nhưng không quá 2.000 cc,70|70|70|70|70|70,70,70,,CBU_OR_ORDINARY_VEHICLE_BLOCK,EXTRACTED_FROM_WORDDOCUMENT_CELL_STREAM
RCEP,NZ,NZ,2023_215 + 216_129-2022-NĐ-CP.doc,8703.70.58,870370,8703705800,- - - - Dung tích xi lanh trên 2.000 cc,70|70|70|70|70|70,70,70,,CBU_OR_ORDINARY_VEHICLE_BLOCK,EXTRACTED_FROM_WORDDOCUMENT_CELL_STREAM
RCEP,NZ,NZ,2023_215 + 216_129-2022-NĐ-CP.doc,8703.70.61,870370,8703706100,- - - - Dung tích xi lanh không quá 1.000 cc,70|70|70|70|70|70,70,70,,CBU_OR_ORDINARY_VEHICLE_BLOCK,EXTRACTED_FROM_WORDDOCUMENT_CELL_STREAM
RCEP,NZ,NZ,2023_215 + 216_129-2022-NĐ-CP.doc,8703.70.62,870370,8703706200,- - - - Dung tích xi lanh trên 1.000 cc nhưng không quá 1.500 cc,70|70|70|70|70|70,70,70,,CBU_OR_ORDINARY_VEHICLE_BLOCK,EXTRACTED_FROM_WORDDOCUMENT_CELL_STREAM
RCEP,NZ,NZ,2023_215 + 216_129-2022-NĐ-CP.doc,8703.70.63,870370,8703706300,- - - - Dung tích xi lanh trên 1.500 cc nhưng không quá 1.800 cc,70|70|70|70|70|70,70,70,,CBU_OR_ORDINARY_VEHICLE_BLOCK,EXTRACTED_FROM_WORDDOCUMENT_CELL_STREAM
RCEP,NZ,NZ,2023_215 + 216_129-2022-NĐ-CP.doc,8703.70.64,870370,8703706400,- - - - Dung tích xi lanh trên 1.800 cc nhưng không quá 2.000 cc,70|70|70|70|70|70,70,70,,CBU_OR_ORDINARY_VEHICLE_BLOCK,EXTRACTED_FROM_WORDDOCUMENT_CELL_STREAM
RCEP,NZ,NZ,2023_215 + 216_129-2022-NĐ-CP.doc,8703.70.65,870370,8703706500,- - - - Dung tích xi lanh trên 2.000 cc nhưng không quá 2.500 cc,70|70|70|70|70|70,70,70,,CBU_OR_ORDINARY_VEHICLE_BLOCK,EXTRACTED_FROM_WORDDOCUMENT_CELL_STREAM
RCEP,NZ,NZ,2023_215 + 216_129-2022-NĐ-CP.doc,8703.70.66,870370,8703706600,- - - - Dung tích xi lanh trên 2.500 cc nhưng không quá 3.000 cc,70|70|70|70|70|70,70,70,,CBU_OR_ORDINARY_VEHICLE_BLOCK,EXTRACTED_FROM_WORDDOCUMENT_CELL_STREAM
RCEP,NZ,NZ,2023_215 + 216_129-2022-NĐ-CP.doc,8703.70.67,870370,8703706700,- - - - Dung tích xi lanh trên 3.000 cc,70|70|70|70|70|70,70,70,,CBU_OR_ORDINARY_VEHICLE_BLOCK,EXTRACTED_FROM_WORDDOCUMENT_CELL_STREAM
RCEP,NZ,NZ,2023_215 + 216_129-2022-NĐ-CP.doc,8703.70.71,870370,8703707100,- - - - Dung tích xi lanh không quá 1.000 cc,70|70|70|70|70|70,70,70,,CBU_OR_ORDINARY_VEHICLE_BLOCK,EXTRACTED_FROM_WORDDOCUMENT_CELL_STREAM
RCEP,NZ,NZ,2023_215 + 216_129-2022-NĐ-CP.doc,8703.70.72,870370,8703707200,- - - - Dung tích xi lanh trên 1.000 cc nhưng không quá 1.500 cc,70|70|70|70|70|70,70,70,,CBU_OR_ORDINARY_VEHICLE_BLOCK,EXTRACTED_FROM_WORDDOCUMENT_CELL_STREAM
RCEP,NZ,NZ,2023_215 + 216_129-2022-NĐ-CP.doc,8703.70.73,870370,8703707300,- - - - Dung tích xi lanh trên 1.500 cc nhưng không quá 1.800 cc,70|70|70|70|70|70,70,70,,CBU_OR_ORDINARY_VEHICLE_BLOCK,EXTRACTED_FROM_WORDDOCUMENT_CELL_STREAM
RCEP,NZ,NZ,2023_215 + 216_129-2022-NĐ-CP.doc,8703.70.74,870370,8703707400,- - - - Dung tích xi lanh trên 1.800 cc nhưng không quá 2.000 cc,70|70|70|70|70|70,70,70,,CBU_OR_ORDINARY_VEHICLE_BLOCK,EXTRACTED_FROM_WORDDOCUMENT_CELL_STREAM
RCEP,NZ,NZ,2023_215 + 216_129-2022-NĐ-CP.doc,8703.70.75,870370,8703707500,- - - - Dung tích xi lanh trên 2.000 cc nhưng không quá 2.500 cc,70|70|70|70|70|70,70,70,,CBU_OR_ORDINARY_VEHICLE_BLOCK,EXTRACTED_FROM_WORDDOCUMENT_CELL_STREAM
RCEP,NZ,NZ,2023_215 + 216_129-2022-NĐ-CP.doc,8703.70.76,870370,8703707600,- - - - Dung tích xi lanh trên 2.500 cc nhưng không quá 3.000 cc,70|70|70|70|70|70,70,70,,CBU_OR_ORDINARY_VEHICLE_BLOCK,EXTRACTED_FROM_WORDDOCUMENT_CELL_STREAM
RCEP,NZ,NZ,2023_215 + 216_129-2022-NĐ-CP.doc,8703.70.77,870370,8703707700,- - - - Dung tích xi lanh trên 3.000 cc,70|70|70|70|70|70,70,70,,CBU_OR_ORDINARY_VEHICLE_BLOCK,EXTRACTED_FROM_WORDDOCUMENT_CELL_STREAM
RCEP,NZ,NZ,2023_215 + 216_129-2022-NĐ-CP.doc,8703.70.81,870370,8703708100,- - - - Dung tích xi lanh không quá 1.000 cc,70|70|70|70|70|70,70,70,,CBU_OR_ORDINARY_VEHICLE_BLOCK,EXTRACTED_FROM_WORDDOCUMENT_CELL_STREAM
RCEP,NZ,NZ,2023_215 + 216_129-2022-NĐ-CP.doc,8703.70.82,870370,8703708200,- - - - Dung tích xi lanh trên 1.000 cc nhưng không quá 1.500 cc,70|70|70|70|70|70,70,70,,CBU_OR_ORDINARY_VEHICLE_BLOCK,EXTRACTED_FROM_WORDDOCUMENT_CELL_STREAM
RCEP,NZ,NZ,2023_215 + 216_129-2022-NĐ-CP.doc,8703.70.83,870370,8703708300,- - - - Dung tích xi lanh trên 1.500 cc nhưng không quá 1.800 cc,70|70|70|70|70|70,70,70,,CBU_OR_ORDINARY_VEHICLE_BLOCK,EXTRACTED_FROM_WORDDOCUMENT_CELL_STREAM
RCEP,NZ,NZ,2023_215 + 216_129-2022-NĐ-CP.doc,8703.70.84,870370,8703708400,- - - - Dung tích xi lanh trên 1.800 cc nhưng không quá 2.000 cc,70|70|70|70|70|70,70,70,,CBU_OR_ORDINARY_VEHICLE_BLOCK,EXTRACTED_FROM_WORDDOCUMENT_CELL_STREAM
RCEP,NZ,NZ,2023_215 + 216_129-2022-NĐ-CP.doc,8703.70.85,870370,8703708500,- - - - Dung tích xi lanh trên 2.000 cc nhưng không quá 2.500 cc,70|70|70|70|70|70,70,70,,CBU_OR_ORDINARY_VEHICLE_BLOCK,EXTRACTED_FROM_WORDDOCUMENT_CELL_STREAM
RCEP,NZ,NZ,2023_215 + 216_129-2022-NĐ-CP.doc,8703.70.86,870370,8703708600,- - - - Dung tích xi lanh trên 2.500 cc nhưng không quá 3.000 cc,70|70|70|70|70|70,70,70,,CBU_OR_ORDINARY_VEHICLE_BLOCK,EXTRACTED_FROM_WORDDOCUMENT_CELL_STREAM
RCEP,NZ,NZ,2023_215 + 216_129-2022-NĐ-CP.doc,8703.70.87,870370,8703708700,- - - - Dung tích xi lanh trên 3.000 cc,70|70|70|70|70|70,70,70,,CBU_OR_ORDINARY_VEHICLE_BLOCK,EXTRACTED_FROM_WORDDOCUMENT_CELL_STREAM
RCEP,NZ,NZ,2023_215 + 216_129-2022-NĐ-CP.doc,8703.70.91,870370,8703709100,- - - - Dung tích xi lanh không quá 1.000 cc,70|70|70|70|70|70,70,70,,CBU_OR_ORDINARY_VEHICLE_BLOCK,EXTRACTED_FROM_WORDDOCUMENT_CELL_STREAM
RCEP,NZ,NZ,2023_215 + 216_129-2022-NĐ-CP.doc,8703.70.92,870370,8703709200,- - - - Dung tích xi lanh trên 1.000 cc nhưng không quá 1.500 cc,70|70|70|70|70|70,70,70,,CBU_OR_ORDINARY_VEHICLE_BLOCK,EXTRACTED_FROM_WORDDOCUMENT_CELL_STREAM
RCEP,NZ,NZ,2023_215 + 216_129-2022-NĐ-CP.doc,8703.70.93,870370,8703709300,- - - - Dung tích xi lanh trên 1.500 cc nhưng không quá 1.800 cc,70|70|70|70|70|70,70,70,,CBU_OR_ORDINARY_VEHICLE_BLOCK,EXTRACTED_FROM_WORDDOCUMENT_CELL_STREAM
RCEP,NZ,NZ,2023_215 + 216_129-2022-NĐ-CP.doc,8703.70.94,870370,8703709400,- - - - Dung tích xi lanh trên 1.800 cc nhưng không quá 2.000 cc,70|70|70|70|70|70,70,70,,CBU_OR_ORDINARY_VEHICLE_BLOCK,EXTRACTED_FROM_WORDDOCUMENT_CELL_STREAM
RCEP,NZ,NZ,2023_215 + 216_129-2022-NĐ-CP.doc,8703.70.95,870370,8703709500,- - - - Dung tích xi lanh trên 2.000 cc nhưng không quá 2.500 cc,70|70|70|70|70|70,70,70,,CBU_OR_ORDINARY_VEHICLE_BLOCK,EXTRACTED_FROM_WORDDOCUMENT_CELL_STREAM
RCEP,NZ,NZ,2023_215 + 216_129-2022-NĐ-CP.doc,8703.70.96,870370,8703709600,- - - - Dung tích xi lanh trên 2.500 cc nhưng không quá 3.000 cc,70|70|70|70|70|70,70,70,,CBU_OR_ORDINARY_VEHICLE_BLOCK,EXTRACTED_FROM_WORDDOCUMENT_CELL_STREAM
RCEP,NZ,NZ,2023_215 + 216_129-2022-NĐ-CP.doc,8703.70.97,870370,8703709700,- - - - Dung tích xi lanh trên 3.000 cc,70|70|70|70|70|70,70,70,,CBU_OR_ORDINARY_VEHICLE_BLOCK,EXTRACTED_FROM_WORDDOCUMENT_CELL_STREAM
RCEP,NZ,NZ,2023_215 + 216_129-2022-NĐ-CP.doc,8703.80.91,870380,8703809100,- - - Xe đua cỡ nhỏ,70|70|70|70|70|70,70,70,,CBU_OR_ORDINARY_VEHICLE_BLOCK,EXTRACTED_FROM_WORDDOCUMENT_CELL_STREAM
RCEP,NZ,NZ,2023_215 + 216_129-2022-NĐ-CP.doc,8703.80.92,870380,8703809200,- - - Xe địa hình ATV (All-Terrain Vehicles),70|70|70|70|70|70,70,70,,CBU_OR_ORDINARY_VEHICLE_BLOCK,EXTRACTED_FROM_WORDDOCUMENT_CELL_STREAM
RCEP,NZ,NZ,2023_215 + 216_129-2022-NĐ-CP.doc,8703.80.93,870380,8703809300,- - - Ô tô cứu thương,15|15|15|15|15|15,15,15,,CBU_OR_ORDINARY_VEHICLE_BLOCK,EXTRACTED_FROM_WORDDOCUMENT_CELL_STREAM
RCEP,NZ,NZ,2023_215 + 216_129-2022-NĐ-CP.doc,8703.80.94,870380,8703809400,- - - Ô tô tang lễ,70|70|70|70|70|70,70,70,,CBU_OR_ORDINARY_VEHICLE_BLOCK,EXTRACTED_FROM_WORDDOCUMENT_CELL_STREAM
RCEP,NZ,NZ,2023_215 + 216_129-2022-NĐ-CP.doc,8703.80.95,870380,8703809500,- - - Ô tô chở phạm nhân,70|70|70|70|70|70,70,70,,CBU_OR_ORDINARY_VEHICLE_BLOCK,EXTRACTED_FROM_WORDDOCUMENT_CELL_STREAM
RCEP,NZ,NZ,2023_215 + 216_129-2022-NĐ-CP.doc,8703.80.96,870380,8703809600,- - - Ô tô nhà ở lưu động (có nội thất được thiết kế như căn hộ) (Motor-homes),70|70|70|70|70|70,70,70,,CBU_OR_ORDINARY_VEHICLE_BLOCK,EXTRACTED_FROM_WORDDOCUMENT_CELL_STREAM
RCEP,NZ,NZ,2023_215 + 216_129-2022-NĐ-CP.doc,8703.80.97,870380,8703809700,- - - Ô tô kiểu Sedan,70|70|70|70|70|70,70,70,,CBU_OR_ORDINARY_VEHICLE_BLOCK,EXTRACTED_FROM_WORDDOCUMENT_CELL_STREAM
RCEP,NZ,NZ,2023_215 + 216_129-2022-NĐ-CP.doc,8703.80.98,870380,8703809800,"- - - Ô tô khác (kể cả ô tô chở người có khoang chở hành lý chung (station wagons) và ô tô thể thao, nhưng không kể ô tô van)",70|70|70|70|70|70,70,70,,CBU_OR_ORDINARY_VEHICLE_BLOCK,EXTRACTED_FROM_WORDDOCUMENT_CELL_STREAM
RCEP,NZ,NZ,2023_215 + 216_129-2022-NĐ-CP.doc,8703.80.99,870380,8703809900,- - - Loại khác,70|70|70|70|70|70,70,70,,CBU_OR_ORDINARY_VEHICLE_BLOCK,EXTRACTED_FROM_WORDDOCUMENT_CELL_STREAM
RCEP,NZ,NZ,2023_215 + 216_129-2022-NĐ-CP.doc,8703.90.91,870390,8703909100,- - - Xe đua cỡ nhỏ,70|70|70|70|70|70,70,70,,CBU_OR_ORDINARY_VEHICLE_BLOCK,EXTRACTED_FROM_WORDDOCUMENT_CELL_STREAM
RCEP,NZ,NZ,2023_215 + 216_129-2022-NĐ-CP.doc,8703.90.92,870390,8703909200,- - - Xe địa hình ATV (All-Terrain Vehicles),70|70|70|70|70|70,70,70,,CBU_OR_ORDINARY_VEHICLE_BLOCK,EXTRACTED_FROM_WORDDOCUMENT_CELL_STREAM
RCEP,NZ,NZ,2023_215 + 216_129-2022-NĐ-CP.doc,8703.90.93,870390,8703909300,- - - Ô tô cứu thương,70|70|70|70|70|70,70,70,,CBU_OR_ORDINARY_VEHICLE_BLOCK,EXTRACTED_FROM_WORDDOCUMENT_CELL_STREAM
RCEP,NZ,NZ,2023_215 + 216_129-2022-NĐ-CP.doc,8703.90.94,870390,8703909400,- - - Ô tô tang lễ,70|70|70|70|70|70,70,70,,CBU_OR_ORDINARY_VEHICLE_BLOCK,EXTRACTED_FROM_WORDDOCUMENT_CELL_STREAM
RCEP,NZ,NZ,2023_215 + 216_129-2022-NĐ-CP.doc,8703.90.95,870390,8703909500,- - - Ô tô chở phạm nhân,70|70|70|70|70|70,70,70,,CBU_OR_ORDINARY_VEHICLE_BLOCK,EXTRACTED_FROM_WORDDOCUMENT_CELL_STREAM
RCEP,NZ,NZ,2023_215 + 216_129-2022-NĐ-CP.doc,8703.90.96,870390,8703909600,- - - Ô tô nhà ở lưu động (có nội thất được thiết kế như căn hộ) (Motor-homes),70|70|70|70|70|70,70,70,,CBU_OR_ORDINARY_VEHICLE_BLOCK,EXTRACTED_FROM_WORDDOCUMENT_CELL_STREAM
RCEP,NZ,NZ,2023_215 + 216_129-2022-NĐ-CP.doc,8703.90.97,870390,8703909700,- - - Ô tô kiểu Sedan,70|70|70|70|70|70,70,70,,CBU_OR_ORDINARY_VEHICLE_BLOCK,EXTRACTED_FROM_WORDDOCUMENT_CELL_STREAM
RCEP,NZ,NZ,2023_215 + 216_129-2022-NĐ-CP.doc,8703.90.98,870390,8703909800,"- - - Ô tô khác (kể cả ô tô chở người có khoang chở hành lý chung (station wagons) và ô tô thể thao, nhưng không kể ô tô van)",70|70|70|70|70|70,70,70,,CBU_OR_ORDINARY_VEHICLE_BLOCK,EXTRACTED_FROM_WORDDOCUMENT_CELL_STREAM
