agreement,origin_group,source_file,vn_code,hs6_code,national_tariff_code,description_vi,rates_extracted,rate_2026_percent,rate_selection_basis,country_markers,notes,rate_column_count,extraction_status
ACFTA,CN,2023_535 + 536_118-2022-NĐ-CP.doc,4011.10.00,401110,40111000,- Loại sử dụng cho ô tô con (motor car) (kể cả loại ô tô chở người có khoang chở hành lý chung (station wagons) và ô tô đua),5,5,SINGLE_RATE_COLUMN,,,1,EXTRACTED_FROM_WORDDOCUMENT_CELL_STREAM
ACFTA,CN,2023_539 + 540_118-2022-NĐ-CP.doc,6813.81.00,681381,68138100,- - Lót và đệm phanh,0,0,SINGLE_RATE_COLUMN,,,1,EXTRACTED_FROM_WORDDOCUMENT_CELL_STREAM
ACFTA,CN,2023_539 + 540_118-2022-NĐ-CP.doc,7007.11,700711,700711,"- - Có kích cỡ và hình dạng phù hợp với từng loại xe, phương tiện bay, tàu vũ trụ hoặc tàu thuyền:",,,NO_RATE_COLUMN,,,0,EXTRACTED_FROM_WORDDOCUMENT_CELL_STREAM
ACFTA,CN,2023_539 + 540_118-2022-NĐ-CP.doc,7007.11.10,700711,70071110,- - - Phù hợp dùng cho xe thuộc Chương 87,50,50,SINGLE_RATE_COLUMN,,,1,EXTRACTED_FROM_WORDDOCUMENT_CELL_STREAM
ACFTA,CN,2023_539 + 540_118-2022-NĐ-CP.doc,7007.11.20,700711,70071120,- - - Phù hợp dùng cho phương tiện bay hoặc tàu vũ trụ thuộc Chương 88,0,0,SINGLE_RATE_COLUMN,,,1,EXTRACTED_FROM_WORDDOCUMENT_CELL_STREAM
ACFTA,CN,2023_539 + 540_118-2022-NĐ-CP.doc,7007.11.90,700711,70071190,- - - Loại khác,0,0,SINGLE_RATE_COLUMN,,,1,EXTRACTED_FROM_WORDDOCUMENT_CELL_STREAM
ACFTA,CN,2023_539 + 540_118-2022-NĐ-CP.doc,7007.21,700721,700721,"- - Có kích cỡ và hình dạng phù hợp với từng loại xe, phương tiện bay, tàu vũ trụ hoặc tàu thuyền:",,,NO_RATE_COLUMN,,,0,EXTRACTED_FROM_WORDDOCUMENT_CELL_STREAM
ACFTA,CN,2023_539 + 540_118-2022-NĐ-CP.doc,7007.21.10,700721,70072110,- - - Phù hợp dùng cho xe thuộc Chương 87,0,0,SINGLE_RATE_COLUMN,MY,,1,EXTRACTED_FROM_WORDDOCUMENT_CELL_STREAM
ACFTA,CN,2023_539 + 540_118-2022-NĐ-CP.doc,7007.21.20,700721,70072120,- - - Phù hợp dùng cho phương tiện bay hoặc tàu vũ trụ thuộc Chương 88,0,0,SINGLE_RATE_COLUMN,,,1,EXTRACTED_FROM_WORDDOCUMENT_CELL_STREAM
ACFTA,CN,2023_539 + 540_118-2022-NĐ-CP.doc,7007.21.90,700721,70072190,- - - Loại khác,0,0,SINGLE_RATE_COLUMN,,,1,EXTRACTED_FROM_WORDDOCUMENT_CELL_STREAM
ACFTA,CN,2023_539 + 540_118-2022-NĐ-CP.doc,7009.10.00,700910,70091000,- Gương chiếu hậu dùng cho xe,50,50,SINGLE_RATE_COLUMN,,- Loại khác:,1,EXTRACTED_FROM_WORDDOCUMENT_CELL_STREAM
ACFTA,CN,2023_539 + 540_118-2022-NĐ-CP.doc,7320.10,732010,732010,- Lò xo lá và các lá lò xo:,,,NO_RATE_COLUMN,,- - Dùng cho xe có động cơ hoặc các loại máy thuộc nhóm 84.29 hoặc 84.30:,0,EXTRACTED_FROM_WORDDOCUMENT_CELL_STREAM
ACFTA,CN,2023_539 + 540_118-2022-NĐ-CP.doc,7320.10.11,732010,73201011,"- - - Dùng cho xe có động cơ thuộc nhóm 87.02, 87.03 hoặc 87.04",0,0,SINGLE_RATE_COLUMN,ID,,1,EXTRACTED_FROM_WORDDOCUMENT_CELL_STREAM
ACFTA,CN,2023_539 + 540_118-2022-NĐ-CP.doc,7320.10.12,732010,73201012,- - - Dùng cho xe có động cơ khác,0,0,SINGLE_RATE_COLUMN,ID,,1,EXTRACTED_FROM_WORDDOCUMENT_CELL_STREAM
ACFTA,CN,2023_539 + 540_118-2022-NĐ-CP.doc,7320.10.19,732010,73201019,- - - Loại khác,0,0,SINGLE_RATE_COLUMN,ID,,1,EXTRACTED_FROM_WORDDOCUMENT_CELL_STREAM
ACFTA,CN,2023_539 + 540_118-2022-NĐ-CP.doc,7320.10.90,732010,73201090,- - Loại khác,0,0,SINGLE_RATE_COLUMN,ID,,1,EXTRACTED_FROM_WORDDOCUMENT_CELL_STREAM
ACFTA,CN,2023_539 + 540_118-2022-NĐ-CP.doc,7320.20,732020,732020,- Lò xo cuộn:,,,NO_RATE_COLUMN,,- - Dùng cho xe có động cơ hoặc các loại máy thuộc nhóm 84.29 hoặc 84.30:,0,EXTRACTED_FROM_WORDDOCUMENT_CELL_STREAM
ACFTA,CN,2023_539 + 540_118-2022-NĐ-CP.doc,7320.20.11,732020,73202011,- - - Dùng cho xe có động cơ,0,0,SINGLE_RATE_COLUMN,"ID, TH",,1,EXTRACTED_FROM_WORDDOCUMENT_CELL_STREAM
ACFTA,CN,2023_539 + 540_118-2022-NĐ-CP.doc,7320.20.12,732020,73202012,- - - Dùng cho máy làm đất,0,0,SINGLE_RATE_COLUMN,"ID, TH",,1,EXTRACTED_FROM_WORDDOCUMENT_CELL_STREAM
ACFTA,CN,2023_539 + 540_118-2022-NĐ-CP.doc,7320.20.19,732020,73202019,- - - Loại khác,0,0,SINGLE_RATE_COLUMN,"ID, TH",,1,EXTRACTED_FROM_WORDDOCUMENT_CELL_STREAM
ACFTA,CN,2023_539 + 540_118-2022-NĐ-CP.doc,7320.20.90,732020,73202090,- - Loại khác,0,0,SINGLE_RATE_COLUMN,"ID, TH",,1,EXTRACTED_FROM_WORDDOCUMENT_CELL_STREAM
ACFTA,CN,2023_541 + 542_118-2022-NĐ-CP.doc,8407.34,840734,840734,- - Dung tích xi lanh trên 1.000 cc:,,,NO_RATE_COLUMN,,- - - Đã lắp ráp hoàn chỉnh:,0,EXTRACTED_FROM_WORDDOCUMENT_CELL_STREAM
ACFTA,CN,2023_541 + 542_118-2022-NĐ-CP.doc,8407.34.40,840734,84073440,"- - - - Dùng cho máy kéo cầm tay, dung tích xi lanh không quá 1.100 cc",50,50,SINGLE_RATE_COLUMN,,,1,EXTRACTED_FROM_WORDDOCUMENT_CELL_STREAM
ACFTA,CN,2023_541 + 542_118-2022-NĐ-CP.doc,8407.34.50,840734,84073450,- - - - Dùng cho xe khác thuộc nhóm 87.01,50,50,SINGLE_RATE_COLUMN,,,1,EXTRACTED_FROM_WORDDOCUMENT_CELL_STREAM
ACFTA,CN,2023_541 + 542_118-2022-NĐ-CP.doc,8407.34.60,840734,84073460,- - - - Dùng cho xe thuộc nhóm 87.11,50,50,SINGLE_RATE_COLUMN,,- - - - Loại khác:,1,EXTRACTED_FROM_WORDDOCUMENT_CELL_STREAM
ACFTA,CN,2023_541 + 542_118-2022-NĐ-CP.doc,8407.34.71,840734,84073471,- - - - - Dung tích xi lanh không quá 2.000 cc,50,50,SINGLE_RATE_COLUMN,,,1,EXTRACTED_FROM_WORDDOCUMENT_CELL_STREAM
ACFTA,CN,2023_541 + 542_118-2022-NĐ-CP.doc,8407.34.72,840734,84073472,- - - - - Dung tích xi lanh trên 2.000 cc nhưng không quá 3.000 cc,50,50,SINGLE_RATE_COLUMN,,,1,EXTRACTED_FROM_WORDDOCUMENT_CELL_STREAM
ACFTA,CN,2023_541 + 542_118-2022-NĐ-CP.doc,8407.34.73,840734,84073473,- - - - - Dung tích xi lanh trên 3.000 cc,50,50,SINGLE_RATE_COLUMN,,- - - Loại khác:,1,EXTRACTED_FROM_WORDDOCUMENT_CELL_STREAM
ACFTA,CN,2023_541 + 542_118-2022-NĐ-CP.doc,8407.34.91,840734,84073491,"- - - - Dùng cho máy kéo cầm tay, dung tích xi lanh không quá 1.100 cc",50,50,SINGLE_RATE_COLUMN,,,1,EXTRACTED_FROM_WORDDOCUMENT_CELL_STREAM
ACFTA,CN,2023_541 + 542_118-2022-NĐ-CP.doc,8407.34.92,840734,84073492,- - - - Dùng cho xe khác thuộc nhóm 87.01,50,50,SINGLE_RATE_COLUMN,,,1,EXTRACTED_FROM_WORDDOCUMENT_CELL_STREAM
ACFTA,CN,2023_541 + 542_118-2022-NĐ-CP.doc,8407.34.93,840734,84073493,- - - - Dùng cho xe thuộc nhóm 87.11,50,50,SINGLE_RATE_COLUMN,,- - - - Loại khác:,1,EXTRACTED_FROM_WORDDOCUMENT_CELL_STREAM
ACFTA,CN,2023_541 + 542_118-2022-NĐ-CP.doc,8407.34.94,840734,84073494,- - - - - Dung tích xi lanh không quá 2.000 cc,50,50,SINGLE_RATE_COLUMN,,,1,EXTRACTED_FROM_WORDDOCUMENT_CELL_STREAM
ACFTA,CN,2023_541 + 542_118-2022-NĐ-CP.doc,8407.34.95,840734,84073495,- - - - - Dung tích xi lanh trên 2.000 cc nhưng không quá 3.000 cc,50,50,SINGLE_RATE_COLUMN,,,1,EXTRACTED_FROM_WORDDOCUMENT_CELL_STREAM
ACFTA,CN,2023_541 + 542_118-2022-NĐ-CP.doc,8407.34.99,840734,84073499,- - - - - Dung tích xi lanh trên 3.000 cc,50,50,SINGLE_RATE_COLUMN,,,1,EXTRACTED_FROM_WORDDOCUMENT_CELL_STREAM
ACFTA,CN,2023_541 + 542_118-2022-NĐ-CP.doc,8408.20,840820,840820,- Động cơ dùng để tạo động lực cho các loại xe thuộc Chương 87:,,,NO_RATE_COLUMN,,- - Đã lắp ráp hoàn chỉnh:,0,EXTRACTED_FROM_WORDDOCUMENT_CELL_STREAM
ACFTA,CN,2023_541 + 542_118-2022-NĐ-CP.doc,8408.20.10,840820,84082010,- - - Dùng cho xe thuộc phân nhóm 8701.10,0,0,SINGLE_RATE_COLUMN,,- - - Loại khác:,1,EXTRACTED_FROM_WORDDOCUMENT_CELL_STREAM
ACFTA,CN,2023_541 + 542_118-2022-NĐ-CP.doc,8408.20.21,840820,84082021,- - - - Dung tích xi lanh không quá 2.000 cc,5,5,SINGLE_RATE_COLUMN,,,1,EXTRACTED_FROM_WORDDOCUMENT_CELL_STREAM
ACFTA,CN,2023_541 + 542_118-2022-NĐ-CP.doc,8408.20.22,840820,84082022,- - - - Dung tích xi lanh trên 2.000 cc nhưng không quá 3.500 cc,5,5,SINGLE_RATE_COLUMN,,,1,EXTRACTED_FROM_WORDDOCUMENT_CELL_STREAM
ACFTA,CN,2023_541 + 542_118-2022-NĐ-CP.doc,8408.20.23,840820,84082023,- - - - Dung tích xi lanh trên 3.500 cc,5,5,SINGLE_RATE_COLUMN,,- - Loại khác:,1,EXTRACTED_FROM_WORDDOCUMENT_CELL_STREAM
ACFTA,CN,2023_541 + 542_118-2022-NĐ-CP.doc,8408.20.93,840820,84082093,- - - Dùng cho xe thuộc phân nhóm 8701.10,5,5,SINGLE_RATE_COLUMN,,- - - Loại khác:,1,EXTRACTED_FROM_WORDDOCUMENT_CELL_STREAM
ACFTA,CN,2023_541 + 542_118-2022-NĐ-CP.doc,8408.20.94,840820,84082094,- - - - Dung tích xi lanh không quá 2.000 cc,5,5,SINGLE_RATE_COLUMN,,,1,EXTRACTED_FROM_WORDDOCUMENT_CELL_STREAM
ACFTA,CN,2023_541 + 542_118-2022-NĐ-CP.doc,8408.20.95,840820,84082095,- - - - Dung tích xi lanh trên 2.000 cc nhưng không quá 3.500 cc,5,5,SINGLE_RATE_COLUMN,,,1,EXTRACTED_FROM_WORDDOCUMENT_CELL_STREAM
ACFTA,CN,2023_541 + 542_118-2022-NĐ-CP.doc,8408.20.96,840820,84082096,- - - - Dung tích xi lanh trên 3.500 cc,5,5,SINGLE_RATE_COLUMN,,,1,EXTRACTED_FROM_WORDDOCUMENT_CELL_STREAM
ACFTA,CN,2023_541 + 542_118-2022-NĐ-CP.doc,8409.91,840991,840991,- - Chỉ dùng hoặc chủ yếu dùng cho động cơ đốt trong kiểu piston đốt cháy bằng tia lửa điện:,,,NO_RATE_COLUMN,,- - - Dùng cho máy thuộc nhóm 84.29 hoặc 84.30:,0,EXTRACTED_FROM_WORDDOCUMENT_CELL_STREAM
ACFTA,CN,2023_541 + 542_118-2022-NĐ-CP.doc,8409.91.11,840991,84099111,- - - - Chế hòa khí và bộ phận của chúng,0,0,SINGLE_RATE_COLUMN,"PH, TH",,1,EXTRACTED_FROM_WORDDOCUMENT_CELL_STREAM
ACFTA,CN,2023_541 + 542_118-2022-NĐ-CP.doc,8409.91.12,840991,84099112,- - - - Thân động cơ (cylinder block); hộp trục khuỷu,0,0,SINGLE_RATE_COLUMN,"PH, TH",,1,EXTRACTED_FROM_WORDDOCUMENT_CELL_STREAM
ACFTA,CN,2023_541 + 542_118-2022-NĐ-CP.doc,8409.91.13,840991,84099113,"- - - - Ống xi lanh, có đường kính trong từ 50 mm trở lên, nhưng không quá 155 mm",0,0,SINGLE_RATE_COLUMN,"PH, TH",,1,EXTRACTED_FROM_WORDDOCUMENT_CELL_STREAM
ACFTA,CN,2023_541 + 542_118-2022-NĐ-CP.doc,8409.91.14,840991,84099114,- - - - Ống xi lanh khác,0,0,SINGLE_RATE_COLUMN,"PH, TH",,1,EXTRACTED_FROM_WORDDOCUMENT_CELL_STREAM
ACFTA,CN,2023_541 + 542_118-2022-NĐ-CP.doc,8409.91.15,840991,84099115,- - - - Quy lát và nắp quy lát,0,0,SINGLE_RATE_COLUMN,"PH, TH",,1,EXTRACTED_FROM_WORDDOCUMENT_CELL_STREAM
ACFTA,CN,2023_541 + 542_118-2022-NĐ-CP.doc,8409.91.16,840991,84099116,"- - - - Piston, có đường kính ngoài từ 50 mm trở lên, nhưng không quá 155 mm",0,0,SINGLE_RATE_COLUMN,"PH, TH",,1,EXTRACTED_FROM_WORDDOCUMENT_CELL_STREAM
ACFTA,CN,2023_541 + 542_118-2022-NĐ-CP.doc,8409.91.17,840991,84099117,- - - - Piston khác,0,0,SINGLE_RATE_COLUMN,"PH, TH",,1,EXTRACTED_FROM_WORDDOCUMENT_CELL_STREAM
ACFTA,CN,2023_541 + 542_118-2022-NĐ-CP.doc,8409.91.18,840991,84099118,- - - - Bạc piston và chốt piston,0,0,SINGLE_RATE_COLUMN,"PH, TH",,1,EXTRACTED_FROM_WORDDOCUMENT_CELL_STREAM
ACFTA,CN,2023_541 + 542_118-2022-NĐ-CP.doc,8409.91.19,840991,84099119,- - - - Loại khác,0,0,SINGLE_RATE_COLUMN,"PH, TH",- - - Dùng cho xe thuộc nhóm 87.01:,1,EXTRACTED_FROM_WORDDOCUMENT_CELL_STREAM
ACFTA,CN,2023_541 + 542_118-2022-NĐ-CP.doc,8409.91.21,840991,84099121,- - - - Chế hòa khí và bộ phận của chúng,5,5,SINGLE_RATE_COLUMN,,,1,EXTRACTED_FROM_WORDDOCUMENT_CELL_STREAM
ACFTA,CN,2023_541 + 542_118-2022-NĐ-CP.doc,8409.91.22,840991,84099122,- - - - Thân động cơ (cylinder block); hộp trục khuỷu,5,5,SINGLE_RATE_COLUMN,,,1,EXTRACTED_FROM_WORDDOCUMENT_CELL_STREAM
ACFTA,CN,2023_541 + 542_118-2022-NĐ-CP.doc,8409.91.23,840991,84099123,"- - - - Ống xi lanh, có đường kính trong từ 50 mm trở lên, nhưng không quá 155 mm",5,5,SINGLE_RATE_COLUMN,,,1,EXTRACTED_FROM_WORDDOCUMENT_CELL_STREAM
ACFTA,CN,2023_541 + 542_118-2022-NĐ-CP.doc,8409.91.24,840991,84099124,- - - - Ống xi lanh khác,5,5,SINGLE_RATE_COLUMN,,,1,EXTRACTED_FROM_WORDDOCUMENT_CELL_STREAM
ACFTA,CN,2023_541 + 542_118-2022-NĐ-CP.doc,8409.91.26,840991,84099126,"- - - - Piston, có đường kính ngoài từ 50 mm trở lên, nhưng không quá 155 mm",5,5,SINGLE_RATE_COLUMN,,,1,EXTRACTED_FROM_WORDDOCUMENT_CELL_STREAM
ACFTA,CN,2023_541 + 542_118-2022-NĐ-CP.doc,8409.91.28,840991,84099128,- - - - Bạc piston và chốt piston,5,5,SINGLE_RATE_COLUMN,,,1,EXTRACTED_FROM_WORDDOCUMENT_CELL_STREAM
ACFTA,CN,2023_541 + 542_118-2022-NĐ-CP.doc,8409.91.29,840991,84099129,- - - - Loại khác,5,5,SINGLE_RATE_COLUMN,,- - - Dùng cho xe của nhóm 87.11:,1,EXTRACTED_FROM_WORDDOCUMENT_CELL_STREAM
ACFTA,CN,2023_541 + 542_118-2022-NĐ-CP.doc,8409.91.31,840991,84099131,- - - - Chế hòa khí và bộ phận của chúng,5,5,SINGLE_RATE_COLUMN,,,1,EXTRACTED_FROM_WORDDOCUMENT_CELL_STREAM
ACFTA,CN,2023_541 + 542_118-2022-NĐ-CP.doc,8409.91.32,840991,84099132,- - - - Thân động cơ (cylinder block); hộp trục khuỷu,5,5,SINGLE_RATE_COLUMN,,,1,EXTRACTED_FROM_WORDDOCUMENT_CELL_STREAM
ACFTA,CN,2023_541 + 542_118-2022-NĐ-CP.doc,8409.91.34,840991,84099134,- - - - Ống xi lanh,5,5,SINGLE_RATE_COLUMN,,,1,EXTRACTED_FROM_WORDDOCUMENT_CELL_STREAM
ACFTA,CN,2023_541 + 542_118-2022-NĐ-CP.doc,8409.91.35,840991,84099135,- - - - Quy lát và nắp quy lát,5,5,SINGLE_RATE_COLUMN,,,1,EXTRACTED_FROM_WORDDOCUMENT_CELL_STREAM
ACFTA,CN,2023_541 + 542_118-2022-NĐ-CP.doc,8409.91.37,840991,84099137,- - - - Piston,5,5,SINGLE_RATE_COLUMN,,,1,EXTRACTED_FROM_WORDDOCUMENT_CELL_STREAM
ACFTA,CN,2023_541 + 542_118-2022-NĐ-CP.doc,8409.91.38,840991,84099138,- - - - Bạc piston và chốt piston,5,5,SINGLE_RATE_COLUMN,,,1,EXTRACTED_FROM_WORDDOCUMENT_CELL_STREAM
ACFTA,CN,2023_541 + 542_118-2022-NĐ-CP.doc,8409.91.39,840991,84099139,- - - - Loại khác,5,5,SINGLE_RATE_COLUMN,,- - - Dùng cho xe khác thuộc Chương 87:,1,EXTRACTED_FROM_WORDDOCUMENT_CELL_STREAM
ACFTA,CN,2023_541 + 542_118-2022-NĐ-CP.doc,8409.91.41,840991,84099141,- - - - Chế hòa khí và bộ phận của chúng,50,50,SINGLE_RATE_COLUMN,,,1,EXTRACTED_FROM_WORDDOCUMENT_CELL_STREAM
ACFTA,CN,2023_541 + 542_118-2022-NĐ-CP.doc,8409.91.42,840991,84099142,- - - - Thân động cơ (cylinder block); hộp trục khuỷu,50,50,SINGLE_RATE_COLUMN,,,1,EXTRACTED_FROM_WORDDOCUMENT_CELL_STREAM
ACFTA,CN,2023_541 + 542_118-2022-NĐ-CP.doc,8409.91.43,840991,84099143,"- - - - Ống xi lanh, có đường kính trong từ 50 mm trở lên, nhưng không quá 155 mm",50,50,SINGLE_RATE_COLUMN,,,1,EXTRACTED_FROM_WORDDOCUMENT_CELL_STREAM
ACFTA,CN,2023_541 + 542_118-2022-NĐ-CP.doc,8409.91.44,840991,84099144,- - - - Ống xi lanh khác,50,50,SINGLE_RATE_COLUMN,,,1,EXTRACTED_FROM_WORDDOCUMENT_CELL_STREAM
ACFTA,CN,2023_541 + 542_118-2022-NĐ-CP.doc,8409.91.45,840991,84099145,- - - - Quy lát và nắp quy lát,50,50,SINGLE_RATE_COLUMN,,,1,EXTRACTED_FROM_WORDDOCUMENT_CELL_STREAM
ACFTA,CN,2023_541 + 542_118-2022-NĐ-CP.doc,8409.91.46,840991,84099146,"- - - - Piston, có đường kính ngoài từ 50 mm trở lên, nhưng không quá 155 mm",50,50,SINGLE_RATE_COLUMN,,,1,EXTRACTED_FROM_WORDDOCUMENT_CELL_STREAM
ACFTA,CN,2023_541 + 542_118-2022-NĐ-CP.doc,8409.91.47,840991,84099147,- - - - Piston khác,50,50,SINGLE_RATE_COLUMN,,,1,EXTRACTED_FROM_WORDDOCUMENT_CELL_STREAM
ACFTA,CN,2023_541 + 542_118-2022-NĐ-CP.doc,8409.91.48,840991,84099148,- - - - Bạc piston và chốt piston,50,50,SINGLE_RATE_COLUMN,,,1,EXTRACTED_FROM_WORDDOCUMENT_CELL_STREAM
ACFTA,CN,2023_541 + 542_118-2022-NĐ-CP.doc,8409.91.49,840991,84099149,- - - - Loại khác,50,50,SINGLE_RATE_COLUMN,,"- - - Dùng cho tàu thuyền thuộc Chương 89:|- - - - Cho động cơ máy thủy công suất không quá 22,38 kW:",1,EXTRACTED_FROM_WORDDOCUMENT_CELL_STREAM
ACFTA,CN,2023_541 + 542_118-2022-NĐ-CP.doc,8409.91.51,840991,84099151,- - - - - Thân động cơ (cylinder block); hộp trục khuỷu,0,0,SINGLE_RATE_COLUMN,"PH, TH",,1,EXTRACTED_FROM_WORDDOCUMENT_CELL_STREAM
ACFTA,CN,2023_541 + 542_118-2022-NĐ-CP.doc,8409.91.52,840991,84099152,"- - - - - Ống xi lanh, có đường kính trong từ 50 mm trở lên, nhưng không quá 155 mm",0,0,SINGLE_RATE_COLUMN,"PH, TH",,1,EXTRACTED_FROM_WORDDOCUMENT_CELL_STREAM
ACFTA,CN,2023_541 + 542_118-2022-NĐ-CP.doc,8409.91.53,840991,84099153,- - - - - Ống xi lanh khác,0,0,SINGLE_RATE_COLUMN,"PH, TH",,1,EXTRACTED_FROM_WORDDOCUMENT_CELL_STREAM
ACFTA,CN,2023_541 + 542_118-2022-NĐ-CP.doc,8409.91.54,840991,84099154,"- - - - - Piston, có đường kính ngoài từ 50 mm trở lên, nhưng không quá 155 mm",0,0,SINGLE_RATE_COLUMN,"PH, TH",,1,EXTRACTED_FROM_WORDDOCUMENT_CELL_STREAM
ACFTA,CN,2023_541 + 542_118-2022-NĐ-CP.doc,8409.91.55,840991,84099155,- - - - - Piston khác,0,0,SINGLE_RATE_COLUMN,"PH, TH",,1,EXTRACTED_FROM_WORDDOCUMENT_CELL_STREAM
ACFTA,CN,2023_541 + 542_118-2022-NĐ-CP.doc,8409.91.59,840991,84099159,- - - - - Loại khác,0,0,SINGLE_RATE_COLUMN,"PH, TH","- - - - Cho động cơ máy thủy công suất trên 22,38 kW:",1,EXTRACTED_FROM_WORDDOCUMENT_CELL_STREAM
ACFTA,CN,2023_541 + 542_118-2022-NĐ-CP.doc,8409.91.61,840991,84099161,- - - - - Thân động cơ (cylinder block); hộp trục khuỷu,0,0,SINGLE_RATE_COLUMN,"PH, TH",,1,EXTRACTED_FROM_WORDDOCUMENT_CELL_STREAM
ACFTA,CN,2023_541 + 542_118-2022-NĐ-CP.doc,8409.91.62,840991,84099162,"- - - - - Ống xi lanh, có đường kính trong từ 50 mm trở lên, nhưng không quá 155 mm",0,0,SINGLE_RATE_COLUMN,"PH, TH",,1,EXTRACTED_FROM_WORDDOCUMENT_CELL_STREAM
ACFTA,CN,2023_541 + 542_118-2022-NĐ-CP.doc,8409.91.63,840991,84099163,- - - - - Ống xi lanh khác,0,0,SINGLE_RATE_COLUMN,"PH, TH",,1,EXTRACTED_FROM_WORDDOCUMENT_CELL_STREAM
ACFTA,CN,2023_541 + 542_118-2022-NĐ-CP.doc,8409.91.64,840991,84099164,"- - - - - Piston, có đường kính ngoài từ 50 mm trở lên, nhưng không quá 155 mm",0,0,SINGLE_RATE_COLUMN,"PH, TH",,1,EXTRACTED_FROM_WORDDOCUMENT_CELL_STREAM
ACFTA,CN,2023_541 + 542_118-2022-NĐ-CP.doc,8409.91.69,840991,84099169,- - - - - Loại khác,0,0,SINGLE_RATE_COLUMN,"PH, TH",- - - Dùng cho động cơ khác:,1,EXTRACTED_FROM_WORDDOCUMENT_CELL_STREAM
ACFTA,CN,2023_541 + 542_118-2022-NĐ-CP.doc,8409.91.71,840991,84099171,- - - - Chế hòa khí và bộ phận của chúng,5,5,SINGLE_RATE_COLUMN,,,1,EXTRACTED_FROM_WORDDOCUMENT_CELL_STREAM
ACFTA,CN,2023_541 + 542_118-2022-NĐ-CP.doc,8409.91.72,840991,84099172,- - - - Thân động cơ (cylinder block); hộp trục khuỷu,5,5,SINGLE_RATE_COLUMN,,,1,EXTRACTED_FROM_WORDDOCUMENT_CELL_STREAM
ACFTA,CN,2023_541 + 542_118-2022-NĐ-CP.doc,8409.91.73,840991,84099173,"- - - - Ống xi lanh, có đường kính trong từ 50 mm trở lên, nhưng không quá 155 mm",5,5,SINGLE_RATE_COLUMN,,,1,EXTRACTED_FROM_WORDDOCUMENT_CELL_STREAM
ACFTA,CN,2023_541 + 542_118-2022-NĐ-CP.doc,8409.91.74,840991,84099174,- - - - Ống xi lanh khác,5,5,SINGLE_RATE_COLUMN,,,1,EXTRACTED_FROM_WORDDOCUMENT_CELL_STREAM
ACFTA,CN,2023_541 + 542_118-2022-NĐ-CP.doc,8409.91.76,840991,84099176,"- - - - Piston, có đường kính ngoài từ 50 mm trở lên, nhưng không quá 155 mm",5,5,SINGLE_RATE_COLUMN,,,1,EXTRACTED_FROM_WORDDOCUMENT_CELL_STREAM
ACFTA,CN,2023_541 + 542_118-2022-NĐ-CP.doc,8409.91.77,840991,84099177,- - - - Piston khác,5,5,SINGLE_RATE_COLUMN,,,1,EXTRACTED_FROM_WORDDOCUMENT_CELL_STREAM
ACFTA,CN,2023_541 + 542_118-2022-NĐ-CP.doc,8409.91.78,840991,84099178,- - - - Bạc piston và chốt piston,5,5,SINGLE_RATE_COLUMN,,,1,EXTRACTED_FROM_WORDDOCUMENT_CELL_STREAM
ACFTA,CN,2023_541 + 542_118-2022-NĐ-CP.doc,8409.91.79,840991,84099179,- - - - Loại khác,5,5,SINGLE_RATE_COLUMN,,,1,EXTRACTED_FROM_WORDDOCUMENT_CELL_STREAM
ACFTA,CN,2023_541 + 542_118-2022-NĐ-CP.doc,8409.99,840999,840999,- - Loại khác:,,,NO_RATE_COLUMN,,- - - Dùng cho động cơ của máy thuộc nhóm 84.29 hoặc 84.30:,0,EXTRACTED_FROM_WORDDOCUMENT_CELL_STREAM
ACFTA,CN,2023_541 + 542_118-2022-NĐ-CP.doc,8409.99.11,840999,84099911,- - - - Chế hòa khí và bộ phận của chúng,0,0,SINGLE_RATE_COLUMN,"PH, TH",,1,EXTRACTED_FROM_WORDDOCUMENT_CELL_STREAM
ACFTA,CN,2023_541 + 542_118-2022-NĐ-CP.doc,8409.99.12,840999,84099912,- - - - Thân động cơ (cylinder block); hộp trục khuỷu,0,0,SINGLE_RATE_COLUMN,"PH, TH",,1,EXTRACTED_FROM_WORDDOCUMENT_CELL_STREAM
ACFTA,CN,2023_541 + 542_118-2022-NĐ-CP.doc,8409.99.13,840999,84099913,"- - - - Ống xi lanh, có đường kính trong từ 50 mm trở lên, nhưng không quá 155 mm",0,0,SINGLE_RATE_COLUMN,"PH, TH",,1,EXTRACTED_FROM_WORDDOCUMENT_CELL_STREAM
ACFTA,CN,2023_541 + 542_118-2022-NĐ-CP.doc,8409.99.14,840999,84099914,- - - - Ống xi lanh khác,0,0,SINGLE_RATE_COLUMN,"PH, TH",,1,EXTRACTED_FROM_WORDDOCUMENT_CELL_STREAM
ACFTA,CN,2023_541 + 542_118-2022-NĐ-CP.doc,8409.99.15,840999,84099915,- - - - Quy lát và nắp quy lát,0,0,SINGLE_RATE_COLUMN,"PH, TH",,1,EXTRACTED_FROM_WORDDOCUMENT_CELL_STREAM
ACFTA,CN,2023_541 + 542_118-2022-NĐ-CP.doc,8409.99.16,840999,84099916,"- - - - Piston, có đường kính ngoài từ 50 mm trở lên, nhưng không quá 155 mm",0,0,SINGLE_RATE_COLUMN,"PH, TH",,1,EXTRACTED_FROM_WORDDOCUMENT_CELL_STREAM
ACFTA,CN,2023_541 + 542_118-2022-NĐ-CP.doc,8409.99.17,840999,84099917,- - - - Piston khác,0,0,SINGLE_RATE_COLUMN,"PH, TH",,1,EXTRACTED_FROM_WORDDOCUMENT_CELL_STREAM
ACFTA,CN,2023_541 + 542_118-2022-NĐ-CP.doc,8409.99.18,840999,84099918,- - - - Bạc piston và chốt piston,0,0,SINGLE_RATE_COLUMN,"PH, TH",,1,EXTRACTED_FROM_WORDDOCUMENT_CELL_STREAM
ACFTA,CN,2023_541 + 542_118-2022-NĐ-CP.doc,8409.99.19,840999,84099919,- - - - Loại khác,0,0,SINGLE_RATE_COLUMN,"PH, TH",- - - Dùng cho động cơ của xe thuộc nhóm 87.01:,1,EXTRACTED_FROM_WORDDOCUMENT_CELL_STREAM
ACFTA,CN,2023_541 + 542_118-2022-NĐ-CP.doc,8409.99.21,840999,84099921,- - - - Chế hòa khí và bộ phận của chúng,0,0,SINGLE_RATE_COLUMN,"PH, TH",,1,EXTRACTED_FROM_WORDDOCUMENT_CELL_STREAM
ACFTA,CN,2023_541 + 542_118-2022-NĐ-CP.doc,8409.99.22,840999,84099922,- - - - Thân động cơ (cylinder block); hộp trục khuỷu,0,0,SINGLE_RATE_COLUMN,"PH, TH",,1,EXTRACTED_FROM_WORDDOCUMENT_CELL_STREAM
ACFTA,CN,2023_541 + 542_118-2022-NĐ-CP.doc,8409.99.23,840999,84099923,"- - - - Ống xi lanh, có đường kính trong từ 50 mm trở lên, nhưng không quá 155 mm",0,0,SINGLE_RATE_COLUMN,"PH, TH",,1,EXTRACTED_FROM_WORDDOCUMENT_CELL_STREAM
ACFTA,CN,2023_541 + 542_118-2022-NĐ-CP.doc,8409.99.24,840999,84099924,- - - - Ống xi lanh khác,0,0,SINGLE_RATE_COLUMN,"PH, TH",,1,EXTRACTED_FROM_WORDDOCUMENT_CELL_STREAM
ACFTA,CN,2023_541 + 542_118-2022-NĐ-CP.doc,8409.99.25,840999,84099925,- - - - Quy lát và nắp quy lát,0,0,SINGLE_RATE_COLUMN,"PH, TH",,1,EXTRACTED_FROM_WORDDOCUMENT_CELL_STREAM
ACFTA,CN,2023_541 + 542_118-2022-NĐ-CP.doc,8409.99.26,840999,84099926,"- - - - Piston, có đường kính ngoài từ 50 mm trở lên, nhưng không quá 155 mm",0,0,SINGLE_RATE_COLUMN,"PH, TH",,1,EXTRACTED_FROM_WORDDOCUMENT_CELL_STREAM
ACFTA,CN,2023_541 + 542_118-2022-NĐ-CP.doc,8409.99.27,840999,84099927,- - - - Piston khác,0,0,SINGLE_RATE_COLUMN,"PH, TH",,1,EXTRACTED_FROM_WORDDOCUMENT_CELL_STREAM
ACFTA,CN,2023_541 + 542_118-2022-NĐ-CP.doc,8409.99.29,840999,84099929,- - - - Loại khác,0,0,SINGLE_RATE_COLUMN,"PH, TH",- - - Dùng cho động cơ của xe thuộc nhóm 87.11:,1,EXTRACTED_FROM_WORDDOCUMENT_CELL_STREAM
ACFTA,CN,2023_541 + 542_118-2022-NĐ-CP.doc,8409.99.31,840999,84099931,- - - - Chế hòa khí và bộ phận của chúng,0,0,SINGLE_RATE_COLUMN,"PH, TH",,1,EXTRACTED_FROM_WORDDOCUMENT_CELL_STREAM
ACFTA,CN,2023_541 + 542_118-2022-NĐ-CP.doc,8409.99.32,840999,84099932,- - - - Thân động cơ (cylinder block); hộp trục khuỷu,0,0,SINGLE_RATE_COLUMN,"PH, TH",,1,EXTRACTED_FROM_WORDDOCUMENT_CELL_STREAM
ACFTA,CN,2023_541 + 542_118-2022-NĐ-CP.doc,8409.99.34,840999,84099934,- - - - Quy lát và nắp quy lát,0,0,SINGLE_RATE_COLUMN,"PH, TH",,1,EXTRACTED_FROM_WORDDOCUMENT_CELL_STREAM
ACFTA,CN,2023_541 + 542_118-2022-NĐ-CP.doc,8409.99.36,840999,84099936,- - - - Bạc piston và chốt piston,0,0,SINGLE_RATE_COLUMN,"PH, TH",,1,EXTRACTED_FROM_WORDDOCUMENT_CELL_STREAM
ACFTA,CN,2023_541 + 542_118-2022-NĐ-CP.doc,8409.99.37,840999,84099937,"- - - - Ống xi lanh, có đường kính trong từ 50 mm trở lên, nhưng không quá 155 mm; piston, có đường kính ngoài từ 50 mm trở lên, nhưng không quá 155 mm",0,0,SINGLE_RATE_COLUMN,"PH, TH",,1,EXTRACTED_FROM_WORDDOCUMENT_CELL_STREAM
ACFTA,CN,2023_541 + 542_118-2022-NĐ-CP.doc,8409.99.38,840999,84099938,- - - - Ống xi lanh và piston khác,0,0,SINGLE_RATE_COLUMN,"PH, TH",,1,EXTRACTED_FROM_WORDDOCUMENT_CELL_STREAM
ACFTA,CN,2023_541 + 542_118-2022-NĐ-CP.doc,8409.99.39,840999,84099939,- - - - Loại khác,0,0,SINGLE_RATE_COLUMN,"PH, TH",- - - Dùng cho động cơ của xe khác thuộc Chương 87:,1,EXTRACTED_FROM_WORDDOCUMENT_CELL_STREAM
ACFTA,CN,2023_541 + 542_118-2022-NĐ-CP.doc,8409.99.41,840999,84099941,- - - - Chế hòa khí và bộ phận của chúng,0,0,SINGLE_RATE_COLUMN,"PH, TH",,1,EXTRACTED_FROM_WORDDOCUMENT_CELL_STREAM
ACFTA,CN,2023_541 + 542_118-2022-NĐ-CP.doc,8409.99.42,840999,84099942,- - - - Thân động cơ (cylinder block); hộp trục khuỷu,0,0,SINGLE_RATE_COLUMN,"PH, TH",,1,EXTRACTED_FROM_WORDDOCUMENT_CELL_STREAM
ACFTA,CN,2023_541 + 542_118-2022-NĐ-CP.doc,8409.99.43,840999,84099943,"- - - - Ống xi lanh, có đường kính trong từ 50 mm trở lên, nhưng không quá 155 mm",0,0,SINGLE_RATE_COLUMN,"PH, TH",,1,EXTRACTED_FROM_WORDDOCUMENT_CELL_STREAM
ACFTA,CN,2023_541 + 542_118-2022-NĐ-CP.doc,8409.99.44,840999,84099944,- - - - Ống xi lanh khác,0,0,SINGLE_RATE_COLUMN,"PH, TH",,1,EXTRACTED_FROM_WORDDOCUMENT_CELL_STREAM
ACFTA,CN,2023_541 + 542_118-2022-NĐ-CP.doc,8409.99.45,840999,84099945,- - - - Quy lát và nắp quy lát,0,0,SINGLE_RATE_COLUMN,"PH, TH",,1,EXTRACTED_FROM_WORDDOCUMENT_CELL_STREAM
ACFTA,CN,2023_541 + 542_118-2022-NĐ-CP.doc,8409.99.46,840999,84099946,"- - - - Piston, có đường kính ngoài từ 50 mm trở lên, nhưng không quá 155 mm",0,0,SINGLE_RATE_COLUMN,"PH, TH",,1,EXTRACTED_FROM_WORDDOCUMENT_CELL_STREAM
ACFTA,CN,2023_541 + 542_118-2022-NĐ-CP.doc,8409.99.47,840999,84099947,- - - - Piston khác,0,0,SINGLE_RATE_COLUMN,"PH, TH",,1,EXTRACTED_FROM_WORDDOCUMENT_CELL_STREAM
ACFTA,CN,2023_541 + 542_118-2022-NĐ-CP.doc,8409.99.48,840999,84099948,- - - - Bạc piston và chốt piston,0,0,SINGLE_RATE_COLUMN,"PH, TH",,1,EXTRACTED_FROM_WORDDOCUMENT_CELL_STREAM
ACFTA,CN,2023_541 + 542_118-2022-NĐ-CP.doc,8409.99.49,840999,84099949,- - - - Loại khác,0,0,SINGLE_RATE_COLUMN,"PH, TH","- - - Dùng cho động cơ tàu thuyền thuộc Chương 89:|- - - - Cho động cơ máy thủy công suất không quá 22,38 kW:",1,EXTRACTED_FROM_WORDDOCUMENT_CELL_STREAM
ACFTA,CN,2023_541 + 542_118-2022-NĐ-CP.doc,8409.99.51,840999,84099951,- - - - - Thân động cơ (cylinder block); hộp trục khuỷu,0,0,SINGLE_RATE_COLUMN,"PH, TH",,1,EXTRACTED_FROM_WORDDOCUMENT_CELL_STREAM
ACFTA,CN,2023_541 + 542_118-2022-NĐ-CP.doc,8409.99.52,840999,84099952,"- - - - - Ống xi lanh, có đường kính trong từ 50 mm trở lên, nhưng không quá 155 mm",0,0,SINGLE_RATE_COLUMN,"PH, TH",,1,EXTRACTED_FROM_WORDDOCUMENT_CELL_STREAM
ACFTA,CN,2023_541 + 542_118-2022-NĐ-CP.doc,8409.99.53,840999,84099953,- - - - - Ống xi lanh khác,0,0,SINGLE_RATE_COLUMN,"PH, TH",,1,EXTRACTED_FROM_WORDDOCUMENT_CELL_STREAM
ACFTA,CN,2023_541 + 542_118-2022-NĐ-CP.doc,8409.99.54,840999,84099954,"- - - - - Piston, có đường kính ngoài từ 50 mm trở lên, nhưng không quá 155 mm",0,0,SINGLE_RATE_COLUMN,"PH, TH",,1,EXTRACTED_FROM_WORDDOCUMENT_CELL_STREAM
ACFTA,CN,2023_541 + 542_118-2022-NĐ-CP.doc,8409.99.55,840999,84099955,- - - - - Piston khác,0,0,SINGLE_RATE_COLUMN,"PH, TH",,1,EXTRACTED_FROM_WORDDOCUMENT_CELL_STREAM
ACFTA,CN,2023_541 + 542_118-2022-NĐ-CP.doc,8409.99.59,840999,84099959,- - - - - Loại khác,0,0,SINGLE_RATE_COLUMN,"PH, TH","- - - - Cho động cơ máy thủy công suất trên 22,38 kW:",1,EXTRACTED_FROM_WORDDOCUMENT_CELL_STREAM
ACFTA,CN,2023_541 + 542_118-2022-NĐ-CP.doc,8409.99.61,840999,84099961,- - - - - Thân động cơ (cylinder block); hộp trục khuỷu,0,0,SINGLE_RATE_COLUMN,,,1,EXTRACTED_FROM_WORDDOCUMENT_CELL_STREAM
ACFTA,CN,2023_541 + 542_118-2022-NĐ-CP.doc,8409.99.62,840999,84099962,"- - - - - Ống xi lanh, có đường kính trong từ 50 mm trở lên, nhưng không quá 155 mm",0,0,SINGLE_RATE_COLUMN,,,1,EXTRACTED_FROM_WORDDOCUMENT_CELL_STREAM
ACFTA,CN,2023_541 + 542_118-2022-NĐ-CP.doc,8409.99.63,840999,84099963,- - - - - Ống xi lanh khác,0,0,SINGLE_RATE_COLUMN,,,1,EXTRACTED_FROM_WORDDOCUMENT_CELL_STREAM
ACFTA,CN,2023_541 + 542_118-2022-NĐ-CP.doc,8409.99.64,840999,84099964,"- - - - - Piston, có đường kính ngoài từ 50 mm trở lên, nhưng không quá 155 mm",0,0,SINGLE_RATE_COLUMN,,,1,EXTRACTED_FROM_WORDDOCUMENT_CELL_STREAM
ACFTA,CN,2023_541 + 542_118-2022-NĐ-CP.doc,8409.99.65,840999,84099965,- - - - - Piston khác,0,0,SINGLE_RATE_COLUMN,,,1,EXTRACTED_FROM_WORDDOCUMENT_CELL_STREAM
ACFTA,CN,2023_541 + 542_118-2022-NĐ-CP.doc,8409.99.69,840999,84099969,- - - - - Loại khác,0,0,SINGLE_RATE_COLUMN,,- - - Dùng cho động cơ khác:,1,EXTRACTED_FROM_WORDDOCUMENT_CELL_STREAM
ACFTA,CN,2023_541 + 542_118-2022-NĐ-CP.doc,8409.99.71,840999,84099971,- - - - Chế hòa khí và bộ phận của chúng,0,0,SINGLE_RATE_COLUMN,"PH, TH",,1,EXTRACTED_FROM_WORDDOCUMENT_CELL_STREAM
ACFTA,CN,2023_541 + 542_118-2022-NĐ-CP.doc,8409.99.72,840999,84099972,- - - - Thân động cơ (cylinder block); hộp trục khuỷu,0,0,SINGLE_RATE_COLUMN,"PH, TH",,1,EXTRACTED_FROM_WORDDOCUMENT_CELL_STREAM
ACFTA,CN,2023_541 + 542_118-2022-NĐ-CP.doc,8409.99.73,840999,84099973,"- - - - Ống xi lanh, có đường kính trong từ 50 mm trở lên, nhưng không quá 155 mm",0,0,SINGLE_RATE_COLUMN,"PH, TH",,1,EXTRACTED_FROM_WORDDOCUMENT_CELL_STREAM
ACFTA,CN,2023_541 + 542_118-2022-NĐ-CP.doc,8409.99.74,840999,84099974,- - - - Ống xi lanh khác,0,0,SINGLE_RATE_COLUMN,"PH, TH",,1,EXTRACTED_FROM_WORDDOCUMENT_CELL_STREAM
ACFTA,CN,2023_541 + 542_118-2022-NĐ-CP.doc,8409.99.75,840999,84099975,- - - - Quy lát và nắp quy lát,0,0,SINGLE_RATE_COLUMN,"PH, TH",,1,EXTRACTED_FROM_WORDDOCUMENT_CELL_STREAM
ACFTA,CN,2023_541 + 542_118-2022-NĐ-CP.doc,8409.99.76,840999,84099976,"- - - - Piston, có đường kính ngoài từ 50 mm trở lên, nhưng không quá 155 mm",0,0,SINGLE_RATE_COLUMN,"PH, TH",,1,EXTRACTED_FROM_WORDDOCUMENT_CELL_STREAM
ACFTA,CN,2023_541 + 542_118-2022-NĐ-CP.doc,8409.99.77,840999,84099977,- - - - Piston khác,0,0,SINGLE_RATE_COLUMN,"PH, TH",,1,EXTRACTED_FROM_WORDDOCUMENT_CELL_STREAM
ACFTA,CN,2023_541 + 542_118-2022-NĐ-CP.doc,8409.99.78,840999,84099978,- - - - Bạc piston và chốt piston,0,0,SINGLE_RATE_COLUMN,"PH, TH",,1,EXTRACTED_FROM_WORDDOCUMENT_CELL_STREAM
ACFTA,CN,2023_541 + 542_118-2022-NĐ-CP.doc,8409.99.79,840999,84099979,- - - - Loại khác,0,0,SINGLE_RATE_COLUMN,"PH, TH","84.10|Tua bin thủy lực, bánh xe guồng nước, và các bộ điều chỉnh của chúng|- Tua bin thủy lực và bánh xe guồng nước:",1,EXTRACTED_FROM_WORDDOCUMENT_CELL_STREAM
ACFTA,CN,2023_541 + 542_118-2022-NĐ-CP.doc,8413.30,841330,841330,"- Bơm nhiên liệu, dầu bôi trơn hoặc bơm chất làm mát, dùng cho động cơ đốt trong kiểu piston:",,,NO_RATE_COLUMN,,,0,EXTRACTED_FROM_WORDDOCUMENT_CELL_STREAM
ACFTA,CN,2023_541 + 542_118-2022-NĐ-CP.doc,8413.30.30,841330,84133030,"- - Bơm nhiên liệu loại sử dụng cho động cơ của xe có động cơ thuộc nhóm 87.02, 87.03 hoặc 87.04",0,0,SINGLE_RATE_COLUMN,,,1,EXTRACTED_FROM_WORDDOCUMENT_CELL_STREAM
ACFTA,CN,2023_541 + 542_118-2022-NĐ-CP.doc,8413.30.40,841330,84133040,"- - Bơm nước loại được sử dụng cho động cơ của xe có động cơ thuộc nhóm 87.02, 87.03 hoặc 87.04",0,0,SINGLE_RATE_COLUMN,,"- - Loại khác, loại ly tâm:",1,EXTRACTED_FROM_WORDDOCUMENT_CELL_STREAM
ACFTA,CN,2023_541 + 542_118-2022-NĐ-CP.doc,8413.30.51,841330,84133051,- - - Với đường kính cửa hút không quá 200 mm,0,0,SINGLE_RATE_COLUMN,,,1,EXTRACTED_FROM_WORDDOCUMENT_CELL_STREAM
ACFTA,CN,2023_541 + 542_118-2022-NĐ-CP.doc,8413.30.52,841330,84133052,- - - Với đường kính cửa hút trên 200 mm,0,0,SINGLE_RATE_COLUMN,,,1,EXTRACTED_FROM_WORDDOCUMENT_CELL_STREAM
ACFTA,CN,2023_541 + 542_118-2022-NĐ-CP.doc,8413.30.90,841330,84133090,- - Loại khác,0,0,SINGLE_RATE_COLUMN,,,1,EXTRACTED_FROM_WORDDOCUMENT_CELL_STREAM
ACFTA,CN,2023_541 + 542_118-2022-NĐ-CP.doc,8413.81,841381,841381,- - Bơm:,,,NO_RATE_COLUMN,,,0,EXTRACTED_FROM_WORDDOCUMENT_CELL_STREAM
ACFTA,CN,2023_541 + 542_118-2022-NĐ-CP.doc,8413.81.13,841381,84138113,"- - - Bơm nước, với lưu lượng không quá 8.000 m³/h, hoạt động bằng điện",12,12,SINGLE_RATE_COLUMN,,,1,EXTRACTED_FROM_WORDDOCUMENT_CELL_STREAM
ACFTA,CN,2023_541 + 542_118-2022-NĐ-CP.doc,8413.81.14,841381,84138114,"- - - Bơm nước, với lưu lượng không quá 8.000 m³/h, không hoạt động bằng điện",0,0,SINGLE_RATE_COLUMN,,,1,EXTRACTED_FROM_WORDDOCUMENT_CELL_STREAM
ACFTA,CN,2023_541 + 542_118-2022-NĐ-CP.doc,8413.81.15,841381,84138115,"- - - Bơm nước, với lưu lượng trên 8.000 m³/h nhưng không quá 13.000 m³/h",0,0,SINGLE_RATE_COLUMN,"MM, TH",,1,EXTRACTED_FROM_WORDDOCUMENT_CELL_STREAM
ACFTA,CN,2023_541 + 542_118-2022-NĐ-CP.doc,8413.81.19,841381,84138119,- - - Loại khác,0,0,SINGLE_RATE_COLUMN,"MM, TH",,1,EXTRACTED_FROM_WORDDOCUMENT_CELL_STREAM
ACFTA,CN,2023_541 + 542_118-2022-NĐ-CP.doc,8415.20,841520,841520,"- Loại sử dụng cho người, trong xe có động cơ:",,,NO_RATE_COLUMN,,,0,EXTRACTED_FROM_WORDDOCUMENT_CELL_STREAM
ACFTA,CN,2023_541 + 542_118-2022-NĐ-CP.doc,8415.20.10,841520,84152010,"- - Công suất làm mát không quá 26,38 kW",15,15,SINGLE_RATE_COLUMN,"PH, TH, CN",,1,EXTRACTED_FROM_WORDDOCUMENT_CELL_STREAM
ACFTA,CN,2023_541 + 542_118-2022-NĐ-CP.doc,8415.20.90,841520,84152090,- - Loại khác,15,15,SINGLE_RATE_COLUMN,"PH, TH, CN",- Loại khác:,1,EXTRACTED_FROM_WORDDOCUMENT_CELL_STREAM
ACFTA,CN,2023_541 + 542_118-2022-NĐ-CP.doc,8421.23,842123,842123,- - Bộ lọc dầu hoặc xăng cho động cơ đốt trong:,,,NO_RATE_COLUMN,,- - - Dùng cho máy thuộc nhóm 84.29 hoặc 84.30:,0,EXTRACTED_FROM_WORDDOCUMENT_CELL_STREAM
ACFTA,CN,2023_541 + 542_118-2022-NĐ-CP.doc,8421.23.11,842123,84212311,- - - - Bộ lọc dầu,0,0,SINGLE_RATE_COLUMN,,,1,EXTRACTED_FROM_WORDDOCUMENT_CELL_STREAM
ACFTA,CN,2023_541 + 542_118-2022-NĐ-CP.doc,8421.23.19,842123,84212319,- - - - Loại khác,0,0,SINGLE_RATE_COLUMN,,- - - Dùng cho xe có động cơ thuộc Chương 87:,1,EXTRACTED_FROM_WORDDOCUMENT_CELL_STREAM
ACFTA,CN,2023_541 + 542_118-2022-NĐ-CP.doc,8421.23.21,842123,84212321,- - - - Bộ lọc dầu,0,0,SINGLE_RATE_COLUMN,BN,,1,EXTRACTED_FROM_WORDDOCUMENT_CELL_STREAM
ACFTA,CN,2023_541 + 542_118-2022-NĐ-CP.doc,8421.23.29,842123,84212329,- - - - Loại khác,0,0,SINGLE_RATE_COLUMN,BN,- - - Loại khác:,1,EXTRACTED_FROM_WORDDOCUMENT_CELL_STREAM
ACFTA,CN,2023_541 + 542_118-2022-NĐ-CP.doc,8421.23.91,842123,84212391,- - - - Bộ lọc dầu,0,0,SINGLE_RATE_COLUMN,,,1,EXTRACTED_FROM_WORDDOCUMENT_CELL_STREAM
ACFTA,CN,2023_541 + 542_118-2022-NĐ-CP.doc,8421.23.99,842123,84212399,- - - - Loại khác,0,0,SINGLE_RATE_COLUMN,,,1,EXTRACTED_FROM_WORDDOCUMENT_CELL_STREAM
ACFTA,CN,2023_541 + 542_118-2022-NĐ-CP.doc,8421.31,842131,842131,- - Bộ lọc khí nạp cho động cơ đốt trong:,,,NO_RATE_COLUMN,,,0,EXTRACTED_FROM_WORDDOCUMENT_CELL_STREAM
ACFTA,CN,2023_541 + 542_118-2022-NĐ-CP.doc,8421.31.10,842131,84213110,- - - Dùng cho máy thuộc nhóm 84.29 hoặc 84.30,0,0,SINGLE_RATE_COLUMN,,,1,EXTRACTED_FROM_WORDDOCUMENT_CELL_STREAM
ACFTA,CN,2023_541 + 542_118-2022-NĐ-CP.doc,8421.31.20,842131,84213120,- - - Dùng cho xe có động cơ thuộc Chương 87,0,0,SINGLE_RATE_COLUMN,KH,,1,EXTRACTED_FROM_WORDDOCUMENT_CELL_STREAM
ACFTA,CN,2023_541 + 542_118-2022-NĐ-CP.doc,8421.31.90,842131,84213190,- - - Loại khác,0,0,SINGLE_RATE_COLUMN,,,1,EXTRACTED_FROM_WORDDOCUMENT_CELL_STREAM
ACFTA,CN,2023_541 + 542_118-2022-NĐ-CP.doc,8421.32.00,842132,84213200,"- - Bộ chuyển đổi xúc tác hoặc bộ lọc hạt, có hoặc không kết hợp, để tinh chế hoặc lọc khí thải từ động cơ đốt trong",0,0,SINGLE_RATE_COLUMN,,,1,EXTRACTED_FROM_WORDDOCUMENT_CELL_STREAM
ACFTA,CN,2023_543 + 544_118-2022-NĐ-CP.doc,8501.31,850131,850131,- - Công suất không quá 750 W:,,,NO_RATE_COLUMN,,,0,EXTRACTED_FROM_WORDDOCUMENT_CELL_STREAM
ACFTA,CN,2023_543 + 544_118-2022-NĐ-CP.doc,8501.31.30,850131,85013130,"- - - Động cơ loại dùng cho hàng hóa thuộc nhóm 84.15, 84.18, 84.50, 85.09 hoặc 85.16",5,5,SINGLE_RATE_COLUMN,"KH, TH",,1,EXTRACTED_FROM_WORDDOCUMENT_CELL_STREAM
ACFTA,CN,2023_543 + 544_118-2022-NĐ-CP.doc,8501.31.60,850131,85013160,- - - Động cơ dùng cho xe của Chương 87,5,5,SINGLE_RATE_COLUMN,"KH, TH",,1,EXTRACTED_FROM_WORDDOCUMENT_CELL_STREAM
ACFTA,CN,2023_543 + 544_118-2022-NĐ-CP.doc,8501.31.70,850131,85013170,- - - Động cơ khác,5,5,SINGLE_RATE_COLUMN,"KH, TH",,1,EXTRACTED_FROM_WORDDOCUMENT_CELL_STREAM
ACFTA,CN,2023_543 + 544_118-2022-NĐ-CP.doc,8501.31.80,850131,85013180,- - - Máy phát điện,5,5,SINGLE_RATE_COLUMN,"KH, TH",,1,EXTRACTED_FROM_WORDDOCUMENT_CELL_STREAM
ACFTA,CN,2023_543 + 544_118-2022-NĐ-CP.doc,8501.52,850152,850152,- - Công suất trên 750 W nhưng không quá 75 kW:,,,NO_RATE_COLUMN,,- - - Công suất không quá 1 kW:,0,EXTRACTED_FROM_WORDDOCUMENT_CELL_STREAM
ACFTA,CN,2023_543 + 544_118-2022-NĐ-CP.doc,8501.52.11,850152,85015211,"- - - - Loại dùng cho hàng hóa thuộc nhóm 84.15, 84.18, 84.50, 85.09 hoặc 85.16",0,0,SINGLE_RATE_COLUMN,TH,,1,EXTRACTED_FROM_WORDDOCUMENT_CELL_STREAM
ACFTA,CN,2023_543 + 544_118-2022-NĐ-CP.doc,8501.52.12,850152,85015212,- - - - Loại dùng cho xe của Chương 87,0,0,SINGLE_RATE_COLUMN,TH,,1,EXTRACTED_FROM_WORDDOCUMENT_CELL_STREAM
ACFTA,CN,2023_543 + 544_118-2022-NĐ-CP.doc,8501.52.19,850152,85015219,- - - - Loại khác,0,0,SINGLE_RATE_COLUMN,TH,"- - - Công suất trên 1 kW nhưng không quá 37,5 kW:",1,EXTRACTED_FROM_WORDDOCUMENT_CELL_STREAM
ACFTA,CN,2023_543 + 544_118-2022-NĐ-CP.doc,8501.52.21,850152,85015221,"- - - - Loại dùng cho hàng hóa thuộc nhóm 84.15, 84.18, 84.50, 85.09 hoặc 85.16",0,0,SINGLE_RATE_COLUMN,TH,,1,EXTRACTED_FROM_WORDDOCUMENT_CELL_STREAM
ACFTA,CN,2023_543 + 544_118-2022-NĐ-CP.doc,8501.52.22,850152,85015222,- - - - Loại dùng cho xe của Chương 87,0,0,SINGLE_RATE_COLUMN,TH,,1,EXTRACTED_FROM_WORDDOCUMENT_CELL_STREAM
ACFTA,CN,2023_543 + 544_118-2022-NĐ-CP.doc,8501.52.29,850152,85015229,- - - - Loại khác,0,0,SINGLE_RATE_COLUMN,TH,"- - - Công suất trên 37,5 kW nhưng không quá 75 kW:",1,EXTRACTED_FROM_WORDDOCUMENT_CELL_STREAM
ACFTA,CN,2023_543 + 544_118-2022-NĐ-CP.doc,8501.52.31,850152,85015231,"- - - - Loại dùng cho hàng hóa thuộc nhóm 84.15, 84.18 hoặc 84.50",0,0,SINGLE_RATE_COLUMN,,,1,EXTRACTED_FROM_WORDDOCUMENT_CELL_STREAM
ACFTA,CN,2023_543 + 544_118-2022-NĐ-CP.doc,8501.52.32,850152,85015232,- - - - Loại dùng cho xe của Chương 87,0,0,SINGLE_RATE_COLUMN,,,1,EXTRACTED_FROM_WORDDOCUMENT_CELL_STREAM
ACFTA,CN,2023_543 + 544_118-2022-NĐ-CP.doc,8501.52.39,850152,85015239,- - - - Loại khác,0,0,SINGLE_RATE_COLUMN,,,1,EXTRACTED_FROM_WORDDOCUMENT_CELL_STREAM
ACFTA,CN,2023_543 + 544_118-2022-NĐ-CP.doc,8501.53,850153,850153,- - Công suất trên 75 kW:,,,NO_RATE_COLUMN,,,0,EXTRACTED_FROM_WORDDOCUMENT_CELL_STREAM
ACFTA,CN,2023_543 + 544_118-2022-NĐ-CP.doc,8501.53.10,850153,85015310,- - - Loại dùng cho xe của Chương 87,0,0,SINGLE_RATE_COLUMN,,,1,EXTRACTED_FROM_WORDDOCUMENT_CELL_STREAM
ACFTA,CN,2023_543 + 544_118-2022-NĐ-CP.doc,8501.53.90,850153,85015390,- - - Loại khác,0,0,SINGLE_RATE_COLUMN,,"- Máy phát điện xoay chiều (máy dao điện), trừ máy phát quang điện:",1,EXTRACTED_FROM_WORDDOCUMENT_CELL_STREAM
ACFTA,CN,2023_543 + 544_118-2022-NĐ-CP.doc,8504.40,850440,850440,- Máy biến đổi tĩnh điện:,,,NO_RATE_COLUMN,,"- - Dùng cho các máy xử lý dữ liệu tự động và các khối chức năng của chúng, và thiết bị viễn thông:",0,EXTRACTED_FROM_WORDDOCUMENT_CELL_STREAM
ACFTA,CN,2023_543 + 544_118-2022-NĐ-CP.doc,8504.40.11,850440,85044011,- - - Bộ nguồn cấp điện liên tục (UPS),0,0,SINGLE_RATE_COLUMN,,,1,EXTRACTED_FROM_WORDDOCUMENT_CELL_STREAM
ACFTA,CN,2023_543 + 544_118-2022-NĐ-CP.doc,8504.40.19,850440,85044019,- - - Loại khác,0,0,SINGLE_RATE_COLUMN,,,1,EXTRACTED_FROM_WORDDOCUMENT_CELL_STREAM
ACFTA,CN,2023_543 + 544_118-2022-NĐ-CP.doc,8504.40.20,850440,85044020,"- - Máy nạp ắc qui, pin có công suất danh định trên 100 kVA",0,0,SINGLE_RATE_COLUMN,,,1,EXTRACTED_FROM_WORDDOCUMENT_CELL_STREAM
ACFTA,CN,2023_543 + 544_118-2022-NĐ-CP.doc,8504.40.30,850440,85044030,- - Bộ chỉnh lưu khác,0,0,SINGLE_RATE_COLUMN,,,1,EXTRACTED_FROM_WORDDOCUMENT_CELL_STREAM
ACFTA,CN,2023_543 + 544_118-2022-NĐ-CP.doc,8504.40.40,850440,85044040,- - Bộ nghịch lưu,0,0,SINGLE_RATE_COLUMN,,,1,EXTRACTED_FROM_WORDDOCUMENT_CELL_STREAM
ACFTA,CN,2023_543 + 544_118-2022-NĐ-CP.doc,8504.40.90,850440,85044090,- - Loại khác,0,0,SINGLE_RATE_COLUMN,,,1,EXTRACTED_FROM_WORDDOCUMENT_CELL_STREAM
ACFTA,CN,2023_543 + 544_118-2022-NĐ-CP.doc,8507.60,850760,850760,- Bằng ion liti:,,,NO_RATE_COLUMN,,- - Bộ pin (battery pack):,0,EXTRACTED_FROM_WORDDOCUMENT_CELL_STREAM
ACFTA,CN,2023_543 + 544_118-2022-NĐ-CP.doc,8507.60.31,850760,85076031,- - - Loại dùng cho máy tính xách tay kể cả loại notebook và subnotebook,0,0,SINGLE_RATE_COLUMN,,,1,EXTRACTED_FROM_WORDDOCUMENT_CELL_STREAM
ACFTA,CN,2023_543 + 544_118-2022-NĐ-CP.doc,8507.60.32,850760,85076032,- - - Dùng cho máy bay,0,0,SINGLE_RATE_COLUMN,,,1,EXTRACTED_FROM_WORDDOCUMENT_CELL_STREAM
ACFTA,CN,2023_543 + 544_118-2022-NĐ-CP.doc,8507.60.33,850760,85076033,- - - Dùng cho xe thuộc Chương 87,0,0,SINGLE_RATE_COLUMN,,,1,EXTRACTED_FROM_WORDDOCUMENT_CELL_STREAM
ACFTA,CN,2023_543 + 544_118-2022-NĐ-CP.doc,8507.60.39,850760,85076039,- - - Loại khác,0,0,SINGLE_RATE_COLUMN,,,1,EXTRACTED_FROM_WORDDOCUMENT_CELL_STREAM
ACFTA,CN,2023_543 + 544_118-2022-NĐ-CP.doc,8507.60.90,850760,85076090,- - Loại khác,0,0,SINGLE_RATE_COLUMN,,,1,EXTRACTED_FROM_WORDDOCUMENT_CELL_STREAM
ACFTA,CN,2023_543 + 544_118-2022-NĐ-CP.doc,8511.10,851110,851110,- Bugi đánh lửa:,,,NO_RATE_COLUMN,,,0,EXTRACTED_FROM_WORDDOCUMENT_CELL_STREAM
ACFTA,CN,2023_543 + 544_118-2022-NĐ-CP.doc,8511.10.10,851110,85111010,- - Loại dùng cho động cơ của phương tiện bay,0,0,SINGLE_RATE_COLUMN,,,1,EXTRACTED_FROM_WORDDOCUMENT_CELL_STREAM
ACFTA,CN,2023_543 + 544_118-2022-NĐ-CP.doc,8511.10.20,851110,85111020,- - Sử dụng cho động cơ ô tô,0,0,SINGLE_RATE_COLUMN,,,1,EXTRACTED_FROM_WORDDOCUMENT_CELL_STREAM
ACFTA,CN,2023_543 + 544_118-2022-NĐ-CP.doc,8511.10.90,851110,85111090,- - Loại khác,0,0,SINGLE_RATE_COLUMN,,,1,EXTRACTED_FROM_WORDDOCUMENT_CELL_STREAM
ACFTA,CN,2023_543 + 544_118-2022-NĐ-CP.doc,8511.30,851130,851130,- Bộ phân phối điện; cuộn dây đánh lửa:,,,NO_RATE_COLUMN,,,0,EXTRACTED_FROM_WORDDOCUMENT_CELL_STREAM
ACFTA,CN,2023_543 + 544_118-2022-NĐ-CP.doc,8511.30.30,851130,85113030,- - Loại dùng cho động cơ của phương tiện bay,0,0,SINGLE_RATE_COLUMN,,- - Sử dụng cho động cơ ô tô:,1,EXTRACTED_FROM_WORDDOCUMENT_CELL_STREAM
ACFTA,CN,2023_543 + 544_118-2022-NĐ-CP.doc,8511.30.41,851130,85113041,- - - Loại chưa được lắp ráp,0,0,SINGLE_RATE_COLUMN,PH,,1,EXTRACTED_FROM_WORDDOCUMENT_CELL_STREAM
ACFTA,CN,2023_543 + 544_118-2022-NĐ-CP.doc,8511.30.49,851130,85113049,- - - Loại khác,0,0,SINGLE_RATE_COLUMN,,- - Loại khác:,1,EXTRACTED_FROM_WORDDOCUMENT_CELL_STREAM
ACFTA,CN,2023_543 + 544_118-2022-NĐ-CP.doc,8511.30.91,851130,85113091,- - - Loại chưa được lắp ráp,0,0,SINGLE_RATE_COLUMN,PH,,1,EXTRACTED_FROM_WORDDOCUMENT_CELL_STREAM
ACFTA,CN,2023_543 + 544_118-2022-NĐ-CP.doc,8511.30.99,851130,85113099,- - - Loại khác,0,0,SINGLE_RATE_COLUMN,,,1,EXTRACTED_FROM_WORDDOCUMENT_CELL_STREAM
ACFTA,CN,2023_543 + 544_118-2022-NĐ-CP.doc,8511.40,851140,851140,- Động cơ khởi động và máy tổ hợp hai tính năng khởi động và phát điện:,,,NO_RATE_COLUMN,,,0,EXTRACTED_FROM_WORDDOCUMENT_CELL_STREAM
ACFTA,CN,2023_543 + 544_118-2022-NĐ-CP.doc,8511.40.10,851140,85114010,- - Loại dùng cho động cơ của phương tiện bay,0,0,SINGLE_RATE_COLUMN,,- - Động cơ khởi động khác chưa lắp ráp:,1,EXTRACTED_FROM_WORDDOCUMENT_CELL_STREAM
ACFTA,CN,2023_543 + 544_118-2022-NĐ-CP.doc,8511.40.21,851140,85114021,"- - - Sử dụng cho động cơ của xe thuộc nhóm 87.02, 87.03, 87.04 hoặc 87.05",0,0,SINGLE_RATE_COLUMN,PH,,1,EXTRACTED_FROM_WORDDOCUMENT_CELL_STREAM
ACFTA,CN,2023_543 + 544_118-2022-NĐ-CP.doc,8511.40.29,851140,85114029,- - - Loại khác,0,0,SINGLE_RATE_COLUMN,PH,- - Động cơ khởi động đã lắp ráp sử dụng cho động cơ của xe thuộc các nhóm từ 87.01 đến 87.05:,1,EXTRACTED_FROM_WORDDOCUMENT_CELL_STREAM
ACFTA,CN,2023_543 + 544_118-2022-NĐ-CP.doc,8511.40.31,851140,85114031,- - - Sử dụng cho động cơ của xe thuộc nhóm 87.01,0,0,SINGLE_RATE_COLUMN,PH,,1,EXTRACTED_FROM_WORDDOCUMENT_CELL_STREAM
ACFTA,CN,2023_543 + 544_118-2022-NĐ-CP.doc,8511.40.32,851140,85114032,"- - - Sử dụng cho động cơ của xe thuộc nhóm 87.02, 87.03 hoặc 87.04",0,0,SINGLE_RATE_COLUMN,PH,,1,EXTRACTED_FROM_WORDDOCUMENT_CELL_STREAM
ACFTA,CN,2023_543 + 544_118-2022-NĐ-CP.doc,8511.40.33,851140,85114033,- - - Sử dụng cho động cơ của xe thuộc nhóm 87.05,0,0,SINGLE_RATE_COLUMN,PH,- - Loại khác:,1,EXTRACTED_FROM_WORDDOCUMENT_CELL_STREAM
ACFTA,CN,2023_543 + 544_118-2022-NĐ-CP.doc,8511.40.91,851140,85114091,"- - - Sử dụng cho động cơ của xe thuộc nhóm 87.02, 87.03, 87.04 hoặc 87.05",0,0,SINGLE_RATE_COLUMN,PH,,1,EXTRACTED_FROM_WORDDOCUMENT_CELL_STREAM
ACFTA,CN,2023_543 + 544_118-2022-NĐ-CP.doc,8511.40.99,851140,85114099,- - - Loại khác,0,0,SINGLE_RATE_COLUMN,PH,,1,EXTRACTED_FROM_WORDDOCUMENT_CELL_STREAM
ACFTA,CN,2023_543 + 544_118-2022-NĐ-CP.doc,8511.50,851150,851150,- Máy phát điện khác:,,,NO_RATE_COLUMN,,,0,EXTRACTED_FROM_WORDDOCUMENT_CELL_STREAM
ACFTA,CN,2023_543 + 544_118-2022-NĐ-CP.doc,8511.50.10,851150,85115010,- - Loại dùng cho động cơ của phương tiện bay,0,0,SINGLE_RATE_COLUMN,,- - Máy phát điện xoay chiều khác chưa lắp ráp:,1,EXTRACTED_FROM_WORDDOCUMENT_CELL_STREAM
ACFTA,CN,2023_543 + 544_118-2022-NĐ-CP.doc,8511.50.21,851150,85115021,"- - - Sử dụng cho động cơ của xe thuộc nhóm 87.02, 87.03, 87.04 hoặc 87.05",0,0,SINGLE_RATE_COLUMN,PH,,1,EXTRACTED_FROM_WORDDOCUMENT_CELL_STREAM
ACFTA,CN,2023_543 + 544_118-2022-NĐ-CP.doc,8511.50.29,851150,85115029,- - - Loại khác,0,0,SINGLE_RATE_COLUMN,PH,- - Máy phát điện xoay chiều đã lắp ráp dùng cho động cơ của xe thuộc các nhóm từ 87.01 đến 87.05:,1,EXTRACTED_FROM_WORDDOCUMENT_CELL_STREAM
ACFTA,CN,2023_543 + 544_118-2022-NĐ-CP.doc,8511.50.31,851150,85115031,- - - Sử dụng cho động cơ của xe thuộc nhóm 87.01,0,0,SINGLE_RATE_COLUMN,PH,,1,EXTRACTED_FROM_WORDDOCUMENT_CELL_STREAM
ACFTA,CN,2023_543 + 544_118-2022-NĐ-CP.doc,8511.50.32,851150,85115032,"- - - Sử dụng cho động cơ của xe thuộc nhóm 87.02, 87.03 hoặc 87.04",0,0,SINGLE_RATE_COLUMN,PH,,1,EXTRACTED_FROM_WORDDOCUMENT_CELL_STREAM
ACFTA,CN,2023_543 + 544_118-2022-NĐ-CP.doc,8511.50.33,851150,85115033,- - - Sử dụng cho động cơ của xe thuộc nhóm 87.05,0,0,SINGLE_RATE_COLUMN,PH,- - Loại khác:,1,EXTRACTED_FROM_WORDDOCUMENT_CELL_STREAM
ACFTA,CN,2023_543 + 544_118-2022-NĐ-CP.doc,8511.50.91,851150,85115091,"- - - Sử dụng cho động cơ của xe thuộc nhóm 87.02, 87.03, 87.04 hoặc 87.05",0,0,SINGLE_RATE_COLUMN,PH,,1,EXTRACTED_FROM_WORDDOCUMENT_CELL_STREAM
ACFTA,CN,2023_543 + 544_118-2022-NĐ-CP.doc,8511.50.99,851150,85115099,- - - Loại khác,0,0,SINGLE_RATE_COLUMN,PH,,1,EXTRACTED_FROM_WORDDOCUMENT_CELL_STREAM
ACFTA,CN,2023_543 + 544_118-2022-NĐ-CP.doc,8512.20,851220,851220,- Thiết bị chiếu sáng hoặc tạo tín hiệu trực quan khác:,,,NO_RATE_COLUMN,,,0,EXTRACTED_FROM_WORDDOCUMENT_CELL_STREAM
ACFTA,CN,2023_543 + 544_118-2022-NĐ-CP.doc,8512.20.20,851220,85122020,- - Thiết bị chiếu sáng hoặc tạo tín hiệu trực quan chưa lắp ráp,50,50,SINGLE_RATE_COLUMN,,- - Loại khác:,1,EXTRACTED_FROM_WORDDOCUMENT_CELL_STREAM
ACFTA,CN,2023_543 + 544_118-2022-NĐ-CP.doc,8512.20.91,851220,85122091,- - - Dùng cho xe máy,5,5,SINGLE_RATE_COLUMN,,,1,EXTRACTED_FROM_WORDDOCUMENT_CELL_STREAM
ACFTA,CN,2023_543 + 544_118-2022-NĐ-CP.doc,8512.20.99,851220,85122099,- - - Loại khác,5,5,SINGLE_RATE_COLUMN,,,1,EXTRACTED_FROM_WORDDOCUMENT_CELL_STREAM
ACFTA,CN,2023_543 + 544_118-2022-NĐ-CP.doc,8512.30,851230,851230,- Thiết bị tín hiệu âm thanh:,,,NO_RATE_COLUMN,,,0,EXTRACTED_FROM_WORDDOCUMENT_CELL_STREAM
ACFTA,CN,2023_543 + 544_118-2022-NĐ-CP.doc,8512.30.10,851230,85123010,"- - Còi, đã lắp ráp",0,0,SINGLE_RATE_COLUMN,"PH, CN",,1,EXTRACTED_FROM_WORDDOCUMENT_CELL_STREAM
ACFTA,CN,2023_543 + 544_118-2022-NĐ-CP.doc,8512.30.20,851230,85123020,- - Thiết bị tín hiệu âm thanh chưa lắp ráp,0,0,SINGLE_RATE_COLUMN,"PH, CN",- - Loại khác:,1,EXTRACTED_FROM_WORDDOCUMENT_CELL_STREAM
ACFTA,CN,2023_543 + 544_118-2022-NĐ-CP.doc,8512.30.91,851230,85123091,- - - Thiết bị dò chướng ngại vật (cảnh báo) cho xe,0,0,SINGLE_RATE_COLUMN,"PH, CN",,1,EXTRACTED_FROM_WORDDOCUMENT_CELL_STREAM
ACFTA,CN,2023_543 + 544_118-2022-NĐ-CP.doc,8512.30.99,851230,85123099,- - - Loại khác,0,0,SINGLE_RATE_COLUMN,"PH, CN",,1,EXTRACTED_FROM_WORDDOCUMENT_CELL_STREAM
ACFTA,CN,2023_543 + 544_118-2022-NĐ-CP.doc,8512.40.00,851240,85124000,"- Cái gạt nước, gạt và chống tạo sương và tuyết",0,0,SINGLE_RATE_COLUMN,CN,,1,EXTRACTED_FROM_WORDDOCUMENT_CELL_STREAM
ACFTA,CN,2023_543 + 544_118-2022-NĐ-CP.doc,8518.29,851829,851829,- - Loại khác:,,,NO_RATE_COLUMN,,,0,EXTRACTED_FROM_WORDDOCUMENT_CELL_STREAM
ACFTA,CN,2023_543 + 544_118-2022-NĐ-CP.doc,8518.29.20,851829,85182920,"- - - Loa, không có vỏ, có dải tần số 300 Hz đến 3.400 Hz, với đường kính không quá 50 mm, dùng trong viễn thông",0,0,SINGLE_RATE_COLUMN,"BN, KH",,1,EXTRACTED_FROM_WORDDOCUMENT_CELL_STREAM
ACFTA,CN,2023_543 + 544_118-2022-NĐ-CP.doc,8518.29.90,851829,85182990,- - - Loại khác,0,0,SINGLE_RATE_COLUMN,,,1,EXTRACTED_FROM_WORDDOCUMENT_CELL_STREAM
ACFTA,CN,2023_543 + 544_118-2022-NĐ-CP.doc,8527.21,852721,852721,- - Kết hợp với thiết bị ghi hoặc tái tạo âm thanh:,,,NO_RATE_COLUMN,,,0,EXTRACTED_FROM_WORDDOCUMENT_CELL_STREAM
ACFTA,CN,2023_543 + 544_118-2022-NĐ-CP.doc,8527.21.10,852721,85272110,- - - Có khả năng nhận và giải mã tín hiệu hệ thống dữ liệu vô tuyến kỹ thuật số,0,0,SINGLE_RATE_COLUMN,"ID, TH",,1,EXTRACTED_FROM_WORDDOCUMENT_CELL_STREAM
ACFTA,CN,2023_543 + 544_118-2022-NĐ-CP.doc,8527.21.90,852721,85272190,- - - Loại khác,0,0,SINGLE_RATE_COLUMN,"ID, TH",,1,EXTRACTED_FROM_WORDDOCUMENT_CELL_STREAM
ACFTA,CN,2023_543 + 544_118-2022-NĐ-CP.doc,8531.20.00,853120,85312000,- Bảng chỉ báo có gắn màn hình tinh thể lỏng (LCD) hoặc đi-ốt phát quang (LED),0,0,SINGLE_RATE_COLUMN,,,1,EXTRACTED_FROM_WORDDOCUMENT_CELL_STREAM
ACFTA,CN,2023_543 + 544_118-2022-NĐ-CP.doc,8537.10,853710,853710,- Dùng cho điện áp không quá 1.000 V:,,,NO_RATE_COLUMN,,- - Bảng chuyển mạch và bảng điều khiển:,0,EXTRACTED_FROM_WORDDOCUMENT_CELL_STREAM
ACFTA,CN,2023_543 + 544_118-2022-NĐ-CP.doc,8537.10.11,853710,85371011,- - - Bảng điều khiển của loại thích hợp sử dụng cho hệ thống điều khiển phân tán,0,0,SINGLE_RATE_COLUMN,"BN, KH, TH",,1,EXTRACTED_FROM_WORDDOCUMENT_CELL_STREAM
ACFTA,CN,2023_543 + 544_118-2022-NĐ-CP.doc,8537.10.12,853710,85371012,- - - Bảng điều khiển có trang bị bộ xử lý lập trình,0,0,SINGLE_RATE_COLUMN,"BN, KH, TH",,1,EXTRACTED_FROM_WORDDOCUMENT_CELL_STREAM
ACFTA,CN,2023_543 + 544_118-2022-NĐ-CP.doc,8537.10.13,853710,85371013,"- - - Bảng điều khiển khác của loại thích hợp dùng cho hàng hóa của nhóm 84.15, 84.18, 84.50, 85.08, 85.09 hoặc 85.16",0,0,SINGLE_RATE_COLUMN,"BN, KH, TH",,1,EXTRACTED_FROM_WORDDOCUMENT_CELL_STREAM
ACFTA,CN,2023_543 + 544_118-2022-NĐ-CP.doc,8537.10.19,853710,85371019,- - - Loại khác,0,0,SINGLE_RATE_COLUMN,"BN, KH, TH",,1,EXTRACTED_FROM_WORDDOCUMENT_CELL_STREAM
ACFTA,CN,2023_543 + 544_118-2022-NĐ-CP.doc,8537.10.20,853710,85371020,"- - Bảng phân phối (gồm cả panel đỡ và tấm đỡ phẳng) chỉ dùng hoặc chủ yếu dùng với các hàng hóa thuộc nhóm 84.71, 85.17 hoặc 85.25",0,0,SINGLE_RATE_COLUMN,"BN, KH, TH",,1,EXTRACTED_FROM_WORDDOCUMENT_CELL_STREAM
ACFTA,CN,2023_543 + 544_118-2022-NĐ-CP.doc,8537.10.30,853710,85371030,"- - Bộ điều khiển logic có khả năng lập trình cho máy tự động để dịch chuyển, xử lý và kẹp giữ khuôn cho thiết bị bán dẫn",0,0,SINGLE_RATE_COLUMN,"BN, KH, TH",,1,EXTRACTED_FROM_WORDDOCUMENT_CELL_STREAM
ACFTA,CN,2023_543 + 544_118-2022-NĐ-CP.doc,8537.10.40,853710,85371040,- - Bộ điều khiển động cơ có điện áp đầu ra từ 24V đến 120VDC và có cường độ dòng điện từ 300A đến 500A,0,0,SINGLE_RATE_COLUMN,"BN, KH, TH",- - Loại khác:,1,EXTRACTED_FROM_WORDDOCUMENT_CELL_STREAM
ACFTA,CN,2023_543 + 544_118-2022-NĐ-CP.doc,8537.10.91,853710,85371091,- - - Loại sử dụng trong các thiết bị sóng vô tuyến hoặc quạt điện,0,0,SINGLE_RATE_COLUMN,"BN, KH, TH",,1,EXTRACTED_FROM_WORDDOCUMENT_CELL_STREAM
ACFTA,CN,2023_543 + 544_118-2022-NĐ-CP.doc,8537.10.92,853710,85371092,- - - Loại phù hợp sử dụng cho hệ thống điều khiển phân tán,0,0,SINGLE_RATE_COLUMN,"BN, KH, TH",,1,EXTRACTED_FROM_WORDDOCUMENT_CELL_STREAM
ACFTA,CN,2023_543 + 544_118-2022-NĐ-CP.doc,8537.10.99,853710,85371099,- - - Loại khác,0,0,SINGLE_RATE_COLUMN,"BN, KH, TH",,1,EXTRACTED_FROM_WORDDOCUMENT_CELL_STREAM
ACFTA,CN,2023_545 + 546_118-2022-NĐ-CP.doc,8544.30,854430,854430,"- Bộ dây đánh lửa và bộ dây khác loại sử dụng cho xe, phương tiện bay hoặc tàu thuyền:",,,NO_RATE_COLUMN,,- - Bộ dây điện cho xe có động cơ:|- - - Cách điện bằng cao su hoặc plastic:,0,EXTRACTED_FROM_WORDDOCUMENT_CELL_STREAM
ACFTA,CN,2023_545 + 546_118-2022-NĐ-CP.doc,8544.30.12,854430,85443012,"- - - - Loại dùng cho xe thuộc nhóm 87.02, 87.03, 87.04 hoặc 87.11",0,0,SINGLE_RATE_COLUMN,"MY, PH, TH, CN",,1,EXTRACTED_FROM_WORDDOCUMENT_CELL_STREAM
ACFTA,CN,2023_545 + 546_118-2022-NĐ-CP.doc,8544.30.13,854430,85443013,- - - - Loại khác,0,0,SINGLE_RATE_COLUMN,"MY, PH, TH, CN",- - - Loại khác:,1,EXTRACTED_FROM_WORDDOCUMENT_CELL_STREAM
ACFTA,CN,2023_545 + 546_118-2022-NĐ-CP.doc,8544.30.14,854430,85443014,"- - - - Loại dùng cho xe thuộc nhóm 87.02, 87.03, 87.04 hoặc 87.11",0,0,SINGLE_RATE_COLUMN,"MY, PH, TH, CN",,1,EXTRACTED_FROM_WORDDOCUMENT_CELL_STREAM
ACFTA,CN,2023_545 + 546_118-2022-NĐ-CP.doc,8544.30.19,854430,85443019,- - - - Loại khác,0,0,SINGLE_RATE_COLUMN,"MY, PH, TH, CN",- - Loại khác:,1,EXTRACTED_FROM_WORDDOCUMENT_CELL_STREAM
ACFTA,CN,2023_545 + 546_118-2022-NĐ-CP.doc,8544.30.91,854430,85443091,- - - Cách điện bằng cao su hoặc plastic,0,0,SINGLE_RATE_COLUMN,,,1,EXTRACTED_FROM_WORDDOCUMENT_CELL_STREAM
ACFTA,CN,2023_545 + 546_118-2022-NĐ-CP.doc,8544.30.99,854430,85443099,- - - Loại khác,0,0,SINGLE_RATE_COLUMN,,"- Các vật dẫn điện khác, dùng cho điện áp không quá 1.000 V:",1,EXTRACTED_FROM_WORDDOCUMENT_CELL_STREAM
ACFTA,CN,2023_545 + 546_118-2022-NĐ-CP.doc,8707.10,870710,870710,- Dùng cho xe thuộc nhóm 87.03:,,,NO_RATE_COLUMN,,,0,EXTRACTED_FROM_WORDDOCUMENT_CELL_STREAM
ACFTA,CN,2023_545 + 546_118-2022-NĐ-CP.doc,8707.10.10,870710,87071010,- - Dùng cho xe đua cỡ nhỏ và xe chơi gôn (kể cả xe golf buggies) và các loại xe tương tự,0,0,SINGLE_RATE_COLUMN,"BN, ID, LA, PH",,1,EXTRACTED_FROM_WORDDOCUMENT_CELL_STREAM
ACFTA,CN,2023_545 + 546_118-2022-NĐ-CP.doc,8707.10.20,870710,87071020,- - Dùng cho ô tô cứu thương,0,0,SINGLE_RATE_COLUMN,"BN, ID, LA, PH",,1,EXTRACTED_FROM_WORDDOCUMENT_CELL_STREAM
ACFTA,CN,2023_545 + 546_118-2022-NĐ-CP.doc,8707.10.30,870710,87071030,- - Dùng cho xe được thiết kế đặc biệt để đi trên tuyết,0,0,SINGLE_RATE_COLUMN,"BN, ID, LA, PH",,1,EXTRACTED_FROM_WORDDOCUMENT_CELL_STREAM
ACFTA,CN,2023_545 + 546_118-2022-NĐ-CP.doc,8707.10.90,870710,87071090,- - Loại khác,0,0,SINGLE_RATE_COLUMN,"BN, ID, LA, PH",,1,EXTRACTED_FROM_WORDDOCUMENT_CELL_STREAM
ACFTA,CN,2023_545 + 546_118-2022-NĐ-CP.doc,8708.21.00,870821,87082100,- - Dây đai an toàn,0,0,SINGLE_RATE_COLUMN,PH,,1,EXTRACTED_FROM_WORDDOCUMENT_CELL_STREAM
ACFTA,CN,2023_545 + 546_118-2022-NĐ-CP.doc,8708.29,870829,870829,- - Loại khác:,,,NO_RATE_COLUMN,,- - - Các bộ phận của cửa xe:,0,EXTRACTED_FROM_WORDDOCUMENT_CELL_STREAM
ACFTA,CN,2023_545 + 546_118-2022-NĐ-CP.doc,8708.29.11,870829,87082911,- - - - Dùng cho xe thuộc nhóm 87.01,0,0,SINGLE_RATE_COLUMN,"ID, PH, CN",,1,EXTRACTED_FROM_WORDDOCUMENT_CELL_STREAM
ACFTA,CN,2023_545 + 546_118-2022-NĐ-CP.doc,8708.29.15,870829,87082915,- - - - Đỡ tay trên cửa xe dùng cho xe thuộc nhóm 87.03,0,0,SINGLE_RATE_COLUMN,"ID, PH, CN",,1,EXTRACTED_FROM_WORDDOCUMENT_CELL_STREAM
ACFTA,CN,2023_545 + 546_118-2022-NĐ-CP.doc,8708.29.16,870829,87082916,"- - - - Loại khác, dùng cho xe thuộc nhóm 87.03",0,0,SINGLE_RATE_COLUMN,"ID, PH, CN",,1,EXTRACTED_FROM_WORDDOCUMENT_CELL_STREAM
ACFTA,CN,2023_545 + 546_118-2022-NĐ-CP.doc,8708.29.17,870829,87082917,- - - - Dùng cho xe thuộc phân nhóm 8704.10,0,0,SINGLE_RATE_COLUMN,"ID, PH, CN",,1,EXTRACTED_FROM_WORDDOCUMENT_CELL_STREAM
ACFTA,CN,2023_545 + 546_118-2022-NĐ-CP.doc,8708.29.18,870829,87082918,- - - - Dùng cho xe thuộc nhóm 87.02 hoặc xe khác thuộc nhóm 87.04,0,0,SINGLE_RATE_COLUMN,"ID, PH, CN",,1,EXTRACTED_FROM_WORDDOCUMENT_CELL_STREAM
ACFTA,CN,2023_545 + 546_118-2022-NĐ-CP.doc,8708.29.19,870829,87082919,- - - - Loại khác,0,0,SINGLE_RATE_COLUMN,"ID, PH, CN",,1,EXTRACTED_FROM_WORDDOCUMENT_CELL_STREAM
ACFTA,CN,2023_545 + 546_118-2022-NĐ-CP.doc,8708.29.20,870829,87082920,- - - Bộ phận của dây đai an toàn,0,0,SINGLE_RATE_COLUMN,"ID, PH, CN",- - - Loại khác:,1,EXTRACTED_FROM_WORDDOCUMENT_CELL_STREAM
ACFTA,CN,2023_545 + 546_118-2022-NĐ-CP.doc,8708.29.92,870829,87082992,- - - - Dùng cho xe thuộc nhóm 87.01,0,0,SINGLE_RATE_COLUMN,"ID, PH, CN",- - - - Dùng cho xe thuộc nhóm 87.03:,1,EXTRACTED_FROM_WORDDOCUMENT_CELL_STREAM
ACFTA,CN,2023_545 + 546_118-2022-NĐ-CP.doc,8708.29.93,870829,87082993,- - - - - Phụ kiện trang trí nội thất; chắn bùn,0,0,SINGLE_RATE_COLUMN,"ID, PH, CN",,1,EXTRACTED_FROM_WORDDOCUMENT_CELL_STREAM
ACFTA,CN,2023_545 + 546_118-2022-NĐ-CP.doc,8708.29.94,870829,87082994,- - - - - Thanh chống nắp ca pô,0,0,SINGLE_RATE_COLUMN,"ID, PH, CN",,1,EXTRACTED_FROM_WORDDOCUMENT_CELL_STREAM
ACFTA,CN,2023_545 + 546_118-2022-NĐ-CP.doc,8708.29.95,870829,87082995,- - - - - Loại khác,0,0,SINGLE_RATE_COLUMN,"ID, PH, CN",- - - - Dùng cho xe thuộc nhóm 87.02 hoặc 87.04:,1,EXTRACTED_FROM_WORDDOCUMENT_CELL_STREAM
ACFTA,CN,2023_545 + 546_118-2022-NĐ-CP.doc,8708.29.96,870829,87082996,- - - - - Phụ kiện trang trí nội thất; chắn bùn,0,0,SINGLE_RATE_COLUMN,"ID, PH, CN",,1,EXTRACTED_FROM_WORDDOCUMENT_CELL_STREAM
ACFTA,CN,2023_545 + 546_118-2022-NĐ-CP.doc,8708.29.97,870829,87082997,- - - - - Thanh chống nắp ca pô,0,0,SINGLE_RATE_COLUMN,"ID, PH, CN",,1,EXTRACTED_FROM_WORDDOCUMENT_CELL_STREAM
ACFTA,CN,2023_545 + 546_118-2022-NĐ-CP.doc,8708.29.98,870829,87082998,- - - - - Loại khác,0,0,SINGLE_RATE_COLUMN,"ID, PH, CN",,1,EXTRACTED_FROM_WORDDOCUMENT_CELL_STREAM
ACFTA,CN,2023_545 + 546_118-2022-NĐ-CP.doc,8708.29.99,870829,87082999,- - - - Loại khác,0,0,SINGLE_RATE_COLUMN,"ID, PH, CN",,1,EXTRACTED_FROM_WORDDOCUMENT_CELL_STREAM
ACFTA,CN,2023_545 + 546_118-2022-NĐ-CP.doc,8708.30,870830,870830,- Phanh và trợ lực phanh; bộ phận của nó:,,,NO_RATE_COLUMN,,,0,EXTRACTED_FROM_WORDDOCUMENT_CELL_STREAM
ACFTA,CN,2023_545 + 546_118-2022-NĐ-CP.doc,8708.30.10,870830,87083010,- - Dùng cho xe thuộc nhóm 87.01,0,0,SINGLE_RATE_COLUMN,"ID, PH, TH, CN",- - Dùng cho xe thuộc nhóm 87.03:,1,EXTRACTED_FROM_WORDDOCUMENT_CELL_STREAM
ACFTA,CN,2023_545 + 546_118-2022-NĐ-CP.doc,8708.30.21,870830,87083021,"- - - Phanh trống, phanh đĩa hoặc phanh hơi",0,0,SINGLE_RATE_COLUMN,"ID, PH, TH, CN",,1,EXTRACTED_FROM_WORDDOCUMENT_CELL_STREAM
ACFTA,CN,2023_545 + 546_118-2022-NĐ-CP.doc,8708.30.29,870830,87083029,- - - Loại khác,0,0,SINGLE_RATE_COLUMN,"ID, PH, TH, CN",,1,EXTRACTED_FROM_WORDDOCUMENT_CELL_STREAM
ACFTA,CN,2023_545 + 546_118-2022-NĐ-CP.doc,8708.30.30,870830,87083030,"- - Phanh trống, phanh đĩa hoặc phanh hơi cho xe thuộc nhóm 87.02 hoặc 87.04",0,0,SINGLE_RATE_COLUMN,"ID, PH, TH, CN",,1,EXTRACTED_FROM_WORDDOCUMENT_CELL_STREAM
ACFTA,CN,2023_545 + 546_118-2022-NĐ-CP.doc,8708.30.90,870830,87083090,- - Loại khác,0,0,SINGLE_RATE_COLUMN,"ID, PH, TH, CN",,1,EXTRACTED_FROM_WORDDOCUMENT_CELL_STREAM
ACFTA,CN,2023_545 + 546_118-2022-NĐ-CP.doc,8708.40,870840,870840,- Hộp số và bộ phận của chúng:,,,NO_RATE_COLUMN,,"- - Hộp số, chưa lắp hoàn chỉnh:",0,EXTRACTED_FROM_WORDDOCUMENT_CELL_STREAM
ACFTA,CN,2023_545 + 546_118-2022-NĐ-CP.doc,8708.40.11,870840,87084011,- - - Dùng cho xe thuộc nhóm 87.03,0,0,SINGLE_RATE_COLUMN,"ID, PH, CN",,1,EXTRACTED_FROM_WORDDOCUMENT_CELL_STREAM
ACFTA,CN,2023_545 + 546_118-2022-NĐ-CP.doc,8708.40.13,870840,87084013,- - - Dùng cho xe thuộc nhóm 87.04 hoặc 87.05,0,0,SINGLE_RATE_COLUMN,"ID, PH, CN",,1,EXTRACTED_FROM_WORDDOCUMENT_CELL_STREAM
ACFTA,CN,2023_545 + 546_118-2022-NĐ-CP.doc,8708.40.14,870840,87084014,- - - Dùng cho xe thuộc nhóm 87.01,0,0,SINGLE_RATE_COLUMN,"ID, PH",,1,EXTRACTED_FROM_WORDDOCUMENT_CELL_STREAM
ACFTA,CN,2023_545 + 546_118-2022-NĐ-CP.doc,8708.40.19,870840,87084019,- - - Loại khác,0,0,SINGLE_RATE_COLUMN,"ID, PH","- - Hộp số, đã lắp ráp hoàn chỉnh:",1,EXTRACTED_FROM_WORDDOCUMENT_CELL_STREAM
ACFTA,CN,2023_545 + 546_118-2022-NĐ-CP.doc,8708.40.25,870840,87084025,- - - Dùng cho xe thuộc nhóm 87.01,0,0,SINGLE_RATE_COLUMN,"ID, PH",,1,EXTRACTED_FROM_WORDDOCUMENT_CELL_STREAM
ACFTA,CN,2023_545 + 546_118-2022-NĐ-CP.doc,8708.40.26,870840,87084026,- - - Dùng cho xe thuộc nhóm 87.03,0,0,SINGLE_RATE_COLUMN,"ID, PH, CN",,1,EXTRACTED_FROM_WORDDOCUMENT_CELL_STREAM
ACFTA,CN,2023_545 + 546_118-2022-NĐ-CP.doc,8708.40.27,870840,87084027,- - - Dùng cho xe thuộc nhóm 87.04 hoặc 87.05,0,0,SINGLE_RATE_COLUMN,"ID, PH, CN",,1,EXTRACTED_FROM_WORDDOCUMENT_CELL_STREAM
ACFTA,CN,2023_545 + 546_118-2022-NĐ-CP.doc,8708.40.29,870840,87084029,- - - Loại khác,0,0,SINGLE_RATE_COLUMN,"ID, PH, CN",- - Bộ phận:,1,EXTRACTED_FROM_WORDDOCUMENT_CELL_STREAM
ACFTA,CN,2023_545 + 546_118-2022-NĐ-CP.doc,8708.40.91,870840,87084091,- - - Dùng cho xe thuộc nhóm 87.01,0,0,SINGLE_RATE_COLUMN,"ID, PH, TH",,1,EXTRACTED_FROM_WORDDOCUMENT_CELL_STREAM
ACFTA,CN,2023_545 + 546_118-2022-NĐ-CP.doc,8708.40.92,870840,87084092,- - - Dùng cho xe thuộc nhóm 87.03,0,0,SINGLE_RATE_COLUMN,"ID, PH, TH",,1,EXTRACTED_FROM_WORDDOCUMENT_CELL_STREAM
ACFTA,CN,2023_545 + 546_118-2022-NĐ-CP.doc,8708.40.99,870840,87084099,- - - Loại khác,0,0,SINGLE_RATE_COLUMN,"ID, PH, TH",,1,EXTRACTED_FROM_WORDDOCUMENT_CELL_STREAM
ACFTA,CN,2023_545 + 546_118-2022-NĐ-CP.doc,8708.50,870850,870850,"- Cầu chủ động có vi sai, có hoặc không kèm theo chi tiết truyền lực khác, và các cầu bị động; các bộ phận của chúng:",,,NO_RATE_COLUMN,,- - Chưa lắp ráp hoàn chỉnh:,0,EXTRACTED_FROM_WORDDOCUMENT_CELL_STREAM
ACFTA,CN,2023_545 + 546_118-2022-NĐ-CP.doc,8708.50.11,870850,87085011,- - - Dùng cho xe thuộc nhóm 87.03,0,0,SINGLE_RATE_COLUMN,"PH, TH, CN",,1,EXTRACTED_FROM_WORDDOCUMENT_CELL_STREAM
ACFTA,CN,2023_545 + 546_118-2022-NĐ-CP.doc,8708.50.13,870850,87085013,- - - Dùng cho xe thuộc nhóm 87.04 hoặc 87.05,0,0,SINGLE_RATE_COLUMN,"PH, TH, CN",,1,EXTRACTED_FROM_WORDDOCUMENT_CELL_STREAM
ACFTA,CN,2023_545 + 546_118-2022-NĐ-CP.doc,8708.50.15,870850,87085015,- - - Dùng cho xe thuộc nhóm 87.01,0,0,SINGLE_RATE_COLUMN,"PH, TH",,1,EXTRACTED_FROM_WORDDOCUMENT_CELL_STREAM
ACFTA,CN,2023_545 + 546_118-2022-NĐ-CP.doc,8708.50.19,870850,87085019,- - - Loại khác,0,0,SINGLE_RATE_COLUMN,"PH, TH",- - Đã lắp ráp hoàn chỉnh:,1,EXTRACTED_FROM_WORDDOCUMENT_CELL_STREAM
ACFTA,CN,2023_545 + 546_118-2022-NĐ-CP.doc,8708.50.25,870850,87085025,- - - Dùng cho xe thuộc nhóm 87.01,0,0,SINGLE_RATE_COLUMN,"PH, TH",,1,EXTRACTED_FROM_WORDDOCUMENT_CELL_STREAM
ACFTA,CN,2023_545 + 546_118-2022-NĐ-CP.doc,8708.50.26,870850,87085026,- - - Dùng cho xe thuộc nhóm 87.03,0,0,SINGLE_RATE_COLUMN,"PH, TH, CN",,1,EXTRACTED_FROM_WORDDOCUMENT_CELL_STREAM
ACFTA,CN,2023_545 + 546_118-2022-NĐ-CP.doc,8708.50.27,870850,87085027,- - - Dùng cho xe thuộc nhóm 87.04 hoặc 87.05,0,0,SINGLE_RATE_COLUMN,"PH, TH, CN",,1,EXTRACTED_FROM_WORDDOCUMENT_CELL_STREAM
ACFTA,CN,2023_545 + 546_118-2022-NĐ-CP.doc,8708.50.29,870850,87085029,- - - Loại khác,0,0,SINGLE_RATE_COLUMN,"PH, TH, CN",- - Bộ phận:|- - - Dùng cho xe thuộc nhóm 87.01:,1,EXTRACTED_FROM_WORDDOCUMENT_CELL_STREAM
ACFTA,CN,2023_545 + 546_118-2022-NĐ-CP.doc,8708.50.91,870850,87085091,- - - - Bánh răng vành khăn và bánh răng quả dứa,0,0,SINGLE_RATE_COLUMN,"PH, TH",,1,EXTRACTED_FROM_WORDDOCUMENT_CELL_STREAM
ACFTA,CN,2023_545 + 546_118-2022-NĐ-CP.doc,8708.50.92,870850,87085092,- - - - Loại khác,0,0,SINGLE_RATE_COLUMN,"PH, TH",- - - Dùng cho xe thuộc nhóm 87.03:,1,EXTRACTED_FROM_WORDDOCUMENT_CELL_STREAM
ACFTA,CN,2023_545 + 546_118-2022-NĐ-CP.doc,8708.50.94,870850,87085094,- - - - Bánh răng vành khăn và bánh răng quả dứa,0,0,SINGLE_RATE_COLUMN,"PH, TH",,1,EXTRACTED_FROM_WORDDOCUMENT_CELL_STREAM
ACFTA,CN,2023_545 + 546_118-2022-NĐ-CP.doc,8708.50.95,870850,87085095,- - - - Loại khác,0,0,SINGLE_RATE_COLUMN,"PH, TH",- - - Loại khác:,1,EXTRACTED_FROM_WORDDOCUMENT_CELL_STREAM
ACFTA,CN,2023_545 + 546_118-2022-NĐ-CP.doc,8708.50.96,870850,87085096,- - - - Bánh răng vành khăn và bánh răng quả dứa,0,0,SINGLE_RATE_COLUMN,"PH, TH",,1,EXTRACTED_FROM_WORDDOCUMENT_CELL_STREAM
ACFTA,CN,2023_545 + 546_118-2022-NĐ-CP.doc,8708.50.99,870850,87085099,- - - - Loại khác,0,0,SINGLE_RATE_COLUMN,"PH, TH",,1,EXTRACTED_FROM_WORDDOCUMENT_CELL_STREAM
ACFTA,CN,2023_545 + 546_118-2022-NĐ-CP.doc,8708.70,870870,870870,- Cụm bánh xe và bộ phận và phụ kiện của chúng:,,,NO_RATE_COLUMN,,- - Ốp đầu trục bánh xe:,0,EXTRACTED_FROM_WORDDOCUMENT_CELL_STREAM
ACFTA,CN,2023_545 + 546_118-2022-NĐ-CP.doc,8708.70.15,870870,87087015,- - - Dùng cho xe thuộc nhóm 87.01,0,0,SINGLE_RATE_COLUMN,"ID, PH",,1,EXTRACTED_FROM_WORDDOCUMENT_CELL_STREAM
ACFTA,CN,2023_545 + 546_118-2022-NĐ-CP.doc,8708.70.16,870870,87087016,- - - Dùng cho xe thuộc nhóm 87.03,0,0,SINGLE_RATE_COLUMN,"ID, PH",- - - Dùng cho xe thuộc nhóm 87.02 hoặc 87.04:,1,EXTRACTED_FROM_WORDDOCUMENT_CELL_STREAM
ACFTA,CN,2023_545 + 546_118-2022-NĐ-CP.doc,8708.70.17,870870,87087017,- - - - Dùng cho xe thuộc phân nhóm 8704.10,0,0,SINGLE_RATE_COLUMN,"ID, PH",,1,EXTRACTED_FROM_WORDDOCUMENT_CELL_STREAM
ACFTA,CN,2023_545 + 546_118-2022-NĐ-CP.doc,8708.70.18,870870,87087018,- - - - Loại khác,0,0,SINGLE_RATE_COLUMN,"ID, PH",,1,EXTRACTED_FROM_WORDDOCUMENT_CELL_STREAM
ACFTA,CN,2023_545 + 546_118-2022-NĐ-CP.doc,8708.70.19,870870,87087019,- - - Loại khác,0,0,SINGLE_RATE_COLUMN,"ID, PH",- - Bánh xe đã được lắp lốp:,1,EXTRACTED_FROM_WORDDOCUMENT_CELL_STREAM
ACFTA,CN,2023_545 + 546_118-2022-NĐ-CP.doc,8708.70.21,870870,87087021,- - - Dùng cho xe thuộc nhóm 87.01,0,0,SINGLE_RATE_COLUMN,"ID, PH",,1,EXTRACTED_FROM_WORDDOCUMENT_CELL_STREAM
ACFTA,CN,2023_545 + 546_118-2022-NĐ-CP.doc,8708.70.22,870870,87087022,- - - Dùng cho xe thuộc nhóm 87.03,0,0,SINGLE_RATE_COLUMN,"ID, PH",,1,EXTRACTED_FROM_WORDDOCUMENT_CELL_STREAM
ACFTA,CN,2023_545 + 546_118-2022-NĐ-CP.doc,8708.70.23,870870,87087023,- - - Dùng cho xe thuộc nhóm 87.02 hoặc 87.04 (trừ phân nhóm 8704.10),0,0,SINGLE_RATE_COLUMN,"ID, PH",,1,EXTRACTED_FROM_WORDDOCUMENT_CELL_STREAM
ACFTA,CN,2023_545 + 546_118-2022-NĐ-CP.doc,8708.70.29,870870,87087029,- - - Loại khác,0,0,SINGLE_RATE_COLUMN,"ID, PH",- - Bánh xe chưa được lắp lốp:,1,EXTRACTED_FROM_WORDDOCUMENT_CELL_STREAM
ACFTA,CN,2023_545 + 546_118-2022-NĐ-CP.doc,8708.70.31,870870,87087031,- - - Dùng cho xe thuộc nhóm 87.01,0,0,SINGLE_RATE_COLUMN,"ID, PH",,1,EXTRACTED_FROM_WORDDOCUMENT_CELL_STREAM
ACFTA,CN,2023_545 + 546_118-2022-NĐ-CP.doc,8708.70.32,870870,87087032,- - - Dùng cho xe thuộc nhóm 87.03,0,0,SINGLE_RATE_COLUMN,"ID, PH",,1,EXTRACTED_FROM_WORDDOCUMENT_CELL_STREAM
ACFTA,CN,2023_545 + 546_118-2022-NĐ-CP.doc,8708.70.33,870870,87087033,- - - Dùng cho xe tự đổ được thiết kế để sử dụng trên các loại đường không phải đường quốc lộ có khối lượng toàn bộ theo thiết kế trên 45 tấn,0,0,SINGLE_RATE_COLUMN,"ID, PH",,1,EXTRACTED_FROM_WORDDOCUMENT_CELL_STREAM
ACFTA,CN,2023_545 + 546_118-2022-NĐ-CP.doc,8708.70.34,870870,87087034,- - - Dùng cho xe thuộc nhóm 87.02 hoặc xe khác thuộc nhóm 87.04,0,0,SINGLE_RATE_COLUMN,"ID, PH",,1,EXTRACTED_FROM_WORDDOCUMENT_CELL_STREAM
ACFTA,CN,2023_545 + 546_118-2022-NĐ-CP.doc,8708.70.39,870870,87087039,- - - Loại khác,0,0,SINGLE_RATE_COLUMN,"ID, PH",- - Loại khác:,1,EXTRACTED_FROM_WORDDOCUMENT_CELL_STREAM
ACFTA,CN,2023_545 + 546_118-2022-NĐ-CP.doc,8708.70.95,870870,87087095,- - - Dùng cho xe thuộc nhóm 87.01,0,0,SINGLE_RATE_COLUMN,"ID, PH",,1,EXTRACTED_FROM_WORDDOCUMENT_CELL_STREAM
ACFTA,CN,2023_545 + 546_118-2022-NĐ-CP.doc,8708.70.96,870870,87087096,- - - Dùng cho thuộc nhóm 87.02 hoặc 87.04,0,0,SINGLE_RATE_COLUMN,"ID, PH",,1,EXTRACTED_FROM_WORDDOCUMENT_CELL_STREAM
ACFTA,CN,2023_545 + 546_118-2022-NĐ-CP.doc,8708.70.97,870870,87087097,- - - Dùng cho xe thuộc nhóm 87.03,0,0,SINGLE_RATE_COLUMN,"ID, PH",,1,EXTRACTED_FROM_WORDDOCUMENT_CELL_STREAM
ACFTA,CN,2023_545 + 546_118-2022-NĐ-CP.doc,8708.70.99,870870,87087099,- - - Loại khác,0,0,SINGLE_RATE_COLUMN,"ID, PH",,1,EXTRACTED_FROM_WORDDOCUMENT_CELL_STREAM
ACFTA,CN,2023_545 + 546_118-2022-NĐ-CP.doc,8708.80,870880,870880,- Hệ thống giảm chấn và bộ phận của nó (kể cả giảm sóc):,,,NO_RATE_COLUMN,,- - Hệ thống giảm chấn:,0,EXTRACTED_FROM_WORDDOCUMENT_CELL_STREAM
ACFTA,CN,2023_545 + 546_118-2022-NĐ-CP.doc,8708.80.15,870880,87088015,- - - Dùng cho xe thuộc nhóm 87.01,0,0,SINGLE_RATE_COLUMN,"KH, ID, PH, TH",,1,EXTRACTED_FROM_WORDDOCUMENT_CELL_STREAM
ACFTA,CN,2023_545 + 546_118-2022-NĐ-CP.doc,8708.80.16,870880,87088016,- - - Dùng cho xe thuộc nhóm 87.03,0,0,SINGLE_RATE_COLUMN,"KH, ID, PH, TH",,1,EXTRACTED_FROM_WORDDOCUMENT_CELL_STREAM
ACFTA,CN,2023_545 + 546_118-2022-NĐ-CP.doc,8708.80.17,870880,87088017,- - - Dùng cho xe thuộc phân nhóm 8704.10 hoặc nhóm 87.05,0,0,SINGLE_RATE_COLUMN,"KH, ID, PH, TH",,1,EXTRACTED_FROM_WORDDOCUMENT_CELL_STREAM
ACFTA,CN,2023_545 + 546_118-2022-NĐ-CP.doc,8708.80.19,870880,87088019,- - - Loại khác,0,0,SINGLE_RATE_COLUMN,"KH, ID, PH, TH",- - Bộ phận:,1,EXTRACTED_FROM_WORDDOCUMENT_CELL_STREAM
ACFTA,CN,2023_545 + 546_118-2022-NĐ-CP.doc,8708.80.91,870880,87088091,- - - Dùng cho xe thuộc nhóm 87.01,0,0,SINGLE_RATE_COLUMN,"ID, PH, TH",,1,EXTRACTED_FROM_WORDDOCUMENT_CELL_STREAM
ACFTA,CN,2023_545 + 546_118-2022-NĐ-CP.doc,8708.80.92,870880,87088092,- - - Dùng cho xe thuộc nhóm 87.03,0,0,SINGLE_RATE_COLUMN,"ID, PH, TH",,1,EXTRACTED_FROM_WORDDOCUMENT_CELL_STREAM
ACFTA,CN,2023_545 + 546_118-2022-NĐ-CP.doc,8708.80.99,870880,87088099,- - - Loại khác,0,0,SINGLE_RATE_COLUMN,"ID, PH, TH",- Các bộ phận và phụ kiện khác:,1,EXTRACTED_FROM_WORDDOCUMENT_CELL_STREAM
ACFTA,CN,2023_545 + 546_118-2022-NĐ-CP.doc,8708.92,870892,870892,- - Ống xả và bộ giảm thanh; bộ phận của chúng:,,,NO_RATE_COLUMN,,,0,EXTRACTED_FROM_WORDDOCUMENT_CELL_STREAM
ACFTA,CN,2023_545 + 546_118-2022-NĐ-CP.doc,8708.92.10,870892,87089210,- - - Dùng cho xe thuộc nhóm 87.01,0,0,SINGLE_RATE_COLUMN,"ID, PH",,1,EXTRACTED_FROM_WORDDOCUMENT_CELL_STREAM
ACFTA,CN,2023_545 + 546_118-2022-NĐ-CP.doc,8708.92.20,870892,87089220,- - - Dùng cho xe thuộc nhóm 87.03,0,0,SINGLE_RATE_COLUMN,"ID, PH",- - - Dùng cho xe thuộc phân nhóm 8704.10:,1,EXTRACTED_FROM_WORDDOCUMENT_CELL_STREAM
ACFTA,CN,2023_545 + 546_118-2022-NĐ-CP.doc,8708.92.51,870892,87089251,- - - - Ống xả và bộ giảm thanh,0,0,SINGLE_RATE_COLUMN,"ID, PH",,1,EXTRACTED_FROM_WORDDOCUMENT_CELL_STREAM
ACFTA,CN,2023_545 + 546_118-2022-NĐ-CP.doc,8708.92.52,870892,87089252,- - - - Bộ phận,0,0,SINGLE_RATE_COLUMN,"ID, PH",- - - Dùng cho xe thuộc nhóm 87.02 hoặc xe khác thuộc nhóm 87.04:,1,EXTRACTED_FROM_WORDDOCUMENT_CELL_STREAM
ACFTA,CN,2023_545 + 546_118-2022-NĐ-CP.doc,8708.92.61,870892,87089261,- - - - Ống xả và bộ giảm thanh,0,0,SINGLE_RATE_COLUMN,"ID, PH",,1,EXTRACTED_FROM_WORDDOCUMENT_CELL_STREAM
ACFTA,CN,2023_545 + 546_118-2022-NĐ-CP.doc,8708.92.62,870892,87089262,- - - - Bộ phận,0,0,SINGLE_RATE_COLUMN,"ID, PH",,1,EXTRACTED_FROM_WORDDOCUMENT_CELL_STREAM
ACFTA,CN,2023_545 + 546_118-2022-NĐ-CP.doc,8708.92.90,870892,87089290,- - - Loại khác,0,0,SINGLE_RATE_COLUMN,"ID, PH",,1,EXTRACTED_FROM_WORDDOCUMENT_CELL_STREAM
ACFTA,CN,2023_545 + 546_118-2022-NĐ-CP.doc,8708.93,870893,870893,- - Bộ ly hợp và các bộ phận của nó:,,,NO_RATE_COLUMN,,,0,EXTRACTED_FROM_WORDDOCUMENT_CELL_STREAM
ACFTA,CN,2023_545 + 546_118-2022-NĐ-CP.doc,8708.93.50,870893,87089350,- - - Dùng cho xe thuộc nhóm 87.01,0,0,SINGLE_RATE_COLUMN,"ID, PH, TH",,1,EXTRACTED_FROM_WORDDOCUMENT_CELL_STREAM
ACFTA,CN,2023_545 + 546_118-2022-NĐ-CP.doc,8708.93.60,870893,87089360,- - - Dùng cho xe thuộc nhóm 87.03,0,0,SINGLE_RATE_COLUMN,"ID, PH, TH",,1,EXTRACTED_FROM_WORDDOCUMENT_CELL_STREAM
ACFTA,CN,2023_545 + 546_118-2022-NĐ-CP.doc,8708.93.70,870893,87089370,- - - Dùng cho xe thuộc nhóm 87.04 hoặc 87.05,0,0,SINGLE_RATE_COLUMN,"ID, PH, TH",,1,EXTRACTED_FROM_WORDDOCUMENT_CELL_STREAM
ACFTA,CN,2023_545 + 546_118-2022-NĐ-CP.doc,8708.93.90,870893,87089390,- - - Loại khác,0,0,SINGLE_RATE_COLUMN,"ID, PH, TH",,1,EXTRACTED_FROM_WORDDOCUMENT_CELL_STREAM
ACFTA,CN,2023_545 + 546_118-2022-NĐ-CP.doc,8708.94,870894,870894,"- - Vô lăng, trụ lái và cơ cấu lái; bộ phận của chúng:",,,NO_RATE_COLUMN,,- - - Vô lăng lắp với túi khí hoàn chỉnh:,0,EXTRACTED_FROM_WORDDOCUMENT_CELL_STREAM
ACFTA,CN,2023_545 + 546_118-2022-NĐ-CP.doc,8708.94.11,870894,87089411,- - - - Dùng cho xe thuộc nhóm 87.01,0,0,SINGLE_RATE_COLUMN,"PH, TH",,1,EXTRACTED_FROM_WORDDOCUMENT_CELL_STREAM
ACFTA,CN,2023_545 + 546_118-2022-NĐ-CP.doc,8708.94.19,870894,87089419,- - - - Loại khác,0,0,SINGLE_RATE_COLUMN,"PH, TH",- - - Loại khác:,1,EXTRACTED_FROM_WORDDOCUMENT_CELL_STREAM
ACFTA,CN,2023_545 + 546_118-2022-NĐ-CP.doc,8708.94.94,870894,87089494,- - - - Dùng cho xe thuộc nhóm 87.01,0,0,SINGLE_RATE_COLUMN,"PH, TH",,1,EXTRACTED_FROM_WORDDOCUMENT_CELL_STREAM
ACFTA,CN,2023_545 + 546_118-2022-NĐ-CP.doc,8708.94.95,870894,87089495,- - - - Dùng cho xe thuộc nhóm 87.03,0,0,SINGLE_RATE_COLUMN,"PH, TH",,1,EXTRACTED_FROM_WORDDOCUMENT_CELL_STREAM
ACFTA,CN,2023_545 + 546_118-2022-NĐ-CP.doc,8708.94.99,870894,87089499,- - - - Loại khác,0,0,SINGLE_RATE_COLUMN,"PH, TH",,1,EXTRACTED_FROM_WORDDOCUMENT_CELL_STREAM
ACFTA,CN,2023_545 + 546_118-2022-NĐ-CP.doc,8708.95,870895,870895,- - Túi khí an toàn lắp với hệ thống bơm phồng; bộ phận của nó:,,,NO_RATE_COLUMN,,,0,EXTRACTED_FROM_WORDDOCUMENT_CELL_STREAM
ACFTA,CN,2023_545 + 546_118-2022-NĐ-CP.doc,8708.95.10,870895,87089510,- - - Túi khí an toàn lắp với hệ thống bơm phồng,0,0,SINGLE_RATE_COLUMN,"ID, PH, TH, CN",,1,EXTRACTED_FROM_WORDDOCUMENT_CELL_STREAM
ACFTA,CN,2023_545 + 546_118-2022-NĐ-CP.doc,8708.95.90,870895,87089590,- - - Bộ phận,0,0,SINGLE_RATE_COLUMN,"ID, PH, TH, CN",,1,EXTRACTED_FROM_WORDDOCUMENT_CELL_STREAM
ACFTA,CN,2023_545 + 546_118-2022-NĐ-CP.doc,8708.99,870899,870899,- - Loại khác:,,,NO_RATE_COLUMN,,- - - Dùng cho xe thuộc nhóm 87.01:,0,EXTRACTED_FROM_WORDDOCUMENT_CELL_STREAM
ACFTA,CN,2023_545 + 546_118-2022-NĐ-CP.doc,8708.99.11,870899,87089911,- - - - Thùng nhiên liệu chưa lắp ráp; khung giá đỡ động cơ,0,0,SINGLE_RATE_COLUMN,"ID, PH, TH",,1,EXTRACTED_FROM_WORDDOCUMENT_CELL_STREAM
ACFTA,CN,2023_545 + 546_118-2022-NĐ-CP.doc,8708.99.19,870899,87089919,- - - - Loại khác,0,0,SINGLE_RATE_COLUMN,"ID, PH, TH","- - - Dùng cho xe thuộc nhóm 87.02, 87.03 hoặc 87.04:|- - - - Thùng nhiên liệu và bộ phận của chúng:",1,EXTRACTED_FROM_WORDDOCUMENT_CELL_STREAM
ACFTA,CN,2023_545 + 546_118-2022-NĐ-CP.doc,8708.99.21,870899,87089921,- - - - - Thùng nhiên liệu,0,0,SINGLE_RATE_COLUMN,"ID, PH, TH",,1,EXTRACTED_FROM_WORDDOCUMENT_CELL_STREAM
ACFTA,CN,2023_545 + 546_118-2022-NĐ-CP.doc,8708.99.24,870899,87089924,- - - - - Nửa dưới của thùng nhiên liệu; nắp đậy thùng nhiên liệu; ống dẫn của thùng nhiên liệu (filler pipes); ống dẫn hướng có đầu nối với bình nhiên liệu (filler hose); đai giữ bình nhiên liệu,0,0,SINGLE_RATE_COLUMN,"ID, PH, TH",,1,EXTRACTED_FROM_WORDDOCUMENT_CELL_STREAM
ACFTA,CN,2023_545 + 546_118-2022-NĐ-CP.doc,8708.99.25,870899,87089925,- - - - - Các bộ phận khác,0,0,SINGLE_RATE_COLUMN,"ID, PH, TH",,1,EXTRACTED_FROM_WORDDOCUMENT_CELL_STREAM
ACFTA,CN,2023_545 + 546_118-2022-NĐ-CP.doc,8708.99.30,870899,87089930,"- - - - Chân ga (bàn đạp ga), chân phanh (bàn đạp phanh) hoặc chân côn (bàn đạp côn)",0,0,SINGLE_RATE_COLUMN,"ID, PH, TH",,1,EXTRACTED_FROM_WORDDOCUMENT_CELL_STREAM
ACFTA,CN,2023_545 + 546_118-2022-NĐ-CP.doc,8708.99.40,870899,87089940,- - - - Giá đỡ hoặc khay đỡ bình ắc quy và khung của nó,0,0,SINGLE_RATE_COLUMN,"ID, PH, TH",,1,EXTRACTED_FROM_WORDDOCUMENT_CELL_STREAM
ACFTA,CN,2023_545 + 546_118-2022-NĐ-CP.doc,8708.99.50,870899,87089950,- - - - Tấm hướng luồng khí tản nhiệt,0,0,SINGLE_RATE_COLUMN,"ID, PH, TH",- - - - Khung xe hoặc các bộ phận của chúng:,1,EXTRACTED_FROM_WORDDOCUMENT_CELL_STREAM
ACFTA,CN,2023_545 + 546_118-2022-NĐ-CP.doc,8708.99.61,870899,87089961,- - - - - Dùng cho xe thuộc nhóm 87.02,0,0,SINGLE_RATE_COLUMN,"ID, PH, TH",,1,EXTRACTED_FROM_WORDDOCUMENT_CELL_STREAM
ACFTA,CN,2023_545 + 546_118-2022-NĐ-CP.doc,8708.99.62,870899,87089962,- - - - - Dùng cho xe thuộc nhóm 87.03,0,0,SINGLE_RATE_COLUMN,"ID, PH, TH",,1,EXTRACTED_FROM_WORDDOCUMENT_CELL_STREAM
ACFTA,CN,2023_545 + 546_118-2022-NĐ-CP.doc,8708.99.63,870899,87089963,- - - - - Dùng cho xe thuộc nhóm 87.04,0,0,SINGLE_RATE_COLUMN,"ID, PH, TH",,1,EXTRACTED_FROM_WORDDOCUMENT_CELL_STREAM
ACFTA,CN,2023_545 + 546_118-2022-NĐ-CP.doc,8708.99.70,870899,87089970,- - - - Khung giá đỡ động cơ,0,0,SINGLE_RATE_COLUMN,"ID, PH, TH",,1,EXTRACTED_FROM_WORDDOCUMENT_CELL_STREAM
ACFTA,CN,2023_545 + 546_118-2022-NĐ-CP.doc,8708.99.80,870899,87089980,- - - - Loại khác,0,0,SINGLE_RATE_COLUMN,"ID, PH, TH",- - - Loại khác:,1,EXTRACTED_FROM_WORDDOCUMENT_CELL_STREAM
ACFTA,CN,2023_545 + 546_118-2022-NĐ-CP.doc,8708.99.91,870899,87089991,- - - - Thùng nhiên liệu chưa lắp ráp; khung giá đỡ động cơ,0,0,SINGLE_RATE_COLUMN,"ID, PH, TH",,1,EXTRACTED_FROM_WORDDOCUMENT_CELL_STREAM
ACFTA,CN,2023_545 + 546_118-2022-NĐ-CP.doc,8708.99.99,870899,87089999,- - - - Loại khác,0,0,SINGLE_RATE_COLUMN,"ID, PH, TH","87.09|Xe vận chuyển, loại tự hành, không lắp kèm thiết bị nâng hạ hoặc cặp giữ, thuộc loại dùng trong nhà máy, kho hàng, bến cảng hoặc sân bay để vận chuyển hàng hóa trong phạm vi hẹp; xe kéo loại sử dụng trong sân ga, ke ga đường sắt; bộ phận của các loại xe kể trên|- Xe:",1,EXTRACTED_FROM_WORDDOCUMENT_CELL_STREAM
ACFTA,CN,2023_547 + 548_118-2022-NĐ-CP.doc,9029.20,902920,902920,- Đồng hồ chỉ tốc độ và máy đo tốc độ góc; máy hoạt nghiệm:,,,NO_RATE_COLUMN,,,0,EXTRACTED_FROM_WORDDOCUMENT_CELL_STREAM
ACFTA,CN,2023_547 + 548_118-2022-NĐ-CP.doc,9029.20.10,902920,90292010,- - Đồng hồ tốc độ dùng cho xe có động cơ,0,0,SINGLE_RATE_COLUMN,PH,,1,EXTRACTED_FROM_WORDDOCUMENT_CELL_STREAM
ACFTA,CN,2023_547 + 548_118-2022-NĐ-CP.doc,9029.20.20,902920,90292020,- - Máy đo tốc độ góc cho xe có động cơ,0,0,SINGLE_RATE_COLUMN,,,1,EXTRACTED_FROM_WORDDOCUMENT_CELL_STREAM
ACFTA,CN,2023_547 + 548_118-2022-NĐ-CP.doc,9029.20.90,902920,90292090,- - Loại khác,0,0,SINGLE_RATE_COLUMN,,,1,EXTRACTED_FROM_WORDDOCUMENT_CELL_STREAM
ACFTA,CN,2023_547 + 548_118-2022-NĐ-CP.doc,9032.89,903289,903289,- - Loại khác:,,,NO_RATE_COLUMN,,,0,EXTRACTED_FROM_WORDDOCUMENT_CELL_STREAM
ACFTA,CN,2023_547 + 548_118-2022-NĐ-CP.doc,9032.89.10,903289,90328910,"- - - Dụng cụ và thiết bị đi kèm hoặc hoạt động cùng với máy xử lý dữ liệu tự động, để điều chỉnh hoặc điều khiển tự động hệ thống đẩy, giữ thăng bằng hoặc xếp hàng hóa của tàu thuyền",0,0,SINGLE_RATE_COLUMN,,,1,EXTRACTED_FROM_WORDDOCUMENT_CELL_STREAM
ACFTA,CN,2023_547 + 548_118-2022-NĐ-CP.doc,9032.89.20,903289,90328920,- - - Dụng cụ và thiết bị tự động để điều chỉnh hoặc điều khiển dung dịch hóa chất hoặc điện hóa trong sản xuất tấm mạch in/tấm dây in hoặc mạch in đã lắp ráp,0,0,SINGLE_RATE_COLUMN,,"- - - Loại khác, hoạt động bằng điện:",1,EXTRACTED_FROM_WORDDOCUMENT_CELL_STREAM
ACFTA,CN,2023_547 + 548_118-2022-NĐ-CP.doc,9032.89.31,903289,90328931,- - - - Bộ điều chỉnh điện áp tự động (ổn áp),0,0,SINGLE_RATE_COLUMN,,,1,EXTRACTED_FROM_WORDDOCUMENT_CELL_STREAM
ACFTA,CN,2023_547 + 548_118-2022-NĐ-CP.doc,9032.89.39,903289,90328939,- - - - Loại khác,0,0,SINGLE_RATE_COLUMN,,,1,EXTRACTED_FROM_WORDDOCUMENT_CELL_STREAM
ACFTA,CN,2023_547 + 548_118-2022-NĐ-CP.doc,9032.89.90,903289,90328990,- - - Loại khác,0,0,SINGLE_RATE_COLUMN,,,1,EXTRACTED_FROM_WORDDOCUMENT_CELL_STREAM
ACFTA,CN,2023_547 + 548_118-2022-NĐ-CP.doc,9401.20,940120,940120,- Ghế dùng cho xe có động cơ:,,,NO_RATE_COLUMN,,,0,EXTRACTED_FROM_WORDDOCUMENT_CELL_STREAM
ACFTA,CN,2023_547 + 548_118-2022-NĐ-CP.doc,9401.20.10,940120,94012010,"- - Của xe thuộc nhóm 87.02, 87.03 hoặc 87.04",50,50,SINGLE_RATE_COLUMN,,,1,EXTRACTED_FROM_WORDDOCUMENT_CELL_STREAM
ACFTA,CN,2023_547 + 548_118-2022-NĐ-CP.doc,9401.20.90,940120,94012090,- - Loại khác,50,50,SINGLE_RATE_COLUMN,,- Ghế quay có điều chỉnh độ cao:,1,EXTRACTED_FROM_WORDDOCUMENT_CELL_STREAM
ATIGA,ASEAN,2023_467 + 468_126-2022-NĐ-CP.doc,4011.10.00,401110,40111000,- Loại sử dụng cho ô tô con (motor car) (kể cả loại ô tô chở người có khoang chở hành lý chung (station wagons) và ô tô đua),0|0|0|0|0|0,0,COLUMN_5_AS_2026,,,6,EXTRACTED_FROM_WORDDOCUMENT_CELL_STREAM
ATIGA,ASEAN,2023_469 + 470_126-2022-NĐ-CP.doc,6813.81.00,681381,68138100,- - Lót và đệm phanh,0|0|0|0|0|0,0,COLUMN_5_AS_2026,,,6,EXTRACTED_FROM_WORDDOCUMENT_CELL_STREAM
ATIGA,ASEAN,2023_471 + 472_126-2022-NĐ-CP.doc,7007.11,700711,700711,"- - Có kích cỡ và hình dạng phù hợp với từng loại xe, phương tiện bay, tàu vũ trụ hoặc tàu thuyền:",,,NO_RATE_COLUMN,,,0,EXTRACTED_FROM_WORDDOCUMENT_CELL_STREAM
ATIGA,ASEAN,2023_471 + 472_126-2022-NĐ-CP.doc,7007.11.10,700711,70071110,- - - Phù hợp dùng cho xe thuộc Chương 87,0|0|0|0|0|0,0,COLUMN_5_AS_2026,,,6,EXTRACTED_FROM_WORDDOCUMENT_CELL_STREAM
ATIGA,ASEAN,2023_471 + 472_126-2022-NĐ-CP.doc,7007.11.20,700711,70071120,- - - Phù hợp dùng cho phương tiện bay hoặc tàu vũ trụ thuộc Chương 88,0|0|0|0|0|0,0,COLUMN_5_AS_2026,,,6,EXTRACTED_FROM_WORDDOCUMENT_CELL_STREAM
ATIGA,ASEAN,2023_471 + 472_126-2022-NĐ-CP.doc,7007.11.90,700711,70071190,- - - Loại khác,0|0|0|0|0|0,0,COLUMN_5_AS_2026,,,6,EXTRACTED_FROM_WORDDOCUMENT_CELL_STREAM
ATIGA,ASEAN,2023_471 + 472_126-2022-NĐ-CP.doc,7007.21,700721,700721,"- - Có kích cỡ và hình dạng phù hợp với từng loại xe, phương tiện bay, tàu vũ trụ hoặc tàu thuyền:",,,NO_RATE_COLUMN,,,0,EXTRACTED_FROM_WORDDOCUMENT_CELL_STREAM
ATIGA,ASEAN,2023_471 + 472_126-2022-NĐ-CP.doc,7007.21.10,700721,70072110,- - - Phù hợp dùng cho xe thuộc Chương 87,0|0|0|0|0|0,0,COLUMN_5_AS_2026,,,6,EXTRACTED_FROM_WORDDOCUMENT_CELL_STREAM
ATIGA,ASEAN,2023_471 + 472_126-2022-NĐ-CP.doc,7007.21.20,700721,70072120,- - - Phù hợp dùng cho phương tiện bay hoặc tàu vũ trụ thuộc Chương 88,0|0|0|0|0|0,0,COLUMN_5_AS_2026,,,6,EXTRACTED_FROM_WORDDOCUMENT_CELL_STREAM
ATIGA,ASEAN,2023_471 + 472_126-2022-NĐ-CP.doc,7007.21.90,700721,70072190,- - - Loại khác,0|0|0|0|0|0,0,COLUMN_5_AS_2026,,,6,EXTRACTED_FROM_WORDDOCUMENT_CELL_STREAM
ATIGA,ASEAN,2023_471 + 472_126-2022-NĐ-CP.doc,7009.10.00,700910,70091000,- Gương chiếu hậu dùng cho xe,0|0|0|0|0|0,0,COLUMN_5_AS_2026,,- Loại khác:,6,EXTRACTED_FROM_WORDDOCUMENT_CELL_STREAM
ATIGA,ASEAN,2023_471 + 472_126-2022-NĐ-CP.doc,7320.10,732010,732010,- Lò xo lá và các lá lò xo:,,,NO_RATE_COLUMN,,- - Dùng cho xe có động cơ hoặc các loại máy thuộc nhóm 84.29 hoặc 84.30:,0,EXTRACTED_FROM_WORDDOCUMENT_CELL_STREAM
ATIGA,ASEAN,2023_471 + 472_126-2022-NĐ-CP.doc,7320.10.11,732010,73201011,"- - - Dùng cho xe có động cơ thuộc nhóm 87.02, 87.03 hoặc 87.04",0|0|0|0|0|0,0,COLUMN_5_AS_2026,,,6,EXTRACTED_FROM_WORDDOCUMENT_CELL_STREAM
ATIGA,ASEAN,2023_471 + 472_126-2022-NĐ-CP.doc,7320.10.12,732010,73201012,- - - Dùng cho xe có động cơ khác,0|0|0|0|0|0,0,COLUMN_5_AS_2026,,,6,EXTRACTED_FROM_WORDDOCUMENT_CELL_STREAM
ATIGA,ASEAN,2023_471 + 472_126-2022-NĐ-CP.doc,7320.10.19,732010,73201019,- - - Loại khác,0|0|0|0|0|0,0,COLUMN_5_AS_2026,,,6,EXTRACTED_FROM_WORDDOCUMENT_CELL_STREAM
ATIGA,ASEAN,2023_471 + 472_126-2022-NĐ-CP.doc,7320.10.90,732010,73201090,- - Loại khác,0|0|0|0|0|0,0,COLUMN_5_AS_2026,,,6,EXTRACTED_FROM_WORDDOCUMENT_CELL_STREAM
ATIGA,ASEAN,2023_471 + 472_126-2022-NĐ-CP.doc,7320.20,732020,732020,- Lò xo cuộn:,,,NO_RATE_COLUMN,,- - Dùng cho xe có động cơ hoặc các loại máy thuộc nhóm 84.29 hoặc 84.30:,0,EXTRACTED_FROM_WORDDOCUMENT_CELL_STREAM
ATIGA,ASEAN,2023_471 + 472_126-2022-NĐ-CP.doc,7320.20.11,732020,73202011,- - - Dùng cho xe có động cơ,0|0|0|0|0|0,0,COLUMN_5_AS_2026,,,6,EXTRACTED_FROM_WORDDOCUMENT_CELL_STREAM
ATIGA,ASEAN,2023_471 + 472_126-2022-NĐ-CP.doc,7320.20.12,732020,73202012,- - - Dùng cho máy làm đất,0|0|0|0|0|0,0,COLUMN_5_AS_2026,,,6,EXTRACTED_FROM_WORDDOCUMENT_CELL_STREAM
ATIGA,ASEAN,2023_471 + 472_126-2022-NĐ-CP.doc,7320.20.19,732020,73202019,- - - Loại khác,0|0|0|0|0|0,0,COLUMN_5_AS_2026,,,6,EXTRACTED_FROM_WORDDOCUMENT_CELL_STREAM
ATIGA,ASEAN,2023_471 + 472_126-2022-NĐ-CP.doc,7320.20.90,732020,73202090,- - Loại khác,0|0|0|0|0|0,0,COLUMN_5_AS_2026,,,6,EXTRACTED_FROM_WORDDOCUMENT_CELL_STREAM
ATIGA,ASEAN,2023_473 + 474_126-2022-NĐ-CP.doc,8407.34,840734,840734,- - Dung tích xi lanh trên 1.000 cc:,,,NO_RATE_COLUMN,,- - - Đã lắp ráp hoàn chỉnh:,0,EXTRACTED_FROM_WORDDOCUMENT_CELL_STREAM
ATIGA,ASEAN,2023_473 + 474_126-2022-NĐ-CP.doc,8407.34.40,840734,84073440,"- - - - Dùng cho máy kéo cầm tay, dung tích xi lanh không quá 1.100 cc",0|0|0|0|0|0,0,COLUMN_5_AS_2026,,,6,EXTRACTED_FROM_WORDDOCUMENT_CELL_STREAM
ATIGA,ASEAN,2023_473 + 474_126-2022-NĐ-CP.doc,8407.34.50,840734,84073450,- - - - Dùng cho xe khác thuộc nhóm 87.01,0|0|0|0|0|0,0,COLUMN_5_AS_2026,,,6,EXTRACTED_FROM_WORDDOCUMENT_CELL_STREAM
ATIGA,ASEAN,2023_473 + 474_126-2022-NĐ-CP.doc,8407.34.60,840734,84073460,- - - - Dùng cho xe thuộc nhóm 87.11,0|0|0|0|0|0,0,COLUMN_5_AS_2026,,- - - - Loại khác:,6,EXTRACTED_FROM_WORDDOCUMENT_CELL_STREAM
ATIGA,ASEAN,2023_473 + 474_126-2022-NĐ-CP.doc,8407.34.71,840734,84073471,- - - - - Dung tích xi lanh không quá 2.000 cc,0|0|0|0|0|0,0,COLUMN_5_AS_2026,,,6,EXTRACTED_FROM_WORDDOCUMENT_CELL_STREAM
ATIGA,ASEAN,2023_473 + 474_126-2022-NĐ-CP.doc,8407.34.72,840734,84073472,- - - - - Dung tích xi lanh trên 2.000 cc nhưng không quá 3.000 cc,0|0|0|0|0|0,0,COLUMN_5_AS_2026,,,6,EXTRACTED_FROM_WORDDOCUMENT_CELL_STREAM
ATIGA,ASEAN,2023_473 + 474_126-2022-NĐ-CP.doc,8407.34.73,840734,84073473,- - - - - Dung tích xi lanh trên 3.000 cc,0|0|0|0|0|0,0,COLUMN_5_AS_2026,,- - - Loại khác:,6,EXTRACTED_FROM_WORDDOCUMENT_CELL_STREAM
ATIGA,ASEAN,2023_473 + 474_126-2022-NĐ-CP.doc,8407.34.91,840734,84073491,"- - - - Dùng cho máy kéo cầm tay, dung tích xi lanh không quá 1.100 cc",0|0|0|0|0|0,0,COLUMN_5_AS_2026,,,6,EXTRACTED_FROM_WORDDOCUMENT_CELL_STREAM
ATIGA,ASEAN,2023_473 + 474_126-2022-NĐ-CP.doc,8407.34.92,840734,84073492,- - - - Dùng cho xe khác thuộc nhóm 87.01,0|0|0|0|0|0,0,COLUMN_5_AS_2026,,,6,EXTRACTED_FROM_WORDDOCUMENT_CELL_STREAM
ATIGA,ASEAN,2023_473 + 474_126-2022-NĐ-CP.doc,8407.34.93,840734,84073493,- - - - Dùng cho xe thuộc nhóm 87.11,0|0|0|0|0|0,0,COLUMN_5_AS_2026,,- - - - Loại khác:,6,EXTRACTED_FROM_WORDDOCUMENT_CELL_STREAM
ATIGA,ASEAN,2023_473 + 474_126-2022-NĐ-CP.doc,8407.34.94,840734,84073494,- - - - - Dung tích xi lanh không quá 2.000 cc,0|0|0|0|0|0,0,COLUMN_5_AS_2026,,,6,EXTRACTED_FROM_WORDDOCUMENT_CELL_STREAM
ATIGA,ASEAN,2023_473 + 474_126-2022-NĐ-CP.doc,8407.34.95,840734,84073495,- - - - - Dung tích xi lanh trên 2.000 cc nhưng không quá 3.000 cc,0|0|0|0|0|0,0,COLUMN_5_AS_2026,,,6,EXTRACTED_FROM_WORDDOCUMENT_CELL_STREAM
ATIGA,ASEAN,2023_473 + 474_126-2022-NĐ-CP.doc,8407.34.99,840734,84073499,- - - - - Dung tích xi lanh trên 3.000 cc,0|0|0|0|0|0,0,COLUMN_5_AS_2026,,,6,EXTRACTED_FROM_WORDDOCUMENT_CELL_STREAM
ATIGA,ASEAN,2023_473 + 474_126-2022-NĐ-CP.doc,8408.20,840820,840820,- Động cơ dùng để tạo động lực cho các loại xe thuộc Chương 87:,,,NO_RATE_COLUMN,,- - Đã lắp ráp hoàn chỉnh:,0,EXTRACTED_FROM_WORDDOCUMENT_CELL_STREAM
ATIGA,ASEAN,2023_473 + 474_126-2022-NĐ-CP.doc,8408.20.10,840820,84082010,- - - Dùng cho xe thuộc phân nhóm 8701.10,0|0|0|0|0|0,0,COLUMN_5_AS_2026,,- - - Loại khác:,6,EXTRACTED_FROM_WORDDOCUMENT_CELL_STREAM
ATIGA,ASEAN,2023_473 + 474_126-2022-NĐ-CP.doc,8408.20.21,840820,84082021,- - - - Dung tích xi lanh không quá 2.000 cc,0|0|0|0|0|0,0,COLUMN_5_AS_2026,,,6,EXTRACTED_FROM_WORDDOCUMENT_CELL_STREAM
ATIGA,ASEAN,2023_473 + 474_126-2022-NĐ-CP.doc,8408.20.22,840820,84082022,- - - - Dung tích xi lanh trên 2.000 cc nhưng không quá 3.500 cc,0|0|0|0|0|0,0,COLUMN_5_AS_2026,,,6,EXTRACTED_FROM_WORDDOCUMENT_CELL_STREAM
ATIGA,ASEAN,2023_473 + 474_126-2022-NĐ-CP.doc,8408.20.23,840820,84082023,- - - - Dung tích xi lanh trên 3.500 cc,0|0|0|0|0|0,0,COLUMN_5_AS_2026,,- - Loại khác:,6,EXTRACTED_FROM_WORDDOCUMENT_CELL_STREAM
ATIGA,ASEAN,2023_473 + 474_126-2022-NĐ-CP.doc,8408.20.93,840820,84082093,- - - Dùng cho xe thuộc phân nhóm 8701.10,0|0|0|0|0|0,0,COLUMN_5_AS_2026,,- - - Loại khác:,6,EXTRACTED_FROM_WORDDOCUMENT_CELL_STREAM
ATIGA,ASEAN,2023_473 + 474_126-2022-NĐ-CP.doc,8408.20.94,840820,84082094,- - - - Dung tích xi lanh không quá 2.000 cc,0|0|0|0|0|0,0,COLUMN_5_AS_2026,,,6,EXTRACTED_FROM_WORDDOCUMENT_CELL_STREAM
ATIGA,ASEAN,2023_473 + 474_126-2022-NĐ-CP.doc,8408.20.95,840820,84082095,- - - - Dung tích xi lanh trên 2.000 cc nhưng không quá 3.500 cc,0|0|0|0|0|0,0,COLUMN_5_AS_2026,,,6,EXTRACTED_FROM_WORDDOCUMENT_CELL_STREAM
ATIGA,ASEAN,2023_473 + 474_126-2022-NĐ-CP.doc,8408.20.96,840820,84082096,- - - - Dung tích xi lanh trên 3.500 cc,0|0|0|0|0|0,0,COLUMN_5_AS_2026,,,6,EXTRACTED_FROM_WORDDOCUMENT_CELL_STREAM
ATIGA,ASEAN,2023_473 + 474_126-2022-NĐ-CP.doc,8409.91,840991,840991,- - Chỉ dùng hoặc chủ yếu dùng cho động cơ đốt trong kiểu piston đốt cháy bằng tia lửa điện:,,,NO_RATE_COLUMN,,- - - Dùng cho máy thuộc nhóm 84.29 hoặc 84.30:,0,EXTRACTED_FROM_WORDDOCUMENT_CELL_STREAM
ATIGA,ASEAN,2023_473 + 474_126-2022-NĐ-CP.doc,8409.91.11,840991,84099111,- - - - Chế hòa khí và bộ phận của chúng,0|0|0|0|0|0,0,COLUMN_5_AS_2026,,,6,EXTRACTED_FROM_WORDDOCUMENT_CELL_STREAM
ATIGA,ASEAN,2023_473 + 474_126-2022-NĐ-CP.doc,8409.91.12,840991,84099112,- - - - Thân động cơ (cylinder block); hộp trục khuỷu,0|0|0|0|0|0,0,COLUMN_5_AS_2026,,,6,EXTRACTED_FROM_WORDDOCUMENT_CELL_STREAM
ATIGA,ASEAN,2023_473 + 474_126-2022-NĐ-CP.doc,8409.91.13,840991,84099113,"- - - - Ống xi lanh, có đường kính trong từ 50 mm trở lên, nhưng không quá 155 mm",0|0|0|0|0|0,0,COLUMN_5_AS_2026,,,6,EXTRACTED_FROM_WORDDOCUMENT_CELL_STREAM
ATIGA,ASEAN,2023_473 + 474_126-2022-NĐ-CP.doc,8409.91.14,840991,84099114,- - - - Ống xi lanh khác,0|0|0|0|0|0,0,COLUMN_5_AS_2026,,,6,EXTRACTED_FROM_WORDDOCUMENT_CELL_STREAM
ATIGA,ASEAN,2023_473 + 474_126-2022-NĐ-CP.doc,8409.91.15,840991,84099115,- - - - Quy lát và nắp quy lát,0|0|0|0|0|0,0,COLUMN_5_AS_2026,,,6,EXTRACTED_FROM_WORDDOCUMENT_CELL_STREAM
ATIGA,ASEAN,2023_473 + 474_126-2022-NĐ-CP.doc,8409.91.16,840991,84099116,"- - - - Piston, có đường kính ngoài từ 50 mm trở lên, nhưng không quá 155 mm",0|0|0|0|0|0,0,COLUMN_5_AS_2026,,,6,EXTRACTED_FROM_WORDDOCUMENT_CELL_STREAM
ATIGA,ASEAN,2023_473 + 474_126-2022-NĐ-CP.doc,8409.91.17,840991,84099117,- - - - Piston khác,0|0|0|0|0|0,0,COLUMN_5_AS_2026,,,6,EXTRACTED_FROM_WORDDOCUMENT_CELL_STREAM
ATIGA,ASEAN,2023_473 + 474_126-2022-NĐ-CP.doc,8409.91.18,840991,84099118,- - - - Bạc piston và chốt piston,0|0|0|0|0|0,0,COLUMN_5_AS_2026,,,6,EXTRACTED_FROM_WORDDOCUMENT_CELL_STREAM
ATIGA,ASEAN,2023_473 + 474_126-2022-NĐ-CP.doc,8409.91.19,840991,84099119,- - - - Loại khác,0|0|0|0|0|0,0,COLUMN_5_AS_2026,,- - - Dùng cho xe thuộc nhóm 87.01:,6,EXTRACTED_FROM_WORDDOCUMENT_CELL_STREAM
ATIGA,ASEAN,2023_473 + 474_126-2022-NĐ-CP.doc,8409.91.21,840991,84099121,- - - - Chế hòa khí và bộ phận của chúng,0|0|0|0|0|0,0,COLUMN_5_AS_2026,,,6,EXTRACTED_FROM_WORDDOCUMENT_CELL_STREAM
ATIGA,ASEAN,2023_473 + 474_126-2022-NĐ-CP.doc,8409.91.22,840991,84099122,- - - - Thân động cơ (cylinder block); hộp trục khuỷu,0|0|0|0|0|0,0,COLUMN_5_AS_2026,,,6,EXTRACTED_FROM_WORDDOCUMENT_CELL_STREAM
ATIGA,ASEAN,2023_473 + 474_126-2022-NĐ-CP.doc,8409.91.23,840991,84099123,"- - - - Ống xi lanh, có đường kính trong từ 50 mm trở lên, nhưng không quá 155 mm",0|0|0|0|0|0,0,COLUMN_5_AS_2026,,,6,EXTRACTED_FROM_WORDDOCUMENT_CELL_STREAM
ATIGA,ASEAN,2023_473 + 474_126-2022-NĐ-CP.doc,8409.91.24,840991,84099124,- - - - Ống xi lanh khác,0|0|0|0|0|0,0,COLUMN_5_AS_2026,,,6,EXTRACTED_FROM_WORDDOCUMENT_CELL_STREAM
ATIGA,ASEAN,2023_473 + 474_126-2022-NĐ-CP.doc,8409.91.26,840991,84099126,"- - - - Piston, có đường kính ngoài từ 50 mm trở lên, nhưng không quá 155 mm",0|0|0|0|0|0,0,COLUMN_5_AS_2026,,,6,EXTRACTED_FROM_WORDDOCUMENT_CELL_STREAM
ATIGA,ASEAN,2023_473 + 474_126-2022-NĐ-CP.doc,8409.91.28,840991,84099128,- - - - Bạc piston và chốt piston,0|0|0|0|0|0,0,COLUMN_5_AS_2026,,,6,EXTRACTED_FROM_WORDDOCUMENT_CELL_STREAM
ATIGA,ASEAN,2023_473 + 474_126-2022-NĐ-CP.doc,8409.91.29,840991,84099129,- - - - Loại khác,0|0|0|0|0|0,0,COLUMN_5_AS_2026,,- - - Dùng cho xe của nhóm 87.11:,6,EXTRACTED_FROM_WORDDOCUMENT_CELL_STREAM
ATIGA,ASEAN,2023_473 + 474_126-2022-NĐ-CP.doc,8409.91.31,840991,84099131,- - - - Chế hòa khí và bộ phận của chúng,0|0|0|0|0|0,0,COLUMN_5_AS_2026,,,6,EXTRACTED_FROM_WORDDOCUMENT_CELL_STREAM
ATIGA,ASEAN,2023_473 + 474_126-2022-NĐ-CP.doc,8409.91.32,840991,84099132,- - - - Thân động cơ (cylinder block); hộp trục khuỷu,0|0|0|0|0|0,0,COLUMN_5_AS_2026,,,6,EXTRACTED_FROM_WORDDOCUMENT_CELL_STREAM
ATIGA,ASEAN,2023_473 + 474_126-2022-NĐ-CP.doc,8409.91.34,840991,84099134,- - - - Ống xi lanh,0|0|0|0|0|0,0,COLUMN_5_AS_2026,,,6,EXTRACTED_FROM_WORDDOCUMENT_CELL_STREAM
ATIGA,ASEAN,2023_473 + 474_126-2022-NĐ-CP.doc,8409.91.35,840991,84099135,- - - - Quy lát và nắp quy lát,0|0|0|0|0|0,0,COLUMN_5_AS_2026,,,6,EXTRACTED_FROM_WORDDOCUMENT_CELL_STREAM
ATIGA,ASEAN,2023_473 + 474_126-2022-NĐ-CP.doc,8409.91.37,840991,84099137,- - - - Piston,0|0|0|0|0|0,0,COLUMN_5_AS_2026,,,6,EXTRACTED_FROM_WORDDOCUMENT_CELL_STREAM
ATIGA,ASEAN,2023_473 + 474_126-2022-NĐ-CP.doc,8409.91.38,840991,84099138,- - - - Bạc piston và chốt piston,0|0|0|0|0|0,0,COLUMN_5_AS_2026,,,6,EXTRACTED_FROM_WORDDOCUMENT_CELL_STREAM
ATIGA,ASEAN,2023_473 + 474_126-2022-NĐ-CP.doc,8409.91.39,840991,84099139,- - - - Loại khác,0|0|0|0|0|0,0,COLUMN_5_AS_2026,,- - - Dùng cho xe khác thuộc Chương 87:,6,EXTRACTED_FROM_WORDDOCUMENT_CELL_STREAM
ATIGA,ASEAN,2023_473 + 474_126-2022-NĐ-CP.doc,8409.91.41,840991,84099141,- - - - Chế hòa khí và bộ phận của chúng,0|0|0|0|0|0,0,COLUMN_5_AS_2026,,,6,EXTRACTED_FROM_WORDDOCUMENT_CELL_STREAM
ATIGA,ASEAN,2023_473 + 474_126-2022-NĐ-CP.doc,8409.91.42,840991,84099142,- - - - Thân động cơ (cylinder block); hộp trục khuỷu,0|0|0|0|0|0,0,COLUMN_5_AS_2026,,,6,EXTRACTED_FROM_WORDDOCUMENT_CELL_STREAM
ATIGA,ASEAN,2023_473 + 474_126-2022-NĐ-CP.doc,8409.91.43,840991,84099143,"- - - - Ống xi lanh, có đường kính trong từ 50 mm trở lên, nhưng không quá 155 mm",0|0|0|0|0|0,0,COLUMN_5_AS_2026,,,6,EXTRACTED_FROM_WORDDOCUMENT_CELL_STREAM
ATIGA,ASEAN,2023_473 + 474_126-2022-NĐ-CP.doc,8409.91.44,840991,84099144,- - - - Ống xi lanh khác,0|0|0|0|0|0,0,COLUMN_5_AS_2026,,,6,EXTRACTED_FROM_WORDDOCUMENT_CELL_STREAM
ATIGA,ASEAN,2023_473 + 474_126-2022-NĐ-CP.doc,8409.91.45,840991,84099145,- - - - Quy lát và nắp quy lát,0|0|0|0|0|0,0,COLUMN_5_AS_2026,,,6,EXTRACTED_FROM_WORDDOCUMENT_CELL_STREAM
ATIGA,ASEAN,2023_473 + 474_126-2022-NĐ-CP.doc,8409.91.46,840991,84099146,"- - - - Piston, có đường kính ngoài từ 50 mm trở lên, nhưng không quá 155 mm",0|0|0|0|0|0,0,COLUMN_5_AS_2026,,,6,EXTRACTED_FROM_WORDDOCUMENT_CELL_STREAM
ATIGA,ASEAN,2023_473 + 474_126-2022-NĐ-CP.doc,8409.91.47,840991,84099147,- - - - Piston khác,0|0|0|0|0|0,0,COLUMN_5_AS_2026,,,6,EXTRACTED_FROM_WORDDOCUMENT_CELL_STREAM
ATIGA,ASEAN,2023_473 + 474_126-2022-NĐ-CP.doc,8409.91.48,840991,84099148,- - - - Bạc piston và chốt piston,0|0|0|0|0|0,0,COLUMN_5_AS_2026,,,6,EXTRACTED_FROM_WORDDOCUMENT_CELL_STREAM
ATIGA,ASEAN,2023_473 + 474_126-2022-NĐ-CP.doc,8409.91.49,840991,84099149,- - - - Loại khác,0|0|0|0|0|0,0,COLUMN_5_AS_2026,,"- - - Dùng cho tàu thuyền thuộc Chương 89:|- - - - Cho động cơ máy thủy công suất không quá 22,38 kW:",6,EXTRACTED_FROM_WORDDOCUMENT_CELL_STREAM
ATIGA,ASEAN,2023_473 + 474_126-2022-NĐ-CP.doc,8409.91.51,840991,84099151,- - - - - Thân động cơ (cylinder block); hộp trục khuỷu,0|0|0|0|0|0,0,COLUMN_5_AS_2026,,,6,EXTRACTED_FROM_WORDDOCUMENT_CELL_STREAM
ATIGA,ASEAN,2023_473 + 474_126-2022-NĐ-CP.doc,8409.91.52,840991,84099152,"- - - - - Ống xi lanh, có đường kính trong từ 50 mm trở lên, nhưng không quá 155 mm",0|0|0|0|0|0,0,COLUMN_5_AS_2026,,,6,EXTRACTED_FROM_WORDDOCUMENT_CELL_STREAM
ATIGA,ASEAN,2023_473 + 474_126-2022-NĐ-CP.doc,8409.91.53,840991,84099153,- - - - - Ống xi lanh khác,0|0|0|0|0|0,0,COLUMN_5_AS_2026,,,6,EXTRACTED_FROM_WORDDOCUMENT_CELL_STREAM
ATIGA,ASEAN,2023_473 + 474_126-2022-NĐ-CP.doc,8409.91.54,840991,84099154,"- - - - - Piston, có đường kính ngoài từ 50 mm trở lên, nhưng không quá 155 mm",0|0|0|0|0|0,0,COLUMN_5_AS_2026,,,6,EXTRACTED_FROM_WORDDOCUMENT_CELL_STREAM
ATIGA,ASEAN,2023_473 + 474_126-2022-NĐ-CP.doc,8409.91.55,840991,84099155,- - - - - Piston khác,0|0|0|0|0|0,0,COLUMN_5_AS_2026,,,6,EXTRACTED_FROM_WORDDOCUMENT_CELL_STREAM
ATIGA,ASEAN,2023_473 + 474_126-2022-NĐ-CP.doc,8409.91.59,840991,84099159,- - - - - Loại khác,0|0|0|0|0|0,0,COLUMN_5_AS_2026,,"- - - - Cho động cơ máy thủy công suất trên 22,38 kW:",6,EXTRACTED_FROM_WORDDOCUMENT_CELL_STREAM
ATIGA,ASEAN,2023_473 + 474_126-2022-NĐ-CP.doc,8409.91.61,840991,84099161,- - - - - Thân động cơ (cylinder block); hộp trục khuỷu,0|0|0|0|0|0,0,COLUMN_5_AS_2026,,,6,EXTRACTED_FROM_WORDDOCUMENT_CELL_STREAM
ATIGA,ASEAN,2023_473 + 474_126-2022-NĐ-CP.doc,8409.91.62,840991,84099162,"- - - - - Ống xi lanh, có đường kính trong từ 50 mm trở lên, nhưng không quá 155 mm",0|0|0|0|0|0,0,COLUMN_5_AS_2026,,,6,EXTRACTED_FROM_WORDDOCUMENT_CELL_STREAM
ATIGA,ASEAN,2023_473 + 474_126-2022-NĐ-CP.doc,8409.91.63,840991,84099163,- - - - - Ống xi lanh khác,0|0|0|0|0|0,0,COLUMN_5_AS_2026,,,6,EXTRACTED_FROM_WORDDOCUMENT_CELL_STREAM
ATIGA,ASEAN,2023_473 + 474_126-2022-NĐ-CP.doc,8409.91.64,840991,84099164,"- - - - - Piston, có đường kính ngoài từ 50 mm trở lên, nhưng không quá 155 mm",0|0|0|0|0|0,0,COLUMN_5_AS_2026,,,6,EXTRACTED_FROM_WORDDOCUMENT_CELL_STREAM
ATIGA,ASEAN,2023_473 + 474_126-2022-NĐ-CP.doc,8409.91.69,840991,84099169,- - - - - Loại khác,0|0|0|0|0|0,0,COLUMN_5_AS_2026,,- - - Dùng cho động cơ khác:,6,EXTRACTED_FROM_WORDDOCUMENT_CELL_STREAM
ATIGA,ASEAN,2023_473 + 474_126-2022-NĐ-CP.doc,8409.91.71,840991,84099171,- - - - Chế hòa khí và bộ phận của chúng,0|0|0|0|0|0,0,COLUMN_5_AS_2026,,,6,EXTRACTED_FROM_WORDDOCUMENT_CELL_STREAM
ATIGA,ASEAN,2023_473 + 474_126-2022-NĐ-CP.doc,8409.91.72,840991,84099172,- - - - Thân động cơ (cylinder block); hộp trục khuỷu,0|0|0|0|0|0,0,COLUMN_5_AS_2026,,,6,EXTRACTED_FROM_WORDDOCUMENT_CELL_STREAM
ATIGA,ASEAN,2023_473 + 474_126-2022-NĐ-CP.doc,8409.91.73,840991,84099173,"- - - - Ống xi lanh, có đường kính trong từ 50 mm trở lên, nhưng không quá 155 mm",0|0|0|0|0|0,0,COLUMN_5_AS_2026,,,6,EXTRACTED_FROM_WORDDOCUMENT_CELL_STREAM
ATIGA,ASEAN,2023_473 + 474_126-2022-NĐ-CP.doc,8409.91.74,840991,84099174,- - - - Ống xi lanh khác,0|0|0|0|0|0,0,COLUMN_5_AS_2026,,,6,EXTRACTED_FROM_WORDDOCUMENT_CELL_STREAM
ATIGA,ASEAN,2023_473 + 474_126-2022-NĐ-CP.doc,8409.91.76,840991,84099176,"- - - - Piston, có đường kính ngoài từ 50 mm trở lên, nhưng không quá 155 mm",0|0|0|0|0|0,0,COLUMN_5_AS_2026,,,6,EXTRACTED_FROM_WORDDOCUMENT_CELL_STREAM
ATIGA,ASEAN,2023_473 + 474_126-2022-NĐ-CP.doc,8409.91.77,840991,84099177,- - - - Piston khác,0|0|0|0|0|0,0,COLUMN_5_AS_2026,,,6,EXTRACTED_FROM_WORDDOCUMENT_CELL_STREAM
ATIGA,ASEAN,2023_473 + 474_126-2022-NĐ-CP.doc,8409.91.78,840991,84099178,- - - - Bạc piston và chốt piston,0|0|0|0|0|0,0,COLUMN_5_AS_2026,,,6,EXTRACTED_FROM_WORDDOCUMENT_CELL_STREAM
ATIGA,ASEAN,2023_473 + 474_126-2022-NĐ-CP.doc,8409.91.79,840991,84099179,- - - - Loại khác,0|0|0|0|0|0,0,COLUMN_5_AS_2026,,,6,EXTRACTED_FROM_WORDDOCUMENT_CELL_STREAM
ATIGA,ASEAN,2023_473 + 474_126-2022-NĐ-CP.doc,8409.99,840999,840999,- - Loại khác:,,,NO_RATE_COLUMN,,- - - Dùng cho động cơ của máy thuộc nhóm 84.29 hoặc 84.30:,0,EXTRACTED_FROM_WORDDOCUMENT_CELL_STREAM
ATIGA,ASEAN,2023_473 + 474_126-2022-NĐ-CP.doc,8409.99.11,840999,84099911,- - - - Chế hòa khí và bộ phận của chúng,0|0|0|0|0|0,0,COLUMN_5_AS_2026,,,6,EXTRACTED_FROM_WORDDOCUMENT_CELL_STREAM
ATIGA,ASEAN,2023_473 + 474_126-2022-NĐ-CP.doc,8409.99.12,840999,84099912,- - - - Thân động cơ (cylinder block); hộp trục khuỷu,0|0|0|0|0|0,0,COLUMN_5_AS_2026,,,6,EXTRACTED_FROM_WORDDOCUMENT_CELL_STREAM
ATIGA,ASEAN,2023_473 + 474_126-2022-NĐ-CP.doc,8409.99.13,840999,84099913,"- - - - Ống xi lanh, có đường kính trong từ 50 mm trở lên, nhưng không quá 155 mm",0|0|0|0|0|0,0,COLUMN_5_AS_2026,,,6,EXTRACTED_FROM_WORDDOCUMENT_CELL_STREAM
ATIGA,ASEAN,2023_473 + 474_126-2022-NĐ-CP.doc,8409.99.14,840999,84099914,- - - - Ống xi lanh khác,0|0|0|0|0|0,0,COLUMN_5_AS_2026,,,6,EXTRACTED_FROM_WORDDOCUMENT_CELL_STREAM
ATIGA,ASEAN,2023_473 + 474_126-2022-NĐ-CP.doc,8409.99.15,840999,84099915,- - - - Quy lát và nắp quy lát,0|0|0|0|0|0,0,COLUMN_5_AS_2026,,,6,EXTRACTED_FROM_WORDDOCUMENT_CELL_STREAM
ATIGA,ASEAN,2023_473 + 474_126-2022-NĐ-CP.doc,8409.99.16,840999,84099916,"- - - - Piston, có đường kính ngoài từ 50 mm trở lên, nhưng không quá 155 mm",0|0|0|0|0|0,0,COLUMN_5_AS_2026,,,6,EXTRACTED_FROM_WORDDOCUMENT_CELL_STREAM
ATIGA,ASEAN,2023_473 + 474_126-2022-NĐ-CP.doc,8409.99.17,840999,84099917,- - - - Piston khác,0|0|0|0|0|0,0,COLUMN_5_AS_2026,,,6,EXTRACTED_FROM_WORDDOCUMENT_CELL_STREAM
ATIGA,ASEAN,2023_473 + 474_126-2022-NĐ-CP.doc,8409.99.18,840999,84099918,- - - - Bạc piston và chốt piston,0|0|0|0|0|0,0,COLUMN_5_AS_2026,,,6,EXTRACTED_FROM_WORDDOCUMENT_CELL_STREAM
ATIGA,ASEAN,2023_473 + 474_126-2022-NĐ-CP.doc,8409.99.19,840999,84099919,- - - - Loại khác,0|0|0|0|0|0,0,COLUMN_5_AS_2026,,- - - Dùng cho động cơ của xe thuộc nhóm 87.01:,6,EXTRACTED_FROM_WORDDOCUMENT_CELL_STREAM
ATIGA,ASEAN,2023_473 + 474_126-2022-NĐ-CP.doc,8409.99.21,840999,84099921,- - - - Chế hòa khí và bộ phận của chúng,0|0|0|0|0|0,0,COLUMN_5_AS_2026,,,6,EXTRACTED_FROM_WORDDOCUMENT_CELL_STREAM
ATIGA,ASEAN,2023_473 + 474_126-2022-NĐ-CP.doc,8409.99.22,840999,84099922,- - - - Thân động cơ (cylinder block); hộp trục khuỷu,0|0|0|0|0|0,0,COLUMN_5_AS_2026,,,6,EXTRACTED_FROM_WORDDOCUMENT_CELL_STREAM
ATIGA,ASEAN,2023_473 + 474_126-2022-NĐ-CP.doc,8409.99.23,840999,84099923,"- - - - Ống xi lanh, có đường kính trong từ 50 mm trở lên, nhưng không quá 155 mm",0|0|0|0|0|0,0,COLUMN_5_AS_2026,,,6,EXTRACTED_FROM_WORDDOCUMENT_CELL_STREAM
ATIGA,ASEAN,2023_473 + 474_126-2022-NĐ-CP.doc,8409.99.24,840999,84099924,- - - - Ống xi lanh khác,0|0|0|0|0|0,0,COLUMN_5_AS_2026,,,6,EXTRACTED_FROM_WORDDOCUMENT_CELL_STREAM
ATIGA,ASEAN,2023_473 + 474_126-2022-NĐ-CP.doc,8409.99.25,840999,84099925,- - - - Quy lát và nắp quy lát,0|0|0|0|0|0,0,COLUMN_5_AS_2026,,,6,EXTRACTED_FROM_WORDDOCUMENT_CELL_STREAM
ATIGA,ASEAN,2023_473 + 474_126-2022-NĐ-CP.doc,8409.99.26,840999,84099926,"- - - - Piston, có đường kính ngoài từ 50 mm trở lên, nhưng không quá 155 mm",0|0|0|0|0|0,0,COLUMN_5_AS_2026,,,6,EXTRACTED_FROM_WORDDOCUMENT_CELL_STREAM
ATIGA,ASEAN,2023_473 + 474_126-2022-NĐ-CP.doc,8409.99.27,840999,84099927,- - - - Piston khác,0|0|0|0|0|0,0,COLUMN_5_AS_2026,,,6,EXTRACTED_FROM_WORDDOCUMENT_CELL_STREAM
ATIGA,ASEAN,2023_473 + 474_126-2022-NĐ-CP.doc,8409.99.29,840999,84099929,- - - - Loại khác,0|0|0|0|0|0,0,COLUMN_5_AS_2026,,- - - Dùng cho động cơ của xe thuộc nhóm 87.11:,6,EXTRACTED_FROM_WORDDOCUMENT_CELL_STREAM
ATIGA,ASEAN,2023_473 + 474_126-2022-NĐ-CP.doc,8409.99.31,840999,84099931,- - - - Chế hòa khí và bộ phận của chúng,0|0|0|0|0|0,0,COLUMN_5_AS_2026,,,6,EXTRACTED_FROM_WORDDOCUMENT_CELL_STREAM
ATIGA,ASEAN,2023_473 + 474_126-2022-NĐ-CP.doc,8409.99.32,840999,84099932,- - - - Thân động cơ (cylinder block); hộp trục khuỷu,0|0|0|0|0|0,0,COLUMN_5_AS_2026,,,6,EXTRACTED_FROM_WORDDOCUMENT_CELL_STREAM
ATIGA,ASEAN,2023_473 + 474_126-2022-NĐ-CP.doc,8409.99.34,840999,84099934,- - - - Quy lát và nắp quy lát,0|0|0|0|0|0,0,COLUMN_5_AS_2026,,,6,EXTRACTED_FROM_WORDDOCUMENT_CELL_STREAM
ATIGA,ASEAN,2023_473 + 474_126-2022-NĐ-CP.doc,8409.99.36,840999,84099936,- - - - Bạc piston và chốt piston,0|0|0|0|0|0,0,COLUMN_5_AS_2026,,,6,EXTRACTED_FROM_WORDDOCUMENT_CELL_STREAM
ATIGA,ASEAN,2023_473 + 474_126-2022-NĐ-CP.doc,8409.99.37,840999,84099937,"- - - - Ống xi lanh, có đường kính trong từ 50 mm trở lên, nhưng không quá 155 mm; piston, có đường kính ngoài từ 50 mm trở lên, nhưng không quá 155 mm",0|0|0|0|0|0,0,COLUMN_5_AS_2026,,,6,EXTRACTED_FROM_WORDDOCUMENT_CELL_STREAM
ATIGA,ASEAN,2023_473 + 474_126-2022-NĐ-CP.doc,8409.99.38,840999,84099938,- - - - Ống xi lanh và piston khác,0|0|0|0|0|0,0,COLUMN_5_AS_2026,,,6,EXTRACTED_FROM_WORDDOCUMENT_CELL_STREAM
ATIGA,ASEAN,2023_473 + 474_126-2022-NĐ-CP.doc,8409.99.39,840999,84099939,- - - - Loại khác,0|0|0|0|0|0,0,COLUMN_5_AS_2026,,- - - Dùng cho động cơ của xe khác thuộc Chương 87:,6,EXTRACTED_FROM_WORDDOCUMENT_CELL_STREAM
ATIGA,ASEAN,2023_473 + 474_126-2022-NĐ-CP.doc,8409.99.41,840999,84099941,- - - - Chế hòa khí và bộ phận của chúng,0|0|0|0|0|0,0,COLUMN_5_AS_2026,,,6,EXTRACTED_FROM_WORDDOCUMENT_CELL_STREAM
ATIGA,ASEAN,2023_473 + 474_126-2022-NĐ-CP.doc,8409.99.42,840999,84099942,- - - - Thân động cơ (cylinder block); hộp trục khuỷu,0|0|0|0|0|0,0,COLUMN_5_AS_2026,,,6,EXTRACTED_FROM_WORDDOCUMENT_CELL_STREAM
ATIGA,ASEAN,2023_473 + 474_126-2022-NĐ-CP.doc,8409.99.43,840999,84099943,"- - - - Ống xi lanh, có đường kính trong từ 50 mm trở lên, nhưng không quá 155 mm",0|0|0|0|0|0,0,COLUMN_5_AS_2026,,,6,EXTRACTED_FROM_WORDDOCUMENT_CELL_STREAM
ATIGA,ASEAN,2023_473 + 474_126-2022-NĐ-CP.doc,8409.99.44,840999,84099944,- - - - Ống xi lanh khác,0|0|0|0|0|0,0,COLUMN_5_AS_2026,,,6,EXTRACTED_FROM_WORDDOCUMENT_CELL_STREAM
ATIGA,ASEAN,2023_473 + 474_126-2022-NĐ-CP.doc,8409.99.45,840999,84099945,- - - - Quy lát và nắp quy lát,0|0|0|0|0|0,0,COLUMN_5_AS_2026,,,6,EXTRACTED_FROM_WORDDOCUMENT_CELL_STREAM
ATIGA,ASEAN,2023_473 + 474_126-2022-NĐ-CP.doc,8409.99.46,840999,84099946,"- - - - Piston, có đường kính ngoài từ 50 mm trở lên, nhưng không quá 155 mm",0|0|0|0|0|0,0,COLUMN_5_AS_2026,,,6,EXTRACTED_FROM_WORDDOCUMENT_CELL_STREAM
ATIGA,ASEAN,2023_473 + 474_126-2022-NĐ-CP.doc,8409.99.47,840999,84099947,- - - - Piston khác,0|0|0|0|0|0,0,COLUMN_5_AS_2026,,,6,EXTRACTED_FROM_WORDDOCUMENT_CELL_STREAM
ATIGA,ASEAN,2023_473 + 474_126-2022-NĐ-CP.doc,8409.99.48,840999,84099948,- - - - Bạc piston và chốt piston,0|0|0|0|0|0,0,COLUMN_5_AS_2026,,,6,EXTRACTED_FROM_WORDDOCUMENT_CELL_STREAM
ATIGA,ASEAN,2023_473 + 474_126-2022-NĐ-CP.doc,8409.99.49,840999,84099949,- - - - Loại khác,0|0|0|0|0|0,0,COLUMN_5_AS_2026,,"- - - Dùng cho động cơ tàu thuyền thuộc Chương 89:|- - - - Cho động cơ máy thủy công suất không quá 22,38 kW:",6,EXTRACTED_FROM_WORDDOCUMENT_CELL_STREAM
ATIGA,ASEAN,2023_473 + 474_126-2022-NĐ-CP.doc,8409.99.51,840999,84099951,- - - - - Thân động cơ (cylinder block); hộp trục khuỷu,0|0|0|0|0|0,0,COLUMN_5_AS_2026,,,6,EXTRACTED_FROM_WORDDOCUMENT_CELL_STREAM
ATIGA,ASEAN,2023_473 + 474_126-2022-NĐ-CP.doc,8409.99.52,840999,84099952,"- - - - - Ống xi lanh, có đường kính trong từ 50 mm trở lên, nhưng không quá 155 mm",0|0|0|0|0|0,0,COLUMN_5_AS_2026,,,6,EXTRACTED_FROM_WORDDOCUMENT_CELL_STREAM
ATIGA,ASEAN,2023_473 + 474_126-2022-NĐ-CP.doc,8409.99.53,840999,84099953,- - - - - Ống xi lanh khác,0|0|0|0|0|0,0,COLUMN_5_AS_2026,,,6,EXTRACTED_FROM_WORDDOCUMENT_CELL_STREAM
ATIGA,ASEAN,2023_473 + 474_126-2022-NĐ-CP.doc,8409.99.54,840999,84099954,"- - - - - Piston, có đường kính ngoài từ 50 mm trở lên, nhưng không quá 155 mm",0|0|0|0|0|0,0,COLUMN_5_AS_2026,,,6,EXTRACTED_FROM_WORDDOCUMENT_CELL_STREAM
ATIGA,ASEAN,2023_473 + 474_126-2022-NĐ-CP.doc,8409.99.55,840999,84099955,- - - - - Piston khác,0|0|0|0|0|0,0,COLUMN_5_AS_2026,,,6,EXTRACTED_FROM_WORDDOCUMENT_CELL_STREAM
ATIGA,ASEAN,2023_473 + 474_126-2022-NĐ-CP.doc,8409.99.59,840999,84099959,- - - - - Loại khác,0|0|0|0|0|0,0,COLUMN_5_AS_2026,,"- - - - Cho động cơ máy thủy công suất trên 22,38 kW:",6,EXTRACTED_FROM_WORDDOCUMENT_CELL_STREAM
ATIGA,ASEAN,2023_473 + 474_126-2022-NĐ-CP.doc,8409.99.61,840999,84099961,- - - - - Thân động cơ (cylinder block); hộp trục khuỷu,0|0|0|0|0|0,0,COLUMN_5_AS_2026,,,6,EXTRACTED_FROM_WORDDOCUMENT_CELL_STREAM
ATIGA,ASEAN,2023_473 + 474_126-2022-NĐ-CP.doc,8409.99.62,840999,84099962,"- - - - - Ống xi lanh, có đường kính trong từ 50 mm trở lên, nhưng không quá 155 mm",0|0|0|0|0|0,0,COLUMN_5_AS_2026,,,6,EXTRACTED_FROM_WORDDOCUMENT_CELL_STREAM
ATIGA,ASEAN,2023_473 + 474_126-2022-NĐ-CP.doc,8409.99.63,840999,84099963,- - - - - Ống xi lanh khác,0|0|0|0|0|0,0,COLUMN_5_AS_2026,,,6,EXTRACTED_FROM_WORDDOCUMENT_CELL_STREAM
ATIGA,ASEAN,2023_473 + 474_126-2022-NĐ-CP.doc,8409.99.64,840999,84099964,"- - - - - Piston, có đường kính ngoài từ 50 mm trở lên, nhưng không quá 155 mm",0|0|0|0|0|0,0,COLUMN_5_AS_2026,,,6,EXTRACTED_FROM_WORDDOCUMENT_CELL_STREAM
ATIGA,ASEAN,2023_473 + 474_126-2022-NĐ-CP.doc,8409.99.65,840999,84099965,- - - - - Piston khác,0|0|0|0|0|0,0,COLUMN_5_AS_2026,,,6,EXTRACTED_FROM_WORDDOCUMENT_CELL_STREAM
ATIGA,ASEAN,2023_473 + 474_126-2022-NĐ-CP.doc,8409.99.69,840999,84099969,- - - - - Loại khác,0|0|0|0|0|0,0,COLUMN_5_AS_2026,,- - - Dùng cho động cơ khác:,6,EXTRACTED_FROM_WORDDOCUMENT_CELL_STREAM
ATIGA,ASEAN,2023_473 + 474_126-2022-NĐ-CP.doc,8409.99.71,840999,84099971,- - - - Chế hòa khí và bộ phận của chúng,0|0|0|0|0|0,0,COLUMN_5_AS_2026,,,6,EXTRACTED_FROM_WORDDOCUMENT_CELL_STREAM
ATIGA,ASEAN,2023_473 + 474_126-2022-NĐ-CP.doc,8409.99.72,840999,84099972,- - - - Thân động cơ (cylinder block); hộp trục khuỷu,0|0|0|0|0|0,0,COLUMN_5_AS_2026,,,6,EXTRACTED_FROM_WORDDOCUMENT_CELL_STREAM
ATIGA,ASEAN,2023_473 + 474_126-2022-NĐ-CP.doc,8409.99.73,840999,84099973,"- - - - Ống xi lanh, có đường kính trong từ 50 mm trở lên, nhưng không quá 155 mm",0|0|0|0|0|0,0,COLUMN_5_AS_2026,,,6,EXTRACTED_FROM_WORDDOCUMENT_CELL_STREAM
ATIGA,ASEAN,2023_473 + 474_126-2022-NĐ-CP.doc,8409.99.74,840999,84099974,- - - - Ống xi lanh khác,0|0|0|0|0|0,0,COLUMN_5_AS_2026,,,6,EXTRACTED_FROM_WORDDOCUMENT_CELL_STREAM
ATIGA,ASEAN,2023_473 + 474_126-2022-NĐ-CP.doc,8409.99.75,840999,84099975,- - - - Quy lát và nắp quy lát,0|0|0|0|0|0,0,COLUMN_5_AS_2026,,,6,EXTRACTED_FROM_WORDDOCUMENT_CELL_STREAM
ATIGA,ASEAN,2023_473 + 474_126-2022-NĐ-CP.doc,8409.99.76,840999,84099976,"- - - - Piston, có đường kính ngoài từ 50 mm trở lên, nhưng không quá 155 mm",0|0|0|0|0|0,0,COLUMN_5_AS_2026,,,6,EXTRACTED_FROM_WORDDOCUMENT_CELL_STREAM
ATIGA,ASEAN,2023_473 + 474_126-2022-NĐ-CP.doc,8409.99.77,840999,84099977,- - - - Piston khác,0|0|0|0|0|0,0,COLUMN_5_AS_2026,,,6,EXTRACTED_FROM_WORDDOCUMENT_CELL_STREAM
ATIGA,ASEAN,2023_473 + 474_126-2022-NĐ-CP.doc,8409.99.78,840999,84099978,- - - - Bạc piston và chốt piston,0|0|0|0|0|0,0,COLUMN_5_AS_2026,,,6,EXTRACTED_FROM_WORDDOCUMENT_CELL_STREAM
ATIGA,ASEAN,2023_473 + 474_126-2022-NĐ-CP.doc,8409.99.79,840999,84099979,- - - - Loại khác,0|0|0|0|0|0,0,COLUMN_5_AS_2026,,"84.10|Tua bin thủy lực, bánh xe guồng nước, và các bộ điều chỉnh của chúng|- Tua bin thủy lực và bánh xe guồng nước:",6,EXTRACTED_FROM_WORDDOCUMENT_CELL_STREAM
ATIGA,ASEAN,2023_473 + 474_126-2022-NĐ-CP.doc,8413.30,841330,841330,"- Bơm nhiên liệu, dầu bôi trơn hoặc bơm chất làm mát, dùng cho động cơ đốt trong kiểu piston:",,,NO_RATE_COLUMN,,,0,EXTRACTED_FROM_WORDDOCUMENT_CELL_STREAM
ATIGA,ASEAN,2023_473 + 474_126-2022-NĐ-CP.doc,8413.30.30,841330,84133030,"- - Bơm nhiên liệu loại sử dụng cho động cơ của xe có động cơ thuộc nhóm 87.02, 87.03 hoặc 87.04",0|0|0|0|0|0,0,COLUMN_5_AS_2026,,,6,EXTRACTED_FROM_WORDDOCUMENT_CELL_STREAM
ATIGA,ASEAN,2023_473 + 474_126-2022-NĐ-CP.doc,8413.30.40,841330,84133040,"- - Bơm nước loại được sử dụng cho động cơ của xe có động cơ thuộc nhóm 87.02, 87.03 hoặc 87.04",0|0|0|0|0|0,0,COLUMN_5_AS_2026,,"- - Loại khác, loại ly tâm:",6,EXTRACTED_FROM_WORDDOCUMENT_CELL_STREAM
ATIGA,ASEAN,2023_473 + 474_126-2022-NĐ-CP.doc,8413.30.51,841330,84133051,- - - Với đường kính cửa hút không quá 200 mm,0|0|0|0|0|0,0,COLUMN_5_AS_2026,,,6,EXTRACTED_FROM_WORDDOCUMENT_CELL_STREAM
ATIGA,ASEAN,2023_473 + 474_126-2022-NĐ-CP.doc,8413.30.52,841330,84133052,- - - Với đường kính cửa hút trên 200 mm,0|0|0|0|0|0,0,COLUMN_5_AS_2026,,,6,EXTRACTED_FROM_WORDDOCUMENT_CELL_STREAM
ATIGA,ASEAN,2023_473 + 474_126-2022-NĐ-CP.doc,8413.30.90,841330,84133090,- - Loại khác,0|0|0|0|0|0,0,COLUMN_5_AS_2026,,,6,EXTRACTED_FROM_WORDDOCUMENT_CELL_STREAM
ATIGA,ASEAN,2023_473 + 474_126-2022-NĐ-CP.doc,8413.81,841381,841381,- - Bơm:,,,NO_RATE_COLUMN,,,0,EXTRACTED_FROM_WORDDOCUMENT_CELL_STREAM
ATIGA,ASEAN,2023_473 + 474_126-2022-NĐ-CP.doc,8413.81.13,841381,84138113,"- - - Bơm nước, với lưu lượng không quá 8.000 m³/h, hoạt động bằng điện",0|0|0|0|0|0,0,COLUMN_5_AS_2026,,,6,EXTRACTED_FROM_WORDDOCUMENT_CELL_STREAM
ATIGA,ASEAN,2023_473 + 474_126-2022-NĐ-CP.doc,8413.81.14,841381,84138114,"- - - Bơm nước, với lưu lượng không quá 8.000 m³/h, không hoạt động bằng điện",0|0|0|0|0|0,0,COLUMN_5_AS_2026,,,6,EXTRACTED_FROM_WORDDOCUMENT_CELL_STREAM
ATIGA,ASEAN,2023_473 + 474_126-2022-NĐ-CP.doc,8413.81.15,841381,84138115,"- - - Bơm nước, với lưu lượng trên 8.000 m³/h nhưng không quá 13.000 m³/h",0|0|0|0|0|0,0,COLUMN_5_AS_2026,,,6,EXTRACTED_FROM_WORDDOCUMENT_CELL_STREAM
ATIGA,ASEAN,2023_473 + 474_126-2022-NĐ-CP.doc,8413.81.19,841381,84138119,- - - Loại khác,0|0|0|0|0|0,0,COLUMN_5_AS_2026,,,6,EXTRACTED_FROM_WORDDOCUMENT_CELL_STREAM
ATIGA,ASEAN,2023_473 + 474_126-2022-NĐ-CP.doc,8415.20,841520,841520,"- Loại sử dụng cho người, trong xe có động cơ:",,,NO_RATE_COLUMN,,,0,EXTRACTED_FROM_WORDDOCUMENT_CELL_STREAM
ATIGA,ASEAN,2023_473 + 474_126-2022-NĐ-CP.doc,8415.20.10,841520,84152010,"- - Công suất làm mát không quá 26,38 kW",0|0|0|0|0|0,0,COLUMN_5_AS_2026,,,6,EXTRACTED_FROM_WORDDOCUMENT_CELL_STREAM
ATIGA,ASEAN,2023_473 + 474_126-2022-NĐ-CP.doc,8415.20.90,841520,84152090,- - Loại khác,0|0|0|0|0|0,0,COLUMN_5_AS_2026,,- Loại khác:,6,EXTRACTED_FROM_WORDDOCUMENT_CELL_STREAM
ATIGA,ASEAN,2023_473 + 474_126-2022-NĐ-CP.doc,8421.23,842123,842123,- - Bộ lọc dầu hoặc xăng cho động cơ đốt trong:,,,NO_RATE_COLUMN,,- - - Dùng cho máy thuộc nhóm 84.29 hoặc 84.30:,0,EXTRACTED_FROM_WORDDOCUMENT_CELL_STREAM
ATIGA,ASEAN,2023_473 + 474_126-2022-NĐ-CP.doc,8421.23.11,842123,84212311,- - - - Bộ lọc dầu,0|0|0|0|0|0,0,COLUMN_5_AS_2026,,,6,EXTRACTED_FROM_WORDDOCUMENT_CELL_STREAM
ATIGA,ASEAN,2023_473 + 474_126-2022-NĐ-CP.doc,8421.23.19,842123,84212319,- - - - Loại khác,0|0|0|0|0|0,0,COLUMN_5_AS_2026,,- - - Dùng cho xe có động cơ thuộc Chương 87:,6,EXTRACTED_FROM_WORDDOCUMENT_CELL_STREAM
ATIGA,ASEAN,2023_473 + 474_126-2022-NĐ-CP.doc,8421.23.21,842123,84212321,- - - - Bộ lọc dầu,0|0|0|0|0|0,0,COLUMN_5_AS_2026,,,6,EXTRACTED_FROM_WORDDOCUMENT_CELL_STREAM
ATIGA,ASEAN,2023_473 + 474_126-2022-NĐ-CP.doc,8421.23.29,842123,84212329,- - - - Loại khác,0|0|0|0|0|0,0,COLUMN_5_AS_2026,,- - - Loại khác:,6,EXTRACTED_FROM_WORDDOCUMENT_CELL_STREAM
ATIGA,ASEAN,2023_473 + 474_126-2022-NĐ-CP.doc,8421.23.91,842123,84212391,- - - - Bộ lọc dầu,0|0|0|0|0|0,0,COLUMN_5_AS_2026,,,6,EXTRACTED_FROM_WORDDOCUMENT_CELL_STREAM
ATIGA,ASEAN,2023_473 + 474_126-2022-NĐ-CP.doc,8421.23.99,842123,84212399,- - - - Loại khác,0|0|0|0|0|0,0,COLUMN_5_AS_2026,,,6,EXTRACTED_FROM_WORDDOCUMENT_CELL_STREAM
ATIGA,ASEAN,2023_473 + 474_126-2022-NĐ-CP.doc,8421.31,842131,842131,- - Bộ lọc khí nạp cho động cơ đốt trong:,,,NO_RATE_COLUMN,,,0,EXTRACTED_FROM_WORDDOCUMENT_CELL_STREAM
ATIGA,ASEAN,2023_473 + 474_126-2022-NĐ-CP.doc,8421.31.10,842131,84213110,- - - Dùng cho máy thuộc nhóm 84.29 hoặc 84.30,0|0|0|0|0|0,0,COLUMN_5_AS_2026,,,6,EXTRACTED_FROM_WORDDOCUMENT_CELL_STREAM
ATIGA,ASEAN,2023_473 + 474_126-2022-NĐ-CP.doc,8421.31.20,842131,84213120,- - - Dùng cho xe có động cơ thuộc Chương 87,0|0|0|0|0|0,0,COLUMN_5_AS_2026,,,6,EXTRACTED_FROM_WORDDOCUMENT_CELL_STREAM
ATIGA,ASEAN,2023_473 + 474_126-2022-NĐ-CP.doc,8421.31.90,842131,84213190,- - - Loại khác,0|0|0|0|0|0,0,COLUMN_5_AS_2026,,,6,EXTRACTED_FROM_WORDDOCUMENT_CELL_STREAM
ATIGA,ASEAN,2023_473 + 474_126-2022-NĐ-CP.doc,8421.32.00,842132,84213200,"- - Bộ chuyển đổi xúc tác hoặc bộ lọc hạt, có hoặc không kết hợp, để tinh chế hoặc lọc khí thải từ động cơ đốt trong",0|0|0|0|0|0,0,COLUMN_5_AS_2026,,,6,EXTRACTED_FROM_WORDDOCUMENT_CELL_STREAM
ATIGA,ASEAN,2023_475 + 476_126-2022-NĐ-CP.doc,8501.31,850131,850131,- - Công suất không quá 750 W:,,,NO_RATE_COLUMN,,,0,EXTRACTED_FROM_WORDDOCUMENT_CELL_STREAM
ATIGA,ASEAN,2023_475 + 476_126-2022-NĐ-CP.doc,8501.31.30,850131,85013130,"- - - Động cơ loại dùng cho hàng hóa thuộc nhóm 84.15, 84.18, 84.50, 85.09 hoặc 85.16",0|0|0|0|0|0,0,COLUMN_5_AS_2026,,,6,EXTRACTED_FROM_WORDDOCUMENT_CELL_STREAM
ATIGA,ASEAN,2023_475 + 476_126-2022-NĐ-CP.doc,8501.31.60,850131,85013160,- - - Động cơ dùng cho xe của Chương 87,0|0|0|0|0|0,0,COLUMN_5_AS_2026,,,6,EXTRACTED_FROM_WORDDOCUMENT_CELL_STREAM
ATIGA,ASEAN,2023_475 + 476_126-2022-NĐ-CP.doc,8501.31.70,850131,85013170,- - - Động cơ khác,0|0|0|0|0|0,0,COLUMN_5_AS_2026,,,6,EXTRACTED_FROM_WORDDOCUMENT_CELL_STREAM
ATIGA,ASEAN,2023_475 + 476_126-2022-NĐ-CP.doc,8501.31.80,850131,85013180,- - - Máy phát điện,0|0|0|0|0|0,0,COLUMN_5_AS_2026,,,6,EXTRACTED_FROM_WORDDOCUMENT_CELL_STREAM
ATIGA,ASEAN,2023_475 + 476_126-2022-NĐ-CP.doc,8501.52,850152,850152,- - Công suất trên 750 W nhưng không quá 75 kW:,,,NO_RATE_COLUMN,,- - - Công suất không quá 1 kW:,0,EXTRACTED_FROM_WORDDOCUMENT_CELL_STREAM
ATIGA,ASEAN,2023_475 + 476_126-2022-NĐ-CP.doc,8501.52.11,850152,85015211,"- - - - Loại dùng cho hàng hóa thuộc nhóm 84.15, 84.18, 84.50, 85.09 hoặc 85.16",0|0|0|0|0|0,0,COLUMN_5_AS_2026,,,6,EXTRACTED_FROM_WORDDOCUMENT_CELL_STREAM
ATIGA,ASEAN,2023_475 + 476_126-2022-NĐ-CP.doc,8501.52.12,850152,85015212,- - - - Loại dùng cho xe của Chương 87,0|0|0|0|0|0,0,COLUMN_5_AS_2026,,,6,EXTRACTED_FROM_WORDDOCUMENT_CELL_STREAM
ATIGA,ASEAN,2023_475 + 476_126-2022-NĐ-CP.doc,8501.52.19,850152,85015219,- - - - Loại khác,0|0|0|0|0|0,0,COLUMN_5_AS_2026,,"- - - Công suất trên 1 kW nhưng không quá 37,5 kW:",6,EXTRACTED_FROM_WORDDOCUMENT_CELL_STREAM
ATIGA,ASEAN,2023_475 + 476_126-2022-NĐ-CP.doc,8501.52.21,850152,85015221,"- - - - Loại dùng cho hàng hóa thuộc nhóm 84.15, 84.18, 84.50, 85.09 hoặc 85.16",0|0|0|0|0|0,0,COLUMN_5_AS_2026,,,6,EXTRACTED_FROM_WORDDOCUMENT_CELL_STREAM
ATIGA,ASEAN,2023_475 + 476_126-2022-NĐ-CP.doc,8501.52.22,850152,85015222,- - - - Loại dùng cho xe của Chương 87,0|0|0|0|0|0,0,COLUMN_5_AS_2026,,,6,EXTRACTED_FROM_WORDDOCUMENT_CELL_STREAM
ATIGA,ASEAN,2023_475 + 476_126-2022-NĐ-CP.doc,8501.52.29,850152,85015229,- - - - Loại khác,0|0|0|0|0|0,0,COLUMN_5_AS_2026,,"- - - Công suất trên 37,5 kW nhưng không quá 75 kW:",6,EXTRACTED_FROM_WORDDOCUMENT_CELL_STREAM
ATIGA,ASEAN,2023_475 + 476_126-2022-NĐ-CP.doc,8501.52.31,850152,85015231,"- - - - Loại dùng cho hàng hóa thuộc nhóm 84.15, 84.18 hoặc 84.50",0|0|0|0|0|0,0,COLUMN_5_AS_2026,,,6,EXTRACTED_FROM_WORDDOCUMENT_CELL_STREAM
ATIGA,ASEAN,2023_475 + 476_126-2022-NĐ-CP.doc,8501.52.32,850152,85015232,- - - - Loại dùng cho xe của Chương 87,0|0|0|0|0|0,0,COLUMN_5_AS_2026,,,6,EXTRACTED_FROM_WORDDOCUMENT_CELL_STREAM
ATIGA,ASEAN,2023_475 + 476_126-2022-NĐ-CP.doc,8501.52.39,850152,85015239,- - - - Loại khác,0|0|0|0|0|0,0,COLUMN_5_AS_2026,,,6,EXTRACTED_FROM_WORDDOCUMENT_CELL_STREAM
ATIGA,ASEAN,2023_475 + 476_126-2022-NĐ-CP.doc,8501.53,850153,850153,- - Công suất trên 75 kW:,,,NO_RATE_COLUMN,,,0,EXTRACTED_FROM_WORDDOCUMENT_CELL_STREAM
ATIGA,ASEAN,2023_475 + 476_126-2022-NĐ-CP.doc,8501.53.10,850153,85015310,- - - Loại dùng cho xe của Chương 87,0|0|0|0|0|0,0,COLUMN_5_AS_2026,,,6,EXTRACTED_FROM_WORDDOCUMENT_CELL_STREAM
ATIGA,ASEAN,2023_475 + 476_126-2022-NĐ-CP.doc,8501.53.90,850153,85015390,- - - Loại khác,0|0|0|0|0|0,0,COLUMN_5_AS_2026,,"- Máy phát điện xoay chiều (máy dao điện), trừ máy phát quang điện:",6,EXTRACTED_FROM_WORDDOCUMENT_CELL_STREAM
ATIGA,ASEAN,2023_475 + 476_126-2022-NĐ-CP.doc,8504.40,850440,850440,- Máy biến đổi tĩnh điện:,,,NO_RATE_COLUMN,,"- - Dùng cho các máy xử lý dữ liệu tự động và các khối chức năng của chúng, và thiết bị viễn thông:",0,EXTRACTED_FROM_WORDDOCUMENT_CELL_STREAM
ATIGA,ASEAN,2023_475 + 476_126-2022-NĐ-CP.doc,8504.40.11,850440,85044011,- - - Bộ nguồn cấp điện liên tục (UPS),0|0|0|0|0|0,0,COLUMN_5_AS_2026,,,6,EXTRACTED_FROM_WORDDOCUMENT_CELL_STREAM
ATIGA,ASEAN,2023_475 + 476_126-2022-NĐ-CP.doc,8504.40.19,850440,85044019,- - - Loại khác,0|0|0|0|0|0,0,COLUMN_5_AS_2026,,,6,EXTRACTED_FROM_WORDDOCUMENT_CELL_STREAM
ATIGA,ASEAN,2023_475 + 476_126-2022-NĐ-CP.doc,8504.40.20,850440,85044020,"- - Máy nạp ắc quy, pin có công suất danh định trên 100 kVA",0|0|0|0|0|0,0,COLUMN_5_AS_2026,,,6,EXTRACTED_FROM_WORDDOCUMENT_CELL_STREAM
ATIGA,ASEAN,2023_475 + 476_126-2022-NĐ-CP.doc,8504.40.30,850440,85044030,- - Bộ chỉnh lưu khác,0|0|0|0|0|0,0,COLUMN_5_AS_2026,,,6,EXTRACTED_FROM_WORDDOCUMENT_CELL_STREAM
ATIGA,ASEAN,2023_475 + 476_126-2022-NĐ-CP.doc,8504.40.40,850440,85044040,- - Bộ nghịch lưu,0|0|0|0|0|0,0,COLUMN_5_AS_2026,,,6,EXTRACTED_FROM_WORDDOCUMENT_CELL_STREAM
ATIGA,ASEAN,2023_475 + 476_126-2022-NĐ-CP.doc,8504.40.90,850440,85044090,- - Loại khác,0|0|0|0|0|0,0,COLUMN_5_AS_2026,,,6,EXTRACTED_FROM_WORDDOCUMENT_CELL_STREAM
ATIGA,ASEAN,2023_475 + 476_126-2022-NĐ-CP.doc,8507.60,850760,850760,- Bằng ion liti:,,,NO_RATE_COLUMN,,- - Bộ pin (battery pack):,0,EXTRACTED_FROM_WORDDOCUMENT_CELL_STREAM
ATIGA,ASEAN,2023_475 + 476_126-2022-NĐ-CP.doc,8507.60.31,850760,85076031,- - - Loại dùng cho máy tính xách tay kể cả loại notebook và subnotebook,0|0|0|0|0|0,0,COLUMN_5_AS_2026,,,6,EXTRACTED_FROM_WORDDOCUMENT_CELL_STREAM
ATIGA,ASEAN,2023_475 + 476_126-2022-NĐ-CP.doc,8507.60.32,850760,85076032,- - - Dùng cho máy bay,0|0|0|0|0|0,0,COLUMN_5_AS_2026,,,6,EXTRACTED_FROM_WORDDOCUMENT_CELL_STREAM
ATIGA,ASEAN,2023_475 + 476_126-2022-NĐ-CP.doc,8507.60.33,850760,85076033,- - - Dùng cho xe thuộc Chương 87,0|0|0|0|0|0,0,COLUMN_5_AS_2026,,,6,EXTRACTED_FROM_WORDDOCUMENT_CELL_STREAM
ATIGA,ASEAN,2023_475 + 476_126-2022-NĐ-CP.doc,8507.60.39,850760,85076039,- - - Loại khác,0|0|0|0|0|0,0,COLUMN_5_AS_2026,,,6,EXTRACTED_FROM_WORDDOCUMENT_CELL_STREAM
ATIGA,ASEAN,2023_475 + 476_126-2022-NĐ-CP.doc,8507.60.90,850760,85076090,- - Loại khác,0|0|0|0|0|0,0,COLUMN_5_AS_2026,,,6,EXTRACTED_FROM_WORDDOCUMENT_CELL_STREAM
ATIGA,ASEAN,2023_475 + 476_126-2022-NĐ-CP.doc,8511.10,851110,851110,- Bugi đánh lửa:,,,NO_RATE_COLUMN,,,0,EXTRACTED_FROM_WORDDOCUMENT_CELL_STREAM
ATIGA,ASEAN,2023_475 + 476_126-2022-NĐ-CP.doc,8511.10.10,851110,85111010,- - Loại dùng cho động cơ của phương tiện bay,0|0|0|0|0|0,0,COLUMN_5_AS_2026,,,6,EXTRACTED_FROM_WORDDOCUMENT_CELL_STREAM
ATIGA,ASEAN,2023_475 + 476_126-2022-NĐ-CP.doc,8511.10.20,851110,85111020,- - Sử dụng cho động cơ ô tô,0|0|0|0|0|0,0,COLUMN_5_AS_2026,,,6,EXTRACTED_FROM_WORDDOCUMENT_CELL_STREAM
ATIGA,ASEAN,2023_475 + 476_126-2022-NĐ-CP.doc,8511.10.90,851110,85111090,- - Loại khác,0|0|0|0|0|0,0,COLUMN_5_AS_2026,,,6,EXTRACTED_FROM_WORDDOCUMENT_CELL_STREAM
ATIGA,ASEAN,2023_475 + 476_126-2022-NĐ-CP.doc,8511.30,851130,851130,- Bộ phân phối điện; cuộn dây đánh lửa:,,,NO_RATE_COLUMN,,,0,EXTRACTED_FROM_WORDDOCUMENT_CELL_STREAM
ATIGA,ASEAN,2023_475 + 476_126-2022-NĐ-CP.doc,8511.30.30,851130,85113030,- - Loại dùng cho động cơ của phương tiện bay,0|0|0|0|0|0,0,COLUMN_5_AS_2026,,- - Sử dụng cho động cơ ô tô:,6,EXTRACTED_FROM_WORDDOCUMENT_CELL_STREAM
ATIGA,ASEAN,2023_475 + 476_126-2022-NĐ-CP.doc,8511.30.41,851130,85113041,- - - Loại chưa được lắp ráp,0|0|0|0|0|0,0,COLUMN_5_AS_2026,,,6,EXTRACTED_FROM_WORDDOCUMENT_CELL_STREAM
ATIGA,ASEAN,2023_475 + 476_126-2022-NĐ-CP.doc,8511.30.49,851130,85113049,- - - Loại khác,0|0|0|0|0|0,0,COLUMN_5_AS_2026,,- - Loại khác:,6,EXTRACTED_FROM_WORDDOCUMENT_CELL_STREAM
ATIGA,ASEAN,2023_475 + 476_126-2022-NĐ-CP.doc,8511.30.91,851130,85113091,- - - Loại chưa được lắp ráp,0|0|0|0|0|0,0,COLUMN_5_AS_2026,,,6,EXTRACTED_FROM_WORDDOCUMENT_CELL_STREAM
ATIGA,ASEAN,2023_475 + 476_126-2022-NĐ-CP.doc,8511.30.99,851130,85113099,- - - Loại khác,0|0|0|0|0|0,0,COLUMN_5_AS_2026,,,6,EXTRACTED_FROM_WORDDOCUMENT_CELL_STREAM
ATIGA,ASEAN,2023_475 + 476_126-2022-NĐ-CP.doc,8511.40,851140,851140,- Động cơ khởi động và máy tổ hợp hai tính năng khởi động và phát điện:,,,NO_RATE_COLUMN,,,0,EXTRACTED_FROM_WORDDOCUMENT_CELL_STREAM
ATIGA,ASEAN,2023_475 + 476_126-2022-NĐ-CP.doc,8511.40.10,851140,85114010,- - Loại dùng cho động cơ của phương tiện bay,0|0|0|0|0|0,0,COLUMN_5_AS_2026,,- - Động cơ khởi động khác chưa lắp ráp:,6,EXTRACTED_FROM_WORDDOCUMENT_CELL_STREAM
ATIGA,ASEAN,2023_475 + 476_126-2022-NĐ-CP.doc,8511.40.21,851140,85114021,"- - - Sử dụng cho động cơ của xe thuộc nhóm 87.02, 87.03, 87.04 hoặc 87.05",0|0|0|0|0|0,0,COLUMN_5_AS_2026,,,6,EXTRACTED_FROM_WORDDOCUMENT_CELL_STREAM
ATIGA,ASEAN,2023_475 + 476_126-2022-NĐ-CP.doc,8511.40.29,851140,85114029,- - - Loại khác,0|0|0|0|0|0,0,COLUMN_5_AS_2026,,- - Động cơ khởi động đã lắp ráp sử dụng cho động cơ của xe thuộc các nhóm từ 87.01 đến 87.05:,6,EXTRACTED_FROM_WORDDOCUMENT_CELL_STREAM
ATIGA,ASEAN,2023_475 + 476_126-2022-NĐ-CP.doc,8511.40.31,851140,85114031,- - - Sử dụng cho động cơ của xe thuộc nhóm 87.01,0|0|0|0|0|0,0,COLUMN_5_AS_2026,,,6,EXTRACTED_FROM_WORDDOCUMENT_CELL_STREAM
ATIGA,ASEAN,2023_475 + 476_126-2022-NĐ-CP.doc,8511.40.32,851140,85114032,"- - - Sử dụng cho động cơ của xe thuộc nhóm 87.02, 87.03 hoặc 87.04",0|0|0|0|0|0,0,COLUMN_5_AS_2026,,,6,EXTRACTED_FROM_WORDDOCUMENT_CELL_STREAM
ATIGA,ASEAN,2023_475 + 476_126-2022-NĐ-CP.doc,8511.40.33,851140,85114033,- - - Sử dụng cho động cơ của xe thuộc nhóm 87.05,0|0|0|0|0|0,0,COLUMN_5_AS_2026,,- - Loại khác:,6,EXTRACTED_FROM_WORDDOCUMENT_CELL_STREAM
ATIGA,ASEAN,2023_475 + 476_126-2022-NĐ-CP.doc,8511.40.91,851140,85114091,"- - - Sử dụng cho động cơ của xe thuộc nhóm 87.02, 87.03, 87.04 hoặc 87.05",0|0|0|0|0|0,0,COLUMN_5_AS_2026,,,6,EXTRACTED_FROM_WORDDOCUMENT_CELL_STREAM
ATIGA,ASEAN,2023_475 + 476_126-2022-NĐ-CP.doc,8511.40.99,851140,85114099,- - - Loại khác,0|0|0|0|0|0,0,COLUMN_5_AS_2026,,,6,EXTRACTED_FROM_WORDDOCUMENT_CELL_STREAM
ATIGA,ASEAN,2023_475 + 476_126-2022-NĐ-CP.doc,8511.50,851150,851150,- Máy phát điện khác:,,,NO_RATE_COLUMN,,,0,EXTRACTED_FROM_WORDDOCUMENT_CELL_STREAM
ATIGA,ASEAN,2023_475 + 476_126-2022-NĐ-CP.doc,8511.50.10,851150,85115010,- - Loại dùng cho động cơ của phương tiện bay,0|0|0|0|0|0,0,COLUMN_5_AS_2026,,- - Máy phát điện xoay chiều khác chưa lắp ráp:,6,EXTRACTED_FROM_WORDDOCUMENT_CELL_STREAM
ATIGA,ASEAN,2023_475 + 476_126-2022-NĐ-CP.doc,8511.50.21,851150,85115021,"- - - Sử dụng cho động cơ của xe thuộc nhóm 87.02, 87.03, 87.04 hoặc 87.05",0|0|0|0|0|0,0,COLUMN_5_AS_2026,,,6,EXTRACTED_FROM_WORDDOCUMENT_CELL_STREAM
ATIGA,ASEAN,2023_475 + 476_126-2022-NĐ-CP.doc,8511.50.29,851150,85115029,- - - Loại khác,0|0|0|0|0|0,0,COLUMN_5_AS_2026,,- - Máy phát điện xoay chiều đã lắp ráp dùng cho động cơ của xe thuộc các nhóm từ 87.01 đến 87.05:,6,EXTRACTED_FROM_WORDDOCUMENT_CELL_STREAM
ATIGA,ASEAN,2023_475 + 476_126-2022-NĐ-CP.doc,8511.50.31,851150,85115031,- - - Sử dụng cho động cơ của xe thuộc nhóm 87.01,0|0|0|0|0|0,0,COLUMN_5_AS_2026,,,6,EXTRACTED_FROM_WORDDOCUMENT_CELL_STREAM
ATIGA,ASEAN,2023_475 + 476_126-2022-NĐ-CP.doc,8511.50.32,851150,85115032,"- - - Sử dụng cho động cơ của xe thuộc nhóm 87.02, 87.03 hoặc 87.04",0|0|0|0|0|0,0,COLUMN_5_AS_2026,,,6,EXTRACTED_FROM_WORDDOCUMENT_CELL_STREAM
ATIGA,ASEAN,2023_475 + 476_126-2022-NĐ-CP.doc,8511.50.33,851150,85115033,- - - Sử dụng cho động cơ của xe thuộc nhóm 87.05,0|0|0|0|0|0,0,COLUMN_5_AS_2026,,- - Loại khác:,6,EXTRACTED_FROM_WORDDOCUMENT_CELL_STREAM
ATIGA,ASEAN,2023_475 + 476_126-2022-NĐ-CP.doc,8511.50.91,851150,85115091,"- - - Sử dụng cho động cơ của xe thuộc nhóm 87.02, 87.03, 87.04 hoặc 87.05",0|0|0|0|0|0,0,COLUMN_5_AS_2026,,,6,EXTRACTED_FROM_WORDDOCUMENT_CELL_STREAM
ATIGA,ASEAN,2023_475 + 476_126-2022-NĐ-CP.doc,8511.50.99,851150,85115099,- - - Loại khác,0|0|0|0|0|0,0,COLUMN_5_AS_2026,,,6,EXTRACTED_FROM_WORDDOCUMENT_CELL_STREAM
ATIGA,ASEAN,2023_475 + 476_126-2022-NĐ-CP.doc,8512.20,851220,851220,- Thiết bị chiếu sáng hoặc tạo tín hiệu trực quan khác:,,,NO_RATE_COLUMN,,,0,EXTRACTED_FROM_WORDDOCUMENT_CELL_STREAM
ATIGA,ASEAN,2023_475 + 476_126-2022-NĐ-CP.doc,8512.20.20,851220,85122020,- - Thiết bị chiếu sáng hoặc tạo tín hiệu trực quan chưa lắp ráp,0|0|0|0|0|0,0,COLUMN_5_AS_2026,,- - Loại khác:,6,EXTRACTED_FROM_WORDDOCUMENT_CELL_STREAM
ATIGA,ASEAN,2023_475 + 476_126-2022-NĐ-CP.doc,8512.20.91,851220,85122091,- - - Dùng cho xe máy,0|0|0|0|0|0,0,COLUMN_5_AS_2026,,,6,EXTRACTED_FROM_WORDDOCUMENT_CELL_STREAM
ATIGA,ASEAN,2023_475 + 476_126-2022-NĐ-CP.doc,8512.20.99,851220,85122099,- - - Loại khác,0|0|0|0|0|0,0,COLUMN_5_AS_2026,,,6,EXTRACTED_FROM_WORDDOCUMENT_CELL_STREAM
ATIGA,ASEAN,2023_475 + 476_126-2022-NĐ-CP.doc,8512.30,851230,851230,- Thiết bị tín hiệu âm thanh:,,,NO_RATE_COLUMN,,,0,EXTRACTED_FROM_WORDDOCUMENT_CELL_STREAM
ATIGA,ASEAN,2023_475 + 476_126-2022-NĐ-CP.doc,8512.30.10,851230,85123010,"- - Còi, đã lắp ráp",0|0|0|0|0|0,0,COLUMN_5_AS_2026,,,6,EXTRACTED_FROM_WORDDOCUMENT_CELL_STREAM
ATIGA,ASEAN,2023_475 + 476_126-2022-NĐ-CP.doc,8512.30.20,851230,85123020,- - Thiết bị tín hiệu âm thanh chưa lắp ráp,0|0|0|0|0|0,0,COLUMN_5_AS_2026,,- - Loại khác:,6,EXTRACTED_FROM_WORDDOCUMENT_CELL_STREAM
ATIGA,ASEAN,2023_475 + 476_126-2022-NĐ-CP.doc,8512.30.91,851230,85123091,- - - Thiết bị dò chướng ngại vật (cảnh báo) cho xe,0|0|0|0|0|0,0,COLUMN_5_AS_2026,,,6,EXTRACTED_FROM_WORDDOCUMENT_CELL_STREAM
ATIGA,ASEAN,2023_475 + 476_126-2022-NĐ-CP.doc,8512.30.99,851230,85123099,- - - Loại khác,0|0|0|0|0|0,0,COLUMN_5_AS_2026,,,6,EXTRACTED_FROM_WORDDOCUMENT_CELL_STREAM
ATIGA,ASEAN,2023_475 + 476_126-2022-NĐ-CP.doc,8512.40.00,851240,85124000,"- Cái gạt nước, gạt và chống tạo sương và tuyết",0|0|0|0|0|0,0,COLUMN_5_AS_2026,,,6,EXTRACTED_FROM_WORDDOCUMENT_CELL_STREAM
ATIGA,ASEAN,2023_475 + 476_126-2022-NĐ-CP.doc,8518.29,851829,851829,- - Loại khác:,,,NO_RATE_COLUMN,,,0,EXTRACTED_FROM_WORDDOCUMENT_CELL_STREAM
ATIGA,ASEAN,2023_475 + 476_126-2022-NĐ-CP.doc,8518.29.20,851829,85182920,"- - - Loa, không có vỏ, có dải tần số 300 Hz đến 3.400 Hz, với đường kính không quá 50 mm, dùng trong viễn thông",0|0|0|0|0|0,0,COLUMN_5_AS_2026,,,6,EXTRACTED_FROM_WORDDOCUMENT_CELL_STREAM
ATIGA,ASEAN,2023_475 + 476_126-2022-NĐ-CP.doc,8518.29.90,851829,85182990,- - - Loại khác,0|0|0|0|0|0,0,COLUMN_5_AS_2026,,,6,EXTRACTED_FROM_WORDDOCUMENT_CELL_STREAM
ATIGA,ASEAN,2023_475 + 476_126-2022-NĐ-CP.doc,8527.21,852721,852721,- - Kết hợp với thiết bị ghi hoặc tái tạo âm thanh:,,,NO_RATE_COLUMN,,,0,EXTRACTED_FROM_WORDDOCUMENT_CELL_STREAM
ATIGA,ASEAN,2023_475 + 476_126-2022-NĐ-CP.doc,8527.21.10,852721,85272110,- - - Có khả năng nhận và giải mã tín hiệu hệ thống dữ liệu vô tuyến kỹ thuật số,0|0|0|0|0|0,0,COLUMN_5_AS_2026,,,6,EXTRACTED_FROM_WORDDOCUMENT_CELL_STREAM
ATIGA,ASEAN,2023_475 + 476_126-2022-NĐ-CP.doc,8527.21.90,852721,85272190,- - - Loại khác,0|0|0|0|0|0,0,COLUMN_5_AS_2026,,,6,EXTRACTED_FROM_WORDDOCUMENT_CELL_STREAM
ATIGA,ASEAN,2023_475 + 476_126-2022-NĐ-CP.doc,8531.20.00,853120,85312000,- Bảng chỉ báo có gắn màn hình tinh thể lỏng (LCD) hoặc đi-ốt phát quang (LED),0|0|0|0|0|0,0,COLUMN_5_AS_2026,,,6,EXTRACTED_FROM_WORDDOCUMENT_CELL_STREAM
ATIGA,ASEAN,2023_475 + 476_126-2022-NĐ-CP.doc,8537.10,853710,853710,- Dùng cho điện áp không quá 1.000 V:,,,NO_RATE_COLUMN,,- - Bảng chuyển mạch và bảng điều khiển:,0,EXTRACTED_FROM_WORDDOCUMENT_CELL_STREAM
ATIGA,ASEAN,2023_475 + 476_126-2022-NĐ-CP.doc,8537.10.11,853710,85371011,- - - Bảng điều khiển của loại thích hợp sử dụng cho hệ thống điều khiển phân tán,0|0|0|0|0|0,0,COLUMN_5_AS_2026,,,6,EXTRACTED_FROM_WORDDOCUMENT_CELL_STREAM
ATIGA,ASEAN,2023_475 + 476_126-2022-NĐ-CP.doc,8537.10.12,853710,85371012,- - - Bảng điều khiển có trang bị bộ xử lý lập trình,0|0|0|0|0|0,0,COLUMN_5_AS_2026,,,6,EXTRACTED_FROM_WORDDOCUMENT_CELL_STREAM
ATIGA,ASEAN,2023_475 + 476_126-2022-NĐ-CP.doc,8537.10.13,853710,85371013,"- - - Bảng điều khiển khác của loại thích hợp dùng cho hàng hóa của nhóm 84.15, 84.18, 84.50, 85.08, 85.09 hoặc 85.16",0|0|0|0|0|0,0,COLUMN_5_AS_2026,,,6,EXTRACTED_FROM_WORDDOCUMENT_CELL_STREAM
ATIGA,ASEAN,2023_475 + 476_126-2022-NĐ-CP.doc,8537.10.19,853710,85371019,- - - Loại khác,0|0|0|0|0|0,0,COLUMN_5_AS_2026,,,6,EXTRACTED_FROM_WORDDOCUMENT_CELL_STREAM
ATIGA,ASEAN,2023_475 + 476_126-2022-NĐ-CP.doc,8537.10.20,853710,85371020,"- - Bảng phân phối (gồm cả panel đỡ và tấm đỡ phẳng) chỉ dùng hoặc chủ yếu dùng với các hàng hóa thuộc nhóm 84.71, 85.17 hoặc 85.25",0|0|0|0|0|0,0,COLUMN_5_AS_2026,,,6,EXTRACTED_FROM_WORDDOCUMENT_CELL_STREAM
ATIGA,ASEAN,2023_475 + 476_126-2022-NĐ-CP.doc,8537.10.30,853710,85371030,"- - Bộ điều khiển logic có khả năng lập trình cho máy tự động để dịch chuyển, xử lý và kẹp giữ khuôn cho thiết bị bán dẫn",0|0|0|0|0|0,0,COLUMN_5_AS_2026,,,6,EXTRACTED_FROM_WORDDOCUMENT_CELL_STREAM
ATIGA,ASEAN,2023_475 + 476_126-2022-NĐ-CP.doc,8537.10.40,853710,85371040,- - Bộ điều khiển động cơ có điện áp đầu ra từ 24V đến 120VDC và có cường độ dòng điện từ 300A đến 500A,0|0|0|0|0|0,0,COLUMN_5_AS_2026,,- - Loại khác:,6,EXTRACTED_FROM_WORDDOCUMENT_CELL_STREAM
ATIGA,ASEAN,2023_475 + 476_126-2022-NĐ-CP.doc,8537.10.91,853710,85371091,- - - Loại sử dụng trong các thiết bị sóng vô tuyến hoặc quạt điện,0|0|0|0|0|0,0,COLUMN_5_AS_2026,,,6,EXTRACTED_FROM_WORDDOCUMENT_CELL_STREAM
ATIGA,ASEAN,2023_475 + 476_126-2022-NĐ-CP.doc,8537.10.92,853710,85371092,- - - Loại phù hợp sử dụng cho hệ thống điều khiển phân tán,0|0|0|0|0|0,0,COLUMN_5_AS_2026,,,6,EXTRACTED_FROM_WORDDOCUMENT_CELL_STREAM
ATIGA,ASEAN,2023_475 + 476_126-2022-NĐ-CP.doc,8537.10.99,853710,85371099,- - - Loại khác,0|0|0|0|0|0,0,COLUMN_5_AS_2026,,,6,EXTRACTED_FROM_WORDDOCUMENT_CELL_STREAM
ATIGA,ASEAN,2023_475 + 476_126-2022-NĐ-CP.doc,8544.30,854430,854430,"- Bộ dây đánh lửa và bộ dây khác loại sử dụng cho xe, phương tiện bay hoặc tàu thuyền:",,,NO_RATE_COLUMN,,- - Bộ dây điện cho xe có động cơ:|- - - Cách điện bằng cao su hoặc plastic:,0,EXTRACTED_FROM_WORDDOCUMENT_CELL_STREAM
ATIGA,ASEAN,2023_475 + 476_126-2022-NĐ-CP.doc,8544.30.12,854430,85443012,"- - - - Loại dùng cho xe thuộc nhóm 87.02, 87.03, 87.04 hoặc 87.11",0|0|0|0|0|0,0,COLUMN_5_AS_2026,,,6,EXTRACTED_FROM_WORDDOCUMENT_CELL_STREAM
ATIGA,ASEAN,2023_475 + 476_126-2022-NĐ-CP.doc,8544.30.13,854430,85443013,- - - - Loại khác,0|0|0|0|0|0,0,COLUMN_5_AS_2026,,- - - Loại khác:,6,EXTRACTED_FROM_WORDDOCUMENT_CELL_STREAM
ATIGA,ASEAN,2023_475 + 476_126-2022-NĐ-CP.doc,8544.30.14,854430,85443014,"- - - - Loại dùng cho xe thuộc nhóm 87.02, 87.03, 87.04 hoặc 87.11",0|0|0|0|0|0,0,COLUMN_5_AS_2026,,,6,EXTRACTED_FROM_WORDDOCUMENT_CELL_STREAM
ATIGA,ASEAN,2023_475 + 476_126-2022-NĐ-CP.doc,8544.30.19,854430,85443019,- - - - Loại khác,0|0|0|0|0|0,0,COLUMN_5_AS_2026,,- - Loại khác:,6,EXTRACTED_FROM_WORDDOCUMENT_CELL_STREAM
ATIGA,ASEAN,2023_475 + 476_126-2022-NĐ-CP.doc,8544.30.91,854430,85443091,- - - Cách điện bằng cao su hoặc plastic,0|0|0|0|0|0,0,COLUMN_5_AS_2026,,,6,EXTRACTED_FROM_WORDDOCUMENT_CELL_STREAM
ATIGA,ASEAN,2023_475 + 476_126-2022-NĐ-CP.doc,8544.30.99,854430,85443099,- - - Loại khác,0|0|0|0|0|0,0,COLUMN_5_AS_2026,,"- Các vật dẫn điện khác, dùng cho điện áp không quá 1.000 V:",6,EXTRACTED_FROM_WORDDOCUMENT_CELL_STREAM
ATIGA,ASEAN,2023_477 + 478_126-2022-NĐ-CP.doc,8707.10,870710,870710,- Dùng cho xe thuộc nhóm 87.03:,,,NO_RATE_COLUMN,,,0,EXTRACTED_FROM_WORDDOCUMENT_CELL_STREAM
ATIGA,ASEAN,2023_477 + 478_126-2022-NĐ-CP.doc,8707.10.10,870710,87071010,- - Dùng cho xe đua cỡ nhỏ và xe chơi gôn (kể cả xe golf buggies) và các loại xe tương tự,0|0|0|0|0|0,0,COLUMN_5_AS_2026,,,6,EXTRACTED_FROM_WORDDOCUMENT_CELL_STREAM
ATIGA,ASEAN,2023_477 + 478_126-2022-NĐ-CP.doc,8707.10.20,870710,87071020,- - Dùng cho ô tô cứu thương,0|0|0|0|0|0,0,COLUMN_5_AS_2026,,,6,EXTRACTED_FROM_WORDDOCUMENT_CELL_STREAM
ATIGA,ASEAN,2023_477 + 478_126-2022-NĐ-CP.doc,8707.10.30,870710,87071030,- - Dùng cho xe được thiết kế đặc biệt để đi trên tuyết,0|0|0|0|0|0,0,COLUMN_5_AS_2026,,,6,EXTRACTED_FROM_WORDDOCUMENT_CELL_STREAM
ATIGA,ASEAN,2023_477 + 478_126-2022-NĐ-CP.doc,8707.10.90,870710,87071090,- - Loại khác,0|0|0|0|0|0,0,COLUMN_5_AS_2026,,,6,EXTRACTED_FROM_WORDDOCUMENT_CELL_STREAM
ATIGA,ASEAN,2023_477 + 478_126-2022-NĐ-CP.doc,8708.21.00,870821,87082100,- - Dây đai an toàn,0|0|0|0|0|0,0,COLUMN_5_AS_2026,,,6,EXTRACTED_FROM_WORDDOCUMENT_CELL_STREAM
ATIGA,ASEAN,2023_477 + 478_126-2022-NĐ-CP.doc,8708.29,870829,870829,- - Loại khác:,,,NO_RATE_COLUMN,,- - - Các bộ phận của cửa xe:,0,EXTRACTED_FROM_WORDDOCUMENT_CELL_STREAM
ATIGA,ASEAN,2023_477 + 478_126-2022-NĐ-CP.doc,8708.29.11,870829,87082911,- - - - Dùng cho xe thuộc nhóm 87.01,0|0|0|0|0|0,0,COLUMN_5_AS_2026,,,6,EXTRACTED_FROM_WORDDOCUMENT_CELL_STREAM
ATIGA,ASEAN,2023_477 + 478_126-2022-NĐ-CP.doc,8708.29.15,870829,87082915,- - - - Đỡ tay trên cửa xe dùng cho xe thuộc nhóm 87.03,0|0|0|0|0|0,0,COLUMN_5_AS_2026,,,6,EXTRACTED_FROM_WORDDOCUMENT_CELL_STREAM
ATIGA,ASEAN,2023_477 + 478_126-2022-NĐ-CP.doc,8708.29.16,870829,87082916,"- - - - Loại khác, dùng cho xe thuộc nhóm 87.03",0|0|0|0|0|0,0,COLUMN_5_AS_2026,,,6,EXTRACTED_FROM_WORDDOCUMENT_CELL_STREAM
ATIGA,ASEAN,2023_477 + 478_126-2022-NĐ-CP.doc,8708.29.17,870829,87082917,- - - - Dùng cho xe thuộc phân nhóm 8704.10,0|0|0|0|0|0,0,COLUMN_5_AS_2026,,,6,EXTRACTED_FROM_WORDDOCUMENT_CELL_STREAM
ATIGA,ASEAN,2023_477 + 478_126-2022-NĐ-CP.doc,8708.29.18,870829,87082918,- - - - Dùng cho xe thuộc nhóm 87.02 hoặc xe khác thuộc nhóm 87.04,0|0|0|0|0|0,0,COLUMN_5_AS_2026,,,6,EXTRACTED_FROM_WORDDOCUMENT_CELL_STREAM
ATIGA,ASEAN,2023_477 + 478_126-2022-NĐ-CP.doc,8708.29.19,870829,87082919,- - - - Loại khác,0|0|0|0|0|0,0,COLUMN_5_AS_2026,,,6,EXTRACTED_FROM_WORDDOCUMENT_CELL_STREAM
ATIGA,ASEAN,2023_477 + 478_126-2022-NĐ-CP.doc,8708.29.20,870829,87082920,- - - Bộ phận của dây đai an toàn,0|0|0|0|0|0,0,COLUMN_5_AS_2026,,- - - Loại khác:,6,EXTRACTED_FROM_WORDDOCUMENT_CELL_STREAM
ATIGA,ASEAN,2023_477 + 478_126-2022-NĐ-CP.doc,8708.29.92,870829,87082992,- - - - Dùng cho xe thuộc nhóm 87.01,0|0|0|0|0|0,0,COLUMN_5_AS_2026,,- - - - Dùng cho xe thuộc nhóm 87.03:,6,EXTRACTED_FROM_WORDDOCUMENT_CELL_STREAM
ATIGA,ASEAN,2023_477 + 478_126-2022-NĐ-CP.doc,8708.29.93,870829,87082993,- - - - - Phụ kiện trang trí nội thất; chắn bùn,0|0|0|0|0|0,0,COLUMN_5_AS_2026,,,6,EXTRACTED_FROM_WORDDOCUMENT_CELL_STREAM
ATIGA,ASEAN,2023_477 + 478_126-2022-NĐ-CP.doc,8708.29.94,870829,87082994,- - - - - Thanh chống nắp ca pô,0|0|0|0|0|0,0,COLUMN_5_AS_2026,,,6,EXTRACTED_FROM_WORDDOCUMENT_CELL_STREAM
ATIGA,ASEAN,2023_477 + 478_126-2022-NĐ-CP.doc,8708.29.95,870829,87082995,- - - - - Loại khác,0|0|0|0|0|0,0,COLUMN_5_AS_2026,,- - - - Dùng cho xe thuộc nhóm 87.02 hoặc 87.04:,6,EXTRACTED_FROM_WORDDOCUMENT_CELL_STREAM
ATIGA,ASEAN,2023_477 + 478_126-2022-NĐ-CP.doc,8708.29.96,870829,87082996,- - - - - Phụ kiện trang trí nội thất; chắn bùn,0|0|0|0|0|0,0,COLUMN_5_AS_2026,,,6,EXTRACTED_FROM_WORDDOCUMENT_CELL_STREAM
ATIGA,ASEAN,2023_477 + 478_126-2022-NĐ-CP.doc,8708.29.97,870829,87082997,- - - - - Thanh chống nắp ca pô,0|0|0|0|0|0,0,COLUMN_5_AS_2026,,,6,EXTRACTED_FROM_WORDDOCUMENT_CELL_STREAM
ATIGA,ASEAN,2023_477 + 478_126-2022-NĐ-CP.doc,8708.29.98,870829,87082998,- - - - - Loại khác,0|0|0|0|0|0,0,COLUMN_5_AS_2026,,,6,EXTRACTED_FROM_WORDDOCUMENT_CELL_STREAM
ATIGA,ASEAN,2023_477 + 478_126-2022-NĐ-CP.doc,8708.29.99,870829,87082999,- - - - Loại khác,0|0|0|0|0|0,0,COLUMN_5_AS_2026,,,6,EXTRACTED_FROM_WORDDOCUMENT_CELL_STREAM
ATIGA,ASEAN,2023_477 + 478_126-2022-NĐ-CP.doc,8708.30,870830,870830,- Phanh và trợ lực phanh; bộ phận của nó:,,,NO_RATE_COLUMN,,,0,EXTRACTED_FROM_WORDDOCUMENT_CELL_STREAM
ATIGA,ASEAN,2023_477 + 478_126-2022-NĐ-CP.doc,8708.30.10,870830,87083010,- - Dùng cho xe thuộc nhóm 87.01,0|0|0|0|0|0,0,COLUMN_5_AS_2026,,- - Dùng cho xe thuộc nhóm 87.03:,6,EXTRACTED_FROM_WORDDOCUMENT_CELL_STREAM
ATIGA,ASEAN,2023_477 + 478_126-2022-NĐ-CP.doc,8708.30.21,870830,87083021,"- - - Phanh trống, phanh đĩa hoặc phanh hơi",0|0|0|0|0|0,0,COLUMN_5_AS_2026,,,6,EXTRACTED_FROM_WORDDOCUMENT_CELL_STREAM
ATIGA,ASEAN,2023_477 + 478_126-2022-NĐ-CP.doc,8708.30.29,870830,87083029,- - - Loại khác,0|0|0|0|0|0,0,COLUMN_5_AS_2026,,,6,EXTRACTED_FROM_WORDDOCUMENT_CELL_STREAM
ATIGA,ASEAN,2023_477 + 478_126-2022-NĐ-CP.doc,8708.30.30,870830,87083030,"- - Phanh trống, phanh đĩa hoặc phanh hơi cho xe thuộc nhóm 87.02 hoặc 87.04",0|0|0|0|0|0,0,COLUMN_5_AS_2026,,,6,EXTRACTED_FROM_WORDDOCUMENT_CELL_STREAM
ATIGA,ASEAN,2023_477 + 478_126-2022-NĐ-CP.doc,8708.30.90,870830,87083090,- - Loại khác,0|0|0|0|0|0,0,COLUMN_5_AS_2026,,,6,EXTRACTED_FROM_WORDDOCUMENT_CELL_STREAM
ATIGA,ASEAN,2023_477 + 478_126-2022-NĐ-CP.doc,8708.40,870840,870840,- Hộp số và bộ phận của chúng:,,,NO_RATE_COLUMN,,"- - Hộp số, chưa lắp hoàn chỉnh:",0,EXTRACTED_FROM_WORDDOCUMENT_CELL_STREAM
ATIGA,ASEAN,2023_477 + 478_126-2022-NĐ-CP.doc,8708.40.11,870840,87084011,- - - Dùng cho xe thuộc nhóm 87.03,0|0|0|0|0|0,0,COLUMN_5_AS_2026,,,6,EXTRACTED_FROM_WORDDOCUMENT_CELL_STREAM
ATIGA,ASEAN,2023_477 + 478_126-2022-NĐ-CP.doc,8708.40.13,870840,87084013,- - - Dùng cho xe thuộc nhóm 87.04 hoặc 87.05,0|0|0|0|0|0,0,COLUMN_5_AS_2026,,,6,EXTRACTED_FROM_WORDDOCUMENT_CELL_STREAM
ATIGA,ASEAN,2023_477 + 478_126-2022-NĐ-CP.doc,8708.40.14,870840,87084014,- - - Dùng cho xe thuộc nhóm 87.01,0|0|0|0|0|0,0,COLUMN_5_AS_2026,,,6,EXTRACTED_FROM_WORDDOCUMENT_CELL_STREAM
ATIGA,ASEAN,2023_477 + 478_126-2022-NĐ-CP.doc,8708.40.19,870840,87084019,- - - Loại khác,0|0|0|0|0|0,0,COLUMN_5_AS_2026,,"- - Hộp số, đã lắp ráp hoàn chỉnh:",6,EXTRACTED_FROM_WORDDOCUMENT_CELL_STREAM
ATIGA,ASEAN,2023_477 + 478_126-2022-NĐ-CP.doc,8708.40.25,870840,87084025,- - - Dùng cho xe thuộc nhóm 87.01,0|0|0|0|0|0,0,COLUMN_5_AS_2026,,,6,EXTRACTED_FROM_WORDDOCUMENT_CELL_STREAM
ATIGA,ASEAN,2023_477 + 478_126-2022-NĐ-CP.doc,8708.40.26,870840,87084026,- - - Dùng cho xe thuộc nhóm 87.03,0|0|0|0|0|0,0,COLUMN_5_AS_2026,,,6,EXTRACTED_FROM_WORDDOCUMENT_CELL_STREAM
ATIGA,ASEAN,2023_477 + 478_126-2022-NĐ-CP.doc,8708.40.27,870840,87084027,- - - Dùng cho xe thuộc nhóm 87.04 hoặc 87.05,0|0|0|0|0|0,0,COLUMN_5_AS_2026,,,6,EXTRACTED_FROM_WORDDOCUMENT_CELL_STREAM
ATIGA,ASEAN,2023_477 + 478_126-2022-NĐ-CP.doc,8708.40.29,870840,87084029,- - - Loại khác,0|0|0|0|0|0,0,COLUMN_5_AS_2026,,- - Bộ phận:,6,EXTRACTED_FROM_WORDDOCUMENT_CELL_STREAM
ATIGA,ASEAN,2023_477 + 478_126-2022-NĐ-CP.doc,8708.40.91,870840,87084091,- - - Dùng cho xe thuộc nhóm 87.01,0|0|0|0|0|0,0,COLUMN_5_AS_2026,,,6,EXTRACTED_FROM_WORDDOCUMENT_CELL_STREAM
ATIGA,ASEAN,2023_477 + 478_126-2022-NĐ-CP.doc,8708.40.92,870840,87084092,- - - Dùng cho xe thuộc nhóm 87.03,0|0|0|0|0|0,0,COLUMN_5_AS_2026,,,6,EXTRACTED_FROM_WORDDOCUMENT_CELL_STREAM
ATIGA,ASEAN,2023_477 + 478_126-2022-NĐ-CP.doc,8708.40.99,870840,87084099,- - - Loại khác,0|0|0|0|0|0,0,COLUMN_5_AS_2026,,,6,EXTRACTED_FROM_WORDDOCUMENT_CELL_STREAM
ATIGA,ASEAN,2023_477 + 478_126-2022-NĐ-CP.doc,8708.50,870850,870850,"- Cầu chủ động có vi sai, có hoặc không kèm theo chi tiết truyền lực khác, và các cầu bị động; các bộ phận của chúng:",,,NO_RATE_COLUMN,,- - Chưa lắp ráp hoàn chỉnh:,0,EXTRACTED_FROM_WORDDOCUMENT_CELL_STREAM
ATIGA,ASEAN,2023_477 + 478_126-2022-NĐ-CP.doc,8708.50.11,870850,87085011,- - - Dùng cho xe thuộc nhóm 87.03,0|0|0|0|0|0,0,COLUMN_5_AS_2026,,,6,EXTRACTED_FROM_WORDDOCUMENT_CELL_STREAM
ATIGA,ASEAN,2023_477 + 478_126-2022-NĐ-CP.doc,8708.50.13,870850,87085013,- - - Dùng cho xe thuộc nhóm 87.04 hoặc 87.05,0|0|0|0|0|0,0,COLUMN_5_AS_2026,,,6,EXTRACTED_FROM_WORDDOCUMENT_CELL_STREAM
ATIGA,ASEAN,2023_477 + 478_126-2022-NĐ-CP.doc,8708.50.15,870850,87085015,- - - Dùng cho xe thuộc nhóm 87.01,0|0|0|0|0|0,0,COLUMN_5_AS_2026,,,6,EXTRACTED_FROM_WORDDOCUMENT_CELL_STREAM
ATIGA,ASEAN,2023_477 + 478_126-2022-NĐ-CP.doc,8708.50.19,870850,87085019,- - - Loại khác,0|0|0|0|0|0,0,COLUMN_5_AS_2026,,- - Đã lắp ráp hoàn chỉnh:,6,EXTRACTED_FROM_WORDDOCUMENT_CELL_STREAM
ATIGA,ASEAN,2023_477 + 478_126-2022-NĐ-CP.doc,8708.50.25,870850,87085025,- - - Dùng cho xe thuộc nhóm 87.01,0|0|0|0|0|0,0,COLUMN_5_AS_2026,,,6,EXTRACTED_FROM_WORDDOCUMENT_CELL_STREAM
ATIGA,ASEAN,2023_477 + 478_126-2022-NĐ-CP.doc,8708.50.26,870850,87085026,- - - Dùng cho xe thuộc nhóm 87.03,0|0|0|0|0|0,0,COLUMN_5_AS_2026,,,6,EXTRACTED_FROM_WORDDOCUMENT_CELL_STREAM
ATIGA,ASEAN,2023_477 + 478_126-2022-NĐ-CP.doc,8708.50.27,870850,87085027,- - - Dùng cho xe thuộc nhóm 87.04 hoặc 87.05,0|0|0|0|0|0,0,COLUMN_5_AS_2026,,,6,EXTRACTED_FROM_WORDDOCUMENT_CELL_STREAM
ATIGA,ASEAN,2023_477 + 478_126-2022-NĐ-CP.doc,8708.50.29,870850,87085029,- - - Loại khác,0|0|0|0|0|0,0,COLUMN_5_AS_2026,,- - Bộ phận:|- - - Dùng cho xe thuộc nhóm 87.01:,6,EXTRACTED_FROM_WORDDOCUMENT_CELL_STREAM
ATIGA,ASEAN,2023_477 + 478_126-2022-NĐ-CP.doc,8708.50.91,870850,87085091,- - - - Bánh răng vành khăn và bánh răng quả dứa,0|0|0|0|0|0,0,COLUMN_5_AS_2026,,,6,EXTRACTED_FROM_WORDDOCUMENT_CELL_STREAM
ATIGA,ASEAN,2023_477 + 478_126-2022-NĐ-CP.doc,8708.50.92,870850,87085092,- - - - Loại khác,0|0|0|0|0|0,0,COLUMN_5_AS_2026,,- - - Dùng cho xe thuộc nhóm 87.03:,6,EXTRACTED_FROM_WORDDOCUMENT_CELL_STREAM
ATIGA,ASEAN,2023_477 + 478_126-2022-NĐ-CP.doc,8708.50.94,870850,87085094,- - - - Bánh răng vành khăn và bánh răng quả dứa,0|0|0|0|0|0,0,COLUMN_5_AS_2026,,,6,EXTRACTED_FROM_WORDDOCUMENT_CELL_STREAM
ATIGA,ASEAN,2023_477 + 478_126-2022-NĐ-CP.doc,8708.50.95,870850,87085095,- - - - Loại khác,0|0|0|0|0|0,0,COLUMN_5_AS_2026,,- - - Loại khác:,6,EXTRACTED_FROM_WORDDOCUMENT_CELL_STREAM
ATIGA,ASEAN,2023_477 + 478_126-2022-NĐ-CP.doc,8708.50.96,870850,87085096,- - - - Bánh răng vành khăn và bánh răng quả dứa,0|0|0|0|0|0,0,COLUMN_5_AS_2026,,,6,EXTRACTED_FROM_WORDDOCUMENT_CELL_STREAM
ATIGA,ASEAN,2023_477 + 478_126-2022-NĐ-CP.doc,8708.50.99,870850,87085099,- - - - Loại khác,0|0|0|0|0|0,0,COLUMN_5_AS_2026,,,6,EXTRACTED_FROM_WORDDOCUMENT_CELL_STREAM
ATIGA,ASEAN,2023_477 + 478_126-2022-NĐ-CP.doc,8708.70,870870,870870,- Cụm bánh xe và bộ phận và phụ kiện của chúng:,,,NO_RATE_COLUMN,,- - Ốp đầu trục bánh xe:,0,EXTRACTED_FROM_WORDDOCUMENT_CELL_STREAM
ATIGA,ASEAN,2023_477 + 478_126-2022-NĐ-CP.doc,8708.70.15,870870,87087015,- - - Dùng cho xe thuộc nhóm 87.01,0|0|0|0|0|0,0,COLUMN_5_AS_2026,,,6,EXTRACTED_FROM_WORDDOCUMENT_CELL_STREAM
ATIGA,ASEAN,2023_477 + 478_126-2022-NĐ-CP.doc,8708.70.16,870870,87087016,- - - Dùng cho xe thuộc nhóm 87.03,0|0|0|0|0|0,0,COLUMN_5_AS_2026,,- - - Dùng cho xe thuộc nhóm 87.02 hoặc 87.04:,6,EXTRACTED_FROM_WORDDOCUMENT_CELL_STREAM
ATIGA,ASEAN,2023_477 + 478_126-2022-NĐ-CP.doc,8708.70.17,870870,87087017,- - - - Dùng cho xe thuộc phân nhóm 8704.10,0|0|0|0|0|0,0,COLUMN_5_AS_2026,,,6,EXTRACTED_FROM_WORDDOCUMENT_CELL_STREAM
ATIGA,ASEAN,2023_477 + 478_126-2022-NĐ-CP.doc,8708.70.18,870870,87087018,- - - - Loại khác,0|0|0|0|0|0,0,COLUMN_5_AS_2026,,,6,EXTRACTED_FROM_WORDDOCUMENT_CELL_STREAM
ATIGA,ASEAN,2023_477 + 478_126-2022-NĐ-CP.doc,8708.70.19,870870,87087019,- - - Loại khác,0|0|0|0|0|0,0,COLUMN_5_AS_2026,,- - Bánh xe đã được lắp lốp:,6,EXTRACTED_FROM_WORDDOCUMENT_CELL_STREAM
ATIGA,ASEAN,2023_477 + 478_126-2022-NĐ-CP.doc,8708.70.21,870870,87087021,- - - Dùng cho xe thuộc nhóm 87.01,0|0|0|0|0|0,0,COLUMN_5_AS_2026,,,6,EXTRACTED_FROM_WORDDOCUMENT_CELL_STREAM
ATIGA,ASEAN,2023_477 + 478_126-2022-NĐ-CP.doc,8708.70.22,870870,87087022,- - - Dùng cho xe thuộc nhóm 87.03,0|0|0|0|0|0,0,COLUMN_5_AS_2026,,,6,EXTRACTED_FROM_WORDDOCUMENT_CELL_STREAM
ATIGA,ASEAN,2023_477 + 478_126-2022-NĐ-CP.doc,8708.70.23,870870,87087023,- - - Dùng cho xe thuộc nhóm 87.02 hoặc 87.04 (trừ phân nhóm 8704.10),0|0|0|0|0|0,0,COLUMN_5_AS_2026,,,6,EXTRACTED_FROM_WORDDOCUMENT_CELL_STREAM
ATIGA,ASEAN,2023_477 + 478_126-2022-NĐ-CP.doc,8708.70.29,870870,87087029,- - - Loại khác,0|0|0|0|0|0,0,COLUMN_5_AS_2026,,- - Bánh xe chưa được lắp lốp:,6,EXTRACTED_FROM_WORDDOCUMENT_CELL_STREAM
ATIGA,ASEAN,2023_477 + 478_126-2022-NĐ-CP.doc,8708.70.31,870870,87087031,- - - Dùng cho xe thuộc nhóm 87.01,0|0|0|0|0|0,0,COLUMN_5_AS_2026,,,6,EXTRACTED_FROM_WORDDOCUMENT_CELL_STREAM
ATIGA,ASEAN,2023_477 + 478_126-2022-NĐ-CP.doc,8708.70.32,870870,87087032,- - - Dùng cho xe thuộc nhóm 87.03,0|0|0|0|0|0,0,COLUMN_5_AS_2026,,,6,EXTRACTED_FROM_WORDDOCUMENT_CELL_STREAM
ATIGA,ASEAN,2023_477 + 478_126-2022-NĐ-CP.doc,8708.70.33,870870,87087033,- - - Dùng cho xe tự đổ được thiết kế để sử dụng trên các loại đường không phải đường quốc lộ có khối lượng toàn bộ theo thiết kế trên 45 tấn,0|0|0|0|0|0,0,COLUMN_5_AS_2026,,,6,EXTRACTED_FROM_WORDDOCUMENT_CELL_STREAM
ATIGA,ASEAN,2023_477 + 478_126-2022-NĐ-CP.doc,8708.70.34,870870,87087034,- - - Dùng cho xe thuộc nhóm 87.02 hoặc xe khác thuộc nhóm 87.04,0|0|0|0|0|0,0,COLUMN_5_AS_2026,,,6,EXTRACTED_FROM_WORDDOCUMENT_CELL_STREAM
ATIGA,ASEAN,2023_477 + 478_126-2022-NĐ-CP.doc,8708.70.39,870870,87087039,- - - Loại khác,0|0|0|0|0|0,0,COLUMN_5_AS_2026,,- - Loại khác:,6,EXTRACTED_FROM_WORDDOCUMENT_CELL_STREAM
ATIGA,ASEAN,2023_477 + 478_126-2022-NĐ-CP.doc,8708.70.95,870870,87087095,- - - Dùng cho xe thuộc nhóm 87.01,0|0|0|0|0|0,0,COLUMN_5_AS_2026,,,6,EXTRACTED_FROM_WORDDOCUMENT_CELL_STREAM
ATIGA,ASEAN,2023_477 + 478_126-2022-NĐ-CP.doc,8708.70.96,870870,87087096,- - - Dùng cho thuộc nhóm 87.02 hoặc 87.04,0|0|0|0|0|0,0,COLUMN_5_AS_2026,,,6,EXTRACTED_FROM_WORDDOCUMENT_CELL_STREAM
ATIGA,ASEAN,2023_477 + 478_126-2022-NĐ-CP.doc,8708.70.97,870870,87087097,- - - Dùng cho xe thuộc nhóm 87.03,0|0|0|0|0|0,0,COLUMN_5_AS_2026,,,6,EXTRACTED_FROM_WORDDOCUMENT_CELL_STREAM
ATIGA,ASEAN,2023_477 + 478_126-2022-NĐ-CP.doc,8708.70.99,870870,87087099,- - - Loại khác,0|0|0|0|0|0,0,COLUMN_5_AS_2026,,,6,EXTRACTED_FROM_WORDDOCUMENT_CELL_STREAM
ATIGA,ASEAN,2023_477 + 478_126-2022-NĐ-CP.doc,8708.80,870880,870880,- Hệ thống giảm chấn và bộ phận của nó (kể cả giảm sóc):,,,NO_RATE_COLUMN,,- - Hệ thống giảm chấn:,0,EXTRACTED_FROM_WORDDOCUMENT_CELL_STREAM
ATIGA,ASEAN,2023_477 + 478_126-2022-NĐ-CP.doc,8708.80.15,870880,87088015,- - - Dùng cho xe thuộc nhóm 87.01,0|0|0|0|0|0,0,COLUMN_5_AS_2026,,,6,EXTRACTED_FROM_WORDDOCUMENT_CELL_STREAM
ATIGA,ASEAN,2023_477 + 478_126-2022-NĐ-CP.doc,8708.80.16,870880,87088016,- - - Dùng cho xe thuộc nhóm 87.03,0|0|0|0|0|0,0,COLUMN_5_AS_2026,,,6,EXTRACTED_FROM_WORDDOCUMENT_CELL_STREAM
ATIGA,ASEAN,2023_477 + 478_126-2022-NĐ-CP.doc,8708.80.17,870880,87088017,- - - Dùng cho xe thuộc phân nhóm 8704.10 hoặc nhóm 87.05,0|0|0|0|0|0,0,COLUMN_5_AS_2026,,,6,EXTRACTED_FROM_WORDDOCUMENT_CELL_STREAM
ATIGA,ASEAN,2023_477 + 478_126-2022-NĐ-CP.doc,8708.80.19,870880,87088019,- - - Loại khác,0|0|0|0|0|0,0,COLUMN_5_AS_2026,,- - Bộ phận:,6,EXTRACTED_FROM_WORDDOCUMENT_CELL_STREAM
ATIGA,ASEAN,2023_477 + 478_126-2022-NĐ-CP.doc,8708.80.91,870880,87088091,- - - Dùng cho xe thuộc nhóm 87.01,0|0|0|0|0|0,0,COLUMN_5_AS_2026,,,6,EXTRACTED_FROM_WORDDOCUMENT_CELL_STREAM
ATIGA,ASEAN,2023_477 + 478_126-2022-NĐ-CP.doc,8708.80.92,870880,87088092,- - - Dùng cho xe thuộc nhóm 87.03,0|0|0|0|0|0,0,COLUMN_5_AS_2026,,,6,EXTRACTED_FROM_WORDDOCUMENT_CELL_STREAM
ATIGA,ASEAN,2023_477 + 478_126-2022-NĐ-CP.doc,8708.80.99,870880,87088099,- - - Loại khác,0|0|0|0|0|0,0,COLUMN_5_AS_2026,,- Các bộ phận và phụ kiện khác:,6,EXTRACTED_FROM_WORDDOCUMENT_CELL_STREAM
ATIGA,ASEAN,2023_477 + 478_126-2022-NĐ-CP.doc,8708.92,870892,870892,- - Ống xả và bộ giảm thanh; bộ phận của chúng:,,,NO_RATE_COLUMN,,,0,EXTRACTED_FROM_WORDDOCUMENT_CELL_STREAM
ATIGA,ASEAN,2023_477 + 478_126-2022-NĐ-CP.doc,8708.92.10,870892,87089210,- - - Dùng cho xe thuộc nhóm 87.01,0|0|0|0|0|0,0,COLUMN_5_AS_2026,,,6,EXTRACTED_FROM_WORDDOCUMENT_CELL_STREAM
ATIGA,ASEAN,2023_477 + 478_126-2022-NĐ-CP.doc,8708.92.20,870892,87089220,- - - Dùng cho xe thuộc nhóm 87.03,0|0|0|0|0|0,0,COLUMN_5_AS_2026,,- - - Dùng cho xe thuộc phân nhóm 8704.10:,6,EXTRACTED_FROM_WORDDOCUMENT_CELL_STREAM
ATIGA,ASEAN,2023_477 + 478_126-2022-NĐ-CP.doc,8708.92.51,870892,87089251,- - - - Ống xả và bộ giảm thanh,0|0|0|0|0|0,0,COLUMN_5_AS_2026,,,6,EXTRACTED_FROM_WORDDOCUMENT_CELL_STREAM
ATIGA,ASEAN,2023_477 + 478_126-2022-NĐ-CP.doc,8708.92.52,870892,87089252,- - - - Bộ phận,0|0|0|0|0|0,0,COLUMN_5_AS_2026,,- - - Dùng cho xe thuộc nhóm 87.02 hoặc xe khác thuộc nhóm 87.04:,6,EXTRACTED_FROM_WORDDOCUMENT_CELL_STREAM
ATIGA,ASEAN,2023_477 + 478_126-2022-NĐ-CP.doc,8708.92.61,870892,87089261,- - - - Ống xả và bộ giảm thanh,0|0|0|0|0|0,0,COLUMN_5_AS_2026,,,6,EXTRACTED_FROM_WORDDOCUMENT_CELL_STREAM
ATIGA,ASEAN,2023_477 + 478_126-2022-NĐ-CP.doc,8708.92.62,870892,87089262,- - - - Bộ phận,0|0|0|0|0|0,0,COLUMN_5_AS_2026,,,6,EXTRACTED_FROM_WORDDOCUMENT_CELL_STREAM
ATIGA,ASEAN,2023_477 + 478_126-2022-NĐ-CP.doc,8708.92.90,870892,87089290,- - - Loại khác,0|0|0|0|0|0,0,COLUMN_5_AS_2026,,,6,EXTRACTED_FROM_WORDDOCUMENT_CELL_STREAM
ATIGA,ASEAN,2023_477 + 478_126-2022-NĐ-CP.doc,8708.93,870893,870893,- - Bộ ly hợp và các bộ phận của nó:,,,NO_RATE_COLUMN,,,0,EXTRACTED_FROM_WORDDOCUMENT_CELL_STREAM
ATIGA,ASEAN,2023_477 + 478_126-2022-NĐ-CP.doc,8708.93.50,870893,87089350,- - - Dùng cho xe thuộc nhóm 87.01,0|0|0|0|0|0,0,COLUMN_5_AS_2026,,,6,EXTRACTED_FROM_WORDDOCUMENT_CELL_STREAM
ATIGA,ASEAN,2023_477 + 478_126-2022-NĐ-CP.doc,8708.93.60,870893,87089360,- - - Dùng cho xe thuộc nhóm 87.03,0|0|0|0|0|0,0,COLUMN_5_AS_2026,,,6,EXTRACTED_FROM_WORDDOCUMENT_CELL_STREAM
ATIGA,ASEAN,2023_477 + 478_126-2022-NĐ-CP.doc,8708.93.70,870893,87089370,- - - Dùng cho xe thuộc nhóm 87.04 hoặc 87.05,0|0|0|0|0|0,0,COLUMN_5_AS_2026,,,6,EXTRACTED_FROM_WORDDOCUMENT_CELL_STREAM
ATIGA,ASEAN,2023_477 + 478_126-2022-NĐ-CP.doc,8708.93.90,870893,87089390,- - - Loại khác,0|0|0|0|0|0,0,COLUMN_5_AS_2026,,,6,EXTRACTED_FROM_WORDDOCUMENT_CELL_STREAM
ATIGA,ASEAN,2023_477 + 478_126-2022-NĐ-CP.doc,8708.94,870894,870894,"- - Vô lăng, trụ lái và cơ cấu lái; bộ phận của chúng:",,,NO_RATE_COLUMN,,- - - Vô lăng lắp với túi khí hoàn chỉnh:,0,EXTRACTED_FROM_WORDDOCUMENT_CELL_STREAM
ATIGA,ASEAN,2023_477 + 478_126-2022-NĐ-CP.doc,8708.94.11,870894,87089411,- - - - Dùng cho xe thuộc nhóm 87.01,0|0|0|0|0|0,0,COLUMN_5_AS_2026,,,6,EXTRACTED_FROM_WORDDOCUMENT_CELL_STREAM
ATIGA,ASEAN,2023_477 + 478_126-2022-NĐ-CP.doc,8708.94.19,870894,87089419,- - - - Loại khác,0|0|0|0|0|0,0,COLUMN_5_AS_2026,,- - - Loại khác:,6,EXTRACTED_FROM_WORDDOCUMENT_CELL_STREAM
ATIGA,ASEAN,2023_477 + 478_126-2022-NĐ-CP.doc,8708.94.94,870894,87089494,- - - - Dùng cho xe thuộc nhóm 87.01,0|0|0|0|0|0,0,COLUMN_5_AS_2026,,,6,EXTRACTED_FROM_WORDDOCUMENT_CELL_STREAM
ATIGA,ASEAN,2023_477 + 478_126-2022-NĐ-CP.doc,8708.94.95,870894,87089495,- - - - Dùng cho xe thuộc nhóm 87.03,0|0|0|0|0|0,0,COLUMN_5_AS_2026,,,6,EXTRACTED_FROM_WORDDOCUMENT_CELL_STREAM
ATIGA,ASEAN,2023_477 + 478_126-2022-NĐ-CP.doc,8708.94.99,870894,87089499,- - - - Loại khác,0|0|0|0|0|0,0,COLUMN_5_AS_2026,,,6,EXTRACTED_FROM_WORDDOCUMENT_CELL_STREAM
ATIGA,ASEAN,2023_477 + 478_126-2022-NĐ-CP.doc,8708.95,870895,870895,- - Túi khí an toàn lắp với hệ thống bơm phồng; bộ phận của nó:,,,NO_RATE_COLUMN,,,0,EXTRACTED_FROM_WORDDOCUMENT_CELL_STREAM
ATIGA,ASEAN,2023_477 + 478_126-2022-NĐ-CP.doc,8708.95.10,870895,87089510,- - - Túi khí an toàn lắp với hệ thống bơm phồng,0|0|0|0|0|0,0,COLUMN_5_AS_2026,,,6,EXTRACTED_FROM_WORDDOCUMENT_CELL_STREAM
ATIGA,ASEAN,2023_477 + 478_126-2022-NĐ-CP.doc,8708.95.90,870895,87089590,- - - Bộ phận,0|0|0|0|0|0,0,COLUMN_5_AS_2026,,,6,EXTRACTED_FROM_WORDDOCUMENT_CELL_STREAM
ATIGA,ASEAN,2023_477 + 478_126-2022-NĐ-CP.doc,8708.99,870899,870899,- - Loại khác:,,,NO_RATE_COLUMN,,- - - Dùng cho xe thuộc nhóm 87.01:,0,EXTRACTED_FROM_WORDDOCUMENT_CELL_STREAM
ATIGA,ASEAN,2023_477 + 478_126-2022-NĐ-CP.doc,8708.99.11,870899,87089911,- - - - Thùng nhiên liệu chưa lắp ráp; khung giá đỡ động cơ,0|0|0|0|0|0,0,COLUMN_5_AS_2026,,,6,EXTRACTED_FROM_WORDDOCUMENT_CELL_STREAM
ATIGA,ASEAN,2023_477 + 478_126-2022-NĐ-CP.doc,8708.99.19,870899,87089919,- - - - Loại khác,0|0|0|0|0|0,0,COLUMN_5_AS_2026,,"- - - Dùng cho xe thuộc nhóm 87.02, 87.03 hoặc 87.04:|- - - - Thùng nhiên liệu và bộ phận của chúng:",6,EXTRACTED_FROM_WORDDOCUMENT_CELL_STREAM
ATIGA,ASEAN,2023_477 + 478_126-2022-NĐ-CP.doc,8708.99.21,870899,87089921,- - - - - Thùng nhiên liệu,0|0|0|0|0|0,0,COLUMN_5_AS_2026,,,6,EXTRACTED_FROM_WORDDOCUMENT_CELL_STREAM
ATIGA,ASEAN,2023_477 + 478_126-2022-NĐ-CP.doc,8708.99.24,870899,87089924,- - - - - Nửa dưới của thùng nhiên liệu; nắp đậy thùng nhiên liệu; ống dẫn của thùng nhiên liệu (filler pipes); ống dẫn hướng có đầu nối với bình nhiên liệu (filler hose); đai giữ bình nhiên liệu,0|0|0|0|0|0,0,COLUMN_5_AS_2026,,,6,EXTRACTED_FROM_WORDDOCUMENT_CELL_STREAM
ATIGA,ASEAN,2023_477 + 478_126-2022-NĐ-CP.doc,8708.99.25,870899,87089925,- - - - - Các bộ phận khác,0|0|0|0|0|0,0,COLUMN_5_AS_2026,,,6,EXTRACTED_FROM_WORDDOCUMENT_CELL_STREAM
ATIGA,ASEAN,2023_477 + 478_126-2022-NĐ-CP.doc,8708.99.30,870899,87089930,"- - - - Chân ga (bàn đạp ga), chân phanh (bàn đạp phanh) hoặc chân côn (bàn đạp côn)",0|0|0|0|0|0,0,COLUMN_5_AS_2026,,,6,EXTRACTED_FROM_WORDDOCUMENT_CELL_STREAM
ATIGA,ASEAN,2023_477 + 478_126-2022-NĐ-CP.doc,8708.99.40,870899,87089940,- - - - Giá đỡ hoặc khay đỡ bình ắc quy và khung của nó,0|0|0|0|0|0,0,COLUMN_5_AS_2026,,,6,EXTRACTED_FROM_WORDDOCUMENT_CELL_STREAM
ATIGA,ASEAN,2023_477 + 478_126-2022-NĐ-CP.doc,8708.99.50,870899,87089950,- - - - Tấm hướng luồng khí tản nhiệt,0|0|0|0|0|0,0,COLUMN_5_AS_2026,,- - - - Khung xe hoặc các bộ phận của chúng:,6,EXTRACTED_FROM_WORDDOCUMENT_CELL_STREAM
ATIGA,ASEAN,2023_477 + 478_126-2022-NĐ-CP.doc,8708.99.61,870899,87089961,- - - - - Dùng cho xe thuộc nhóm 87.02,0|0|0|0|0|0,0,COLUMN_5_AS_2026,,,6,EXTRACTED_FROM_WORDDOCUMENT_CELL_STREAM
ATIGA,ASEAN,2023_477 + 478_126-2022-NĐ-CP.doc,8708.99.62,870899,87089962,- - - - - Dùng cho xe thuộc nhóm 87.03,0|0|0|0|0|0,0,COLUMN_5_AS_2026,,,6,EXTRACTED_FROM_WORDDOCUMENT_CELL_STREAM
ATIGA,ASEAN,2023_477 + 478_126-2022-NĐ-CP.doc,8708.99.63,870899,87089963,- - - - - Dùng cho xe thuộc nhóm 87.04,0|0|0|0|0|0,0,COLUMN_5_AS_2026,,,6,EXTRACTED_FROM_WORDDOCUMENT_CELL_STREAM
ATIGA,ASEAN,2023_477 + 478_126-2022-NĐ-CP.doc,8708.99.70,870899,87089970,- - - - Khung giá đỡ động cơ,0|0|0|0|0|0,0,COLUMN_5_AS_2026,,,6,EXTRACTED_FROM_WORDDOCUMENT_CELL_STREAM
ATIGA,ASEAN,2023_477 + 478_126-2022-NĐ-CP.doc,8708.99.80,870899,87089980,- - - - Loại khác,0|0|0|0|0|0,0,COLUMN_5_AS_2026,,- - - Loại khác:,6,EXTRACTED_FROM_WORDDOCUMENT_CELL_STREAM
ATIGA,ASEAN,2023_477 + 478_126-2022-NĐ-CP.doc,8708.99.91,870899,87089991,- - - - Thùng nhiên liệu chưa lắp ráp; khung giá đỡ động cơ,0|0|0|0|0|0,0,COLUMN_5_AS_2026,,,6,EXTRACTED_FROM_WORDDOCUMENT_CELL_STREAM
ATIGA,ASEAN,2023_477 + 478_126-2022-NĐ-CP.doc,8708.99.99,870899,87089999,- - - - Loại khác,0|0|0|0|0|0,0,COLUMN_5_AS_2026,,"87.09|Xe vận chuyển, loại tự hành, không lắp kèm thiết bị nâng hạ hoặc cặp giữ, thuộc loại dùng trong nhà máy, kho hàng, bến cảng hoặc sân bay để vận chuyển hàng hóa trong phạm vi hẹp; xe kéo loại sử dụng trong sân ga, ke ga đường sắt; bộ phận của các loại xe kể trên|- Xe:",6,EXTRACTED_FROM_WORDDOCUMENT_CELL_STREAM
ATIGA,ASEAN,2023_477 + 478_126-2022-NĐ-CP.doc,9029.20,902920,902920,- Đồng hồ chỉ tốc độ và máy đo tốc độ góc; máy hoạt nghiệm:,,,NO_RATE_COLUMN,,,0,EXTRACTED_FROM_WORDDOCUMENT_CELL_STREAM
ATIGA,ASEAN,2023_477 + 478_126-2022-NĐ-CP.doc,9029.20.10,902920,90292010,- - Đồng hồ tốc độ dùng cho xe có động cơ,0|0|0|0|0|0,0,COLUMN_5_AS_2026,,,6,EXTRACTED_FROM_WORDDOCUMENT_CELL_STREAM
ATIGA,ASEAN,2023_477 + 478_126-2022-NĐ-CP.doc,9029.20.20,902920,90292020,- - Máy đo tốc độ góc cho xe có động cơ,0|0|0|0|0|0,0,COLUMN_5_AS_2026,,,6,EXTRACTED_FROM_WORDDOCUMENT_CELL_STREAM
ATIGA,ASEAN,2023_477 + 478_126-2022-NĐ-CP.doc,9029.20.90,902920,90292090,- - Loại khác,0|0|0|0|0|0,0,COLUMN_5_AS_2026,,,6,EXTRACTED_FROM_WORDDOCUMENT_CELL_STREAM
ATIGA,ASEAN,2023_477 + 478_126-2022-NĐ-CP.doc,9032.89,903289,903289,- - Loại khác:,,,NO_RATE_COLUMN,,,0,EXTRACTED_FROM_WORDDOCUMENT_CELL_STREAM
ATIGA,ASEAN,2023_477 + 478_126-2022-NĐ-CP.doc,9032.89.10,903289,90328910,"- - - Dụng cụ và thiết bị đi kèm hoặc hoạt động cùng với máy xử lý dữ liệu tự động, để điều chỉnh hoặc điều khiển tự động hệ thống đẩy, giữ thăng bằng hoặc xếp hàng hóa của tàu thuyền",0|0|0|0|0|0,0,COLUMN_5_AS_2026,,,6,EXTRACTED_FROM_WORDDOCUMENT_CELL_STREAM
ATIGA,ASEAN,2023_477 + 478_126-2022-NĐ-CP.doc,9032.89.20,903289,90328920,- - - Dụng cụ và thiết bị tự động để điều chỉnh hoặc điều khiển dung dịch hóa chất hoặc điện hóa trong sản xuất tấm mạch in/tấm dây in hoặc mạch in đã lắp ráp,0|0|0|0|0|0,0,COLUMN_5_AS_2026,,"- - - Loại khác, hoạt động bằng điện:",6,EXTRACTED_FROM_WORDDOCUMENT_CELL_STREAM
ATIGA,ASEAN,2023_477 + 478_126-2022-NĐ-CP.doc,9032.89.31,903289,90328931,- - - - Bộ điều chỉnh điện áp tự động (ổn áp),0|0|0|0|0|0,0,COLUMN_5_AS_2026,,,6,EXTRACTED_FROM_WORDDOCUMENT_CELL_STREAM
ATIGA,ASEAN,2023_477 + 478_126-2022-NĐ-CP.doc,9032.89.39,903289,90328939,- - - - Loại khác,0|0|0|0|0|0,0,COLUMN_5_AS_2026,,,6,EXTRACTED_FROM_WORDDOCUMENT_CELL_STREAM
ATIGA,ASEAN,2023_477 + 478_126-2022-NĐ-CP.doc,9032.89.90,903289,90328990,- - - Loại khác,0|0|0|0|0|0,0,COLUMN_5_AS_2026,,,6,EXTRACTED_FROM_WORDDOCUMENT_CELL_STREAM
ATIGA,ASEAN,2023_477 + 478_126-2022-NĐ-CP.doc,9401.20,940120,940120,- Ghế dùng cho xe có động cơ:,,,NO_RATE_COLUMN,,,0,EXTRACTED_FROM_WORDDOCUMENT_CELL_STREAM
ATIGA,ASEAN,2023_477 + 478_126-2022-NĐ-CP.doc,9401.20.10,940120,94012010,"- - Của xe thuộc nhóm 87.02, 87.03 hoặc 87.04",0|0|0|0|0|0,0,COLUMN_5_AS_2026,,,6,EXTRACTED_FROM_WORDDOCUMENT_CELL_STREAM
ATIGA,ASEAN,2023_477 + 478_126-2022-NĐ-CP.doc,9401.20.90,940120,94012090,- - Loại khác,0|0|0|0|0|0,0,COLUMN_5_AS_2026,,- Ghế quay có điều chỉnh độ cao:,6,EXTRACTED_FROM_WORDDOCUMENT_CELL_STREAM
RCEP,ASEAN,2023_129 + 130_129-2022-NĐ-CP.doc,8518.29,851829,851829,- - Loại khác:,,,NO_RATE_COLUMN,,,0,EXTRACTED_FROM_WORDDOCUMENT_CELL_STREAM
RCEP,ASEAN,2023_129 + 130_129-2022-NĐ-CP.doc,8518.29.20,851829,85182920,"- - - Loa, không có vỏ, có dải tần số 300 Hz đến 3.400 Hz, với đường kính không quá 50 mm, dùng trong viễn thông",0|0|0|0|0|0,0,COLUMN_5_AS_2026,,,6,EXTRACTED_FROM_WORDDOCUMENT_CELL_STREAM
RCEP,ASEAN,2023_129 + 130_129-2022-NĐ-CP.doc,8518.29.90,851829,85182990,- - - Loại khác,14|13|12|11|10|9,10,COLUMN_5_AS_2026,,,6,EXTRACTED_FROM_WORDDOCUMENT_CELL_STREAM
RCEP,ASEAN,2023_129 + 130_129-2022-NĐ-CP.doc,8527.21,852721,852721,- - Kết hợp với thiết bị ghi hoặc tái tạo âm thanh:,,,NO_RATE_COLUMN,,,0,EXTRACTED_FROM_WORDDOCUMENT_CELL_STREAM
RCEP,ASEAN,2023_129 + 130_129-2022-NĐ-CP.doc,8527.21.10,852721,85272110,- - - Có khả năng nhận và giải mã tín hiệu hệ thống dữ liệu vô tuyến kỹ thuật số,20|15,15,LAST_AVAILABLE_COLUMN_FALLBACK,,"23,3|21,7|18,3|16,7",2,EXTRACTED_FROM_WORDDOCUMENT_CELL_STREAM
RCEP,ASEAN,2023_129 + 130_129-2022-NĐ-CP.doc,8527.21.90,852721,85272190,- - - Loại khác,20|15,15,LAST_AVAILABLE_COLUMN_FALLBACK,,"23,3|21,7|18,3|16,7",2,EXTRACTED_FROM_WORDDOCUMENT_CELL_STREAM
RCEP,ASEAN,2023_129 + 130_129-2022-NĐ-CP.doc,8531.20.00,853120,85312000,- Bảng chỉ báo có gắn màn hình tinh thể lỏng (LCD) hoặc đi-ốt phát quang (LED),0|0|0|0|0|0,0,COLUMN_5_AS_2026,,,6,EXTRACTED_FROM_WORDDOCUMENT_CELL_STREAM
RCEP,ASEAN,2023_129 + 130_129-2022-NĐ-CP.doc,8537.10,853710,853710,- Dùng cho điện áp không quá 1.000 V:,,,NO_RATE_COLUMN,,- - Bảng chuyển mạch và bảng điều khiển:,0,EXTRACTED_FROM_WORDDOCUMENT_CELL_STREAM
RCEP,ASEAN,2023_129 + 130_129-2022-NĐ-CP.doc,8537.10.11,853710,85371011,- - - Bảng điều khiển của loại thích hợp sử dụng cho hệ thống điều khiển phân tán,0|0|0|0|0|0,0,COLUMN_5_AS_2026,,,6,EXTRACTED_FROM_WORDDOCUMENT_CELL_STREAM
RCEP,ASEAN,2023_129 + 130_129-2022-NĐ-CP.doc,8537.10.12,853710,85371012,- - - Bảng điều khiển có trang bị bộ xử lý lập trình,0|0|0|0|0|0,0,COLUMN_5_AS_2026,,,6,EXTRACTED_FROM_WORDDOCUMENT_CELL_STREAM
RCEP,ASEAN,2023_129 + 130_129-2022-NĐ-CP.doc,8537.10.13,853710,85371013,"- - - Bảng điều khiển khác của loại thích hợp dùng cho hàng hóa của nhóm 84.15, 84.18, 84.50, 85.08, 85.09 hoặc 85.16",0|0|0|0|0|0,0,COLUMN_5_AS_2026,,,6,EXTRACTED_FROM_WORDDOCUMENT_CELL_STREAM
RCEP,ASEAN,2023_129 + 130_129-2022-NĐ-CP.doc,8537.10.19,853710,85371019,- - - Loại khác,0|0|0|0|0|0,0,COLUMN_5_AS_2026,,,6,EXTRACTED_FROM_WORDDOCUMENT_CELL_STREAM
RCEP,ASEAN,2023_129 + 130_129-2022-NĐ-CP.doc,8537.10.20,853710,85371020,"- - Bảng phân phối (gồm cả panel đỡ và tấm đỡ phẳng) chỉ dùng hoặc chủ yếu dùng với các hàng hóa thuộc nhóm 84.71, 85.17 hoặc 85.25",0|0|0|0|0|0,0,COLUMN_5_AS_2026,,,6,EXTRACTED_FROM_WORDDOCUMENT_CELL_STREAM
RCEP,ASEAN,2023_129 + 130_129-2022-NĐ-CP.doc,8537.10.30,853710,85371030,"- - Bộ điều khiển logic có khả năng lập trình cho máy tự động để dịch chuyển, xử lý và kẹp giữ khuôn cho thiết bị bán dẫn",0|0|0|0|0|0,0,COLUMN_5_AS_2026,,,6,EXTRACTED_FROM_WORDDOCUMENT_CELL_STREAM
RCEP,ASEAN,2023_129 + 130_129-2022-NĐ-CP.doc,8537.10.40,853710,85371040,- - Bộ điều khiển động cơ có điện áp đầu ra từ 24V đến 120VDC và có cường độ dòng điện từ 300A đến 500A,12|9|6,6,LAST_AVAILABLE_COLUMN_FALLBACK,,"13,5|10,5|7,5|- - Loại khác:",3,EXTRACTED_FROM_WORDDOCUMENT_CELL_STREAM
RCEP,ASEAN,2023_129 + 130_129-2022-NĐ-CP.doc,8537.10.91,853710,85371091,- - - Loại sử dụng trong các thiết bị sóng vô tuyến hoặc quạt điện,12|9|6,6,LAST_AVAILABLE_COLUMN_FALLBACK,,"13,5|10,5|7,5",3,EXTRACTED_FROM_WORDDOCUMENT_CELL_STREAM
RCEP,ASEAN,2023_129 + 130_129-2022-NĐ-CP.doc,8537.10.92,853710,85371092,- - - Loại phù hợp sử dụng cho hệ thống điều khiển phân tán,0|0|0|0|0|0,0,COLUMN_5_AS_2026,,,6,EXTRACTED_FROM_WORDDOCUMENT_CELL_STREAM
RCEP,ASEAN,2023_129 + 130_129-2022-NĐ-CP.doc,8537.10.99,853710,85371099,- - - Loại khác,12|9|6,6,LAST_AVAILABLE_COLUMN_FALLBACK,,"13,5|10,5|7,5",3,EXTRACTED_FROM_WORDDOCUMENT_CELL_STREAM
RCEP,ASEAN,2023_129 + 130_129-2022-NĐ-CP.doc,8544.30,854430,854430,"- Bộ dây đánh lửa và bộ dây khác loại sử dụng cho xe, phương tiện bay hoặc tàu thuyền:",,,NO_RATE_COLUMN,,- - Bộ dây điện cho xe có động cơ:|- - - Cách điện bằng cao su hoặc plastic:,0,EXTRACTED_FROM_WORDDOCUMENT_CELL_STREAM
RCEP,ASEAN,2023_129 + 130_129-2022-NĐ-CP.doc,8544.30.12,854430,85443012,"- - - - Loại dùng cho xe thuộc nhóm 87.02, 87.03, 87.04 hoặc 87.11",20|20|20|20|20|20,20,COLUMN_5_AS_2026,,,6,EXTRACTED_FROM_WORDDOCUMENT_CELL_STREAM
RCEP,ASEAN,2023_129 + 130_129-2022-NĐ-CP.doc,8544.30.13,854430,85443013,- - - - Loại khác,20|20|20|20|20|20,20,COLUMN_5_AS_2026,,- - - Loại khác:,6,EXTRACTED_FROM_WORDDOCUMENT_CELL_STREAM
RCEP,ASEAN,2023_129 + 130_129-2022-NĐ-CP.doc,8544.30.14,854430,85443014,"- - - - Loại dùng cho xe thuộc nhóm 87.02, 87.03, 87.04 hoặc 87.11",20|20|20|20|20|20,20,COLUMN_5_AS_2026,,,6,EXTRACTED_FROM_WORDDOCUMENT_CELL_STREAM
RCEP,ASEAN,2023_129 + 130_129-2022-NĐ-CP.doc,8544.30.19,854430,85443019,- - - - Loại khác,20|20|20|20|20|20,20,COLUMN_5_AS_2026,,- - Loại khác:,6,EXTRACTED_FROM_WORDDOCUMENT_CELL_STREAM
RCEP,ASEAN,2023_129 + 130_129-2022-NĐ-CP.doc,8544.30.91,854430,85443091,- - - Cách điện bằng cao su hoặc plastic,0|0|0|0|0|0,0,COLUMN_5_AS_2026,,,6,EXTRACTED_FROM_WORDDOCUMENT_CELL_STREAM
RCEP,ASEAN,2023_129 + 130_129-2022-NĐ-CP.doc,8544.30.99,854430,85443099,- - - Loại khác,0|0|0|0|0|0,0,COLUMN_5_AS_2026,,"- Các vật dẫn điện khác, dùng cho điện áp không quá 1.000 V:",6,EXTRACTED_FROM_WORDDOCUMENT_CELL_STREAM
RCEP,AU,2023_147 + 148_129-2022-NĐ-CP.doc,8707.10,870710,870710,- Dùng cho xe thuộc nhóm 87.03:,,,NO_RATE_COLUMN,,,0,EXTRACTED_FROM_WORDDOCUMENT_CELL_STREAM
RCEP,AU,2023_147 + 148_129-2022-NĐ-CP.doc,8707.10.10,870710,87071010,- - Dùng cho xe đua cỡ nhỏ và xe chơi gôn (kể cả xe golf buggies) và các loại xe tương tự,14,14,SINGLE_RATE_COLUMN,,"25,2|22,4|19,6|16,8|11,2",1,EXTRACTED_FROM_WORDDOCUMENT_CELL_STREAM
RCEP,AU,2023_147 + 148_129-2022-NĐ-CP.doc,8707.10.20,870710,87071020,- - Dùng cho ô tô cứu thương,27|24|21|18|15|12,15,COLUMN_5_AS_2026,,,6,EXTRACTED_FROM_WORDDOCUMENT_CELL_STREAM
RCEP,AU,2023_147 + 148_129-2022-NĐ-CP.doc,8707.10.30,870710,87071030,- - Dùng cho xe được thiết kế đặc biệt để đi trên tuyết,14,14,SINGLE_RATE_COLUMN,,"25,2|22,4|19,6|16,8|11,2",1,EXTRACTED_FROM_WORDDOCUMENT_CELL_STREAM
RCEP,AU,2023_147 + 148_129-2022-NĐ-CP.doc,8707.10.90,870710,87071090,- - Loại khác,14,14,SINGLE_RATE_COLUMN,,"25,2|22,4|19,6|16,8|11,2",1,EXTRACTED_FROM_WORDDOCUMENT_CELL_STREAM
RCEP,AU,2023_147 + 148_129-2022-NĐ-CP.doc,8708.21.00,870821,87082100,- - Dây đai an toàn,16|12,12,LAST_AVAILABLE_COLUMN_FALLBACK,,"18,7|17,3|14,7|13,3",2,EXTRACTED_FROM_WORDDOCUMENT_CELL_STREAM
RCEP,AU,2023_147 + 148_129-2022-NĐ-CP.doc,8708.29,870829,870829,- - Loại khác:,,,NO_RATE_COLUMN,,- - - Các bộ phận của cửa xe:,0,EXTRACTED_FROM_WORDDOCUMENT_CELL_STREAM
RCEP,AU,2023_147 + 148_129-2022-NĐ-CP.doc,8708.29.11,870829,87082911,- - - - Dùng cho xe thuộc nhóm 87.01,14|13|12|11|10|9,10,COLUMN_5_AS_2026,,,6,EXTRACTED_FROM_WORDDOCUMENT_CELL_STREAM
RCEP,AU,2023_147 + 148_129-2022-NĐ-CP.doc,8708.29.15,870829,87082915,- - - - Đỡ tay trên cửa xe dùng cho xe thuộc nhóm 87.03,15|15|15|15|15|15,15,COLUMN_5_AS_2026,,,6,EXTRACTED_FROM_WORDDOCUMENT_CELL_STREAM
RCEP,AU,2023_147 + 148_129-2022-NĐ-CP.doc,8708.29.16,870829,87082916,"- - - - Loại khác, dùng cho xe thuộc nhóm 87.03",15|15|15|15|15|15,15,COLUMN_5_AS_2026,,,6,EXTRACTED_FROM_WORDDOCUMENT_CELL_STREAM
RCEP,AU,2023_147 + 148_129-2022-NĐ-CP.doc,8708.29.17,870829,87082917,- - - - Dùng cho xe thuộc phân nhóm 8704.10,15|15|15|15|15|15,15,COLUMN_5_AS_2026,,,6,EXTRACTED_FROM_WORDDOCUMENT_CELL_STREAM
RCEP,AU,2023_147 + 148_129-2022-NĐ-CP.doc,8708.29.18,870829,87082918,- - - - Dùng cho xe thuộc nhóm 87.02 hoặc xe khác thuộc nhóm 87.04,15|15|15|15|15|15,15,COLUMN_5_AS_2026,,,6,EXTRACTED_FROM_WORDDOCUMENT_CELL_STREAM
RCEP,AU,2023_147 + 148_129-2022-NĐ-CP.doc,8708.29.19,870829,87082919,- - - - Loại khác,15|15|15|15|15|15,15,COLUMN_5_AS_2026,,,6,EXTRACTED_FROM_WORDDOCUMENT_CELL_STREAM
RCEP,AU,2023_147 + 148_129-2022-NĐ-CP.doc,8708.29.20,870829,87082920,- - - Bộ phận của dây đai an toàn,20|20|20|20|20|20,20,COLUMN_5_AS_2026,,- - - Loại khác:,6,EXTRACTED_FROM_WORDDOCUMENT_CELL_STREAM
RCEP,AU,2023_147 + 148_129-2022-NĐ-CP.doc,8708.29.92,870829,87082992,- - - - Dùng cho xe thuộc nhóm 87.01,14|13|12|11|10|9,10,COLUMN_5_AS_2026,,- - - - Dùng cho xe thuộc nhóm 87.03:,6,EXTRACTED_FROM_WORDDOCUMENT_CELL_STREAM
RCEP,AU,2023_147 + 148_129-2022-NĐ-CP.doc,8708.29.93,870829,87082993,- - - - - Phụ kiện trang trí nội thất; chắn bùn,15|15|15|15|15|15,15,COLUMN_5_AS_2026,,,6,EXTRACTED_FROM_WORDDOCUMENT_CELL_STREAM
RCEP,AU,2023_147 + 148_129-2022-NĐ-CP.doc,8708.29.94,870829,87082994,- - - - - Thanh chống nắp ca pô,15|15|15|15|15|15,15,COLUMN_5_AS_2026,,,6,EXTRACTED_FROM_WORDDOCUMENT_CELL_STREAM
RCEP,AU,2023_147 + 148_129-2022-NĐ-CP.doc,8708.29.95,870829,87082995,- - - - - Loại khác,15|15|15|15|15|15,15,COLUMN_5_AS_2026,,- - - - Dùng cho xe thuộc nhóm 87.02 hoặc 87.04:,6,EXTRACTED_FROM_WORDDOCUMENT_CELL_STREAM
RCEP,AU,2023_147 + 148_129-2022-NĐ-CP.doc,8708.29.96,870829,87082996,- - - - - Phụ kiện trang trí nội thất; chắn bùn,15|15|15|15|15|15,15,COLUMN_5_AS_2026,,,6,EXTRACTED_FROM_WORDDOCUMENT_CELL_STREAM
RCEP,AU,2023_147 + 148_129-2022-NĐ-CP.doc,8708.29.97,870829,87082997,- - - - - Thanh chống nắp ca pô,15|15|15|15|15|15,15,COLUMN_5_AS_2026,,,6,EXTRACTED_FROM_WORDDOCUMENT_CELL_STREAM
RCEP,AU,2023_147 + 148_129-2022-NĐ-CP.doc,8708.29.98,870829,87082998,- - - - - Loại khác,15|15|15|15|15|15,15,COLUMN_5_AS_2026,,,6,EXTRACTED_FROM_WORDDOCUMENT_CELL_STREAM
RCEP,AU,2023_147 + 148_129-2022-NĐ-CP.doc,8708.29.99,870829,87082999,- - - - Loại khác,15|15|15|15|15|15,15,COLUMN_5_AS_2026,,,6,EXTRACTED_FROM_WORDDOCUMENT_CELL_STREAM
RCEP,AU,2023_147 + 148_129-2022-NĐ-CP.doc,8708.30,870830,870830,- Phanh và trợ lực phanh; bộ phận của nó:,,,NO_RATE_COLUMN,,,0,EXTRACTED_FROM_WORDDOCUMENT_CELL_STREAM
RCEP,AU,2023_147 + 148_129-2022-NĐ-CP.doc,8708.30.10,870830,87083010,- - Dùng cho xe thuộc nhóm 87.01,14|13|12|11|10|9,10,COLUMN_5_AS_2026,,- - Dùng cho xe thuộc nhóm 87.03:,6,EXTRACTED_FROM_WORDDOCUMENT_CELL_STREAM
RCEP,AU,2023_147 + 148_129-2022-NĐ-CP.doc,8708.30.21,870830,87083021,"- - - Phanh trống, phanh đĩa hoặc phanh hơi",20|20|20|20|20|20,20,COLUMN_5_AS_2026,,,6,EXTRACTED_FROM_WORDDOCUMENT_CELL_STREAM
RCEP,AU,2023_147 + 148_129-2022-NĐ-CP.doc,8708.30.29,870830,87083029,- - - Loại khác,20|20|20|20|20|20,20,COLUMN_5_AS_2026,,,6,EXTRACTED_FROM_WORDDOCUMENT_CELL_STREAM
RCEP,AU,2023_147 + 148_129-2022-NĐ-CP.doc,8708.30.30,870830,87083030,"- - Phanh trống, phanh đĩa hoặc phanh hơi cho xe thuộc nhóm 87.02 hoặc 87.04",10|10|10|10|10|10,10,COLUMN_5_AS_2026,,,6,EXTRACTED_FROM_WORDDOCUMENT_CELL_STREAM
RCEP,AU,2023_147 + 148_129-2022-NĐ-CP.doc,8708.30.90,870830,87083090,- - Loại khác,10|10|10|10|10|10,10,COLUMN_5_AS_2026,,,6,EXTRACTED_FROM_WORDDOCUMENT_CELL_STREAM
RCEP,AU,2023_147 + 148_129-2022-NĐ-CP.doc,8708.40,870840,870840,- Hộp số và bộ phận của chúng:,,,NO_RATE_COLUMN,,"- - Hộp số, chưa lắp hoàn chỉnh:",0,EXTRACTED_FROM_WORDDOCUMENT_CELL_STREAM
RCEP,AU,2023_147 + 148_129-2022-NĐ-CP.doc,8708.40.11,870840,87084011,- - - Dùng cho xe thuộc nhóm 87.03,18|18|18|18|18|18,18,COLUMN_5_AS_2026,,,6,EXTRACTED_FROM_WORDDOCUMENT_CELL_STREAM
RCEP,AU,2023_147 + 148_129-2022-NĐ-CP.doc,8708.40.13,870840,87084013,- - - Dùng cho xe thuộc nhóm 87.04 hoặc 87.05,10|10|10|10|10|10,10,COLUMN_5_AS_2026,,,6,EXTRACTED_FROM_WORDDOCUMENT_CELL_STREAM
RCEP,AU,2023_147 + 148_129-2022-NĐ-CP.doc,8708.40.14,870840,87084014,- - - Dùng cho xe thuộc nhóm 87.01,14|13|12|11|10|9,10,COLUMN_5_AS_2026,,,6,EXTRACTED_FROM_WORDDOCUMENT_CELL_STREAM
RCEP,AU,2023_147 + 148_129-2022-NĐ-CP.doc,8708.40.19,870840,87084019,- - - Loại khác,9|8|7|6|5|4,5,COLUMN_5_AS_2026,,"- - Hộp số, đã lắp ráp hoàn chỉnh:",6,EXTRACTED_FROM_WORDDOCUMENT_CELL_STREAM
RCEP,AU,2023_147 + 148_129-2022-NĐ-CP.doc,8708.40.25,870840,87084025,- - - Dùng cho xe thuộc nhóm 87.01,14|13|12|11|10|9,10,COLUMN_5_AS_2026,,,6,EXTRACTED_FROM_WORDDOCUMENT_CELL_STREAM
RCEP,AU,2023_147 + 148_129-2022-NĐ-CP.doc,8708.40.26,870840,87084026,- - - Dùng cho xe thuộc nhóm 87.03,20|20|20|20|20|20,20,COLUMN_5_AS_2026,,,6,EXTRACTED_FROM_WORDDOCUMENT_CELL_STREAM
RCEP,AU,2023_147 + 148_129-2022-NĐ-CP.doc,8708.40.27,870840,87084027,- - - Dùng cho xe thuộc nhóm 87.04 hoặc 87.05,15|15|15|15|15|15,15,COLUMN_5_AS_2026,,,6,EXTRACTED_FROM_WORDDOCUMENT_CELL_STREAM
RCEP,AU,2023_147 + 148_129-2022-NĐ-CP.doc,8708.40.29,870840,87084029,- - - Loại khác,15|15|15|15|15|15,15,COLUMN_5_AS_2026,,- - Bộ phận:,6,EXTRACTED_FROM_WORDDOCUMENT_CELL_STREAM
RCEP,AU,2023_147 + 148_129-2022-NĐ-CP.doc,8708.40.91,870840,87084091,- - - Dùng cho xe thuộc nhóm 87.01,9|8|7|6|5|4,5,COLUMN_5_AS_2026,,,6,EXTRACTED_FROM_WORDDOCUMENT_CELL_STREAM
RCEP,AU,2023_147 + 148_129-2022-NĐ-CP.doc,8708.40.92,870840,87084092,- - - Dùng cho xe thuộc nhóm 87.03,9|8|7|6|5|4,5,COLUMN_5_AS_2026,,,6,EXTRACTED_FROM_WORDDOCUMENT_CELL_STREAM
RCEP,AU,2023_147 + 148_129-2022-NĐ-CP.doc,8708.40.99,870840,87084099,- - - Loại khác,9|8|7|6|5|4,5,COLUMN_5_AS_2026,,,6,EXTRACTED_FROM_WORDDOCUMENT_CELL_STREAM
RCEP,AU,2023_147 + 148_129-2022-NĐ-CP.doc,8708.50,870850,870850,"- Cầu chủ động có vi sai, có hoặc không kèm theo chi tiết truyền lực khác, và các cầu bị động; các bộ phận của chúng:",,,NO_RATE_COLUMN,,- - Chưa lắp ráp hoàn chỉnh:,0,EXTRACTED_FROM_WORDDOCUMENT_CELL_STREAM
RCEP,AU,2023_147 + 148_129-2022-NĐ-CP.doc,8708.50.11,870850,87085011,- - - Dùng cho xe thuộc nhóm 87.03,20|20|20|20|20|20,20,COLUMN_5_AS_2026,,,6,EXTRACTED_FROM_WORDDOCUMENT_CELL_STREAM
RCEP,AU,2023_147 + 148_129-2022-NĐ-CP.doc,8708.50.13,870850,87085013,- - - Dùng cho xe thuộc nhóm 87.04 hoặc 87.05,7|7|7|7|7|7,7,COLUMN_5_AS_2026,,,6,EXTRACTED_FROM_WORDDOCUMENT_CELL_STREAM
RCEP,AU,2023_147 + 148_129-2022-NĐ-CP.doc,8708.50.15,870850,87085015,- - - Dùng cho xe thuộc nhóm 87.01,14|13|12|11|10|9,10,COLUMN_5_AS_2026,,,6,EXTRACTED_FROM_WORDDOCUMENT_CELL_STREAM
RCEP,AU,2023_147 + 148_129-2022-NĐ-CP.doc,8708.50.19,870850,87085019,- - - Loại khác,8|6,6,LAST_AVAILABLE_COLUMN_FALLBACK,,"9,3|8,7|7,3|6,7|- - Đã lắp ráp hoàn chỉnh:",2,EXTRACTED_FROM_WORDDOCUMENT_CELL_STREAM
RCEP,AU,2023_147 + 148_129-2022-NĐ-CP.doc,8708.50.25,870850,87085025,- - - Dùng cho xe thuộc nhóm 87.01,14|13|12|11|10|9,10,COLUMN_5_AS_2026,,,6,EXTRACTED_FROM_WORDDOCUMENT_CELL_STREAM
RCEP,AU,2023_147 + 148_129-2022-NĐ-CP.doc,8708.50.26,870850,87085026,- - - Dùng cho xe thuộc nhóm 87.03,20|20|20|20|20|20,20,COLUMN_5_AS_2026,,,6,EXTRACTED_FROM_WORDDOCUMENT_CELL_STREAM
RCEP,AU,2023_147 + 148_129-2022-NĐ-CP.doc,8708.50.27,870850,87085027,- - - Dùng cho xe thuộc nhóm 87.04 hoặc 87.05,8|6,6,LAST_AVAILABLE_COLUMN_FALLBACK,,"9,3|8,7|7,3|6,7",2,EXTRACTED_FROM_WORDDOCUMENT_CELL_STREAM
RCEP,AU,2023_147 + 148_129-2022-NĐ-CP.doc,8708.50.29,870850,87085029,- - - Loại khác,10|10|10|10|10|10,10,COLUMN_5_AS_2026,,- - Bộ phận:|- - - Dùng cho xe thuộc nhóm 87.01:,6,EXTRACTED_FROM_WORDDOCUMENT_CELL_STREAM
RCEP,AU,2023_147 + 148_129-2022-NĐ-CP.doc,8708.50.91,870850,87085091,- - - - Bánh răng vành khăn và bánh răng quả dứa,8|6,6,LAST_AVAILABLE_COLUMN_FALLBACK,,"9,3|8,7|7,3|6,7",2,EXTRACTED_FROM_WORDDOCUMENT_CELL_STREAM
RCEP,AU,2023_147 + 148_129-2022-NĐ-CP.doc,8708.50.92,870850,87085092,- - - - Loại khác,8|6,6,LAST_AVAILABLE_COLUMN_FALLBACK,,"9,3|8,7|7,3|6,7|- - - Dùng cho xe thuộc nhóm 87.03:",2,EXTRACTED_FROM_WORDDOCUMENT_CELL_STREAM
RCEP,AU,2023_147 + 148_129-2022-NĐ-CP.doc,8708.50.94,870850,87085094,- - - - Bánh răng vành khăn và bánh răng quả dứa,9|8|7|6|5|4,5,COLUMN_5_AS_2026,,,6,EXTRACTED_FROM_WORDDOCUMENT_CELL_STREAM
RCEP,AU,2023_147 + 148_129-2022-NĐ-CP.doc,8708.50.95,870850,87085095,- - - - Loại khác,9|8|7|6|5|4,5,COLUMN_5_AS_2026,,- - - Loại khác:,6,EXTRACTED_FROM_WORDDOCUMENT_CELL_STREAM
RCEP,AU,2023_147 + 148_129-2022-NĐ-CP.doc,8708.50.96,870850,87085096,- - - - Bánh răng vành khăn và bánh răng quả dứa,4|3,3,LAST_AVAILABLE_COLUMN_FALLBACK,,"4,7|4,3|3,7|3,3",2,EXTRACTED_FROM_WORDDOCUMENT_CELL_STREAM
RCEP,AU,2023_147 + 148_129-2022-NĐ-CP.doc,8708.50.99,870850,87085099,- - - - Loại khác,4|3,3,LAST_AVAILABLE_COLUMN_FALLBACK,,"4,7|4,3|3,7|3,3",2,EXTRACTED_FROM_WORDDOCUMENT_CELL_STREAM
RCEP,AU,2023_147 + 148_129-2022-NĐ-CP.doc,8708.70,870870,870870,- Cụm bánh xe và bộ phận và phụ kiện của chúng:,,,NO_RATE_COLUMN,,- - Ốp đầu trục bánh xe:,0,EXTRACTED_FROM_WORDDOCUMENT_CELL_STREAM
RCEP,AU,2023_147 + 148_129-2022-NĐ-CP.doc,8708.70.15,870870,87087015,- - - Dùng cho xe thuộc nhóm 87.01,14|13|12|11|10|9,10,COLUMN_5_AS_2026,,,6,EXTRACTED_FROM_WORDDOCUMENT_CELL_STREAM
RCEP,AU,2023_147 + 148_129-2022-NĐ-CP.doc,8708.70.16,870870,87087016,- - - Dùng cho xe thuộc nhóm 87.03,14|13|12|11|10|9,10,COLUMN_5_AS_2026,,- - - Dùng cho xe thuộc nhóm 87.02 hoặc 87.04:,6,EXTRACTED_FROM_WORDDOCUMENT_CELL_STREAM
RCEP,AU,2023_147 + 148_129-2022-NĐ-CP.doc,8708.70.17,870870,87087017,- - - - Dùng cho xe thuộc phân nhóm 8704.10,16|12,12,LAST_AVAILABLE_COLUMN_FALLBACK,,"18,7|17,3|14,7|13,3",2,EXTRACTED_FROM_WORDDOCUMENT_CELL_STREAM
RCEP,AU,2023_147 + 148_129-2022-NĐ-CP.doc,8708.70.18,870870,87087018,- - - - Loại khác,16|12,12,LAST_AVAILABLE_COLUMN_FALLBACK,,"18,7|17,3|14,7|13,3",2,EXTRACTED_FROM_WORDDOCUMENT_CELL_STREAM
RCEP,AU,2023_147 + 148_129-2022-NĐ-CP.doc,8708.70.19,870870,87087019,- - - Loại khác,18|16|14|12|10|8,10,COLUMN_5_AS_2026,,- - Bánh xe đã được lắp lốp:,6,EXTRACTED_FROM_WORDDOCUMENT_CELL_STREAM
RCEP,AU,2023_147 + 148_129-2022-NĐ-CP.doc,8708.70.21,870870,87087021,- - - Dùng cho xe thuộc nhóm 87.01,20|15,15,LAST_AVAILABLE_COLUMN_FALLBACK,,"23,3|21,7|18,3|16,7",2,EXTRACTED_FROM_WORDDOCUMENT_CELL_STREAM
RCEP,AU,2023_147 + 148_129-2022-NĐ-CP.doc,8708.70.22,870870,87087022,- - - Dùng cho xe thuộc nhóm 87.03,20|15|10,10,LAST_AVAILABLE_COLUMN_FALLBACK,,"22,5|17,5|12,5",3,EXTRACTED_FROM_WORDDOCUMENT_CELL_STREAM
RCEP,AU,2023_147 + 148_129-2022-NĐ-CP.doc,8708.70.23,870870,87087023,- - - Dùng cho xe thuộc nhóm 87.02 hoặc 87.04 (trừ phân nhóm 8704.10),20|15,15,LAST_AVAILABLE_COLUMN_FALLBACK,,"23,3|21,7|18,3|16,7",2,EXTRACTED_FROM_WORDDOCUMENT_CELL_STREAM
RCEP,AU,2023_147 + 148_129-2022-NĐ-CP.doc,8708.70.29,870870,87087029,- - - Loại khác,20|15,15,LAST_AVAILABLE_COLUMN_FALLBACK,,"23,3|21,7|18,3|16,7|- - Bánh xe chưa được lắp lốp:",2,EXTRACTED_FROM_WORDDOCUMENT_CELL_STREAM
RCEP,AU,2023_147 + 148_129-2022-NĐ-CP.doc,8708.70.31,870870,87087031,- - - Dùng cho xe thuộc nhóm 87.01,20|15,15,LAST_AVAILABLE_COLUMN_FALLBACK,,"23,3|21,7|18,3|16,7",2,EXTRACTED_FROM_WORDDOCUMENT_CELL_STREAM
RCEP,AU,2023_147 + 148_129-2022-NĐ-CP.doc,8708.70.32,870870,87087032,- - - Dùng cho xe thuộc nhóm 87.03,18|16|14|12|10|8,10,COLUMN_5_AS_2026,,,6,EXTRACTED_FROM_WORDDOCUMENT_CELL_STREAM
RCEP,AU,2023_147 + 148_129-2022-NĐ-CP.doc,8708.70.33,870870,87087033,- - - Dùng cho xe tự đổ được thiết kế để sử dụng trên các loại đường không phải đường quốc lộ có khối lượng toàn bộ theo thiết kế trên 45 tấn,18|16|14|12|10|8,10,COLUMN_5_AS_2026,,,6,EXTRACTED_FROM_WORDDOCUMENT_CELL_STREAM
RCEP,AU,2023_147 + 148_129-2022-NĐ-CP.doc,8708.70.34,870870,87087034,- - - Dùng cho xe thuộc nhóm 87.02 hoặc xe khác thuộc nhóm 87.04,18|16|14|12|10|8,10,COLUMN_5_AS_2026,,,6,EXTRACTED_FROM_WORDDOCUMENT_CELL_STREAM
RCEP,AU,2023_147 + 148_129-2022-NĐ-CP.doc,8708.70.39,870870,87087039,- - - Loại khác,18|16|14|12|10|8,10,COLUMN_5_AS_2026,,- - Loại khác:,6,EXTRACTED_FROM_WORDDOCUMENT_CELL_STREAM
RCEP,AU,2023_147 + 148_129-2022-NĐ-CP.doc,8708.70.95,870870,87087095,- - - Dùng cho xe thuộc nhóm 87.01,20|15,15,LAST_AVAILABLE_COLUMN_FALLBACK,,"23,3|21,7|18,3|16,7",2,EXTRACTED_FROM_WORDDOCUMENT_CELL_STREAM
RCEP,AU,2023_147 + 148_129-2022-NĐ-CP.doc,8708.70.96,870870,87087096,- - - Dùng cho thuộc nhóm 87.02 hoặc 87.04,16|12,12,LAST_AVAILABLE_COLUMN_FALLBACK,,"18,7|17,3|14,7|13,3",2,EXTRACTED_FROM_WORDDOCUMENT_CELL_STREAM
RCEP,AU,2023_147 + 148_129-2022-NĐ-CP.doc,8708.70.97,870870,87087097,- - - Dùng cho xe thuộc nhóm 87.03,18|16|14|12|10|8,10,COLUMN_5_AS_2026,,,6,EXTRACTED_FROM_WORDDOCUMENT_CELL_STREAM
RCEP,AU,2023_147 + 148_129-2022-NĐ-CP.doc,8708.70.99,870870,87087099,- - - Loại khác,18|16|14|12|10|8,10,COLUMN_5_AS_2026,,,6,EXTRACTED_FROM_WORDDOCUMENT_CELL_STREAM
RCEP,AU,2023_147 + 148_129-2022-NĐ-CP.doc,8708.80,870880,870880,- Hệ thống giảm chấn và bộ phận của nó (kể cả giảm sóc):,,,NO_RATE_COLUMN,,- - Hệ thống giảm chấn:,0,EXTRACTED_FROM_WORDDOCUMENT_CELL_STREAM
RCEP,AU,2023_147 + 148_129-2022-NĐ-CP.doc,8708.80.15,870880,87088015,- - - Dùng cho xe thuộc nhóm 87.01,14|13|12|11|10|9,10,COLUMN_5_AS_2026,,,6,EXTRACTED_FROM_WORDDOCUMENT_CELL_STREAM
RCEP,AU,2023_147 + 148_129-2022-NĐ-CP.doc,8708.80.16,870880,87088016,- - - Dùng cho xe thuộc nhóm 87.03,18|16|14|12|10|8,10,COLUMN_5_AS_2026,,,6,EXTRACTED_FROM_WORDDOCUMENT_CELL_STREAM
RCEP,AU,2023_147 + 148_129-2022-NĐ-CP.doc,8708.80.17,870880,87088017,- - - Dùng cho xe thuộc phân nhóm 8704.10 hoặc nhóm 87.05,,,NO_RATE_COLUMN,,"6,5|6,1|5,6|5,1|4,7",0,EXTRACTED_FROM_WORDDOCUMENT_CELL_STREAM
RCEP,AU,2023_147 + 148_129-2022-NĐ-CP.doc,8708.80.19,870880,87088019,- - - Loại khác,,,NO_RATE_COLUMN,,"6,5|6,1|5,6|5,1|4,7",0,EXTRACTED_FROM_WORDDOCUMENT_CELL_STREAM
RCEP,AU,2023_147 + 148_129-2022-NĐ-CP.doc,8708.80.91,870880,87088091,- - - Dùng cho xe thuộc nhóm 87.01,9|8|7|6|5|4,5,COLUMN_5_AS_2026,,,6,EXTRACTED_FROM_WORDDOCUMENT_CELL_STREAM
RCEP,AU,2023_147 + 148_129-2022-NĐ-CP.doc,8708.80.92,870880,87088092,- - - Dùng cho xe thuộc nhóm 87.03,9|8|7|6|5|4,5,COLUMN_5_AS_2026,,,6,EXTRACTED_FROM_WORDDOCUMENT_CELL_STREAM
RCEP,AU,2023_147 + 148_129-2022-NĐ-CP.doc,8708.80.99,870880,87088099,- - - Loại khác,4|3|2,2,LAST_AVAILABLE_COLUMN_FALLBACK,,"4,5|3,5|2,5|- Các bộ phận và phụ kiện khác:",3,EXTRACTED_FROM_WORDDOCUMENT_CELL_STREAM
RCEP,AU,2023_147 + 148_129-2022-NĐ-CP.doc,8708.92,870892,870892,- - Ống xả và bộ giảm thanh; bộ phận của chúng:,,,NO_RATE_COLUMN,,,0,EXTRACTED_FROM_WORDDOCUMENT_CELL_STREAM
RCEP,AU,2023_147 + 148_129-2022-NĐ-CP.doc,8708.92.10,870892,87089210,- - - Dùng cho xe thuộc nhóm 87.01,14|13|12|11|10|9,10,COLUMN_5_AS_2026,,,6,EXTRACTED_FROM_WORDDOCUMENT_CELL_STREAM
RCEP,AU,2023_147 + 148_129-2022-NĐ-CP.doc,8708.92.20,870892,87089220,- - - Dùng cho xe thuộc nhóm 87.03,18|16|14|12|10|8,10,COLUMN_5_AS_2026,,- - - Dùng cho xe thuộc phân nhóm 8704.10:,6,EXTRACTED_FROM_WORDDOCUMENT_CELL_STREAM
RCEP,AU,2023_147 + 148_129-2022-NĐ-CP.doc,8708.92.51,870892,87089251,- - - - Ống xả và bộ giảm thanh,12|9|6,6,LAST_AVAILABLE_COLUMN_FALLBACK,,"13,5|10,5|7,5",3,EXTRACTED_FROM_WORDDOCUMENT_CELL_STREAM
RCEP,AU,2023_147 + 148_129-2022-NĐ-CP.doc,8708.92.52,870892,87089252,- - - - Bộ phận,12|9|6,6,LAST_AVAILABLE_COLUMN_FALLBACK,,"13,5|10,5|7,5|- - - Dùng cho xe thuộc nhóm 87.02 hoặc xe khác thuộc nhóm 87.04:",3,EXTRACTED_FROM_WORDDOCUMENT_CELL_STREAM
RCEP,AU,2023_147 + 148_129-2022-NĐ-CP.doc,8708.92.61,870892,87089261,- - - - Ống xả và bộ giảm thanh,12|9|6,6,LAST_AVAILABLE_COLUMN_FALLBACK,,"13,5|10,5|7,5",3,EXTRACTED_FROM_WORDDOCUMENT_CELL_STREAM
RCEP,AU,2023_147 + 148_129-2022-NĐ-CP.doc,8708.92.62,870892,87089262,- - - - Bộ phận,12|9|6,6,LAST_AVAILABLE_COLUMN_FALLBACK,,"13,5|10,5|7,5",3,EXTRACTED_FROM_WORDDOCUMENT_CELL_STREAM
RCEP,AU,2023_147 + 148_129-2022-NĐ-CP.doc,8708.92.90,870892,87089290,- - - Loại khác,12|9|6,6,LAST_AVAILABLE_COLUMN_FALLBACK,,"13,5|10,5|7,5",3,EXTRACTED_FROM_WORDDOCUMENT_CELL_STREAM
RCEP,AU,2023_147 + 148_129-2022-NĐ-CP.doc,8708.93,870893,870893,- - Bộ ly hợp và các bộ phận của nó:,,,NO_RATE_COLUMN,,,0,EXTRACTED_FROM_WORDDOCUMENT_CELL_STREAM
RCEP,AU,2023_147 + 148_129-2022-NĐ-CP.doc,8708.93.50,870893,87089350,- - - Dùng cho xe thuộc nhóm 87.01,14|13|12|11|10|9,10,COLUMN_5_AS_2026,,,6,EXTRACTED_FROM_WORDDOCUMENT_CELL_STREAM
RCEP,AU,2023_147 + 148_129-2022-NĐ-CP.doc,8708.93.60,870893,87089360,- - - Dùng cho xe thuộc nhóm 87.03,18|16|14|12|10|8,10,COLUMN_5_AS_2026,,,6,EXTRACTED_FROM_WORDDOCUMENT_CELL_STREAM
RCEP,AU,2023_147 + 148_129-2022-NĐ-CP.doc,8708.93.70,870893,87089370,- - - Dùng cho xe thuộc nhóm 87.04 hoặc 87.05,8|6,6,LAST_AVAILABLE_COLUMN_FALLBACK,,"9,3|8,7|7,3|6,7",2,EXTRACTED_FROM_WORDDOCUMENT_CELL_STREAM
RCEP,AU,2023_147 + 148_129-2022-NĐ-CP.doc,8708.93.90,870893,87089390,- - - Loại khác,9|8|7|6|5|4,5,COLUMN_5_AS_2026,,,6,EXTRACTED_FROM_WORDDOCUMENT_CELL_STREAM
RCEP,AU,2023_147 + 148_129-2022-NĐ-CP.doc,8708.94,870894,870894,"- - Vô lăng, trụ lái và cơ cấu lái; bộ phận của chúng:",,,NO_RATE_COLUMN,,- - - Vô lăng lắp với túi khí hoàn chỉnh:,0,EXTRACTED_FROM_WORDDOCUMENT_CELL_STREAM
RCEP,AU,2023_147 + 148_129-2022-NĐ-CP.doc,8708.94.11,870894,87089411,- - - - Dùng cho xe thuộc nhóm 87.01,18|16|14|12|10|8,10,COLUMN_5_AS_2026,,,6,EXTRACTED_FROM_WORDDOCUMENT_CELL_STREAM
RCEP,AU,2023_147 + 148_129-2022-NĐ-CP.doc,8708.94.19,870894,87089419,- - - - Loại khác,18|16|14|12|10|8,10,COLUMN_5_AS_2026,,- - - Loại khác:,6,EXTRACTED_FROM_WORDDOCUMENT_CELL_STREAM
RCEP,AU,2023_147 + 148_129-2022-NĐ-CP.doc,8708.94.94,870894,87089494,- - - - Dùng cho xe thuộc nhóm 87.01,14|13|12|11|10|9,10,COLUMN_5_AS_2026,,,6,EXTRACTED_FROM_WORDDOCUMENT_CELL_STREAM
RCEP,AU,2023_147 + 148_129-2022-NĐ-CP.doc,8708.94.95,870894,87089495,- - - - Dùng cho xe thuộc nhóm 87.03,20|15|10,10,LAST_AVAILABLE_COLUMN_FALLBACK,,"22,5|17,5|12,5",3,EXTRACTED_FROM_WORDDOCUMENT_CELL_STREAM
RCEP,AU,2023_147 + 148_129-2022-NĐ-CP.doc,8708.94.99,870894,87089499,- - - - Loại khác,14|13|12|11|10|9,10,COLUMN_5_AS_2026,,,6,EXTRACTED_FROM_WORDDOCUMENT_CELL_STREAM
RCEP,AU,2023_147 + 148_129-2022-NĐ-CP.doc,8708.95,870895,870895,- - Túi khí an toàn lắp với hệ thống bơm phồng; bộ phận của nó:,,,NO_RATE_COLUMN,,,0,EXTRACTED_FROM_WORDDOCUMENT_CELL_STREAM
RCEP,AU,2023_147 + 148_129-2022-NĐ-CP.doc,8708.95.10,870895,87089510,- - - Túi khí an toàn lắp với hệ thống bơm phồng,8|6,6,LAST_AVAILABLE_COLUMN_FALLBACK,,"9,3|8,7|7,3|6,7",2,EXTRACTED_FROM_WORDDOCUMENT_CELL_STREAM
RCEP,AU,2023_147 + 148_129-2022-NĐ-CP.doc,8708.95.90,870895,87089590,- - - Bộ phận,8|6,6,LAST_AVAILABLE_COLUMN_FALLBACK,,"9,3|8,7|7,3|6,7",2,EXTRACTED_FROM_WORDDOCUMENT_CELL_STREAM
RCEP,AU,2023_147 + 148_129-2022-NĐ-CP.doc,8708.99,870899,870899,- - Loại khác:,,,NO_RATE_COLUMN,,- - - Dùng cho xe thuộc nhóm 87.01:,0,EXTRACTED_FROM_WORDDOCUMENT_CELL_STREAM
RCEP,AU,2023_147 + 148_129-2022-NĐ-CP.doc,8708.99.11,870899,87089911,- - - - Thùng nhiên liệu chưa lắp ráp; khung giá đỡ động cơ,14|13|12|11|10|9,10,COLUMN_5_AS_2026,,,6,EXTRACTED_FROM_WORDDOCUMENT_CELL_STREAM
RCEP,AU,2023_147 + 148_129-2022-NĐ-CP.doc,8708.99.19,870899,87089919,- - - - Loại khác,14|13|12|11|10|9,10,COLUMN_5_AS_2026,,"- - - Dùng cho xe thuộc nhóm 87.02, 87.03 hoặc 87.04:|- - - - Thùng nhiên liệu và bộ phận của chúng:",6,EXTRACTED_FROM_WORDDOCUMENT_CELL_STREAM
RCEP,AU,2023_147 + 148_129-2022-NĐ-CP.doc,8708.99.21,870899,87089921,- - - - - Thùng nhiên liệu,14|13|12|11|10|9,10,COLUMN_5_AS_2026,,,6,EXTRACTED_FROM_WORDDOCUMENT_CELL_STREAM
RCEP,AU,2023_147 + 148_129-2022-NĐ-CP.doc,8708.99.24,870899,87089924,- - - - - Nửa dưới của thùng nhiên liệu; nắp đậy thùng nhiên liệu; ống dẫn của thùng nhiên liệu (filler pipes); ống dẫn hướng có đầu nối với bình nhiên liệu (filler hose); đai giữ bình nhiên liệu,12|9|6,6,LAST_AVAILABLE_COLUMN_FALLBACK,,"13,5|10,5|7,5",3,EXTRACTED_FROM_WORDDOCUMENT_CELL_STREAM
RCEP,AU,2023_147 + 148_129-2022-NĐ-CP.doc,8708.99.25,870899,87089925,- - - - - Các bộ phận khác,12|9|6,6,LAST_AVAILABLE_COLUMN_FALLBACK,,"13,5|10,5|7,5",3,EXTRACTED_FROM_WORDDOCUMENT_CELL_STREAM
RCEP,AU,2023_147 + 148_129-2022-NĐ-CP.doc,8708.99.30,870899,87089930,"- - - - Chân ga (bàn đạp ga), chân phanh (bàn đạp phanh) hoặc chân côn (bàn đạp côn)",12|9|6,6,LAST_AVAILABLE_COLUMN_FALLBACK,,"13,5|10,5|7,5",3,EXTRACTED_FROM_WORDDOCUMENT_CELL_STREAM
RCEP,AU,2023_147 + 148_129-2022-NĐ-CP.doc,8708.99.40,870899,87089940,- - - - Giá đỡ hoặc khay đỡ bình ắc qui và khung của nó,12|9|6,6,LAST_AVAILABLE_COLUMN_FALLBACK,,"13,5|10,5|7,5",3,EXTRACTED_FROM_WORDDOCUMENT_CELL_STREAM
RCEP,AU,2023_147 + 148_129-2022-NĐ-CP.doc,8708.99.50,870899,87089950,- - - - Tấm hướng luồng khí tản nhiệt,12|9|6,6,LAST_AVAILABLE_COLUMN_FALLBACK,,"13,5|10,5|7,5|- - - - Khung xe hoặc các bộ phận của chúng:",3,EXTRACTED_FROM_WORDDOCUMENT_CELL_STREAM
RCEP,AU,2023_147 + 148_129-2022-NĐ-CP.doc,8708.99.61,870899,87089961,- - - - - Dùng cho xe thuộc nhóm 87.02,12|9|6,6,LAST_AVAILABLE_COLUMN_FALLBACK,,"13,5|10,5|7,5",3,EXTRACTED_FROM_WORDDOCUMENT_CELL_STREAM
RCEP,AU,2023_147 + 148_129-2022-NĐ-CP.doc,8708.99.62,870899,87089962,- - - - - Dùng cho xe thuộc nhóm 87.03,12|9|6,6,LAST_AVAILABLE_COLUMN_FALLBACK,,"13,5|10,5|7,5",3,EXTRACTED_FROM_WORDDOCUMENT_CELL_STREAM
RCEP,AU,2023_147 + 148_129-2022-NĐ-CP.doc,8708.99.63,870899,87089963,- - - - - Dùng cho xe thuộc nhóm 87.04,9|8|7|6|5|4,5,COLUMN_5_AS_2026,,,6,EXTRACTED_FROM_WORDDOCUMENT_CELL_STREAM
RCEP,AU,2023_147 + 148_129-2022-NĐ-CP.doc,8708.99.70,870899,87089970,- - - - Khung giá đỡ động cơ,14|13|12|11|10|9,10,COLUMN_5_AS_2026,,,6,EXTRACTED_FROM_WORDDOCUMENT_CELL_STREAM
RCEP,AU,2023_147 + 148_129-2022-NĐ-CP.doc,8708.99.80,870899,87089980,- - - - Loại khác,14|13|12|11|10|9,10,COLUMN_5_AS_2026,,- - - Loại khác:,6,EXTRACTED_FROM_WORDDOCUMENT_CELL_STREAM
RCEP,AU,2023_147 + 148_129-2022-NĐ-CP.doc,8708.99.91,870899,87089991,- - - - Thùng nhiên liệu chưa lắp ráp; khung giá đỡ động cơ,12|9|6,6,LAST_AVAILABLE_COLUMN_FALLBACK,,"13,5|10,5|7,5",3,EXTRACTED_FROM_WORDDOCUMENT_CELL_STREAM
RCEP,AU,2023_147 + 148_129-2022-NĐ-CP.doc,8708.99.99,870899,87089999,- - - - Loại khác,12|9|6,6,LAST_AVAILABLE_COLUMN_FALLBACK,,"13,5|10,5|7,5|87.09|Xe vận chuyển, loại tự hành, không lắp kèm thiết bị nâng hạ hoặc cặp giữ, thuộc loại dùng trong nhà máy, kho hàng, bến cảng hoặc sân bay để vận chuyển hàng hóa trong phạm vi hẹp; xe kéo loại sử dụng trong sân ga, ke ga đường sắt; bộ phận của các loại xe kể trên",3,EXTRACTED_FROM_WORDDOCUMENT_CELL_STREAM
RCEP,AU,2023_147 + 148_129-2022-NĐ-CP.doc,9029.20,902920,902920,- Đồng hồ chỉ tốc độ và máy đo tốc độ góc; máy hoạt nghiệm:,,,NO_RATE_COLUMN,,,0,EXTRACTED_FROM_WORDDOCUMENT_CELL_STREAM
RCEP,AU,2023_147 + 148_129-2022-NĐ-CP.doc,9029.20.10,902920,90292010,- - Đồng hồ tốc độ dùng cho xe có động cơ,0|0|0|0|0|0,0,COLUMN_5_AS_2026,,,6,EXTRACTED_FROM_WORDDOCUMENT_CELL_STREAM
RCEP,AU,2023_147 + 148_129-2022-NĐ-CP.doc,9029.20.20,902920,90292020,- - Máy đo tốc độ góc cho xe có động cơ,0|0|0|0|0|0,0,COLUMN_5_AS_2026,,,6,EXTRACTED_FROM_WORDDOCUMENT_CELL_STREAM
RCEP,AU,2023_147 + 148_129-2022-NĐ-CP.doc,9029.20.90,902920,90292090,- - Loại khác,0|0|0|0|0|0,0,COLUMN_5_AS_2026,,,6,EXTRACTED_FROM_WORDDOCUMENT_CELL_STREAM
RCEP,AU,2023_147 + 148_129-2022-NĐ-CP.doc,9032.89,903289,903289,- - Loại khác:,,,NO_RATE_COLUMN,,,0,EXTRACTED_FROM_WORDDOCUMENT_CELL_STREAM
RCEP,AU,2023_147 + 148_129-2022-NĐ-CP.doc,9032.89.10,903289,90328910,"- - - Dụng cụ và thiết bị đi kèm hoặc hoạt động cùng với máy xử lý dữ liệu tự động, để điều chỉnh hoặc điều khiển tự động hệ thống đẩy, giữ thăng bằng hoặc xếp hàng hóa của tàu thuyền",0|0|0|0|0|0,0,COLUMN_5_AS_2026,,,6,EXTRACTED_FROM_WORDDOCUMENT_CELL_STREAM
RCEP,AU,2023_147 + 148_129-2022-NĐ-CP.doc,9032.89.20,903289,90328920,- - - Dụng cụ và thiết bị tự động để điều chỉnh hoặc điều khiển dung dịch hóa chất hoặc điện hóa trong sản xuất tấm mạch in/tấm dây in hoặc mạch in đã lắp ráp,0|0|0|0|0|0,0,COLUMN_5_AS_2026,,"- - - Loại khác, hoạt động bằng điện:",6,EXTRACTED_FROM_WORDDOCUMENT_CELL_STREAM
RCEP,AU,2023_147 + 148_129-2022-NĐ-CP.doc,9032.89.31,903289,90328931,- - - - Bộ điều chỉnh điện áp tự động (ổn áp),0|0|0|0|0|0,0,COLUMN_5_AS_2026,,,6,EXTRACTED_FROM_WORDDOCUMENT_CELL_STREAM
RCEP,AU,2023_147 + 148_129-2022-NĐ-CP.doc,9032.89.39,903289,90328939,- - - - Loại khác,0|0|0|0|0|0,0,COLUMN_5_AS_2026,,,6,EXTRACTED_FROM_WORDDOCUMENT_CELL_STREAM
RCEP,AU,2023_147 + 148_129-2022-NĐ-CP.doc,9032.89.90,903289,90328990,- - - Loại khác,0|0|0|0|0|0,0,COLUMN_5_AS_2026,,,6,EXTRACTED_FROM_WORDDOCUMENT_CELL_STREAM
RCEP,AU,2023_147 + 148_129-2022-NĐ-CP.doc,9401.20,940120,940120,- Ghế dùng cho xe có động cơ:,,,NO_RATE_COLUMN,,,0,EXTRACTED_FROM_WORDDOCUMENT_CELL_STREAM
RCEP,AU,2023_147 + 148_129-2022-NĐ-CP.doc,9401.20.10,940120,94012010,"- - Của xe thuộc nhóm 87.02, 87.03 hoặc 87.04",25|25|25|25|25|25,25,COLUMN_5_AS_2026,,,6,EXTRACTED_FROM_WORDDOCUMENT_CELL_STREAM
RCEP,AU,2023_147 + 148_129-2022-NĐ-CP.doc,9401.20.90,940120,94012090,- - Loại khác,25|25|25|25|25|25,25,COLUMN_5_AS_2026,,- Ghế quay có điều chỉnh độ cao:,6,EXTRACTED_FROM_WORDDOCUMENT_CELL_STREAM
RCEP,CN,2023_163 + 164_129-2022-NĐ-CP.doc,8507.60,850760,850760,- Bằng ion liti:,,,NO_RATE_COLUMN,,- - Bộ pin (battery pack):,0,EXTRACTED_FROM_WORDDOCUMENT_CELL_STREAM
RCEP,CN,2023_163 + 164_129-2022-NĐ-CP.doc,8507.60.31,850760,85076031,- - - Loại dùng cho máy tính xách tay kể cả loại notebook và subnotebook,0|0|0|0|0|0,0,COLUMN_5_AS_2026,,,6,EXTRACTED_FROM_WORDDOCUMENT_CELL_STREAM
RCEP,CN,2023_163 + 164_129-2022-NĐ-CP.doc,8507.60.32,850760,85076032,- - - Dùng cho máy bay,0|0|0|0|0|0,0,COLUMN_5_AS_2026,,,6,EXTRACTED_FROM_WORDDOCUMENT_CELL_STREAM
RCEP,CN,2023_163 + 164_129-2022-NĐ-CP.doc,8507.60.33,850760,85076033,- - - Dùng cho xe thuộc Chương 87,0|0|0|0|0|0,0,COLUMN_5_AS_2026,,,6,EXTRACTED_FROM_WORDDOCUMENT_CELL_STREAM
RCEP,CN,2023_163 + 164_129-2022-NĐ-CP.doc,8507.60.39,850760,85076039,- - - Loại khác,0|0|0|0|0|0,0,COLUMN_5_AS_2026,,,6,EXTRACTED_FROM_WORDDOCUMENT_CELL_STREAM
RCEP,CN,2023_163 + 164_129-2022-NĐ-CP.doc,8507.60.90,850760,85076090,- - Loại khác,0|0|0|0|0|0,0,COLUMN_5_AS_2026,,,6,EXTRACTED_FROM_WORDDOCUMENT_CELL_STREAM
RCEP,CN,2023_163 + 164_129-2022-NĐ-CP.doc,8511.10,851110,851110,- Bugi đánh lửa:,,,NO_RATE_COLUMN,,,0,EXTRACTED_FROM_WORDDOCUMENT_CELL_STREAM
RCEP,CN,2023_163 + 164_129-2022-NĐ-CP.doc,8511.10.10,851110,85111010,- - Loại dùng cho động cơ của phương tiện bay,0|0|0|0|0|0,0,COLUMN_5_AS_2026,,,6,EXTRACTED_FROM_WORDDOCUMENT_CELL_STREAM
RCEP,CN,2023_163 + 164_129-2022-NĐ-CP.doc,8511.10.20,851110,85111020,- - Sử dụng cho động cơ ô tô,9|8|7|6|5|4,5,COLUMN_5_AS_2026,,,6,EXTRACTED_FROM_WORDDOCUMENT_CELL_STREAM
RCEP,CN,2023_163 + 164_129-2022-NĐ-CP.doc,8511.10.90,851110,85111090,- - Loại khác,18|16|14|12|10|8,10,COLUMN_5_AS_2026,,,6,EXTRACTED_FROM_WORDDOCUMENT_CELL_STREAM
RCEP,CN,2023_163 + 164_129-2022-NĐ-CP.doc,8511.30,851130,851130,- Bộ phân phối điện; cuộn dây đánh lửa:,,,NO_RATE_COLUMN,,,0,EXTRACTED_FROM_WORDDOCUMENT_CELL_STREAM
RCEP,CN,2023_163 + 164_129-2022-NĐ-CP.doc,8511.30.30,851130,85113030,- - Loại dùng cho động cơ của phương tiện bay,0|0|0|0|0|0,0,COLUMN_5_AS_2026,,- - Sử dụng cho động cơ ô tô:,6,EXTRACTED_FROM_WORDDOCUMENT_CELL_STREAM
RCEP,CN,2023_163 + 164_129-2022-NĐ-CP.doc,8511.30.41,851130,85113041,- - - Loại chưa được lắp ráp,9|8|7|6|5|4,5,COLUMN_5_AS_2026,,,6,EXTRACTED_FROM_WORDDOCUMENT_CELL_STREAM
RCEP,CN,2023_163 + 164_129-2022-NĐ-CP.doc,8511.30.49,851130,85113049,- - - Loại khác,9|8|7|6|5|4,5,COLUMN_5_AS_2026,,- - Loại khác:,6,EXTRACTED_FROM_WORDDOCUMENT_CELL_STREAM
RCEP,CN,2023_163 + 164_129-2022-NĐ-CP.doc,8511.30.91,851130,85113091,- - - Loại chưa được lắp ráp,18|16|14|12|10|8,10,COLUMN_5_AS_2026,,,6,EXTRACTED_FROM_WORDDOCUMENT_CELL_STREAM
RCEP,CN,2023_163 + 164_129-2022-NĐ-CP.doc,8511.30.99,851130,85113099,- - - Loại khác,18|16|14|12|10|8,10,COLUMN_5_AS_2026,,,6,EXTRACTED_FROM_WORDDOCUMENT_CELL_STREAM
RCEP,CN,2023_163 + 164_129-2022-NĐ-CP.doc,8511.40,851140,851140,- Động cơ khởi động và máy tổ hợp hai tính năng khởi động và phát điện:,,,NO_RATE_COLUMN,,,0,EXTRACTED_FROM_WORDDOCUMENT_CELL_STREAM
RCEP,CN,2023_163 + 164_129-2022-NĐ-CP.doc,8511.40.10,851140,85114010,- - Loại dùng cho động cơ của phương tiện bay,0|0|0|0|0|0,0,COLUMN_5_AS_2026,,- - Động cơ khởi động khác chưa lắp ráp:,6,EXTRACTED_FROM_WORDDOCUMENT_CELL_STREAM
RCEP,CN,2023_163 + 164_129-2022-NĐ-CP.doc,8511.40.21,851140,85114021,"- - - Sử dụng cho động cơ của xe thuộc nhóm 87.02, 87.03, 87.04 hoặc 87.05",9|8|7|6|5|4,5,COLUMN_5_AS_2026,,,6,EXTRACTED_FROM_WORDDOCUMENT_CELL_STREAM
RCEP,CN,2023_163 + 164_129-2022-NĐ-CP.doc,8511.40.29,851140,85114029,- - - Loại khác,18|16|14|12|10|8,10,COLUMN_5_AS_2026,,- - Động cơ khởi động đã lắp ráp sử dụng cho động cơ của xe thuộc các nhóm từ 87.01 đến 87.05:,6,EXTRACTED_FROM_WORDDOCUMENT_CELL_STREAM
RCEP,CN,2023_163 + 164_129-2022-NĐ-CP.doc,8511.40.31,851140,85114031,- - - Sử dụng cho động cơ của xe thuộc nhóm 87.01,18|16|14|12|10|8,10,COLUMN_5_AS_2026,,,6,EXTRACTED_FROM_WORDDOCUMENT_CELL_STREAM
RCEP,CN,2023_163 + 164_129-2022-NĐ-CP.doc,8511.40.32,851140,85114032,"- - - Sử dụng cho động cơ của xe thuộc nhóm 87.02, 87.03 hoặc 87.04",9|8|7|6|5|4,5,COLUMN_5_AS_2026,,,6,EXTRACTED_FROM_WORDDOCUMENT_CELL_STREAM
RCEP,CN,2023_163 + 164_129-2022-NĐ-CP.doc,8511.40.33,851140,85114033,- - - Sử dụng cho động cơ của xe thuộc nhóm 87.05,9|8|7|6|5|4,5,COLUMN_5_AS_2026,,- - Loại khác:,6,EXTRACTED_FROM_WORDDOCUMENT_CELL_STREAM
RCEP,CN,2023_163 + 164_129-2022-NĐ-CP.doc,8511.40.91,851140,85114091,"- - - Sử dụng cho động cơ của xe thuộc nhóm 87.02, 87.03, 87.04 hoặc 87.05",9|8|7|6|5|4,5,COLUMN_5_AS_2026,,,6,EXTRACTED_FROM_WORDDOCUMENT_CELL_STREAM
RCEP,CN,2023_163 + 164_129-2022-NĐ-CP.doc,8511.40.99,851140,85114099,- - - Loại khác,18|16|14|12|10|8,10,COLUMN_5_AS_2026,,,6,EXTRACTED_FROM_WORDDOCUMENT_CELL_STREAM
RCEP,CN,2023_163 + 164_129-2022-NĐ-CP.doc,8511.50,851150,851150,- Máy phát điện khác:,,,NO_RATE_COLUMN,,,0,EXTRACTED_FROM_WORDDOCUMENT_CELL_STREAM
RCEP,CN,2023_163 + 164_129-2022-NĐ-CP.doc,8511.50.10,851150,85115010,- - Loại dùng cho động cơ của phương tiện bay,0|0|0|0|0|0,0,COLUMN_5_AS_2026,,- - Máy phát điện xoay chiều khác chưa lắp ráp:,6,EXTRACTED_FROM_WORDDOCUMENT_CELL_STREAM
RCEP,CN,2023_163 + 164_129-2022-NĐ-CP.doc,8511.50.21,851150,85115021,"- - - Sử dụng cho động cơ của xe thuộc nhóm 87.02, 87.03, 87.04 hoặc 87.05",9|8|7|6|5|4,5,COLUMN_5_AS_2026,,,6,EXTRACTED_FROM_WORDDOCUMENT_CELL_STREAM
RCEP,CN,2023_163 + 164_129-2022-NĐ-CP.doc,8511.50.29,851150,85115029,- - - Loại khác,18|16|14|12|10|8,10,COLUMN_5_AS_2026,,- - Máy phát điện xoay chiều đã lắp ráp dùng cho động cơ của xe thuộc các nhóm từ 87.01 đến 87.05:,6,EXTRACTED_FROM_WORDDOCUMENT_CELL_STREAM
RCEP,CN,2023_163 + 164_129-2022-NĐ-CP.doc,8511.50.31,851150,85115031,- - - Sử dụng cho động cơ của xe thuộc nhóm 87.01,18|16|14|12|10|8,10,COLUMN_5_AS_2026,,,6,EXTRACTED_FROM_WORDDOCUMENT_CELL_STREAM
RCEP,CN,2023_163 + 164_129-2022-NĐ-CP.doc,8511.50.32,851150,85115032,"- - - Sử dụng cho động cơ của xe thuộc nhóm 87.02, 87.03 hoặc 87.04",9|8|7|6|5|4,5,COLUMN_5_AS_2026,,,6,EXTRACTED_FROM_WORDDOCUMENT_CELL_STREAM
RCEP,CN,2023_163 + 164_129-2022-NĐ-CP.doc,8511.50.33,851150,85115033,- - - Sử dụng cho động cơ của xe thuộc nhóm 87.05,9|8|7|6|5|4,5,COLUMN_5_AS_2026,,- - Loại khác:,6,EXTRACTED_FROM_WORDDOCUMENT_CELL_STREAM
RCEP,CN,2023_163 + 164_129-2022-NĐ-CP.doc,8511.50.91,851150,85115091,"- - - Sử dụng cho động cơ của xe thuộc nhóm 87.02, 87.03, 87.04 hoặc 87.05",9|8|7|6|5|4,5,COLUMN_5_AS_2026,,,6,EXTRACTED_FROM_WORDDOCUMENT_CELL_STREAM
RCEP,CN,2023_163 + 164_129-2022-NĐ-CP.doc,8511.50.99,851150,85115099,- - - Loại khác,18|16|14|12|10|8,10,COLUMN_5_AS_2026,,,6,EXTRACTED_FROM_WORDDOCUMENT_CELL_STREAM
RCEP,CN,2023_163 + 164_129-2022-NĐ-CP.doc,8512.20,851220,851220,- Thiết bị chiếu sáng hoặc tạo tín hiệu trực quan khác:,,,NO_RATE_COLUMN,,,0,EXTRACTED_FROM_WORDDOCUMENT_CELL_STREAM
RCEP,CN,2023_163 + 164_129-2022-NĐ-CP.doc,8512.20.20,851220,85122020,- - Thiết bị chiếu sáng hoặc tạo tín hiệu trực quan chưa lắp ráp,25|25|25|25|25|25,25,COLUMN_5_AS_2026,,- - Loại khác:,6,EXTRACTED_FROM_WORDDOCUMENT_CELL_STREAM
RCEP,CN,2023_163 + 164_129-2022-NĐ-CP.doc,8512.20.91,851220,85122091,- - - Dùng cho xe máy,25|25|25|25|25|25,25,COLUMN_5_AS_2026,,,6,EXTRACTED_FROM_WORDDOCUMENT_CELL_STREAM
RCEP,CN,2023_163 + 164_129-2022-NĐ-CP.doc,8512.20.99,851220,85122099,- - - Loại khác,25|25|25|25|25|25,25,COLUMN_5_AS_2026,,,6,EXTRACTED_FROM_WORDDOCUMENT_CELL_STREAM
RCEP,CN,2023_163 + 164_129-2022-NĐ-CP.doc,8512.30,851230,851230,- Thiết bị tín hiệu âm thanh:,,,NO_RATE_COLUMN,,,0,EXTRACTED_FROM_WORDDOCUMENT_CELL_STREAM
RCEP,CN,2023_163 + 164_129-2022-NĐ-CP.doc,8512.30.10,851230,85123010,"- - Còi, đã lắp ráp",*|*|*|*|*|*,*,COLUMN_5_AS_2026,,,6,EXTRACTED_FROM_WORDDOCUMENT_CELL_STREAM
RCEP,CN,2023_163 + 164_129-2022-NĐ-CP.doc,8512.30.20,851230,85123020,- - Thiết bị tín hiệu âm thanh chưa lắp ráp,*|*|*|*|*|*,*,COLUMN_5_AS_2026,,- - Loại khác:,6,EXTRACTED_FROM_WORDDOCUMENT_CELL_STREAM
RCEP,CN,2023_163 + 164_129-2022-NĐ-CP.doc,8512.30.91,851230,85123091,- - - Thiết bị dò chướng ngại vật (cảnh báo) cho xe,*|*|*|*|*|*,*,COLUMN_5_AS_2026,,,6,EXTRACTED_FROM_WORDDOCUMENT_CELL_STREAM
RCEP,CN,2023_163 + 164_129-2022-NĐ-CP.doc,8512.30.99,851230,85123099,- - - Loại khác,*|*|*|*|*|*,*,COLUMN_5_AS_2026,,,6,EXTRACTED_FROM_WORDDOCUMENT_CELL_STREAM
RCEP,CN,2023_163 + 164_129-2022-NĐ-CP.doc,8512.40.00,851240,85124000,"- Cái gạt nước, gạt và chống tạo sương và tuyết",*|*|*|*|*|*,*,COLUMN_5_AS_2026,,,6,EXTRACTED_FROM_WORDDOCUMENT_CELL_STREAM
RCEP,CN,2023_163 + 164_129-2022-NĐ-CP.doc,8518.29,851829,851829,- - Loại khác:,,,NO_RATE_COLUMN,,,0,EXTRACTED_FROM_WORDDOCUMENT_CELL_STREAM
RCEP,CN,2023_163 + 164_129-2022-NĐ-CP.doc,8518.29.20,851829,85182920,"- - - Loa, không có vỏ, có dải tần số 300 Hz đến 3.400 Hz, với đường kính không quá 50 mm, dùng trong viễn thông",0|0|0|0|0|0,0,COLUMN_5_AS_2026,,,6,EXTRACTED_FROM_WORDDOCUMENT_CELL_STREAM
RCEP,CN,2023_163 + 164_129-2022-NĐ-CP.doc,8518.29.90,851829,85182990,- - - Loại khác,12,12,SINGLE_RATE_COLUMN,,"14,3|13,5|12,8|11,3|10,5",1,EXTRACTED_FROM_WORDDOCUMENT_CELL_STREAM
RCEP,CN,2023_163 + 164_129-2022-NĐ-CP.doc,8527.21,852721,852721,- - Kết hợp với thiết bị ghi hoặc tái tạo âm thanh:,,,NO_RATE_COLUMN,,,0,EXTRACTED_FROM_WORDDOCUMENT_CELL_STREAM
RCEP,CN,2023_163 + 164_129-2022-NĐ-CP.doc,8527.21.10,852721,85272110,- - - Có khả năng nhận và giải mã tín hiệu hệ thống dữ liệu vô tuyến kỹ thuật số,25|25|25|25|25|25,25,COLUMN_5_AS_2026,,,6,EXTRACTED_FROM_WORDDOCUMENT_CELL_STREAM
RCEP,CN,2023_163 + 164_129-2022-NĐ-CP.doc,8527.21.90,852721,85272190,- - - Loại khác,25|25|25|25|25|25,25,COLUMN_5_AS_2026,,,6,EXTRACTED_FROM_WORDDOCUMENT_CELL_STREAM
RCEP,CN,2023_163 + 164_129-2022-NĐ-CP.doc,8531.20.00,853120,85312000,- Bảng chỉ báo có gắn màn hình tinh thể lỏng (LCD) hoặc đi-ốt phát quang (LED),0|0|0|0|0|0,0,COLUMN_5_AS_2026,,,6,EXTRACTED_FROM_WORDDOCUMENT_CELL_STREAM
RCEP,CN,2023_163 + 164_129-2022-NĐ-CP.doc,8537.10,853710,853710,- Dùng cho điện áp không quá 1.000 V:,,,NO_RATE_COLUMN,,- - Bảng chuyển mạch và bảng điều khiển:,0,EXTRACTED_FROM_WORDDOCUMENT_CELL_STREAM
RCEP,CN,2023_163 + 164_129-2022-NĐ-CP.doc,8537.10.11,853710,85371011,- - - Bảng điều khiển của loại thích hợp sử dụng cho hệ thống điều khiển phân tán,0|0|0|0|0|0,0,COLUMN_5_AS_2026,,,6,EXTRACTED_FROM_WORDDOCUMENT_CELL_STREAM
RCEP,CN,2023_163 + 164_129-2022-NĐ-CP.doc,8537.10.12,853710,85371012,- - - Bảng điều khiển có trang bị bộ xử lý lập trình,0|0|0|0|0|0,0,COLUMN_5_AS_2026,,,6,EXTRACTED_FROM_WORDDOCUMENT_CELL_STREAM
RCEP,CN,2023_163 + 164_129-2022-NĐ-CP.doc,8537.10.13,853710,85371013,"- - - Bảng điều khiển khác của loại thích hợp dùng cho hàng hóa của nhóm 84.15, 84.18, 84.50, 85.08, 85.09 hoặc 85.16",0|0|0|0|0|0,0,COLUMN_5_AS_2026,,,6,EXTRACTED_FROM_WORDDOCUMENT_CELL_STREAM
RCEP,CN,2023_163 + 164_129-2022-NĐ-CP.doc,8537.10.19,853710,85371019,- - - Loại khác,0|0|0|0|0|0,0,COLUMN_5_AS_2026,,,6,EXTRACTED_FROM_WORDDOCUMENT_CELL_STREAM
RCEP,CN,2023_163 + 164_129-2022-NĐ-CP.doc,8537.10.20,853710,85371020,"- - Bảng phân phối (gồm cả panel đỡ và tấm đỡ phẳng) chỉ dùng hoặc chủ yếu dùng với các hàng hóa thuộc nhóm 84.71, 85.17 hoặc 85.25",0|0|0|0|0|0,0,COLUMN_5_AS_2026,,,6,EXTRACTED_FROM_WORDDOCUMENT_CELL_STREAM
RCEP,CN,2023_163 + 164_129-2022-NĐ-CP.doc,8537.10.30,853710,85371030,"- - Bộ điều khiển logic có khả năng lập trình cho máy tự động để dịch chuyển, xử lý và kẹp giữ khuôn cho thiết bị bán dẫn",0|0|0|0|0|0,0,COLUMN_5_AS_2026,,,6,EXTRACTED_FROM_WORDDOCUMENT_CELL_STREAM
RCEP,CN,2023_163 + 164_129-2022-NĐ-CP.doc,8537.10.40,853710,85371040,- - Bộ điều khiển động cơ có điện áp đầu ra từ 24V đến 120VDC và có cường độ dòng điện từ 300A đến 500A,12|9|6,6,LAST_AVAILABLE_COLUMN_FALLBACK,,"13,5|10,5|7,5|- - Loại khác:",3,EXTRACTED_FROM_WORDDOCUMENT_CELL_STREAM
RCEP,CN,2023_163 + 164_129-2022-NĐ-CP.doc,8537.10.91,853710,85371091,- - - Loại sử dụng trong các thiết bị sóng vô tuyến hoặc quạt điện,12|9|6,6,LAST_AVAILABLE_COLUMN_FALLBACK,,"13,5|10,5|7,5",3,EXTRACTED_FROM_WORDDOCUMENT_CELL_STREAM
RCEP,CN,2023_163 + 164_129-2022-NĐ-CP.doc,8537.10.92,853710,85371092,- - - Loại phù hợp sử dụng cho hệ thống điều khiển phân tán,0|0|0|0|0|0,0,COLUMN_5_AS_2026,,,6,EXTRACTED_FROM_WORDDOCUMENT_CELL_STREAM
RCEP,CN,2023_163 + 164_129-2022-NĐ-CP.doc,8537.10.99,853710,85371099,- - - Loại khác,12|9|6,6,LAST_AVAILABLE_COLUMN_FALLBACK,,"13,5|10,5|7,5",3,EXTRACTED_FROM_WORDDOCUMENT_CELL_STREAM
RCEP,CN,2023_163 + 164_129-2022-NĐ-CP.doc,8544.30,854430,854430,"- Bộ dây đánh lửa và bộ dây khác loại sử dụng cho xe, phương tiện bay hoặc tàu thuyền:",,,NO_RATE_COLUMN,,- - Bộ dây điện cho xe có động cơ:|- - - Cách điện bằng cao su hoặc plastic:,0,EXTRACTED_FROM_WORDDOCUMENT_CELL_STREAM
RCEP,CN,2023_163 + 164_129-2022-NĐ-CP.doc,8544.30.12,854430,85443012,"- - - - Loại dùng cho xe thuộc nhóm 87.02, 87.03, 87.04 hoặc 87.11",*|*|*|*|*|*,*,COLUMN_5_AS_2026,,,6,EXTRACTED_FROM_WORDDOCUMENT_CELL_STREAM
RCEP,CN,2023_163 + 164_129-2022-NĐ-CP.doc,8544.30.13,854430,85443013,- - - - Loại khác,*|*|*|*|*|*,*,COLUMN_5_AS_2026,,- - - Loại khác:,6,EXTRACTED_FROM_WORDDOCUMENT_CELL_STREAM
RCEP,CN,2023_163 + 164_129-2022-NĐ-CP.doc,8544.30.14,854430,85443014,"- - - - Loại dùng cho xe thuộc nhóm 87.02, 87.03, 87.04 hoặc 87.11",*|*|*|*|*|*,*,COLUMN_5_AS_2026,,,6,EXTRACTED_FROM_WORDDOCUMENT_CELL_STREAM
RCEP,CN,2023_163 + 164_129-2022-NĐ-CP.doc,8544.30.19,854430,85443019,- - - - Loại khác,*|*|*|*|*|*,*,COLUMN_5_AS_2026,,- - Loại khác:,6,EXTRACTED_FROM_WORDDOCUMENT_CELL_STREAM
RCEP,CN,2023_163 + 164_129-2022-NĐ-CP.doc,8544.30.91,854430,85443091,- - - Cách điện bằng cao su hoặc plastic,0|0|0|0|0|0,0,COLUMN_5_AS_2026,,,6,EXTRACTED_FROM_WORDDOCUMENT_CELL_STREAM
RCEP,CN,2023_163 + 164_129-2022-NĐ-CP.doc,8544.30.99,854430,85443099,- - - Loại khác,0|0|0|0|0|0,0,COLUMN_5_AS_2026,,"- Các vật dẫn điện khác, dùng cho điện áp không quá 1.000 V:",6,EXTRACTED_FROM_WORDDOCUMENT_CELL_STREAM
RCEP,JP,2023_179 + 180_129-2022-NĐ-CP.doc,8501.31,850131,850131,- - Công suất không quá 750 W:,,,NO_RATE_COLUMN,,,0,EXTRACTED_FROM_WORDDOCUMENT_CELL_STREAM
RCEP,JP,2023_179 + 180_129-2022-NĐ-CP.doc,8501.31.30,850131,85013130,"- - - Động cơ loại dùng cho hàng hóa thuộc nhóm 84.15, 84.18, 84.50, 85.09 hoặc 85.16",3|3|3|3|3|3,3,COLUMN_5_AS_2026,,,6,EXTRACTED_FROM_WORDDOCUMENT_CELL_STREAM
RCEP,JP,2023_179 + 180_129-2022-NĐ-CP.doc,8501.31.60,850131,85013160,- - - Động cơ dùng cho xe của Chương 87,20|20|20|20|20|20,20,COLUMN_5_AS_2026,,,6,EXTRACTED_FROM_WORDDOCUMENT_CELL_STREAM
RCEP,JP,2023_179 + 180_129-2022-NĐ-CP.doc,8501.31.70,850131,85013170,- - - Động cơ khác,20|20|20|20|20|20,20,COLUMN_5_AS_2026,,,6,EXTRACTED_FROM_WORDDOCUMENT_CELL_STREAM
RCEP,JP,2023_179 + 180_129-2022-NĐ-CP.doc,8501.31.80,850131,85013180,- - - Máy phát điện,20|20|20|20|20|20,20,COLUMN_5_AS_2026,,,6,EXTRACTED_FROM_WORDDOCUMENT_CELL_STREAM
RCEP,JP,2023_179 + 180_129-2022-NĐ-CP.doc,8501.52,850152,850152,- - Công suất trên 750 W nhưng không quá 75 kW:,,,NO_RATE_COLUMN,,- - - Công suất không quá 1 kW:,0,EXTRACTED_FROM_WORDDOCUMENT_CELL_STREAM
RCEP,JP,2023_179 + 180_129-2022-NĐ-CP.doc,8501.52.11,850152,85015211,"- - - - Loại dùng cho hàng hóa thuộc nhóm 84.15, 84.18, 84.50, 85.09 hoặc 85.16",0|0|0|0|0|0,0,COLUMN_5_AS_2026,,,6,EXTRACTED_FROM_WORDDOCUMENT_CELL_STREAM
RCEP,JP,2023_179 + 180_129-2022-NĐ-CP.doc,8501.52.12,850152,85015212,- - - - Loại dùng cho xe của Chương 87,0|0|0|0|0|0,0,COLUMN_5_AS_2026,,,6,EXTRACTED_FROM_WORDDOCUMENT_CELL_STREAM
RCEP,JP,2023_179 + 180_129-2022-NĐ-CP.doc,8501.52.19,850152,85015219,- - - - Loại khác,0|0|0|0|0|0,0,COLUMN_5_AS_2026,,"- - - Công suất trên 1 kW nhưng không quá 37,5 kW:",6,EXTRACTED_FROM_WORDDOCUMENT_CELL_STREAM
RCEP,JP,2023_179 + 180_129-2022-NĐ-CP.doc,8501.52.21,850152,85015221,"- - - - Loại dùng cho hàng hóa thuộc nhóm 84.15, 84.18, 84.50, 85.09 hoặc 85.16",0|0|0|0|0|0,0,COLUMN_5_AS_2026,,,6,EXTRACTED_FROM_WORDDOCUMENT_CELL_STREAM
RCEP,JP,2023_179 + 180_129-2022-NĐ-CP.doc,8501.52.22,850152,85015222,- - - - Loại dùng cho xe của Chương 87,0|0|0|0|0|0,0,COLUMN_5_AS_2026,,,6,EXTRACTED_FROM_WORDDOCUMENT_CELL_STREAM
RCEP,JP,2023_179 + 180_129-2022-NĐ-CP.doc,8501.52.29,850152,85015229,- - - - Loại khác,0|0|0|0|0|0,0,COLUMN_5_AS_2026,,"- - - Công suất trên 37,5 kW nhưng không quá 75 kW:",6,EXTRACTED_FROM_WORDDOCUMENT_CELL_STREAM
RCEP,JP,2023_179 + 180_129-2022-NĐ-CP.doc,8501.52.31,850152,85015231,"- - - - Loại dùng cho hàng hóa thuộc nhóm 84.15, 84.18 hoặc 84.50",0|0|0|0|0|0,0,COLUMN_5_AS_2026,,,6,EXTRACTED_FROM_WORDDOCUMENT_CELL_STREAM
RCEP,JP,2023_179 + 180_129-2022-NĐ-CP.doc,8501.52.32,850152,85015232,- - - - Loại dùng cho xe của Chương 87,0|0|0|0|0|0,0,COLUMN_5_AS_2026,,,6,EXTRACTED_FROM_WORDDOCUMENT_CELL_STREAM
RCEP,JP,2023_179 + 180_129-2022-NĐ-CP.doc,8501.52.39,850152,85015239,- - - - Loại khác,0|0|0|0|0|0,0,COLUMN_5_AS_2026,,,6,EXTRACTED_FROM_WORDDOCUMENT_CELL_STREAM
RCEP,JP,2023_179 + 180_129-2022-NĐ-CP.doc,8501.53,850153,850153,- - Công suất trên 75 kW:,,,NO_RATE_COLUMN,,,0,EXTRACTED_FROM_WORDDOCUMENT_CELL_STREAM
RCEP,JP,2023_179 + 180_129-2022-NĐ-CP.doc,8501.53.10,850153,85015310,- - - Loại dùng cho xe của Chương 87,0|0|0|0|0|0,0,COLUMN_5_AS_2026,,,6,EXTRACTED_FROM_WORDDOCUMENT_CELL_STREAM
RCEP,JP,2023_179 + 180_129-2022-NĐ-CP.doc,8501.53.90,850153,85015390,- - - Loại khác,0|0|0|0|0|0,0,COLUMN_5_AS_2026,,"- Máy phát điện xoay chiều (máy dao điện), trừ máy phát quang điện:",6,EXTRACTED_FROM_WORDDOCUMENT_CELL_STREAM
RCEP,JP,2023_179 + 180_129-2022-NĐ-CP.doc,8504.40,850440,850440,- Máy biến đổi tĩnh điện:,,,NO_RATE_COLUMN,,"- - Dùng cho các máy xử lý dữ liệu tự động và các khối chức năng của chúng, và thiết bị viễn thông:",0,EXTRACTED_FROM_WORDDOCUMENT_CELL_STREAM
RCEP,JP,2023_179 + 180_129-2022-NĐ-CP.doc,8504.40.11,850440,85044011,- - - Bộ nguồn cấp điện liên tục (UPS),0|0|0|0|0|0,0,COLUMN_5_AS_2026,,,6,EXTRACTED_FROM_WORDDOCUMENT_CELL_STREAM
RCEP,JP,2023_179 + 180_129-2022-NĐ-CP.doc,8504.40.19,850440,85044019,- - - Loại khác,0|0|0|0|0|0,0,COLUMN_5_AS_2026,,,6,EXTRACTED_FROM_WORDDOCUMENT_CELL_STREAM
RCEP,JP,2023_179 + 180_129-2022-NĐ-CP.doc,8504.40.20,850440,85044020,"- - Máy nạp ắc quy, pin có công suất danh định trên 100 kVA",0|0|0|0|0|0,0,COLUMN_5_AS_2026,,,6,EXTRACTED_FROM_WORDDOCUMENT_CELL_STREAM
RCEP,JP,2023_179 + 180_129-2022-NĐ-CP.doc,8504.40.30,850440,85044030,- - Bộ chỉnh lưu khác,0|0|0|0|0|0,0,COLUMN_5_AS_2026,,,6,EXTRACTED_FROM_WORDDOCUMENT_CELL_STREAM
RCEP,JP,2023_179 + 180_129-2022-NĐ-CP.doc,8504.40.40,850440,85044040,- - Bộ nghịch lưu,0|0|0|0|0|0,0,COLUMN_5_AS_2026,,,6,EXTRACTED_FROM_WORDDOCUMENT_CELL_STREAM
RCEP,JP,2023_179 + 180_129-2022-NĐ-CP.doc,8504.40.90,850440,85044090,- - Loại khác,0|0|0|0|0|0,0,COLUMN_5_AS_2026,,,6,EXTRACTED_FROM_WORDDOCUMENT_CELL_STREAM
RCEP,JP,2023_179 + 180_129-2022-NĐ-CP.doc,8507.60,850760,850760,- Bằng ion liti:,,,NO_RATE_COLUMN,,- - Bộ pin (battery pack):,0,EXTRACTED_FROM_WORDDOCUMENT_CELL_STREAM
RCEP,JP,2023_179 + 180_129-2022-NĐ-CP.doc,8507.60.31,850760,85076031,- - - Loại dùng cho máy tính xách tay kể cả loại notebook và subnotebook,0|0|0|0|0|0,0,COLUMN_5_AS_2026,,,6,EXTRACTED_FROM_WORDDOCUMENT_CELL_STREAM
RCEP,JP,2023_179 + 180_129-2022-NĐ-CP.doc,8507.60.32,850760,85076032,- - - Dùng cho máy bay,0|0|0|0|0|0,0,COLUMN_5_AS_2026,,,6,EXTRACTED_FROM_WORDDOCUMENT_CELL_STREAM
RCEP,JP,2023_179 + 180_129-2022-NĐ-CP.doc,8507.60.33,850760,85076033,- - - Dùng cho xe thuộc Chương 87,0|0|0|0|0|0,0,COLUMN_5_AS_2026,,,6,EXTRACTED_FROM_WORDDOCUMENT_CELL_STREAM
RCEP,JP,2023_179 + 180_129-2022-NĐ-CP.doc,8507.60.39,850760,85076039,- - - Loại khác,0|0|0|0|0|0,0,COLUMN_5_AS_2026,,,6,EXTRACTED_FROM_WORDDOCUMENT_CELL_STREAM
RCEP,JP,2023_179 + 180_129-2022-NĐ-CP.doc,8507.60.90,850760,85076090,- - Loại khác,0|0|0|0|0|0,0,COLUMN_5_AS_2026,,,6,EXTRACTED_FROM_WORDDOCUMENT_CELL_STREAM
RCEP,JP,2023_179 + 180_129-2022-NĐ-CP.doc,8511.10,851110,851110,- Bugi đánh lửa:,,,NO_RATE_COLUMN,,,0,EXTRACTED_FROM_WORDDOCUMENT_CELL_STREAM
RCEP,JP,2023_179 + 180_129-2022-NĐ-CP.doc,8511.10.10,851110,85111010,- - Loại dùng cho động cơ của phương tiện bay,0|0|0|0|0|0,0,COLUMN_5_AS_2026,,,6,EXTRACTED_FROM_WORDDOCUMENT_CELL_STREAM
RCEP,JP,2023_179 + 180_129-2022-NĐ-CP.doc,8511.10.20,851110,85111020,- - Sử dụng cho động cơ ô tô,,,NO_RATE_COLUMN,,"9,1|8,2|7,3|6,4|5,5",0,EXTRACTED_FROM_WORDDOCUMENT_CELL_STREAM
RCEP,JP,2023_179 + 180_129-2022-NĐ-CP.doc,8511.10.90,851110,85111090,- - Loại khác,,,NO_RATE_COLUMN,,"18,2|16,4|14,5|12,7|10,9",0,EXTRACTED_FROM_WORDDOCUMENT_CELL_STREAM
RCEP,JP,2023_179 + 180_129-2022-NĐ-CP.doc,8511.30,851130,851130,- Bộ phân phối điện; cuộn dây đánh lửa:,,,NO_RATE_COLUMN,,,0,EXTRACTED_FROM_WORDDOCUMENT_CELL_STREAM
RCEP,JP,2023_179 + 180_129-2022-NĐ-CP.doc,8511.30.30,851130,85113030,- - Loại dùng cho động cơ của phương tiện bay,0|0|0|0|0|0,0,COLUMN_5_AS_2026,,- - Sử dụng cho động cơ ô tô:,6,EXTRACTED_FROM_WORDDOCUMENT_CELL_STREAM
RCEP,JP,2023_179 + 180_129-2022-NĐ-CP.doc,8511.30.41,851130,85113041,- - - Loại chưa được lắp ráp,,,NO_RATE_COLUMN,,"9,1|8,2|7,3|6,4|5,5",0,EXTRACTED_FROM_WORDDOCUMENT_CELL_STREAM
RCEP,JP,2023_179 + 180_129-2022-NĐ-CP.doc,8511.30.49,851130,85113049,- - - Loại khác,,,NO_RATE_COLUMN,,"9,1|8,2|7,3|6,4|5,5",0,EXTRACTED_FROM_WORDDOCUMENT_CELL_STREAM
RCEP,JP,2023_179 + 180_129-2022-NĐ-CP.doc,8511.30.91,851130,85113091,- - - Loại chưa được lắp ráp,,,NO_RATE_COLUMN,,"18,2|16,4|14,5|12,7|10,9",0,EXTRACTED_FROM_WORDDOCUMENT_CELL_STREAM
RCEP,JP,2023_179 + 180_129-2022-NĐ-CP.doc,8511.30.99,851130,85113099,- - - Loại khác,,,NO_RATE_COLUMN,,"18,2|16,4|14,5|12,7|10,9",0,EXTRACTED_FROM_WORDDOCUMENT_CELL_STREAM
RCEP,JP,2023_179 + 180_129-2022-NĐ-CP.doc,8511.40,851140,851140,- Động cơ khởi động và máy tổ hợp hai tính năng khởi động và phát điện:,,,NO_RATE_COLUMN,,,0,EXTRACTED_FROM_WORDDOCUMENT_CELL_STREAM
RCEP,JP,2023_179 + 180_129-2022-NĐ-CP.doc,8511.40.10,851140,85114010,- - Loại dùng cho động cơ của phương tiện bay,0|0|0|0|0|0,0,COLUMN_5_AS_2026,,- - Động cơ khởi động khác chưa lắp ráp:,6,EXTRACTED_FROM_WORDDOCUMENT_CELL_STREAM
RCEP,JP,2023_179 + 180_129-2022-NĐ-CP.doc,8511.40.21,851140,85114021,"- - - Sử dụng cho động cơ của xe thuộc nhóm 87.02, 87.03, 87.04 hoặc 87.05",,,NO_RATE_COLUMN,,"9,1|8,2|7,3|6,4|5,5",0,EXTRACTED_FROM_WORDDOCUMENT_CELL_STREAM
RCEP,JP,2023_179 + 180_129-2022-NĐ-CP.doc,8511.40.29,851140,85114029,- - - Loại khác,,,NO_RATE_COLUMN,,"18,2|16,4|14,5|12,7|10,9",0,EXTRACTED_FROM_WORDDOCUMENT_CELL_STREAM
RCEP,JP,2023_179 + 180_129-2022-NĐ-CP.doc,8511.40.31,851140,85114031,- - - Sử dụng cho động cơ của xe thuộc nhóm 87.01,,,NO_RATE_COLUMN,,"18,2|16,4|14,5|12,7|10,9",0,EXTRACTED_FROM_WORDDOCUMENT_CELL_STREAM
RCEP,JP,2023_179 + 180_129-2022-NĐ-CP.doc,8511.40.32,851140,85114032,"- - - Sử dụng cho động cơ của xe thuộc nhóm 87.02, 87.03 hoặc 87.04",,,NO_RATE_COLUMN,,"9,1|8,2|7,3|6,4|5,5",0,EXTRACTED_FROM_WORDDOCUMENT_CELL_STREAM
RCEP,JP,2023_179 + 180_129-2022-NĐ-CP.doc,8511.40.33,851140,85114033,- - - Sử dụng cho động cơ của xe thuộc nhóm 87.05,,,NO_RATE_COLUMN,,"9,1|8,2|7,3|6,4|5,5",0,EXTRACTED_FROM_WORDDOCUMENT_CELL_STREAM
RCEP,JP,2023_179 + 180_129-2022-NĐ-CP.doc,8511.40.91,851140,85114091,"- - - Sử dụng cho động cơ của xe thuộc nhóm 87.02, 87.03, 87.04 hoặc 87.05",,,NO_RATE_COLUMN,,"9,1|8,2|7,3|6,4|5,5",0,EXTRACTED_FROM_WORDDOCUMENT_CELL_STREAM
RCEP,JP,2023_179 + 180_129-2022-NĐ-CP.doc,8511.40.99,851140,85114099,- - - Loại khác,,,NO_RATE_COLUMN,,"18,2|16,4|14,5|12,7|10,9",0,EXTRACTED_FROM_WORDDOCUMENT_CELL_STREAM
RCEP,JP,2023_179 + 180_129-2022-NĐ-CP.doc,8511.50,851150,851150,- Máy phát điện khác:,,,NO_RATE_COLUMN,,,0,EXTRACTED_FROM_WORDDOCUMENT_CELL_STREAM
RCEP,JP,2023_179 + 180_129-2022-NĐ-CP.doc,8511.50.10,851150,85115010,- - Loại dùng cho động cơ của phương tiện bay,0|0|0|0|0|0,0,COLUMN_5_AS_2026,,- - Máy phát điện xoay chiều khác chưa lắp ráp:,6,EXTRACTED_FROM_WORDDOCUMENT_CELL_STREAM
RCEP,JP,2023_179 + 180_129-2022-NĐ-CP.doc,8511.50.21,851150,85115021,"- - - Sử dụng cho động cơ của xe thuộc nhóm 87.02, 87.03, 87.04 hoặc 87.05",,,NO_RATE_COLUMN,,"9,1|8,2|7,3|6,4|5,5",0,EXTRACTED_FROM_WORDDOCUMENT_CELL_STREAM
RCEP,JP,2023_179 + 180_129-2022-NĐ-CP.doc,8511.50.29,851150,85115029,- - - Loại khác,,,NO_RATE_COLUMN,,"18,2|16,4|14,5|12,7|10,9",0,EXTRACTED_FROM_WORDDOCUMENT_CELL_STREAM
RCEP,JP,2023_179 + 180_129-2022-NĐ-CP.doc,8511.50.31,851150,85115031,- - - Sử dụng cho động cơ của xe thuộc nhóm 87.01,,,NO_RATE_COLUMN,,"18,2|16,4|14,5|12,7|10,9",0,EXTRACTED_FROM_WORDDOCUMENT_CELL_STREAM
RCEP,JP,2023_179 + 180_129-2022-NĐ-CP.doc,8511.50.32,851150,85115032,"- - - Sử dụng cho động cơ của xe thuộc nhóm 87.02, 87.03 hoặc 87.04",,,NO_RATE_COLUMN,,"9,1|8,2|7,3|6,4|5,5",0,EXTRACTED_FROM_WORDDOCUMENT_CELL_STREAM
RCEP,JP,2023_179 + 180_129-2022-NĐ-CP.doc,8511.50.33,851150,85115033,- - - Sử dụng cho động cơ của xe thuộc nhóm 87.05,,,NO_RATE_COLUMN,,"9,1|8,2|7,3|6,4|5,5",0,EXTRACTED_FROM_WORDDOCUMENT_CELL_STREAM
RCEP,JP,2023_179 + 180_129-2022-NĐ-CP.doc,8511.50.91,851150,85115091,"- - - Sử dụng cho động cơ của xe thuộc nhóm 87.02, 87.03, 87.04 hoặc 87.05",,,NO_RATE_COLUMN,,"9,1|8,2|7,3|6,4|5,5",0,EXTRACTED_FROM_WORDDOCUMENT_CELL_STREAM
RCEP,JP,2023_179 + 180_129-2022-NĐ-CP.doc,8511.50.99,851150,85115099,- - - Loại khác,,,NO_RATE_COLUMN,,"18,2|16,4|14,5|12,7|10,9",0,EXTRACTED_FROM_WORDDOCUMENT_CELL_STREAM
RCEP,JP,2023_179 + 180_129-2022-NĐ-CP.doc,8512.20,851220,851220,- Thiết bị chiếu sáng hoặc tạo tín hiệu trực quan khác:,,,NO_RATE_COLUMN,,,0,EXTRACTED_FROM_WORDDOCUMENT_CELL_STREAM
RCEP,JP,2023_179 + 180_129-2022-NĐ-CP.doc,8512.20.20,851220,85122020,- - Thiết bị chiếu sáng hoặc tạo tín hiệu trực quan chưa lắp ráp,25|25|25|25|25|25,25,COLUMN_5_AS_2026,,- - Loại khác:,6,EXTRACTED_FROM_WORDDOCUMENT_CELL_STREAM
RCEP,JP,2023_179 + 180_129-2022-NĐ-CP.doc,8512.20.91,851220,85122091,- - - Dùng cho xe máy,25|25|25|25|25|25,25,COLUMN_5_AS_2026,,,6,EXTRACTED_FROM_WORDDOCUMENT_CELL_STREAM
RCEP,JP,2023_179 + 180_129-2022-NĐ-CP.doc,8512.20.99,851220,85122099,- - - Loại khác,25|25|25|25|25|25,25,COLUMN_5_AS_2026,,,6,EXTRACTED_FROM_WORDDOCUMENT_CELL_STREAM
RCEP,JP,2023_179 + 180_129-2022-NĐ-CP.doc,8512.30,851230,851230,- Thiết bị tín hiệu âm thanh:,,,NO_RATE_COLUMN,,,0,EXTRACTED_FROM_WORDDOCUMENT_CELL_STREAM
RCEP,JP,2023_179 + 180_129-2022-NĐ-CP.doc,8512.30.10,851230,85123010,"- - Còi, đã lắp ráp",25|25|25|25|25|25,25,COLUMN_5_AS_2026,,,6,EXTRACTED_FROM_WORDDOCUMENT_CELL_STREAM
RCEP,JP,2023_179 + 180_129-2022-NĐ-CP.doc,8512.30.20,851230,85123020,- - Thiết bị tín hiệu âm thanh chưa lắp ráp,25|25|25|25|25|25,25,COLUMN_5_AS_2026,,- - Loại khác:,6,EXTRACTED_FROM_WORDDOCUMENT_CELL_STREAM
RCEP,JP,2023_179 + 180_129-2022-NĐ-CP.doc,8512.30.91,851230,85123091,- - - Thiết bị dò chướng ngại vật (cảnh báo) cho xe,20|20|20|20|20|20,20,COLUMN_5_AS_2026,,,6,EXTRACTED_FROM_WORDDOCUMENT_CELL_STREAM
RCEP,JP,2023_179 + 180_129-2022-NĐ-CP.doc,8512.30.99,851230,85123099,- - - Loại khác,20|20|20|20|20|20,20,COLUMN_5_AS_2026,,,6,EXTRACTED_FROM_WORDDOCUMENT_CELL_STREAM
RCEP,JP,2023_179 + 180_129-2022-NĐ-CP.doc,8512.40.00,851240,85124000,"- Cái gạt nước, gạt và chống tạo sương và tuyết",25|25|25|25|25|25,25,COLUMN_5_AS_2026,,,6,EXTRACTED_FROM_WORDDOCUMENT_CELL_STREAM
RCEP,JP,2023_179 + 180_129-2022-NĐ-CP.doc,8518.29,851829,851829,- - Loại khác:,,,NO_RATE_COLUMN,,,0,EXTRACTED_FROM_WORDDOCUMENT_CELL_STREAM
RCEP,JP,2023_179 + 180_129-2022-NĐ-CP.doc,8518.29.20,851829,85182920,"- - - Loa, không có vỏ, có dải tần số 300 Hz đến 3.400 Hz, với đường kính không quá 50 mm, dùng trong viễn thông",0|0|0|0|0|0,0,COLUMN_5_AS_2026,,,6,EXTRACTED_FROM_WORDDOCUMENT_CELL_STREAM
RCEP,JP,2023_179 + 180_129-2022-NĐ-CP.doc,8518.29.90,851829,85182990,- - - Loại khác,,,NO_RATE_COLUMN,,"14,1|13,1|12,2|11,3|10,3",0,EXTRACTED_FROM_WORDDOCUMENT_CELL_STREAM
RCEP,JP,2023_179 + 180_129-2022-NĐ-CP.doc,8527.21,852721,852721,- - Kết hợp với thiết bị ghi hoặc tái tạo âm thanh:,,,NO_RATE_COLUMN,,,0,EXTRACTED_FROM_WORDDOCUMENT_CELL_STREAM
RCEP,JP,2023_179 + 180_129-2022-NĐ-CP.doc,8527.21.10,852721,85272110,- - - Có khả năng nhận và giải mã tín hiệu hệ thống dữ liệu vô tuyến kỹ thuật số,25|25|25|25|25|25,25,COLUMN_5_AS_2026,,,6,EXTRACTED_FROM_WORDDOCUMENT_CELL_STREAM
RCEP,JP,2023_179 + 180_129-2022-NĐ-CP.doc,8527.21.90,852721,85272190,- - - Loại khác,25|25|25|25|25|25,25,COLUMN_5_AS_2026,,,6,EXTRACTED_FROM_WORDDOCUMENT_CELL_STREAM
RCEP,JP,2023_179 + 180_129-2022-NĐ-CP.doc,8531.20.00,853120,85312000,- Bảng chỉ báo có gắn màn hình tinh thể lỏng (LCD) hoặc đi-ốt phát quang (LED),0|0|0|0|0|0,0,COLUMN_5_AS_2026,,,6,EXTRACTED_FROM_WORDDOCUMENT_CELL_STREAM
RCEP,JP,2023_179 + 180_129-2022-NĐ-CP.doc,8537.10,853710,853710,- Dùng cho điện áp không quá 1.000 V:,,,NO_RATE_COLUMN,,- - Bảng chuyển mạch và bảng điều khiển:,0,EXTRACTED_FROM_WORDDOCUMENT_CELL_STREAM
RCEP,JP,2023_179 + 180_129-2022-NĐ-CP.doc,8537.10.11,853710,85371011,- - - Bảng điều khiển của loại thích hợp sử dụng cho hệ thống điều khiển phân tán,0|0|0|0|0|0,0,COLUMN_5_AS_2026,,,6,EXTRACTED_FROM_WORDDOCUMENT_CELL_STREAM
RCEP,JP,2023_179 + 180_129-2022-NĐ-CP.doc,8537.10.12,853710,85371012,- - - Bảng điều khiển có trang bị bộ xử lý lập trình,0|0|0|0|0|0,0,COLUMN_5_AS_2026,,,6,EXTRACTED_FROM_WORDDOCUMENT_CELL_STREAM
RCEP,JP,2023_179 + 180_129-2022-NĐ-CP.doc,8537.10.13,853710,85371013,"- - - Bảng điều khiển khác của loại thích hợp dùng cho hàng hóa của nhóm 84.15, 84.18, 84.50, 85.08, 85.09 hoặc 85.16",0|0|0|0|0|0,0,COLUMN_5_AS_2026,,,6,EXTRACTED_FROM_WORDDOCUMENT_CELL_STREAM
RCEP,JP,2023_179 + 180_129-2022-NĐ-CP.doc,8537.10.19,853710,85371019,- - - Loại khác,0|0|0|0|0|0,0,COLUMN_5_AS_2026,,,6,EXTRACTED_FROM_WORDDOCUMENT_CELL_STREAM
RCEP,JP,2023_179 + 180_129-2022-NĐ-CP.doc,8537.10.20,853710,85371020,"- - Bảng phân phối (gồm cả panel đỡ và tấm đỡ phẳng) chỉ dùng hoặc chủ yếu dùng với các hàng hóa thuộc nhóm 84.71, 85.17 hoặc 85.25",0|0|0|0|0|0,0,COLUMN_5_AS_2026,,,6,EXTRACTED_FROM_WORDDOCUMENT_CELL_STREAM
RCEP,JP,2023_179 + 180_129-2022-NĐ-CP.doc,8537.10.30,853710,85371030,"- - Bộ điều khiển logic có khả năng lập trình cho máy tự động để dịch chuyển, xử lý và kẹp giữ khuôn cho thiết bị bán dẫn",0|0|0|0|0|0,0,COLUMN_5_AS_2026,,,6,EXTRACTED_FROM_WORDDOCUMENT_CELL_STREAM
RCEP,JP,2023_179 + 180_129-2022-NĐ-CP.doc,8537.10.40,853710,85371040,- - Bộ điều khiển động cơ có điện áp đầu ra từ 24V đến 120VDC và có cường độ dòng điện từ 300A đến 500A,,,NO_RATE_COLUMN,,"13,6|12,3|10,9|9,5|8,2",0,EXTRACTED_FROM_WORDDOCUMENT_CELL_STREAM
RCEP,JP,2023_179 + 180_129-2022-NĐ-CP.doc,8537.10.91,853710,85371091,- - - Loại sử dụng trong các thiết bị sóng vô tuyến hoặc quạt điện,,,NO_RATE_COLUMN,,"13,6|12,3|10,9|9,5|8,2",0,EXTRACTED_FROM_WORDDOCUMENT_CELL_STREAM
RCEP,JP,2023_179 + 180_129-2022-NĐ-CP.doc,8537.10.92,853710,85371092,- - - Loại phù hợp sử dụng cho hệ thống điều khiển phân tán,0|0|0|0|0|0,0,COLUMN_5_AS_2026,,,6,EXTRACTED_FROM_WORDDOCUMENT_CELL_STREAM
RCEP,JP,2023_179 + 180_129-2022-NĐ-CP.doc,8537.10.99,853710,85371099,- - - Loại khác,,,NO_RATE_COLUMN,,"13,6|12,3|10,9|9,5|8,2",0,EXTRACTED_FROM_WORDDOCUMENT_CELL_STREAM
RCEP,JP,2023_179 + 180_129-2022-NĐ-CP.doc,8544.30,854430,854430,"- Bộ dây đánh lửa và bộ dây khác loại sử dụng cho xe, phương tiện bay hoặc tàu thuyền:",,,NO_RATE_COLUMN,,- - Bộ dây điện cho xe có động cơ:|- - - Cách điện bằng cao su hoặc plastic:,0,EXTRACTED_FROM_WORDDOCUMENT_CELL_STREAM
RCEP,JP,2023_179 + 180_129-2022-NĐ-CP.doc,8544.30.12,854430,85443012,"- - - - Loại dùng cho xe thuộc nhóm 87.02, 87.03, 87.04 hoặc 87.11",20|20|20|20|20|20,20,COLUMN_5_AS_2026,,,6,EXTRACTED_FROM_WORDDOCUMENT_CELL_STREAM
RCEP,JP,2023_179 + 180_129-2022-NĐ-CP.doc,8544.30.13,854430,85443013,- - - - Loại khác,20|20|20|20|20|20,20,COLUMN_5_AS_2026,,- - - Loại khác:,6,EXTRACTED_FROM_WORDDOCUMENT_CELL_STREAM
RCEP,JP,2023_179 + 180_129-2022-NĐ-CP.doc,8544.30.14,854430,85443014,"- - - - Loại dùng cho xe thuộc nhóm 87.02, 87.03, 87.04 hoặc 87.11",20|20|20|20|20|20,20,COLUMN_5_AS_2026,,,6,EXTRACTED_FROM_WORDDOCUMENT_CELL_STREAM
RCEP,JP,2023_179 + 180_129-2022-NĐ-CP.doc,8544.30.19,854430,85443019,- - - - Loại khác,20|20|20|20|20|20,20,COLUMN_5_AS_2026,,- - Loại khác:,6,EXTRACTED_FROM_WORDDOCUMENT_CELL_STREAM
RCEP,JP,2023_179 + 180_129-2022-NĐ-CP.doc,8544.30.91,854430,85443091,- - - Cách điện bằng cao su hoặc plastic,0|0|0|0|0|0,0,COLUMN_5_AS_2026,,,6,EXTRACTED_FROM_WORDDOCUMENT_CELL_STREAM
RCEP,JP,2023_179 + 180_129-2022-NĐ-CP.doc,8544.30.99,854430,85443099,- - - Loại khác,0|0|0|0|0|0,0,COLUMN_5_AS_2026,,"- Các vật dẫn điện khác, dùng cho điện áp không quá 1.000 V:",6,EXTRACTED_FROM_WORDDOCUMENT_CELL_STREAM
RCEP,JP,2023_181 + 182_129-2022-NĐ-CP.doc,8707.10,870710,870710,- Dùng cho xe thuộc nhóm 87.03:,,,NO_RATE_COLUMN,,,0,EXTRACTED_FROM_WORDDOCUMENT_CELL_STREAM
RCEP,JP,2023_181 + 182_129-2022-NĐ-CP.doc,8707.10.10,870710,87071010,- - Dùng cho xe đua cỡ nhỏ và xe chơi gôn (kể cả xe golf buggies) và các loại xe tương tự,,,NO_RATE_COLUMN,,"25,5|22,9|20,4|17,8|15,3",0,EXTRACTED_FROM_WORDDOCUMENT_CELL_STREAM
RCEP,JP,2023_181 + 182_129-2022-NĐ-CP.doc,8707.10.20,870710,87071020,- - Dùng cho ô tô cứu thương,,,NO_RATE_COLUMN,,"27,3|24,5|21,8|19,1|16,4",0,EXTRACTED_FROM_WORDDOCUMENT_CELL_STREAM
RCEP,JP,2023_181 + 182_129-2022-NĐ-CP.doc,8707.10.30,870710,87071030,- - Dùng cho xe được thiết kế đặc biệt để đi trên tuyết,,,NO_RATE_COLUMN,,"25,5|22,9|20,4|17,8|15,3",0,EXTRACTED_FROM_WORDDOCUMENT_CELL_STREAM
RCEP,JP,2023_181 + 182_129-2022-NĐ-CP.doc,8707.10.90,870710,87071090,- - Loại khác,,,NO_RATE_COLUMN,,"25,5|22,9|20,4|17,8|15,3",0,EXTRACTED_FROM_WORDDOCUMENT_CELL_STREAM
RCEP,JP,2023_181 + 182_129-2022-NĐ-CP.doc,8708.21.00,870821,87082100,- - Dây đai an toàn,20|20|20|20|20|20,20,COLUMN_5_AS_2026,,,6,EXTRACTED_FROM_WORDDOCUMENT_CELL_STREAM
RCEP,JP,2023_181 + 182_129-2022-NĐ-CP.doc,8708.29,870829,870829,- - Loại khác:,,,NO_RATE_COLUMN,,- - - Các bộ phận của cửa xe:,0,EXTRACTED_FROM_WORDDOCUMENT_CELL_STREAM
RCEP,JP,2023_181 + 182_129-2022-NĐ-CP.doc,8708.29.11,870829,87082911,- - - - Dùng cho xe thuộc nhóm 87.01,,,NO_RATE_COLUMN,,"14,1|13,1|12,2|11,3|10,3",0,EXTRACTED_FROM_WORDDOCUMENT_CELL_STREAM
RCEP,JP,2023_181 + 182_129-2022-NĐ-CP.doc,8708.29.15,870829,87082915,- - - - Đỡ tay trên cửa xe dùng cho xe thuộc nhóm 87.03,*|*|*|*|*|*,*,COLUMN_5_AS_2026,,,6,EXTRACTED_FROM_WORDDOCUMENT_CELL_STREAM
RCEP,JP,2023_181 + 182_129-2022-NĐ-CP.doc,8708.29.16,870829,87082916,"- - - - Loại khác, dùng cho xe thuộc nhóm 87.03",*|*|*|*|*|*,*,COLUMN_5_AS_2026,,,6,EXTRACTED_FROM_WORDDOCUMENT_CELL_STREAM
RCEP,JP,2023_181 + 182_129-2022-NĐ-CP.doc,8708.29.17,870829,87082917,- - - - Dùng cho xe thuộc phân nhóm 8704.10,*|*|*|*|*|*,*,COLUMN_5_AS_2026,,,6,EXTRACTED_FROM_WORDDOCUMENT_CELL_STREAM
RCEP,JP,2023_181 + 182_129-2022-NĐ-CP.doc,8708.29.18,870829,87082918,- - - - Dùng cho xe thuộc nhóm 87.02 hoặc xe khác thuộc nhóm 87.04,*|*|*|*|*|*,*,COLUMN_5_AS_2026,,,6,EXTRACTED_FROM_WORDDOCUMENT_CELL_STREAM
RCEP,JP,2023_181 + 182_129-2022-NĐ-CP.doc,8708.29.19,870829,87082919,- - - - Loại khác,*|*|*|*|*|*,*,COLUMN_5_AS_2026,,,6,EXTRACTED_FROM_WORDDOCUMENT_CELL_STREAM
RCEP,JP,2023_181 + 182_129-2022-NĐ-CP.doc,8708.29.20,870829,87082920,- - - Bộ phận của dây đai an toàn,20|20|20|20|20|20,20,COLUMN_5_AS_2026,,- - - Loại khác:,6,EXTRACTED_FROM_WORDDOCUMENT_CELL_STREAM
RCEP,JP,2023_181 + 182_129-2022-NĐ-CP.doc,8708.29.92,870829,87082992,- - - - Dùng cho xe thuộc nhóm 87.01,,,NO_RATE_COLUMN,,"14,1|13,1|12,2|11,3|10,3",0,EXTRACTED_FROM_WORDDOCUMENT_CELL_STREAM
RCEP,JP,2023_181 + 182_129-2022-NĐ-CP.doc,8708.29.93,870829,87082993,- - - - - Phụ kiện trang trí nội thất; chắn bùn,*|*|*|*|*|*,*,COLUMN_5_AS_2026,,,6,EXTRACTED_FROM_WORDDOCUMENT_CELL_STREAM
RCEP,JP,2023_181 + 182_129-2022-NĐ-CP.doc,8708.29.94,870829,87082994,- - - - - Thanh chống nắp ca pô,*|*|*|*|*|*,*,COLUMN_5_AS_2026,,,6,EXTRACTED_FROM_WORDDOCUMENT_CELL_STREAM
RCEP,JP,2023_181 + 182_129-2022-NĐ-CP.doc,8708.29.95,870829,87082995,- - - - - Loại khác,*|*|*|*|*|*,*,COLUMN_5_AS_2026,,- - - - Dùng cho xe thuộc nhóm 87.02 hoặc 87.04:,6,EXTRACTED_FROM_WORDDOCUMENT_CELL_STREAM
RCEP,JP,2023_181 + 182_129-2022-NĐ-CP.doc,8708.29.96,870829,87082996,- - - - - Phụ kiện trang trí nội thất; chắn bùn,15|15|15|15|15|15,15,COLUMN_5_AS_2026,,,6,EXTRACTED_FROM_WORDDOCUMENT_CELL_STREAM
RCEP,JP,2023_181 + 182_129-2022-NĐ-CP.doc,8708.29.97,870829,87082997,- - - - - Thanh chống nắp ca pô,15|15|15|15|15|15,15,COLUMN_5_AS_2026,,,6,EXTRACTED_FROM_WORDDOCUMENT_CELL_STREAM
RCEP,JP,2023_181 + 182_129-2022-NĐ-CP.doc,8708.29.98,870829,87082998,- - - - - Loại khác,15|15|15|15|15|15,15,COLUMN_5_AS_2026,,,6,EXTRACTED_FROM_WORDDOCUMENT_CELL_STREAM
RCEP,JP,2023_181 + 182_129-2022-NĐ-CP.doc,8708.29.99,870829,87082999,- - - - Loại khác,15|15|15|15|15|15,15,COLUMN_5_AS_2026,,,6,EXTRACTED_FROM_WORDDOCUMENT_CELL_STREAM
RCEP,JP,2023_181 + 182_129-2022-NĐ-CP.doc,8708.30,870830,870830,- Phanh và trợ lực phanh; bộ phận của nó:,,,NO_RATE_COLUMN,,,0,EXTRACTED_FROM_WORDDOCUMENT_CELL_STREAM
RCEP,JP,2023_181 + 182_129-2022-NĐ-CP.doc,8708.30.10,870830,87083010,- - Dùng cho xe thuộc nhóm 87.01,,,NO_RATE_COLUMN,,"14,1|13,1|12,2|11,3|10,3",0,EXTRACTED_FROM_WORDDOCUMENT_CELL_STREAM
RCEP,JP,2023_181 + 182_129-2022-NĐ-CP.doc,8708.30.21,870830,87083021,"- - - Phanh trống, phanh đĩa hoặc phanh hơi",*|*|*|*|*|*,*,COLUMN_5_AS_2026,,,6,EXTRACTED_FROM_WORDDOCUMENT_CELL_STREAM
RCEP,JP,2023_181 + 182_129-2022-NĐ-CP.doc,8708.30.29,870830,87083029,- - - Loại khác,*|*|*|*|*|*,*,COLUMN_5_AS_2026,,,6,EXTRACTED_FROM_WORDDOCUMENT_CELL_STREAM
RCEP,JP,2023_181 + 182_129-2022-NĐ-CP.doc,8708.30.30,870830,87083030,"- - Phanh trống, phanh đĩa hoặc phanh hơi cho xe thuộc nhóm 87.02 hoặc 87.04",10|10|10|10|10|10,10,COLUMN_5_AS_2026,,,6,EXTRACTED_FROM_WORDDOCUMENT_CELL_STREAM
RCEP,JP,2023_181 + 182_129-2022-NĐ-CP.doc,8708.30.90,870830,87083090,- - Loại khác,10|10|10|10|10|10,10,COLUMN_5_AS_2026,,,6,EXTRACTED_FROM_WORDDOCUMENT_CELL_STREAM
RCEP,JP,2023_181 + 182_129-2022-NĐ-CP.doc,8708.40,870840,870840,- Hộp số và bộ phận của chúng:,,,NO_RATE_COLUMN,,"- - Hộp số, chưa lắp hoàn chỉnh:",0,EXTRACTED_FROM_WORDDOCUMENT_CELL_STREAM
RCEP,JP,2023_181 + 182_129-2022-NĐ-CP.doc,8708.40.11,870840,87084011,- - - Dùng cho xe thuộc nhóm 87.03,*|*|*|*|*|*,*,COLUMN_5_AS_2026,,,6,EXTRACTED_FROM_WORDDOCUMENT_CELL_STREAM
RCEP,JP,2023_181 + 182_129-2022-NĐ-CP.doc,8708.40.13,870840,87084013,- - - Dùng cho xe thuộc nhóm 87.04 hoặc 87.05,10|10|10|10|10|10,10,COLUMN_5_AS_2026,,,6,EXTRACTED_FROM_WORDDOCUMENT_CELL_STREAM
RCEP,JP,2023_181 + 182_129-2022-NĐ-CP.doc,8708.40.14,870840,87084014,- - - Dùng cho xe thuộc nhóm 87.01,,,NO_RATE_COLUMN,,"14,1|13,1|12,2|11,3|10,3",0,EXTRACTED_FROM_WORDDOCUMENT_CELL_STREAM
RCEP,JP,2023_181 + 182_129-2022-NĐ-CP.doc,8708.40.19,870840,87084019,- - - Loại khác,,,NO_RATE_COLUMN,,"9,1|8,2|7,3|6,4|5,5",0,EXTRACTED_FROM_WORDDOCUMENT_CELL_STREAM
RCEP,JP,2023_181 + 182_129-2022-NĐ-CP.doc,8708.40.25,870840,87084025,- - - Dùng cho xe thuộc nhóm 87.01,,,NO_RATE_COLUMN,,"14,1|13,1|12,2|11,3|10,3",0,EXTRACTED_FROM_WORDDOCUMENT_CELL_STREAM
RCEP,JP,2023_181 + 182_129-2022-NĐ-CP.doc,8708.40.26,870840,87084026,- - - Dùng cho xe thuộc nhóm 87.03,*|*|*|*|*|*,*,COLUMN_5_AS_2026,,,6,EXTRACTED_FROM_WORDDOCUMENT_CELL_STREAM
RCEP,JP,2023_181 + 182_129-2022-NĐ-CP.doc,8708.40.27,870840,87084027,- - - Dùng cho xe thuộc nhóm 87.04 hoặc 87.05,15|15|15|15|15|15,15,COLUMN_5_AS_2026,,,6,EXTRACTED_FROM_WORDDOCUMENT_CELL_STREAM
RCEP,JP,2023_181 + 182_129-2022-NĐ-CP.doc,8708.40.29,870840,87084029,- - - Loại khác,15|15|15|15|15|15,15,COLUMN_5_AS_2026,,- - Bộ phận:,6,EXTRACTED_FROM_WORDDOCUMENT_CELL_STREAM
RCEP,JP,2023_181 + 182_129-2022-NĐ-CP.doc,8708.40.91,870840,87084091,- - - Dùng cho xe thuộc nhóm 87.01,,,NO_RATE_COLUMN,,"9,1|8,2|7,3|6,4|5,5",0,EXTRACTED_FROM_WORDDOCUMENT_CELL_STREAM
RCEP,JP,2023_181 + 182_129-2022-NĐ-CP.doc,8708.40.92,870840,87084092,- - - Dùng cho xe thuộc nhóm 87.03,,,NO_RATE_COLUMN,,"9,1|8,2|7,3|6,4|5,5",0,EXTRACTED_FROM_WORDDOCUMENT_CELL_STREAM
RCEP,JP,2023_181 + 182_129-2022-NĐ-CP.doc,8708.40.99,870840,87084099,- - - Loại khác,,,NO_RATE_COLUMN,,"9,1|8,2|7,3|6,4|5,5",0,EXTRACTED_FROM_WORDDOCUMENT_CELL_STREAM
RCEP,JP,2023_181 + 182_129-2022-NĐ-CP.doc,8708.50,870850,870850,"- Cầu chủ động có vi sai, có hoặc không kèm theo chi tiết truyền lực khác, và các cầu bị động; các bộ phận của chúng:",,,NO_RATE_COLUMN,,- - Chưa lắp ráp hoàn chỉnh:,0,EXTRACTED_FROM_WORDDOCUMENT_CELL_STREAM
RCEP,JP,2023_181 + 182_129-2022-NĐ-CP.doc,8708.50.11,870850,87085011,- - - Dùng cho xe thuộc nhóm 87.03,*|*|*|*|*|*,*,COLUMN_5_AS_2026,,,6,EXTRACTED_FROM_WORDDOCUMENT_CELL_STREAM
RCEP,JP,2023_181 + 182_129-2022-NĐ-CP.doc,8708.50.13,870850,87085013,- - - Dùng cho xe thuộc nhóm 87.04 hoặc 87.05,7|7|7|7|7|7,7,COLUMN_5_AS_2026,,,6,EXTRACTED_FROM_WORDDOCUMENT_CELL_STREAM
RCEP,JP,2023_181 + 182_129-2022-NĐ-CP.doc,8708.50.15,870850,87085015,- - - Dùng cho xe thuộc nhóm 87.01,15|15|15|15|15|15,15,COLUMN_5_AS_2026,,,6,EXTRACTED_FROM_WORDDOCUMENT_CELL_STREAM
RCEP,JP,2023_181 + 182_129-2022-NĐ-CP.doc,8708.50.19,870850,87085019,- - - Loại khác,,,NO_RATE_COLUMN,,"9,4|8,8|8,1|7,5|6,9",0,EXTRACTED_FROM_WORDDOCUMENT_CELL_STREAM
RCEP,JP,2023_181 + 182_129-2022-NĐ-CP.doc,8708.50.25,870850,87085025,- - - Dùng cho xe thuộc nhóm 87.01,15|15|15|15|15|15,15,COLUMN_5_AS_2026,,,6,EXTRACTED_FROM_WORDDOCUMENT_CELL_STREAM
RCEP,JP,2023_181 + 182_129-2022-NĐ-CP.doc,8708.50.26,870850,87085026,- - - Dùng cho xe thuộc nhóm 87.03,*|*|*|*|*|*,*,COLUMN_5_AS_2026,,,6,EXTRACTED_FROM_WORDDOCUMENT_CELL_STREAM
RCEP,JP,2023_181 + 182_129-2022-NĐ-CP.doc,8708.50.27,870850,87085027,- - - Dùng cho xe thuộc nhóm 87.04 hoặc 87.05,,,NO_RATE_COLUMN,,"9,4|8,8|8,1|7,5|6,9",0,EXTRACTED_FROM_WORDDOCUMENT_CELL_STREAM
RCEP,JP,2023_181 + 182_129-2022-NĐ-CP.doc,8708.50.29,870850,87085029,- - - Loại khác,10|10|10|10|10|10,10,COLUMN_5_AS_2026,,- - Bộ phận:|- - - Dùng cho xe thuộc nhóm 87.01:,6,EXTRACTED_FROM_WORDDOCUMENT_CELL_STREAM
RCEP,JP,2023_181 + 182_129-2022-NĐ-CP.doc,8708.50.91,870850,87085091,- - - - Bánh răng vành khăn và bánh răng quả dứa,,,NO_RATE_COLUMN,,"9,4|8,8|8,1|7,5|6,9",0,EXTRACTED_FROM_WORDDOCUMENT_CELL_STREAM
RCEP,JP,2023_181 + 182_129-2022-NĐ-CP.doc,8708.50.92,870850,87085092,- - - - Loại khác,,,NO_RATE_COLUMN,,"9,4|8,8|8,1|7,5|6,9",0,EXTRACTED_FROM_WORDDOCUMENT_CELL_STREAM
RCEP,JP,2023_181 + 182_129-2022-NĐ-CP.doc,8708.50.94,870850,87085094,- - - - Bánh răng vành khăn và bánh răng quả dứa,,,NO_RATE_COLUMN,,"9,1|8,2|7,3|6,4|5,5",0,EXTRACTED_FROM_WORDDOCUMENT_CELL_STREAM
RCEP,JP,2023_181 + 182_129-2022-NĐ-CP.doc,8708.50.95,870850,87085095,- - - - Loại khác,,,NO_RATE_COLUMN,,"9,1|8,2|7,3|6,4|5,5",0,EXTRACTED_FROM_WORDDOCUMENT_CELL_STREAM
RCEP,JP,2023_181 + 182_129-2022-NĐ-CP.doc,8708.50.96,870850,87085096,- - - - Bánh răng vành khăn và bánh răng quả dứa,,,NO_RATE_COLUMN,,"4,7|4,4|4,1|3,8|3,4",0,EXTRACTED_FROM_WORDDOCUMENT_CELL_STREAM
RCEP,JP,2023_181 + 182_129-2022-NĐ-CP.doc,8708.50.99,870850,87085099,- - - - Loại khác,,,NO_RATE_COLUMN,,"4,7|4,4|4,1|3,8|3,4",0,EXTRACTED_FROM_WORDDOCUMENT_CELL_STREAM
RCEP,JP,2023_181 + 182_129-2022-NĐ-CP.doc,8708.70,870870,870870,- Cụm bánh xe và bộ phận và phụ kiện của chúng:,,,NO_RATE_COLUMN,,- - Ốp đầu trục bánh xe:,0,EXTRACTED_FROM_WORDDOCUMENT_CELL_STREAM
RCEP,JP,2023_181 + 182_129-2022-NĐ-CP.doc,8708.70.15,870870,87087015,- - - Dùng cho xe thuộc nhóm 87.01,15|15|15|15|15|15,15,COLUMN_5_AS_2026,,,6,EXTRACTED_FROM_WORDDOCUMENT_CELL_STREAM
RCEP,JP,2023_181 + 182_129-2022-NĐ-CP.doc,8708.70.16,870870,87087016,- - - Dùng cho xe thuộc nhóm 87.03,15|15|15|15|15|15,15,COLUMN_5_AS_2026,,- - - Dùng cho xe thuộc nhóm 87.02 hoặc 87.04:,6,EXTRACTED_FROM_WORDDOCUMENT_CELL_STREAM
RCEP,JP,2023_181 + 182_129-2022-NĐ-CP.doc,8708.70.17,870870,87087017,- - - - Dùng cho xe thuộc phân nhóm 8704.10,20|20|20|20|20|20,20,COLUMN_5_AS_2026,,,6,EXTRACTED_FROM_WORDDOCUMENT_CELL_STREAM
RCEP,JP,2023_181 + 182_129-2022-NĐ-CP.doc,8708.70.18,870870,87087018,- - - - Loại khác,20|20|20|20|20|20,20,COLUMN_5_AS_2026,,,6,EXTRACTED_FROM_WORDDOCUMENT_CELL_STREAM
RCEP,JP,2023_181 + 182_129-2022-NĐ-CP.doc,8708.70.19,870870,87087019,- - - Loại khác,,,NO_RATE_COLUMN,,"18,2|16,4|14,5|12,7|10,9",0,EXTRACTED_FROM_WORDDOCUMENT_CELL_STREAM
RCEP,JP,2023_181 + 182_129-2022-NĐ-CP.doc,8708.70.21,870870,87087021,- - - Dùng cho xe thuộc nhóm 87.01,25|25|25|25|25|25,25,COLUMN_5_AS_2026,,,6,EXTRACTED_FROM_WORDDOCUMENT_CELL_STREAM
RCEP,JP,2023_181 + 182_129-2022-NĐ-CP.doc,8708.70.22,870870,87087022,- - - Dùng cho xe thuộc nhóm 87.03,,,NO_RATE_COLUMN,,"22,7|20,5|18,2|15,9|13,6",0,EXTRACTED_FROM_WORDDOCUMENT_CELL_STREAM
RCEP,JP,2023_181 + 182_129-2022-NĐ-CP.doc,8708.70.23,870870,87087023,- - - Dùng cho xe thuộc nhóm 87.02 hoặc 87.04 (trừ phân nhóm 8704.10),25|25|25|25|25|25,25,COLUMN_5_AS_2026,,,6,EXTRACTED_FROM_WORDDOCUMENT_CELL_STREAM
RCEP,JP,2023_181 + 182_129-2022-NĐ-CP.doc,8708.70.29,870870,87087029,- - - Loại khác,25|25|25|25|25|25,25,COLUMN_5_AS_2026,,- - Bánh xe chưa được lắp lốp:,6,EXTRACTED_FROM_WORDDOCUMENT_CELL_STREAM
RCEP,JP,2023_181 + 182_129-2022-NĐ-CP.doc,8708.70.31,870870,87087031,- - - Dùng cho xe thuộc nhóm 87.01,25|25|25|25|25|25,25,COLUMN_5_AS_2026,,,6,EXTRACTED_FROM_WORDDOCUMENT_CELL_STREAM
RCEP,JP,2023_181 + 182_129-2022-NĐ-CP.doc,8708.70.32,870870,87087032,- - - Dùng cho xe thuộc nhóm 87.03,,,NO_RATE_COLUMN,,"18,2|16,4|14,5|12,7|10,9",0,EXTRACTED_FROM_WORDDOCUMENT_CELL_STREAM
RCEP,JP,2023_181 + 182_129-2022-NĐ-CP.doc,8708.70.33,870870,87087033,- - - Dùng cho xe tự đổ được thiết kế để sử dụng trên các loại đường không phải đường quốc lộ có khối lượng toàn bộ theo thiết kế trên 45 tấn,,,NO_RATE_COLUMN,,"18,2|16,4|14,5|12,7|10,9",0,EXTRACTED_FROM_WORDDOCUMENT_CELL_STREAM
RCEP,JP,2023_181 + 182_129-2022-NĐ-CP.doc,8708.70.34,870870,87087034,- - - Dùng cho xe thuộc nhóm 87.02 hoặc xe khác thuộc nhóm 87.04,,,NO_RATE_COLUMN,,"18,2|16,4|14,5|12,7|10,9",0,EXTRACTED_FROM_WORDDOCUMENT_CELL_STREAM
RCEP,JP,2023_181 + 182_129-2022-NĐ-CP.doc,8708.70.39,870870,87087039,- - - Loại khác,,,NO_RATE_COLUMN,,"18,2|16,4|14,5|12,7|10,9",0,EXTRACTED_FROM_WORDDOCUMENT_CELL_STREAM
RCEP,JP,2023_181 + 182_129-2022-NĐ-CP.doc,8708.70.95,870870,87087095,- - - Dùng cho xe thuộc nhóm 87.01,25|25|25|25|25|25,25,COLUMN_5_AS_2026,,,6,EXTRACTED_FROM_WORDDOCUMENT_CELL_STREAM
RCEP,JP,2023_181 + 182_129-2022-NĐ-CP.doc,8708.70.96,870870,87087096,- - - Dùng cho thuộc nhóm 87.02 hoặc 87.04,20|20|20|20|20|20,20,COLUMN_5_AS_2026,,,6,EXTRACTED_FROM_WORDDOCUMENT_CELL_STREAM
RCEP,JP,2023_181 + 182_129-2022-NĐ-CP.doc,8708.70.97,870870,87087097,- - - Dùng cho xe thuộc nhóm 87.03,,,NO_RATE_COLUMN,,"18,2|16,4|14,5|12,7|10,9",0,EXTRACTED_FROM_WORDDOCUMENT_CELL_STREAM
RCEP,JP,2023_181 + 182_129-2022-NĐ-CP.doc,8708.70.99,870870,87087099,- - - Loại khác,,,NO_RATE_COLUMN,,"18,2|16,4|14,5|12,7|10,9",0,EXTRACTED_FROM_WORDDOCUMENT_CELL_STREAM
RCEP,JP,2023_181 + 182_129-2022-NĐ-CP.doc,8708.80,870880,870880,- Hệ thống giảm chấn và bộ phận của nó (kể cả giảm sóc):,,,NO_RATE_COLUMN,,- - Hệ thống giảm chấn:,0,EXTRACTED_FROM_WORDDOCUMENT_CELL_STREAM
RCEP,JP,2023_181 + 182_129-2022-NĐ-CP.doc,8708.80.15,870880,87088015,- - - Dùng cho xe thuộc nhóm 87.01,15|15|15|15|15|15,15,COLUMN_5_AS_2026,,,6,EXTRACTED_FROM_WORDDOCUMENT_CELL_STREAM
RCEP,JP,2023_181 + 182_129-2022-NĐ-CP.doc,8708.80.16,870880,87088016,- - - Dùng cho xe thuộc nhóm 87.03,,,NO_RATE_COLUMN,,"18,2|16,4|14,5|12,7|10,9",0,EXTRACTED_FROM_WORDDOCUMENT_CELL_STREAM
RCEP,JP,2023_181 + 182_129-2022-NĐ-CP.doc,8708.80.17,870880,87088017,- - - Dùng cho xe thuộc phân nhóm 8704.10 hoặc nhóm 87.05,7|7|7|7|7|7,7,COLUMN_5_AS_2026,,,6,EXTRACTED_FROM_WORDDOCUMENT_CELL_STREAM
RCEP,JP,2023_181 + 182_129-2022-NĐ-CP.doc,8708.80.19,870880,87088019,- - - Loại khác,7|7|7|7|7|7,7,COLUMN_5_AS_2026,,- - Bộ phận:,6,EXTRACTED_FROM_WORDDOCUMENT_CELL_STREAM
RCEP,JP,2023_181 + 182_129-2022-NĐ-CP.doc,8708.80.91,870880,87088091,- - - Dùng cho xe thuộc nhóm 87.01,,,NO_RATE_COLUMN,,"9,1|8,2|7,3|6,4|5,5",0,EXTRACTED_FROM_WORDDOCUMENT_CELL_STREAM
RCEP,JP,2023_181 + 182_129-2022-NĐ-CP.doc,8708.80.92,870880,87088092,- - - Dùng cho xe thuộc nhóm 87.03,,,NO_RATE_COLUMN,,"9,1|8,2|7,3|6,4|5,5",0,EXTRACTED_FROM_WORDDOCUMENT_CELL_STREAM
RCEP,JP,2023_181 + 182_129-2022-NĐ-CP.doc,8708.80.99,870880,87088099,- - - Loại khác,,,NO_RATE_COLUMN,,"4,5|4,1|3,6|3,2|2,7",0,EXTRACTED_FROM_WORDDOCUMENT_CELL_STREAM
RCEP,JP,2023_181 + 182_129-2022-NĐ-CP.doc,8708.92,870892,870892,- - Ống xả và bộ giảm thanh; bộ phận của chúng:,,,NO_RATE_COLUMN,,,0,EXTRACTED_FROM_WORDDOCUMENT_CELL_STREAM
RCEP,JP,2023_181 + 182_129-2022-NĐ-CP.doc,8708.92.10,870892,87089210,- - - Dùng cho xe thuộc nhóm 87.01,15|15|15|15|15|15,15,COLUMN_5_AS_2026,,,6,EXTRACTED_FROM_WORDDOCUMENT_CELL_STREAM
RCEP,JP,2023_181 + 182_129-2022-NĐ-CP.doc,8708.92.20,870892,87089220,- - - Dùng cho xe thuộc nhóm 87.03,,,NO_RATE_COLUMN,,"18,2|16,4|14,5|12,7|10,9",0,EXTRACTED_FROM_WORDDOCUMENT_CELL_STREAM
RCEP,JP,2023_181 + 182_129-2022-NĐ-CP.doc,8708.92.51,870892,87089251,- - - - Ống xả và bộ giảm thanh,,,NO_RATE_COLUMN,,"13,6|12,3|10,9|9,5|8,2",0,EXTRACTED_FROM_WORDDOCUMENT_CELL_STREAM
RCEP,JP,2023_181 + 182_129-2022-NĐ-CP.doc,8708.92.52,870892,87089252,- - - - Bộ phận,,,NO_RATE_COLUMN,,"13,6|12,3|10,9|9,5|8,2",0,EXTRACTED_FROM_WORDDOCUMENT_CELL_STREAM
RCEP,JP,2023_181 + 182_129-2022-NĐ-CP.doc,8708.92.61,870892,87089261,- - - - Ống xả và bộ giảm thanh,,,NO_RATE_COLUMN,,"13,6|12,3|10,9|9,5|8,2",0,EXTRACTED_FROM_WORDDOCUMENT_CELL_STREAM
RCEP,JP,2023_181 + 182_129-2022-NĐ-CP.doc,8708.92.62,870892,87089262,- - - - Bộ phận,,,NO_RATE_COLUMN,,"13,6|12,3|10,9|9,5|8,2",0,EXTRACTED_FROM_WORDDOCUMENT_CELL_STREAM
RCEP,JP,2023_181 + 182_129-2022-NĐ-CP.doc,8708.92.90,870892,87089290,- - - Loại khác,,,NO_RATE_COLUMN,,"13,6|12,3|10,9|9,5|8,2",0,EXTRACTED_FROM_WORDDOCUMENT_CELL_STREAM
RCEP,JP,2023_181 + 182_129-2022-NĐ-CP.doc,8708.93,870893,870893,- - Bộ ly hợp và các bộ phận của nó:,,,NO_RATE_COLUMN,,,0,EXTRACTED_FROM_WORDDOCUMENT_CELL_STREAM
RCEP,JP,2023_181 + 182_129-2022-NĐ-CP.doc,8708.93.50,870893,87089350,- - - Dùng cho xe thuộc nhóm 87.01,15|15|15|15|15|15,15,COLUMN_5_AS_2026,,,6,EXTRACTED_FROM_WORDDOCUMENT_CELL_STREAM
RCEP,JP,2023_181 + 182_129-2022-NĐ-CP.doc,8708.93.60,870893,87089360,- - - Dùng cho xe thuộc nhóm 87.03,,,NO_RATE_COLUMN,,"18,2|16,4|14,5|12,7|10,9",0,EXTRACTED_FROM_WORDDOCUMENT_CELL_STREAM
RCEP,JP,2023_181 + 182_129-2022-NĐ-CP.doc,8708.93.70,870893,87089370,- - - Dùng cho xe thuộc nhóm 87.04 hoặc 87.05,,,NO_RATE_COLUMN,,"9,4|8,8|8,1|7,5|6,9",0,EXTRACTED_FROM_WORDDOCUMENT_CELL_STREAM
RCEP,JP,2023_181 + 182_129-2022-NĐ-CP.doc,8708.93.90,870893,87089390,- - - Loại khác,,,NO_RATE_COLUMN,,"9,1|8,2|7,3|6,4|5,5",0,EXTRACTED_FROM_WORDDOCUMENT_CELL_STREAM
RCEP,JP,2023_181 + 182_129-2022-NĐ-CP.doc,8708.94,870894,870894,"- - Vô lăng, trụ lái và cơ cấu lái; bộ phận của chúng:",,,NO_RATE_COLUMN,,- - - Vô lăng lắp với túi khí hoàn chỉnh:,0,EXTRACTED_FROM_WORDDOCUMENT_CELL_STREAM
RCEP,JP,2023_181 + 182_129-2022-NĐ-CP.doc,8708.94.11,870894,87089411,- - - - Dùng cho xe thuộc nhóm 87.01,,,NO_RATE_COLUMN,,"18,2|16,4|14,5|12,7|10,9",0,EXTRACTED_FROM_WORDDOCUMENT_CELL_STREAM
RCEP,JP,2023_181 + 182_129-2022-NĐ-CP.doc,8708.94.19,870894,87089419,- - - - Loại khác,,,NO_RATE_COLUMN,,"18,2|16,4|14,5|12,7|10,9",0,EXTRACTED_FROM_WORDDOCUMENT_CELL_STREAM
RCEP,JP,2023_181 + 182_129-2022-NĐ-CP.doc,8708.94.94,870894,87089494,- - - - Dùng cho xe thuộc nhóm 87.01,15|15|15|15|15|15,15,COLUMN_5_AS_2026,,,6,EXTRACTED_FROM_WORDDOCUMENT_CELL_STREAM
RCEP,JP,2023_181 + 182_129-2022-NĐ-CP.doc,8708.94.95,870894,87089495,- - - - Dùng cho xe thuộc nhóm 87.03,,,NO_RATE_COLUMN,,"22,7|20,5|18,2|15,9|13,6",0,EXTRACTED_FROM_WORDDOCUMENT_CELL_STREAM
RCEP,JP,2023_181 + 182_129-2022-NĐ-CP.doc,8708.94.99,870894,87089499,- - - - Loại khác,15|15|15|15|15|15,15,COLUMN_5_AS_2026,,,6,EXTRACTED_FROM_WORDDOCUMENT_CELL_STREAM
RCEP,JP,2023_181 + 182_129-2022-NĐ-CP.doc,8708.95,870895,870895,- - Túi khí an toàn lắp với hệ thống bơm phồng; bộ phận của nó:,,,NO_RATE_COLUMN,,,0,EXTRACTED_FROM_WORDDOCUMENT_CELL_STREAM
RCEP,JP,2023_181 + 182_129-2022-NĐ-CP.doc,8708.95.10,870895,87089510,- - - Túi khí an toàn lắp với hệ thống bơm phồng,,,NO_RATE_COLUMN,,"9,4|8,8|8,1|7,5|6,9",0,EXTRACTED_FROM_WORDDOCUMENT_CELL_STREAM
RCEP,JP,2023_181 + 182_129-2022-NĐ-CP.doc,8708.95.90,870895,87089590,- - - Bộ phận,,,NO_RATE_COLUMN,,"9,4|8,8|8,1|7,5|6,9",0,EXTRACTED_FROM_WORDDOCUMENT_CELL_STREAM
RCEP,JP,2023_181 + 182_129-2022-NĐ-CP.doc,8708.99,870899,870899,- - Loại khác:,,,NO_RATE_COLUMN,,- - - Dùng cho xe thuộc nhóm 87.01:,0,EXTRACTED_FROM_WORDDOCUMENT_CELL_STREAM
RCEP,JP,2023_181 + 182_129-2022-NĐ-CP.doc,8708.99.11,870899,87089911,- - - - Thùng nhiên liệu chưa lắp ráp; khung giá đỡ động cơ,15|15|15|15|15|15,15,COLUMN_5_AS_2026,,,6,EXTRACTED_FROM_WORDDOCUMENT_CELL_STREAM
RCEP,JP,2023_181 + 182_129-2022-NĐ-CP.doc,8708.99.19,870899,87089919,- - - - Loại khác,15|15|15|15|15|15,15,COLUMN_5_AS_2026,,"- - - Dùng cho xe thuộc nhóm 87.02, 87.03 hoặc 87.04:|- - - - Thùng nhiên liệu và bộ phận của chúng:",6,EXTRACTED_FROM_WORDDOCUMENT_CELL_STREAM
RCEP,JP,2023_181 + 182_129-2022-NĐ-CP.doc,8708.99.21,870899,87089921,- - - - - Thùng nhiên liệu,15|15|15|15|15|15,15,COLUMN_5_AS_2026,,,6,EXTRACTED_FROM_WORDDOCUMENT_CELL_STREAM
RCEP,JP,2023_181 + 182_129-2022-NĐ-CP.doc,8708.99.24,870899,87089924,- - - - - Nửa dưới của thùng nhiên liệu; nắp đậy thùng nhiên liệu; ống dẫn của thùng nhiên liệu (filler pipes); ống dẫn hướng có đầu nối với bình nhiên liệu (filler hose); đai giữ bình nhiên liệu,,,NO_RATE_COLUMN,,"13,6|12,3|10,9|9,5|8,2",0,EXTRACTED_FROM_WORDDOCUMENT_CELL_STREAM
RCEP,JP,2023_181 + 182_129-2022-NĐ-CP.doc,8708.99.25,870899,87089925,- - - - - Các bộ phận khác,,,NO_RATE_COLUMN,,"13,6|12,3|10,9|9,5|8,2",0,EXTRACTED_FROM_WORDDOCUMENT_CELL_STREAM
RCEP,JP,2023_181 + 182_129-2022-NĐ-CP.doc,8708.99.30,870899,87089930,"- - - - Chân ga (bàn đạp ga), chân phanh (bàn đạp phanh) hoặc chân côn (bàn đạp côn)",,,NO_RATE_COLUMN,,"13,6|12,3|10,9|9,5|8,2",0,EXTRACTED_FROM_WORDDOCUMENT_CELL_STREAM
RCEP,JP,2023_181 + 182_129-2022-NĐ-CP.doc,8708.99.40,870899,87089940,- - - - Giá đỡ hoặc khay đỡ bình ắc quy và khung của nó,,,NO_RATE_COLUMN,,"13,6|12,3|10,9|9,5|8,2",0,EXTRACTED_FROM_WORDDOCUMENT_CELL_STREAM
RCEP,JP,2023_181 + 182_129-2022-NĐ-CP.doc,8708.99.50,870899,87089950,- - - - Tấm hướng luồng khí tản nhiệt,,,NO_RATE_COLUMN,,"13,6|12,3|10,9|9,5|8,2",0,EXTRACTED_FROM_WORDDOCUMENT_CELL_STREAM
RCEP,JP,2023_181 + 182_129-2022-NĐ-CP.doc,8708.99.61,870899,87089961,- - - - - Dùng cho xe thuộc nhóm 87.02,,,NO_RATE_COLUMN,,"13,6|12,3|10,9|9,5|8,2",0,EXTRACTED_FROM_WORDDOCUMENT_CELL_STREAM
RCEP,JP,2023_181 + 182_129-2022-NĐ-CP.doc,8708.99.62,870899,87089962,- - - - - Dùng cho xe thuộc nhóm 87.03,,,NO_RATE_COLUMN,,"13,6|12,3|10,9|9,5|8,2",0,EXTRACTED_FROM_WORDDOCUMENT_CELL_STREAM
RCEP,JP,2023_181 + 182_129-2022-NĐ-CP.doc,8708.99.63,870899,87089963,- - - - - Dùng cho xe thuộc nhóm 87.04,,,NO_RATE_COLUMN,,"9,1|8,2|7,3|6,4|5,5",0,EXTRACTED_FROM_WORDDOCUMENT_CELL_STREAM
RCEP,JP,2023_181 + 182_129-2022-NĐ-CP.doc,8708.99.70,870899,87089970,- - - - Khung giá đỡ động cơ,15|15|15|15|15|15,15,COLUMN_5_AS_2026,,,6,EXTRACTED_FROM_WORDDOCUMENT_CELL_STREAM
RCEP,JP,2023_181 + 182_129-2022-NĐ-CP.doc,8708.99.80,870899,87089980,- - - - Loại khác,15|15|15|15|15|15,15,COLUMN_5_AS_2026,,- - - Loại khác:,6,EXTRACTED_FROM_WORDDOCUMENT_CELL_STREAM
RCEP,JP,2023_181 + 182_129-2022-NĐ-CP.doc,8708.99.91,870899,87089991,- - - - Thùng nhiên liệu chưa lắp ráp; khung giá đỡ động cơ,,,NO_RATE_COLUMN,,"13,6|12,3|10,9|9,5|8,2",0,EXTRACTED_FROM_WORDDOCUMENT_CELL_STREAM
RCEP,JP,2023_181 + 182_129-2022-NĐ-CP.doc,8708.99.99,870899,87089999,- - - - Loại khác,,,NO_RATE_COLUMN,,"13,6|12,3|10,9|9,5|8,2",0,EXTRACTED_FROM_WORDDOCUMENT_CELL_STREAM
RCEP,JP,2023_181 + 182_129-2022-NĐ-CP.doc,9029.20,902920,902920,- Đồng hồ chỉ tốc độ và máy đo tốc độ góc; máy hoạt nghiệm:,,,NO_RATE_COLUMN,,,0,EXTRACTED_FROM_WORDDOCUMENT_CELL_STREAM
RCEP,JP,2023_181 + 182_129-2022-NĐ-CP.doc,9029.20.10,902920,90292010,- - Đồng hồ tốc độ dùng cho xe có động cơ,0|0|0|0|0|0,0,COLUMN_5_AS_2026,,,6,EXTRACTED_FROM_WORDDOCUMENT_CELL_STREAM
RCEP,JP,2023_181 + 182_129-2022-NĐ-CP.doc,9029.20.20,902920,90292020,- - Máy đo tốc độ góc cho xe có động cơ,0|0|0|0|0|0,0,COLUMN_5_AS_2026,,,6,EXTRACTED_FROM_WORDDOCUMENT_CELL_STREAM
RCEP,JP,2023_181 + 182_129-2022-NĐ-CP.doc,9029.20.90,902920,90292090,- - Loại khác,0|0|0|0|0|0,0,COLUMN_5_AS_2026,,,6,EXTRACTED_FROM_WORDDOCUMENT_CELL_STREAM
RCEP,JP,2023_181 + 182_129-2022-NĐ-CP.doc,9032.89,903289,903289,- - Loại khác:,,,NO_RATE_COLUMN,,,0,EXTRACTED_FROM_WORDDOCUMENT_CELL_STREAM
RCEP,JP,2023_181 + 182_129-2022-NĐ-CP.doc,9032.89.10,903289,90328910,"- - - Dụng cụ và thiết bị đi kèm hoặc hoạt động cùng với máy xử lý dữ liệu tự động, để điều chỉnh hoặc điều khiển tự động hệ thống đẩy, giữ thăng bằng hoặc xếp hàng hóa của tàu thuyền",0|0|0|0|0|0,0,COLUMN_5_AS_2026,,,6,EXTRACTED_FROM_WORDDOCUMENT_CELL_STREAM
RCEP,JP,2023_181 + 182_129-2022-NĐ-CP.doc,9032.89.20,903289,90328920,- - - Dụng cụ và thiết bị tự động để điều chỉnh hoặc điều khiển dung dịch hóa chất hoặc điện hóa trong sản xuất tấm mạch in/tấm dây in hoặc mạch in đã lắp ráp,0|0|0|0|0|0,0,COLUMN_5_AS_2026,,"- - - Loại khác, hoạt động bằng điện:",6,EXTRACTED_FROM_WORDDOCUMENT_CELL_STREAM
RCEP,JP,2023_181 + 182_129-2022-NĐ-CP.doc,9032.89.31,903289,90328931,- - - - Bộ điều chỉnh điện áp tự động (ổn áp),0|0|0|0|0|0,0,COLUMN_5_AS_2026,,,6,EXTRACTED_FROM_WORDDOCUMENT_CELL_STREAM
RCEP,JP,2023_181 + 182_129-2022-NĐ-CP.doc,9032.89.39,903289,90328939,- - - - Loại khác,0|0|0|0|0|0,0,COLUMN_5_AS_2026,,,6,EXTRACTED_FROM_WORDDOCUMENT_CELL_STREAM
RCEP,JP,2023_181 + 182_129-2022-NĐ-CP.doc,9032.89.90,903289,90328990,- - - Loại khác,0|0|0|0|0|0,0,COLUMN_5_AS_2026,,,6,EXTRACTED_FROM_WORDDOCUMENT_CELL_STREAM
RCEP,JP,2023_181 + 182_129-2022-NĐ-CP.doc,9401.20,940120,940120,- Ghế dùng cho xe có động cơ:,,,NO_RATE_COLUMN,,,0,EXTRACTED_FROM_WORDDOCUMENT_CELL_STREAM
RCEP,JP,2023_181 + 182_129-2022-NĐ-CP.doc,9401.20.10,940120,94012010,"- - Của xe thuộc nhóm 87.02, 87.03 hoặc 87.04",25|25|25|25|25|25,25,COLUMN_5_AS_2026,,,6,EXTRACTED_FROM_WORDDOCUMENT_CELL_STREAM
RCEP,JP,2023_181 + 182_129-2022-NĐ-CP.doc,9401.20.90,940120,94012090,- - Loại khác,25|25|25|25|25|25,25,COLUMN_5_AS_2026,,- Ghế quay có điều chỉnh độ cao:,6,EXTRACTED_FROM_WORDDOCUMENT_CELL_STREAM
RCEP,KR,2023_197 + 198_129-2022-NĐ-CP.doc,8501.31,850131,850131,- - Công suất không quá 750 W:,,,NO_RATE_COLUMN,,,0,EXTRACTED_FROM_WORDDOCUMENT_CELL_STREAM
RCEP,KR,2023_197 + 198_129-2022-NĐ-CP.doc,8501.31.30,850131,85013130,"- - - Động cơ loại dùng cho hàng hóa thuộc nhóm 84.15, 84.18, 84.50, 85.09 hoặc 85.16",3|3|3|3|3|3,3,COLUMN_5_AS_2026,,,6,EXTRACTED_FROM_WORDDOCUMENT_CELL_STREAM
RCEP,KR,2023_197 + 198_129-2022-NĐ-CP.doc,8501.31.60,850131,85013160,- - - Động cơ dùng cho xe của Chương 87,20|20|20|20|20|20,20,COLUMN_5_AS_2026,,,6,EXTRACTED_FROM_WORDDOCUMENT_CELL_STREAM
RCEP,KR,2023_197 + 198_129-2022-NĐ-CP.doc,8501.31.70,850131,85013170,- - - Động cơ khác,20|20|20|20|20|20,20,COLUMN_5_AS_2026,,,6,EXTRACTED_FROM_WORDDOCUMENT_CELL_STREAM
RCEP,KR,2023_197 + 198_129-2022-NĐ-CP.doc,8501.31.80,850131,85013180,- - - Máy phát điện,20|20|20|20|20|20,20,COLUMN_5_AS_2026,,,6,EXTRACTED_FROM_WORDDOCUMENT_CELL_STREAM
RCEP,KR,2023_197 + 198_129-2022-NĐ-CP.doc,8501.52,850152,850152,- - Công suất trên 750 W nhưng không quá 75 kW:,,,NO_RATE_COLUMN,,- - - Công suất không quá 1 kW:,0,EXTRACTED_FROM_WORDDOCUMENT_CELL_STREAM
RCEP,KR,2023_197 + 198_129-2022-NĐ-CP.doc,8501.52.11,850152,85015211,"- - - - Loại dùng cho hàng hóa thuộc nhóm 84.15, 84.18, 84.50, 85.09 hoặc 85.16",0|0|0|0|0|0,0,COLUMN_5_AS_2026,,,6,EXTRACTED_FROM_WORDDOCUMENT_CELL_STREAM
RCEP,KR,2023_197 + 198_129-2022-NĐ-CP.doc,8501.52.12,850152,85015212,- - - - Loại dùng cho xe của Chương 87,0|0|0|0|0|0,0,COLUMN_5_AS_2026,,,6,EXTRACTED_FROM_WORDDOCUMENT_CELL_STREAM
RCEP,KR,2023_197 + 198_129-2022-NĐ-CP.doc,8501.52.19,850152,85015219,- - - - Loại khác,0|0|0|0|0|0,0,COLUMN_5_AS_2026,,"- - - Công suất trên 1 kW nhưng không quá 37,5 kW:",6,EXTRACTED_FROM_WORDDOCUMENT_CELL_STREAM
RCEP,KR,2023_197 + 198_129-2022-NĐ-CP.doc,8501.52.21,850152,85015221,"- - - - Loại dùng cho hàng hóa thuộc nhóm 84.15, 84.18, 84.50, 85.09 hoặc 85.16",0|0|0|0|0|0,0,COLUMN_5_AS_2026,,,6,EXTRACTED_FROM_WORDDOCUMENT_CELL_STREAM
RCEP,KR,2023_197 + 198_129-2022-NĐ-CP.doc,8501.52.22,850152,85015222,- - - - Loại dùng cho xe của Chương 87,0|0|0|0|0|0,0,COLUMN_5_AS_2026,,,6,EXTRACTED_FROM_WORDDOCUMENT_CELL_STREAM
RCEP,KR,2023_197 + 198_129-2022-NĐ-CP.doc,8501.52.29,850152,85015229,- - - - Loại khác,0|0|0|0|0|0,0,COLUMN_5_AS_2026,,"- - - Công suất trên 37,5 kW nhưng không quá 75 kW:",6,EXTRACTED_FROM_WORDDOCUMENT_CELL_STREAM
RCEP,KR,2023_197 + 198_129-2022-NĐ-CP.doc,8501.52.31,850152,85015231,"- - - - Loại dùng cho hàng hóa thuộc nhóm 84.15, 84.18 hoặc 84.50",0|0|0|0|0|0,0,COLUMN_5_AS_2026,,,6,EXTRACTED_FROM_WORDDOCUMENT_CELL_STREAM
RCEP,KR,2023_197 + 198_129-2022-NĐ-CP.doc,8501.52.32,850152,85015232,- - - - Loại dùng cho xe của Chương 87,0|0|0|0|0|0,0,COLUMN_5_AS_2026,,,6,EXTRACTED_FROM_WORDDOCUMENT_CELL_STREAM
RCEP,KR,2023_197 + 198_129-2022-NĐ-CP.doc,8501.52.39,850152,85015239,- - - - Loại khác,0|0|0|0|0|0,0,COLUMN_5_AS_2026,,,6,EXTRACTED_FROM_WORDDOCUMENT_CELL_STREAM
RCEP,KR,2023_197 + 198_129-2022-NĐ-CP.doc,8501.53,850153,850153,- - Công suất trên 75 kW:,,,NO_RATE_COLUMN,,,0,EXTRACTED_FROM_WORDDOCUMENT_CELL_STREAM
RCEP,KR,2023_197 + 198_129-2022-NĐ-CP.doc,8501.53.10,850153,85015310,- - - Loại dùng cho xe của Chương 87,0|0|0|0|0|0,0,COLUMN_5_AS_2026,,,6,EXTRACTED_FROM_WORDDOCUMENT_CELL_STREAM
RCEP,KR,2023_197 + 198_129-2022-NĐ-CP.doc,8501.53.90,850153,85015390,- - - Loại khác,0|0|0|0|0|0,0,COLUMN_5_AS_2026,,"- Máy phát điện xoay chiều (máy dao điện), trừ máy phát quang điện:",6,EXTRACTED_FROM_WORDDOCUMENT_CELL_STREAM
RCEP,KR,2023_197 + 198_129-2022-NĐ-CP.doc,8504.40,850440,850440,- Máy biến đổi tĩnh điện:,,,NO_RATE_COLUMN,,"- - Dùng cho các máy xử lý dữ liệu tự động và các khối chức năng của chúng, và thiết bị viễn thông:",0,EXTRACTED_FROM_WORDDOCUMENT_CELL_STREAM
RCEP,KR,2023_197 + 198_129-2022-NĐ-CP.doc,8504.40.11,850440,85044011,- - - Bộ nguồn cấp điện liên tục (UPS),0|0|0|0|0|0,0,COLUMN_5_AS_2026,,,6,EXTRACTED_FROM_WORDDOCUMENT_CELL_STREAM
RCEP,KR,2023_197 + 198_129-2022-NĐ-CP.doc,8504.40.19,850440,85044019,- - - Loại khác,0|0|0|0|0|0,0,COLUMN_5_AS_2026,,,6,EXTRACTED_FROM_WORDDOCUMENT_CELL_STREAM
RCEP,KR,2023_197 + 198_129-2022-NĐ-CP.doc,8504.40.20,850440,85044020,"- - Máy nạp ắc qui, pin có công suất danh định trên 100 kVA",0|0|0|0|0|0,0,COLUMN_5_AS_2026,,,6,EXTRACTED_FROM_WORDDOCUMENT_CELL_STREAM
RCEP,KR,2023_197 + 198_129-2022-NĐ-CP.doc,8504.40.30,850440,85044030,- - Bộ chỉnh lưu khác,0|0|0|0|0|0,0,COLUMN_5_AS_2026,,,6,EXTRACTED_FROM_WORDDOCUMENT_CELL_STREAM
RCEP,KR,2023_197 + 198_129-2022-NĐ-CP.doc,8504.40.40,850440,85044040,- - Bộ nghịch lưu,0|0|0|0|0|0,0,COLUMN_5_AS_2026,,,6,EXTRACTED_FROM_WORDDOCUMENT_CELL_STREAM
RCEP,KR,2023_197 + 198_129-2022-NĐ-CP.doc,8504.40.90,850440,85044090,- - Loại khác,0|0|0|0|0|0,0,COLUMN_5_AS_2026,,,6,EXTRACTED_FROM_WORDDOCUMENT_CELL_STREAM
RCEP,KR,2023_197 + 198_129-2022-NĐ-CP.doc,8507.60,850760,850760,- Bằng ion liti:,,,NO_RATE_COLUMN,,- - Bộ pin (battery pack):,0,EXTRACTED_FROM_WORDDOCUMENT_CELL_STREAM
RCEP,KR,2023_197 + 198_129-2022-NĐ-CP.doc,8507.60.31,850760,85076031,- - - Loại dùng cho máy tính xách tay kể cả loại notebook và subnotebook,0|0|0|0|0|0,0,COLUMN_5_AS_2026,,,6,EXTRACTED_FROM_WORDDOCUMENT_CELL_STREAM
RCEP,KR,2023_197 + 198_129-2022-NĐ-CP.doc,8507.60.32,850760,85076032,- - - Dùng cho máy bay,0|0|0|0|0|0,0,COLUMN_5_AS_2026,,,6,EXTRACTED_FROM_WORDDOCUMENT_CELL_STREAM
RCEP,KR,2023_197 + 198_129-2022-NĐ-CP.doc,8507.60.33,850760,85076033,- - - Dùng cho xe thuộc Chương 87,0|0|0|0|0|0,0,COLUMN_5_AS_2026,,,6,EXTRACTED_FROM_WORDDOCUMENT_CELL_STREAM
RCEP,KR,2023_197 + 198_129-2022-NĐ-CP.doc,8507.60.39,850760,85076039,- - - Loại khác,0|0|0|0|0|0,0,COLUMN_5_AS_2026,,,6,EXTRACTED_FROM_WORDDOCUMENT_CELL_STREAM
RCEP,KR,2023_197 + 198_129-2022-NĐ-CP.doc,8507.60.90,850760,85076090,- - Loại khác,0|0|0|0|0|0,0,COLUMN_5_AS_2026,,,6,EXTRACTED_FROM_WORDDOCUMENT_CELL_STREAM
RCEP,KR,2023_197 + 198_129-2022-NĐ-CP.doc,8511.10,851110,851110,- Bugi đánh lửa:,,,NO_RATE_COLUMN,,,0,EXTRACTED_FROM_WORDDOCUMENT_CELL_STREAM
RCEP,KR,2023_197 + 198_129-2022-NĐ-CP.doc,8511.10.10,851110,85111010,- - Loại dùng cho động cơ của phương tiện bay,0|0|0|0|0|0,0,COLUMN_5_AS_2026,,,6,EXTRACTED_FROM_WORDDOCUMENT_CELL_STREAM
RCEP,KR,2023_197 + 198_129-2022-NĐ-CP.doc,8511.10.20,851110,85111020,- - Sử dụng cho động cơ ô tô,9|8|7|6|5|4,5,COLUMN_5_AS_2026,,,6,EXTRACTED_FROM_WORDDOCUMENT_CELL_STREAM
RCEP,KR,2023_197 + 198_129-2022-NĐ-CP.doc,8511.10.90,851110,85111090,- - Loại khác,18|16|14|12|10|8,10,COLUMN_5_AS_2026,,,6,EXTRACTED_FROM_WORDDOCUMENT_CELL_STREAM
RCEP,KR,2023_197 + 198_129-2022-NĐ-CP.doc,8511.30,851130,851130,- Bộ phân phối điện; cuộn dây đánh lửa:,,,NO_RATE_COLUMN,,,0,EXTRACTED_FROM_WORDDOCUMENT_CELL_STREAM
RCEP,KR,2023_197 + 198_129-2022-NĐ-CP.doc,8511.30.30,851130,85113030,- - Loại dùng cho động cơ của phương tiện bay,0|0|0|0|0|0,0,COLUMN_5_AS_2026,,- - Sử dụng cho động cơ ô tô:,6,EXTRACTED_FROM_WORDDOCUMENT_CELL_STREAM
RCEP,KR,2023_197 + 198_129-2022-NĐ-CP.doc,8511.30.41,851130,85113041,- - - Loại chưa được lắp ráp,9|8|7|6|5|4,5,COLUMN_5_AS_2026,,,6,EXTRACTED_FROM_WORDDOCUMENT_CELL_STREAM
RCEP,KR,2023_197 + 198_129-2022-NĐ-CP.doc,8511.30.49,851130,85113049,- - - Loại khác,9|8|7|6|5|4,5,COLUMN_5_AS_2026,,- - Loại khác:,6,EXTRACTED_FROM_WORDDOCUMENT_CELL_STREAM
RCEP,KR,2023_197 + 198_129-2022-NĐ-CP.doc,8511.30.91,851130,85113091,- - - Loại chưa được lắp ráp,18|16|14|12|10|8,10,COLUMN_5_AS_2026,,,6,EXTRACTED_FROM_WORDDOCUMENT_CELL_STREAM
RCEP,KR,2023_197 + 198_129-2022-NĐ-CP.doc,8511.30.99,851130,85113099,- - - Loại khác,18|16|14|12|10|8,10,COLUMN_5_AS_2026,,,6,EXTRACTED_FROM_WORDDOCUMENT_CELL_STREAM
RCEP,KR,2023_197 + 198_129-2022-NĐ-CP.doc,8511.40,851140,851140,- Động cơ khởi động và máy tổ hợp hai tính năng khởi động và phát điện:,,,NO_RATE_COLUMN,,,0,EXTRACTED_FROM_WORDDOCUMENT_CELL_STREAM
RCEP,KR,2023_197 + 198_129-2022-NĐ-CP.doc,8511.40.10,851140,85114010,- - Loại dùng cho động cơ của phương tiện bay,0|0|0|0|0|0,0,COLUMN_5_AS_2026,,- - Động cơ khởi động khác chưa lắp ráp:,6,EXTRACTED_FROM_WORDDOCUMENT_CELL_STREAM
RCEP,KR,2023_197 + 198_129-2022-NĐ-CP.doc,8511.40.21,851140,85114021,"- - - Sử dụng cho động cơ của xe thuộc nhóm 87.02, 87.03, 87.04 hoặc 87.05",9|8|7|6|5|4,5,COLUMN_5_AS_2026,,,6,EXTRACTED_FROM_WORDDOCUMENT_CELL_STREAM
RCEP,KR,2023_197 + 198_129-2022-NĐ-CP.doc,8511.40.29,851140,85114029,- - - Loại khác,18|16|14|12|10|8,10,COLUMN_5_AS_2026,,- - Động cơ khởi động đã lắp ráp sử dụng cho động cơ của xe thuộc các nhóm từ 87.01 đến 87.05:,6,EXTRACTED_FROM_WORDDOCUMENT_CELL_STREAM
RCEP,KR,2023_197 + 198_129-2022-NĐ-CP.doc,8511.40.31,851140,85114031,- - - Sử dụng cho động cơ của xe thuộc nhóm 87.01,18|16|14|12|10|8,10,COLUMN_5_AS_2026,,,6,EXTRACTED_FROM_WORDDOCUMENT_CELL_STREAM
RCEP,KR,2023_197 + 198_129-2022-NĐ-CP.doc,8511.40.32,851140,85114032,"- - - Sử dụng cho động cơ của xe thuộc nhóm 87.02, 87.03 hoặc 87.04",9|8|7|6|5|4,5,COLUMN_5_AS_2026,,,6,EXTRACTED_FROM_WORDDOCUMENT_CELL_STREAM
RCEP,KR,2023_197 + 198_129-2022-NĐ-CP.doc,8511.40.33,851140,85114033,- - - Sử dụng cho động cơ của xe thuộc nhóm 87.05,9|8|7|6|5|4,5,COLUMN_5_AS_2026,,- - Loại khác:,6,EXTRACTED_FROM_WORDDOCUMENT_CELL_STREAM
RCEP,KR,2023_197 + 198_129-2022-NĐ-CP.doc,8511.40.91,851140,85114091,"- - - Sử dụng cho động cơ của xe thuộc nhóm 87.02, 87.03, 87.04 hoặc 87.05",9|8|7|6|5|4,5,COLUMN_5_AS_2026,,,6,EXTRACTED_FROM_WORDDOCUMENT_CELL_STREAM
RCEP,KR,2023_197 + 198_129-2022-NĐ-CP.doc,8511.40.99,851140,85114099,- - - Loại khác,18|16|14|12|10|8,10,COLUMN_5_AS_2026,,,6,EXTRACTED_FROM_WORDDOCUMENT_CELL_STREAM
RCEP,KR,2023_197 + 198_129-2022-NĐ-CP.doc,8511.50,851150,851150,- Máy phát điện khác:,,,NO_RATE_COLUMN,,,0,EXTRACTED_FROM_WORDDOCUMENT_CELL_STREAM
RCEP,KR,2023_197 + 198_129-2022-NĐ-CP.doc,8511.50.10,851150,85115010,- - Loại dùng cho động cơ của phương tiện bay,0|0|0|0|0|0,0,COLUMN_5_AS_2026,,- - Máy phát điện xoay chiều khác chưa lắp ráp:,6,EXTRACTED_FROM_WORDDOCUMENT_CELL_STREAM
RCEP,KR,2023_197 + 198_129-2022-NĐ-CP.doc,8511.50.21,851150,85115021,"- - - Sử dụng cho động cơ của xe thuộc nhóm 87.02, 87.03, 87.04 hoặc 87.05",9|8|7|6|5|4,5,COLUMN_5_AS_2026,,,6,EXTRACTED_FROM_WORDDOCUMENT_CELL_STREAM
RCEP,KR,2023_197 + 198_129-2022-NĐ-CP.doc,8511.50.29,851150,85115029,- - - Loại khác,18|16|14|12|10|8,10,COLUMN_5_AS_2026,,- - Máy phát điện xoay chiều đã lắp ráp dùng cho động cơ của xe thuộc các nhóm từ 87.01 đến 87.05:,6,EXTRACTED_FROM_WORDDOCUMENT_CELL_STREAM
RCEP,KR,2023_197 + 198_129-2022-NĐ-CP.doc,8511.50.31,851150,85115031,- - - Sử dụng cho động cơ của xe thuộc nhóm 87.01,18|16|14|12|10|8,10,COLUMN_5_AS_2026,,,6,EXTRACTED_FROM_WORDDOCUMENT_CELL_STREAM
RCEP,KR,2023_197 + 198_129-2022-NĐ-CP.doc,8511.50.32,851150,85115032,"- - - Sử dụng cho động cơ của xe thuộc nhóm 87.02, 87.03 hoặc 87.04",9|8|7|6|5|4,5,COLUMN_5_AS_2026,,,6,EXTRACTED_FROM_WORDDOCUMENT_CELL_STREAM
RCEP,KR,2023_197 + 198_129-2022-NĐ-CP.doc,8511.50.33,851150,85115033,- - - Sử dụng cho động cơ của xe thuộc nhóm 87.05,9|8|7|6|5|4,5,COLUMN_5_AS_2026,,- - Loại khác:,6,EXTRACTED_FROM_WORDDOCUMENT_CELL_STREAM
RCEP,KR,2023_197 + 198_129-2022-NĐ-CP.doc,8511.50.91,851150,85115091,"- - - Sử dụng cho động cơ của xe thuộc nhóm 87.02, 87.03, 87.04 hoặc 87.05",9|8|7|6|5|4,5,COLUMN_5_AS_2026,,,6,EXTRACTED_FROM_WORDDOCUMENT_CELL_STREAM
RCEP,KR,2023_197 + 198_129-2022-NĐ-CP.doc,8511.50.99,851150,85115099,- - - Loại khác,18|16|14|12|10|8,10,COLUMN_5_AS_2026,,,6,EXTRACTED_FROM_WORDDOCUMENT_CELL_STREAM
RCEP,KR,2023_197 + 198_129-2022-NĐ-CP.doc,8512.20,851220,851220,- Thiết bị chiếu sáng hoặc tạo tín hiệu trực quan khác:,,,NO_RATE_COLUMN,,,0,EXTRACTED_FROM_WORDDOCUMENT_CELL_STREAM
RCEP,KR,2023_197 + 198_129-2022-NĐ-CP.doc,8512.20.20,851220,85122020,- - Thiết bị chiếu sáng hoặc tạo tín hiệu trực quan chưa lắp ráp,25|25|25|25|25|25,25,COLUMN_5_AS_2026,,- - Loại khác:,6,EXTRACTED_FROM_WORDDOCUMENT_CELL_STREAM
RCEP,KR,2023_197 + 198_129-2022-NĐ-CP.doc,8512.20.91,851220,85122091,- - - Dùng cho xe máy,25|25|25|25|25|25,25,COLUMN_5_AS_2026,,,6,EXTRACTED_FROM_WORDDOCUMENT_CELL_STREAM
RCEP,KR,2023_197 + 198_129-2022-NĐ-CP.doc,8512.20.99,851220,85122099,- - - Loại khác,25|25|25|25|25|25,25,COLUMN_5_AS_2026,,,6,EXTRACTED_FROM_WORDDOCUMENT_CELL_STREAM
RCEP,KR,2023_197 + 198_129-2022-NĐ-CP.doc,8512.30,851230,851230,- Thiết bị tín hiệu âm thanh:,,,NO_RATE_COLUMN,,,0,EXTRACTED_FROM_WORDDOCUMENT_CELL_STREAM
RCEP,KR,2023_197 + 198_129-2022-NĐ-CP.doc,8512.30.10,851230,85123010,"- - Còi, đã lắp ráp",25|25|25|25|25|25,25,COLUMN_5_AS_2026,,,6,EXTRACTED_FROM_WORDDOCUMENT_CELL_STREAM
RCEP,KR,2023_197 + 198_129-2022-NĐ-CP.doc,8512.30.20,851230,85123020,- - Thiết bị tín hiệu âm thanh chưa lắp ráp,25|25|25|25|25|25,25,COLUMN_5_AS_2026,,- - Loại khác:,6,EXTRACTED_FROM_WORDDOCUMENT_CELL_STREAM
RCEP,KR,2023_197 + 198_129-2022-NĐ-CP.doc,8512.30.91,851230,85123091,- - - Thiết bị dò chướng ngại vật (cảnh báo) cho xe,20|20|20|20|20|20,20,COLUMN_5_AS_2026,,,6,EXTRACTED_FROM_WORDDOCUMENT_CELL_STREAM
RCEP,KR,2023_197 + 198_129-2022-NĐ-CP.doc,8512.30.99,851230,85123099,- - - Loại khác,20|20|20|20|20|20,20,COLUMN_5_AS_2026,,,6,EXTRACTED_FROM_WORDDOCUMENT_CELL_STREAM
RCEP,KR,2023_197 + 198_129-2022-NĐ-CP.doc,8512.40.00,851240,85124000,"- Cái gạt nước, gạt và chống tạo sương và tuyết",25|25|25|25|25|25,25,COLUMN_5_AS_2026,,,6,EXTRACTED_FROM_WORDDOCUMENT_CELL_STREAM
RCEP,KR,2023_197 + 198_129-2022-NĐ-CP.doc,8518.29,851829,851829,- - Loại khác:,,,NO_RATE_COLUMN,,,0,EXTRACTED_FROM_WORDDOCUMENT_CELL_STREAM
RCEP,KR,2023_197 + 198_129-2022-NĐ-CP.doc,8518.29.20,851829,85182920,"- - - Loa, không có vỏ, có dải tần số 300 Hz đến 3.400 Hz, với đường kính không quá 50 mm, dùng trong viễn thông",0|0|0|0|0|0,0,COLUMN_5_AS_2026,,,6,EXTRACTED_FROM_WORDDOCUMENT_CELL_STREAM
RCEP,KR,2023_197 + 198_129-2022-NĐ-CP.doc,8518.29.90,851829,85182990,- - - Loại khác,14|13|12|11|10|9,10,COLUMN_5_AS_2026,,,6,EXTRACTED_FROM_WORDDOCUMENT_CELL_STREAM
RCEP,KR,2023_197 + 198_129-2022-NĐ-CP.doc,8527.21,852721,852721,- - Kết hợp với thiết bị ghi hoặc tái tạo âm thanh:,,,NO_RATE_COLUMN,,,0,EXTRACTED_FROM_WORDDOCUMENT_CELL_STREAM
RCEP,KR,2023_197 + 198_129-2022-NĐ-CP.doc,8527.21.10,852721,85272110,- - - Có khả năng nhận và giải mã tín hiệu hệ thống dữ liệu vô tuyến kỹ thuật số,25|25|25|25|25|25,25,COLUMN_5_AS_2026,,,6,EXTRACTED_FROM_WORDDOCUMENT_CELL_STREAM
RCEP,KR,2023_197 + 198_129-2022-NĐ-CP.doc,8527.21.90,852721,85272190,- - - Loại khác,25|25|25|25|25|25,25,COLUMN_5_AS_2026,,,6,EXTRACTED_FROM_WORDDOCUMENT_CELL_STREAM
RCEP,KR,2023_197 + 198_129-2022-NĐ-CP.doc,8531.20.00,853120,85312000,- Bảng chỉ báo có gắn màn hình tinh thể lỏng (LCD) hoặc đi-ốt phát quang (LED),0|0|0|0|0|0,0,COLUMN_5_AS_2026,,,6,EXTRACTED_FROM_WORDDOCUMENT_CELL_STREAM
RCEP,KR,2023_197 + 198_129-2022-NĐ-CP.doc,8537.10,853710,853710,- Dùng cho điện áp không quá 1.000 V:,,,NO_RATE_COLUMN,,- - Bảng chuyển mạch và bảng điều khiển:,0,EXTRACTED_FROM_WORDDOCUMENT_CELL_STREAM
RCEP,KR,2023_197 + 198_129-2022-NĐ-CP.doc,8537.10.11,853710,85371011,- - - Bảng điều khiển của loại thích hợp sử dụng cho hệ thống điều khiển phân tán,0|0|0|0|0|0,0,COLUMN_5_AS_2026,,,6,EXTRACTED_FROM_WORDDOCUMENT_CELL_STREAM
RCEP,KR,2023_197 + 198_129-2022-NĐ-CP.doc,8537.10.12,853710,85371012,- - - Bảng điều khiển có trang bị bộ xử lý lập trình,0|0|0|0|0|0,0,COLUMN_5_AS_2026,,,6,EXTRACTED_FROM_WORDDOCUMENT_CELL_STREAM
RCEP,KR,2023_197 + 198_129-2022-NĐ-CP.doc,8537.10.13,853710,85371013,"- - - Bảng điều khiển khác của loại thích hợp dùng cho hàng hóa của nhóm 84.15, 84.18, 84.50, 85.08, 85.09 hoặc 85.16",0|0|0|0|0|0,0,COLUMN_5_AS_2026,,,6,EXTRACTED_FROM_WORDDOCUMENT_CELL_STREAM
RCEP,KR,2023_197 + 198_129-2022-NĐ-CP.doc,8537.10.19,853710,85371019,- - - Loại khác,0|0|0|0|0|0,0,COLUMN_5_AS_2026,,,6,EXTRACTED_FROM_WORDDOCUMENT_CELL_STREAM
RCEP,KR,2023_197 + 198_129-2022-NĐ-CP.doc,8537.10.20,853710,85371020,"- - Bảng phân phối (gồm cả panel đỡ và tấm đỡ phẳng) chỉ dùng hoặc chủ yếu dùng với các hàng hóa thuộc nhóm 84.71, 85.17 hoặc 85.25",0|0|0|0|0|0,0,COLUMN_5_AS_2026,,,6,EXTRACTED_FROM_WORDDOCUMENT_CELL_STREAM
RCEP,KR,2023_197 + 198_129-2022-NĐ-CP.doc,8537.10.30,853710,85371030,"- - Bộ điều khiển logic có khả năng lập trình cho máy tự động để dịch chuyển, xử lý và kẹp giữ khuôn cho thiết bị bán dẫn",0|0|0|0|0|0,0,COLUMN_5_AS_2026,,,6,EXTRACTED_FROM_WORDDOCUMENT_CELL_STREAM
RCEP,KR,2023_197 + 198_129-2022-NĐ-CP.doc,8537.10.40,853710,85371040,- - Bộ điều khiển động cơ có điện áp đầu ra từ 24V đến 120VDC và có cường độ dòng điện từ 300A đến 500A,12|9|6,6,LAST_AVAILABLE_COLUMN_FALLBACK,,"13,5|10,5|7,5|- - Loại khác:",3,EXTRACTED_FROM_WORDDOCUMENT_CELL_STREAM
RCEP,KR,2023_197 + 198_129-2022-NĐ-CP.doc,8537.10.91,853710,85371091,- - - Loại sử dụng trong các thiết bị sóng vô tuyến hoặc quạt điện,12|9|6,6,LAST_AVAILABLE_COLUMN_FALLBACK,,"13,5|10,5|7,5",3,EXTRACTED_FROM_WORDDOCUMENT_CELL_STREAM
RCEP,KR,2023_197 + 198_129-2022-NĐ-CP.doc,8537.10.92,853710,85371092,- - - Loại phù hợp sử dụng cho hệ thống điều khiển phân tán,0|0|0|0|0|0,0,COLUMN_5_AS_2026,,,6,EXTRACTED_FROM_WORDDOCUMENT_CELL_STREAM
RCEP,KR,2023_197 + 198_129-2022-NĐ-CP.doc,8537.10.99,853710,85371099,- - - Loại khác,12|9|6,6,LAST_AVAILABLE_COLUMN_FALLBACK,,"13,5|10,5|7,5",3,EXTRACTED_FROM_WORDDOCUMENT_CELL_STREAM
RCEP,KR,2023_197 + 198_129-2022-NĐ-CP.doc,8544.30,854430,854430,"- Bộ dây đánh lửa và bộ dây khác loại sử dụng cho xe, phương tiện bay hoặc tàu thuyền:",,,NO_RATE_COLUMN,,- - Bộ dây điện cho xe có động cơ:|- - - Cách điện bằng cao su hoặc plastic:,0,EXTRACTED_FROM_WORDDOCUMENT_CELL_STREAM
RCEP,KR,2023_197 + 198_129-2022-NĐ-CP.doc,8544.30.12,854430,85443012,"- - - - Loại dùng cho xe thuộc nhóm 87.02, 87.03, 87.04 hoặc 87.11",20|20|20|20|20|20,20,COLUMN_5_AS_2026,,,6,EXTRACTED_FROM_WORDDOCUMENT_CELL_STREAM
RCEP,KR,2023_197 + 198_129-2022-NĐ-CP.doc,8544.30.13,854430,85443013,- - - - Loại khác,20|20|20|20|20|20,20,COLUMN_5_AS_2026,,- - - Loại khác:,6,EXTRACTED_FROM_WORDDOCUMENT_CELL_STREAM
RCEP,KR,2023_197 + 198_129-2022-NĐ-CP.doc,8544.30.14,854430,85443014,"- - - - Loại dùng cho xe thuộc nhóm 87.02, 87.03, 87.04 hoặc 87.11",20|20|20|20|20|20,20,COLUMN_5_AS_2026,,,6,EXTRACTED_FROM_WORDDOCUMENT_CELL_STREAM
RCEP,KR,2023_197 + 198_129-2022-NĐ-CP.doc,8544.30.19,854430,85443019,- - - - Loại khác,20|20|20|20|20|20,20,COLUMN_5_AS_2026,,- - Loại khác:,6,EXTRACTED_FROM_WORDDOCUMENT_CELL_STREAM
RCEP,KR,2023_197 + 198_129-2022-NĐ-CP.doc,8544.30.91,854430,85443091,- - - Cách điện bằng cao su hoặc plastic,0|0|0|0|0|0,0,COLUMN_5_AS_2026,,,6,EXTRACTED_FROM_WORDDOCUMENT_CELL_STREAM
RCEP,KR,2023_197 + 198_129-2022-NĐ-CP.doc,8544.30.99,854430,85443099,- - - Loại khác,0|0|0|0|0|0,0,COLUMN_5_AS_2026,,"- Các vật dẫn điện khác, dùng cho điện áp không quá 1.000 V:",6,EXTRACTED_FROM_WORDDOCUMENT_CELL_STREAM
RCEP,NZ,2023_213 + 214_129-2022-NĐ-CP.doc,8501.31,850131,850131,- - Công suất không quá 750 W:,,,NO_RATE_COLUMN,,,0,EXTRACTED_FROM_WORDDOCUMENT_CELL_STREAM
RCEP,NZ,2023_213 + 214_129-2022-NĐ-CP.doc,8501.31.30,850131,85013130,"- - - Động cơ loại dùng cho hàng hóa thuộc nhóm 84.15, 84.18, 84.50, 85.09 hoặc 85.16",3|3|3|3|3|3,3,COLUMN_5_AS_2026,,,6,EXTRACTED_FROM_WORDDOCUMENT_CELL_STREAM
RCEP,NZ,2023_213 + 214_129-2022-NĐ-CP.doc,8501.31.60,850131,85013160,- - - Động cơ dùng cho xe của Chương 87,20|20|20|20|20|20,20,COLUMN_5_AS_2026,,,6,EXTRACTED_FROM_WORDDOCUMENT_CELL_STREAM
RCEP,NZ,2023_213 + 214_129-2022-NĐ-CP.doc,8501.31.70,850131,85013170,- - - Động cơ khác,20|20|20|20|20|20,20,COLUMN_5_AS_2026,,,6,EXTRACTED_FROM_WORDDOCUMENT_CELL_STREAM
RCEP,NZ,2023_213 + 214_129-2022-NĐ-CP.doc,8501.31.80,850131,85013180,- - - Máy phát điện,20|20|20|20|20|20,20,COLUMN_5_AS_2026,,,6,EXTRACTED_FROM_WORDDOCUMENT_CELL_STREAM
RCEP,NZ,2023_213 + 214_129-2022-NĐ-CP.doc,8501.52,850152,850152,- - Công suất trên 750 W nhưng không quá 75 kW:,,,NO_RATE_COLUMN,,- - - Công suất không quá 1 kW:,0,EXTRACTED_FROM_WORDDOCUMENT_CELL_STREAM
RCEP,NZ,2023_213 + 214_129-2022-NĐ-CP.doc,8501.52.11,850152,85015211,"- - - - Loại dùng cho hàng hóa thuộc nhóm 84.15, 84.18, 84.50, 85.09 hoặc 85.16",0|0|0|0|0|0,0,COLUMN_5_AS_2026,,,6,EXTRACTED_FROM_WORDDOCUMENT_CELL_STREAM
RCEP,NZ,2023_213 + 214_129-2022-NĐ-CP.doc,8501.52.12,850152,85015212,- - - - Loại dùng cho xe của Chương 87,0|0|0|0|0|0,0,COLUMN_5_AS_2026,,,6,EXTRACTED_FROM_WORDDOCUMENT_CELL_STREAM
RCEP,NZ,2023_213 + 214_129-2022-NĐ-CP.doc,8501.52.19,850152,85015219,- - - - Loại khác,0|0|0|0|0|0,0,COLUMN_5_AS_2026,,"- - - Công suất trên 1 kW nhưng không quá 37,5 kW:",6,EXTRACTED_FROM_WORDDOCUMENT_CELL_STREAM
RCEP,NZ,2023_213 + 214_129-2022-NĐ-CP.doc,8501.52.21,850152,85015221,"- - - - Loại dùng cho hàng hóa thuộc nhóm 84.15, 84.18, 84.50, 85.09 hoặc 85.16",0|0|0|0|0|0,0,COLUMN_5_AS_2026,,,6,EXTRACTED_FROM_WORDDOCUMENT_CELL_STREAM
RCEP,NZ,2023_213 + 214_129-2022-NĐ-CP.doc,8501.52.22,850152,85015222,- - - - Loại dùng cho xe của Chương 87,0|0|0|0|0|0,0,COLUMN_5_AS_2026,,,6,EXTRACTED_FROM_WORDDOCUMENT_CELL_STREAM
RCEP,NZ,2023_213 + 214_129-2022-NĐ-CP.doc,8501.52.29,850152,85015229,- - - - Loại khác,0|0|0|0|0|0,0,COLUMN_5_AS_2026,,"- - - Công suất trên 37,5 kW nhưng không quá 75 kW:",6,EXTRACTED_FROM_WORDDOCUMENT_CELL_STREAM
RCEP,NZ,2023_213 + 214_129-2022-NĐ-CP.doc,8501.52.31,850152,85015231,"- - - - Loại dùng cho hàng hóa thuộc nhóm 84.15, 84.18 hoặc 84.50",0|0|0|0|0|0,0,COLUMN_5_AS_2026,,,6,EXTRACTED_FROM_WORDDOCUMENT_CELL_STREAM
RCEP,NZ,2023_213 + 214_129-2022-NĐ-CP.doc,8501.52.32,850152,85015232,- - - - Loại dùng cho xe của Chương 87,0|0|0|0|0|0,0,COLUMN_5_AS_2026,,,6,EXTRACTED_FROM_WORDDOCUMENT_CELL_STREAM
RCEP,NZ,2023_213 + 214_129-2022-NĐ-CP.doc,8501.52.39,850152,85015239,- - - - Loại khác,0|0|0|0|0|0,0,COLUMN_5_AS_2026,,,6,EXTRACTED_FROM_WORDDOCUMENT_CELL_STREAM
RCEP,NZ,2023_213 + 214_129-2022-NĐ-CP.doc,8501.53,850153,850153,- - Công suất trên 75 kW:,,,NO_RATE_COLUMN,,,0,EXTRACTED_FROM_WORDDOCUMENT_CELL_STREAM
RCEP,NZ,2023_213 + 214_129-2022-NĐ-CP.doc,8501.53.10,850153,85015310,- - - Loại dùng cho xe của Chương 87,0|0|0|0|0|0,0,COLUMN_5_AS_2026,,,6,EXTRACTED_FROM_WORDDOCUMENT_CELL_STREAM
RCEP,NZ,2023_213 + 214_129-2022-NĐ-CP.doc,8501.53.90,850153,85015390,- - - Loại khác,0|0|0|0|0|0,0,COLUMN_5_AS_2026,,"- Máy phát điện xoay chiều (máy dao điện), trừ máy phát quang điện:",6,EXTRACTED_FROM_WORDDOCUMENT_CELL_STREAM
RCEP,NZ,2023_213 + 214_129-2022-NĐ-CP.doc,8504.40,850440,850440,- Máy biến đổi tĩnh điện:,,,NO_RATE_COLUMN,,"- - Dùng cho các máy xử lý dữ liệu tự động và các khối chức năng của chúng, và thiết bị viễn thông:",0,EXTRACTED_FROM_WORDDOCUMENT_CELL_STREAM
RCEP,NZ,2023_213 + 214_129-2022-NĐ-CP.doc,8504.40.11,850440,85044011,- - - Bộ nguồn cấp điện liên tục (UPS),0|0|0|0|0|0,0,COLUMN_5_AS_2026,,,6,EXTRACTED_FROM_WORDDOCUMENT_CELL_STREAM
RCEP,NZ,2023_213 + 214_129-2022-NĐ-CP.doc,8504.40.19,850440,85044019,- - - Loại khác,0|0|0|0|0|0,0,COLUMN_5_AS_2026,,,6,EXTRACTED_FROM_WORDDOCUMENT_CELL_STREAM
RCEP,NZ,2023_213 + 214_129-2022-NĐ-CP.doc,8504.40.20,850440,85044020,"- - Máy nạp ắc quy, pin có công suất danh định trên 100 kVA",0|0|0|0|0|0,0,COLUMN_5_AS_2026,,,6,EXTRACTED_FROM_WORDDOCUMENT_CELL_STREAM
RCEP,NZ,2023_213 + 214_129-2022-NĐ-CP.doc,8504.40.30,850440,85044030,- - Bộ chỉnh lưu khác,0|0|0|0|0|0,0,COLUMN_5_AS_2026,,,6,EXTRACTED_FROM_WORDDOCUMENT_CELL_STREAM
RCEP,NZ,2023_213 + 214_129-2022-NĐ-CP.doc,8504.40.40,850440,85044040,- - Bộ nghịch lưu,0|0|0|0|0|0,0,COLUMN_5_AS_2026,,,6,EXTRACTED_FROM_WORDDOCUMENT_CELL_STREAM
RCEP,NZ,2023_213 + 214_129-2022-NĐ-CP.doc,8504.40.90,850440,85044090,- - Loại khác,0|0|0|0|0|0,0,COLUMN_5_AS_2026,,,6,EXTRACTED_FROM_WORDDOCUMENT_CELL_STREAM
RCEP,NZ,2023_213 + 214_129-2022-NĐ-CP.doc,8507.60,850760,850760,- Bằng ion liti:,,,NO_RATE_COLUMN,,- - Bộ pin (battery pack):,0,EXTRACTED_FROM_WORDDOCUMENT_CELL_STREAM
RCEP,NZ,2023_213 + 214_129-2022-NĐ-CP.doc,8507.60.31,850760,85076031,- - - Loại dùng cho máy tính xách tay kể cả loại notebook và subnotebook,0|0|0|0|0|0,0,COLUMN_5_AS_2026,,,6,EXTRACTED_FROM_WORDDOCUMENT_CELL_STREAM
RCEP,NZ,2023_213 + 214_129-2022-NĐ-CP.doc,8507.60.32,850760,85076032,- - - Dùng cho máy bay,0|0|0|0|0|0,0,COLUMN_5_AS_2026,,,6,EXTRACTED_FROM_WORDDOCUMENT_CELL_STREAM
RCEP,NZ,2023_213 + 214_129-2022-NĐ-CP.doc,8507.60.33,850760,85076033,- - - Dùng cho xe thuộc Chương 87,0|0|0|0|0|0,0,COLUMN_5_AS_2026,,,6,EXTRACTED_FROM_WORDDOCUMENT_CELL_STREAM
RCEP,NZ,2023_213 + 214_129-2022-NĐ-CP.doc,8507.60.39,850760,85076039,- - - Loại khác,0|0|0|0|0|0,0,COLUMN_5_AS_2026,,,6,EXTRACTED_FROM_WORDDOCUMENT_CELL_STREAM
RCEP,NZ,2023_213 + 214_129-2022-NĐ-CP.doc,8507.60.90,850760,85076090,- - Loại khác,0|0|0|0|0|0,0,COLUMN_5_AS_2026,,,6,EXTRACTED_FROM_WORDDOCUMENT_CELL_STREAM
RCEP,NZ,2023_213 + 214_129-2022-NĐ-CP.doc,8511.10,851110,851110,- Bugi đánh lửa:,,,NO_RATE_COLUMN,,,0,EXTRACTED_FROM_WORDDOCUMENT_CELL_STREAM
RCEP,NZ,2023_213 + 214_129-2022-NĐ-CP.doc,8511.10.10,851110,85111010,- - Loại dùng cho động cơ của phương tiện bay,0|0|0|0|0|0,0,COLUMN_5_AS_2026,,,6,EXTRACTED_FROM_WORDDOCUMENT_CELL_STREAM
RCEP,NZ,2023_213 + 214_129-2022-NĐ-CP.doc,8511.10.20,851110,85111020,- - Sử dụng cho động cơ ô tô,9|8|7|6|5|4,5,COLUMN_5_AS_2026,,,6,EXTRACTED_FROM_WORDDOCUMENT_CELL_STREAM
RCEP,NZ,2023_213 + 214_129-2022-NĐ-CP.doc,8511.10.90,851110,85111090,- - Loại khác,18|16|14|12|10|8,10,COLUMN_5_AS_2026,,,6,EXTRACTED_FROM_WORDDOCUMENT_CELL_STREAM
RCEP,NZ,2023_213 + 214_129-2022-NĐ-CP.doc,8511.30,851130,851130,- Bộ phân phối điện; cuộn dây đánh lửa:,,,NO_RATE_COLUMN,,,0,EXTRACTED_FROM_WORDDOCUMENT_CELL_STREAM
RCEP,NZ,2023_213 + 214_129-2022-NĐ-CP.doc,8511.30.30,851130,85113030,- - Loại dùng cho động cơ của phương tiện bay,0|0|0|0|0|0,0,COLUMN_5_AS_2026,,- - Sử dụng cho động cơ ô tô:,6,EXTRACTED_FROM_WORDDOCUMENT_CELL_STREAM
RCEP,NZ,2023_213 + 214_129-2022-NĐ-CP.doc,8511.30.41,851130,85113041,- - - Loại chưa được lắp ráp,9|8|7|6|5|4,5,COLUMN_5_AS_2026,,,6,EXTRACTED_FROM_WORDDOCUMENT_CELL_STREAM
RCEP,NZ,2023_213 + 214_129-2022-NĐ-CP.doc,8511.30.49,851130,85113049,- - - Loại khác,9|8|7|6|5|4,5,COLUMN_5_AS_2026,,- - Loại khác:,6,EXTRACTED_FROM_WORDDOCUMENT_CELL_STREAM
RCEP,NZ,2023_213 + 214_129-2022-NĐ-CP.doc,8511.30.91,851130,85113091,- - - Loại chưa được lắp ráp,18|16|14|12|10|8,10,COLUMN_5_AS_2026,,,6,EXTRACTED_FROM_WORDDOCUMENT_CELL_STREAM
RCEP,NZ,2023_213 + 214_129-2022-NĐ-CP.doc,8511.30.99,851130,85113099,- - - Loại khác,18|16|14|12|10|8,10,COLUMN_5_AS_2026,,,6,EXTRACTED_FROM_WORDDOCUMENT_CELL_STREAM
RCEP,NZ,2023_213 + 214_129-2022-NĐ-CP.doc,8511.40,851140,851140,- Động cơ khởi động và máy tổ hợp hai tính năng khởi động và phát điện:,,,NO_RATE_COLUMN,,,0,EXTRACTED_FROM_WORDDOCUMENT_CELL_STREAM
RCEP,NZ,2023_213 + 214_129-2022-NĐ-CP.doc,8511.40.10,851140,85114010,- - Loại dùng cho động cơ của phương tiện bay,0|0|0|0|0|0,0,COLUMN_5_AS_2026,,- - Động cơ khởi động khác chưa lắp ráp:,6,EXTRACTED_FROM_WORDDOCUMENT_CELL_STREAM
RCEP,NZ,2023_213 + 214_129-2022-NĐ-CP.doc,8511.40.21,851140,85114021,"- - - Sử dụng cho động cơ của xe thuộc nhóm 87.02, 87.03, 87.04 hoặc 87.05",9|8|7|6|5|4,5,COLUMN_5_AS_2026,,,6,EXTRACTED_FROM_WORDDOCUMENT_CELL_STREAM
RCEP,NZ,2023_213 + 214_129-2022-NĐ-CP.doc,8511.40.29,851140,85114029,- - - Loại khác,18|16|14|12|10|8,10,COLUMN_5_AS_2026,,- - Động cơ khởi động đã lắp ráp sử dụng cho động cơ của xe thuộc các nhóm từ 87.01 đến 87.05:,6,EXTRACTED_FROM_WORDDOCUMENT_CELL_STREAM
RCEP,NZ,2023_213 + 214_129-2022-NĐ-CP.doc,8511.40.31,851140,85114031,- - - Sử dụng cho động cơ của xe thuộc nhóm 87.01,18|16|14|12|10|8,10,COLUMN_5_AS_2026,,,6,EXTRACTED_FROM_WORDDOCUMENT_CELL_STREAM
RCEP,NZ,2023_213 + 214_129-2022-NĐ-CP.doc,8511.40.32,851140,85114032,"- - - Sử dụng cho động cơ của xe thuộc nhóm 87.02, 87.03 hoặc 87.04",9|8|7|6|5|4,5,COLUMN_5_AS_2026,,,6,EXTRACTED_FROM_WORDDOCUMENT_CELL_STREAM
RCEP,NZ,2023_213 + 214_129-2022-NĐ-CP.doc,8511.40.33,851140,85114033,- - - Sử dụng cho động cơ của xe thuộc nhóm 87.05,9|8|7|6|5|4,5,COLUMN_5_AS_2026,,- - Loại khác:,6,EXTRACTED_FROM_WORDDOCUMENT_CELL_STREAM
RCEP,NZ,2023_213 + 214_129-2022-NĐ-CP.doc,8511.40.91,851140,85114091,"- - - Sử dụng cho động cơ của xe thuộc nhóm 87.02, 87.03, 87.04 hoặc 87.05",9|8|7|6|5|4,5,COLUMN_5_AS_2026,,,6,EXTRACTED_FROM_WORDDOCUMENT_CELL_STREAM
RCEP,NZ,2023_213 + 214_129-2022-NĐ-CP.doc,8511.40.99,851140,85114099,- - - Loại khác,18|16|14|12|10|8,10,COLUMN_5_AS_2026,,,6,EXTRACTED_FROM_WORDDOCUMENT_CELL_STREAM
RCEP,NZ,2023_213 + 214_129-2022-NĐ-CP.doc,8511.50,851150,851150,- Máy phát điện khác:,,,NO_RATE_COLUMN,,,0,EXTRACTED_FROM_WORDDOCUMENT_CELL_STREAM
RCEP,NZ,2023_213 + 214_129-2022-NĐ-CP.doc,8511.50.10,851150,85115010,- - Loại dùng cho động cơ của phương tiện bay,0|0|0|0|0|0,0,COLUMN_5_AS_2026,,- - Máy phát điện xoay chiều khác chưa lắp ráp:,6,EXTRACTED_FROM_WORDDOCUMENT_CELL_STREAM
RCEP,NZ,2023_213 + 214_129-2022-NĐ-CP.doc,8511.50.21,851150,85115021,"- - - Sử dụng cho động cơ của xe thuộc nhóm 87.02, 87.03, 87.04 hoặc 87.05",9|8|7|6|5|4,5,COLUMN_5_AS_2026,,,6,EXTRACTED_FROM_WORDDOCUMENT_CELL_STREAM
RCEP,NZ,2023_213 + 214_129-2022-NĐ-CP.doc,8511.50.29,851150,85115029,- - - Loại khác,18|16|14|12|10|8,10,COLUMN_5_AS_2026,,- - Máy phát điện xoay chiều đã lắp ráp dùng cho động cơ của xe thuộc các nhóm từ 87.01 đến 87.05:,6,EXTRACTED_FROM_WORDDOCUMENT_CELL_STREAM
RCEP,NZ,2023_213 + 214_129-2022-NĐ-CP.doc,8511.50.31,851150,85115031,- - - Sử dụng cho động cơ của xe thuộc nhóm 87.01,18|16|14|12|10|8,10,COLUMN_5_AS_2026,,,6,EXTRACTED_FROM_WORDDOCUMENT_CELL_STREAM
RCEP,NZ,2023_213 + 214_129-2022-NĐ-CP.doc,8511.50.32,851150,85115032,"- - - Sử dụng cho động cơ của xe thuộc nhóm 87.02, 87.03 hoặc 87.04",9|8|7|6|5|4,5,COLUMN_5_AS_2026,,,6,EXTRACTED_FROM_WORDDOCUMENT_CELL_STREAM
RCEP,NZ,2023_213 + 214_129-2022-NĐ-CP.doc,8511.50.33,851150,85115033,- - - Sử dụng cho động cơ của xe thuộc nhóm 87.05,9|8|7|6|5|4,5,COLUMN_5_AS_2026,,- - Loại khác:,6,EXTRACTED_FROM_WORDDOCUMENT_CELL_STREAM
RCEP,NZ,2023_213 + 214_129-2022-NĐ-CP.doc,8511.50.91,851150,85115091,"- - - Sử dụng cho động cơ của xe thuộc nhóm 87.02, 87.03, 87.04 hoặc 87.05",9|8|7|6|5|4,5,COLUMN_5_AS_2026,,,6,EXTRACTED_FROM_WORDDOCUMENT_CELL_STREAM
RCEP,NZ,2023_213 + 214_129-2022-NĐ-CP.doc,8511.50.99,851150,85115099,- - - Loại khác,18|16|14|12|10|8,10,COLUMN_5_AS_2026,,,6,EXTRACTED_FROM_WORDDOCUMENT_CELL_STREAM
RCEP,NZ,2023_213 + 214_129-2022-NĐ-CP.doc,8512.20,851220,851220,- Thiết bị chiếu sáng hoặc tạo tín hiệu trực quan khác:,,,NO_RATE_COLUMN,,,0,EXTRACTED_FROM_WORDDOCUMENT_CELL_STREAM
RCEP,NZ,2023_213 + 214_129-2022-NĐ-CP.doc,8512.20.20,851220,85122020,- - Thiết bị chiếu sáng hoặc tạo tín hiệu trực quan chưa lắp ráp,25|25|25|25|25|25,25,COLUMN_5_AS_2026,,- - Loại khác:,6,EXTRACTED_FROM_WORDDOCUMENT_CELL_STREAM
RCEP,NZ,2023_213 + 214_129-2022-NĐ-CP.doc,8512.20.91,851220,85122091,- - - Dùng cho xe máy,25|25|25|25|25|25,25,COLUMN_5_AS_2026,,,6,EXTRACTED_FROM_WORDDOCUMENT_CELL_STREAM
RCEP,NZ,2023_213 + 214_129-2022-NĐ-CP.doc,8512.20.99,851220,85122099,- - - Loại khác,25|25|25|25|25|25,25,COLUMN_5_AS_2026,,,6,EXTRACTED_FROM_WORDDOCUMENT_CELL_STREAM
RCEP,NZ,2023_213 + 214_129-2022-NĐ-CP.doc,8512.30,851230,851230,- Thiết bị tín hiệu âm thanh:,,,NO_RATE_COLUMN,,,0,EXTRACTED_FROM_WORDDOCUMENT_CELL_STREAM
RCEP,NZ,2023_213 + 214_129-2022-NĐ-CP.doc,8512.30.10,851230,85123010,"- - Còi, đã lắp ráp",25|25|25|25|25|25,25,COLUMN_5_AS_2026,,,6,EXTRACTED_FROM_WORDDOCUMENT_CELL_STREAM
RCEP,NZ,2023_213 + 214_129-2022-NĐ-CP.doc,8512.30.20,851230,85123020,- - Thiết bị tín hiệu âm thanh chưa lắp ráp,25|25|25|25|25|25,25,COLUMN_5_AS_2026,,- - Loại khác:,6,EXTRACTED_FROM_WORDDOCUMENT_CELL_STREAM
RCEP,NZ,2023_213 + 214_129-2022-NĐ-CP.doc,8512.30.91,851230,85123091,- - - Thiết bị dò chướng ngại vật (cảnh báo) cho xe,20|20|20|20|20|20,20,COLUMN_5_AS_2026,,,6,EXTRACTED_FROM_WORDDOCUMENT_CELL_STREAM
RCEP,NZ,2023_213 + 214_129-2022-NĐ-CP.doc,8512.30.99,851230,85123099,- - - Loại khác,20|20|20|20|20|20,20,COLUMN_5_AS_2026,,,6,EXTRACTED_FROM_WORDDOCUMENT_CELL_STREAM
RCEP,NZ,2023_213 + 214_129-2022-NĐ-CP.doc,8512.40.00,851240,85124000,"- Cái gạt nước, gạt và chống tạo sương và tuyết",25|25|25|25|25|25,25,COLUMN_5_AS_2026,,,6,EXTRACTED_FROM_WORDDOCUMENT_CELL_STREAM
RCEP,NZ,2023_213 + 214_129-2022-NĐ-CP.doc,8518.29,851829,851829,- - Loại khác:,,,NO_RATE_COLUMN,,,0,EXTRACTED_FROM_WORDDOCUMENT_CELL_STREAM
RCEP,NZ,2023_213 + 214_129-2022-NĐ-CP.doc,8518.29.20,851829,85182920,"- - - Loa, không có vỏ, có dải tần số 300 Hz đến 3.400 Hz, với đường kính không quá 50 mm, dùng trong viễn thông",0|0|0|0|0|0,0,COLUMN_5_AS_2026,,,6,EXTRACTED_FROM_WORDDOCUMENT_CELL_STREAM
RCEP,NZ,2023_213 + 214_129-2022-NĐ-CP.doc,8518.29.90,851829,85182990,- - - Loại khác,14|13|12|11|10|9,10,COLUMN_5_AS_2026,,,6,EXTRACTED_FROM_WORDDOCUMENT_CELL_STREAM
RCEP,NZ,2023_213 + 214_129-2022-NĐ-CP.doc,8527.21,852721,852721,- - Kết hợp với thiết bị ghi hoặc tái tạo âm thanh:,,,NO_RATE_COLUMN,,,0,EXTRACTED_FROM_WORDDOCUMENT_CELL_STREAM
RCEP,NZ,2023_213 + 214_129-2022-NĐ-CP.doc,8527.21.10,852721,85272110,- - - Có khả năng nhận và giải mã tín hiệu hệ thống dữ liệu vô tuyến kỹ thuật số,20|15,15,LAST_AVAILABLE_COLUMN_FALLBACK,,"23,3|21,7|18,3|16,7",2,EXTRACTED_FROM_WORDDOCUMENT_CELL_STREAM
RCEP,NZ,2023_213 + 214_129-2022-NĐ-CP.doc,8527.21.90,852721,85272190,- - - Loại khác,20|15,15,LAST_AVAILABLE_COLUMN_FALLBACK,,"23,3|21,7|18,3|16,7",2,EXTRACTED_FROM_WORDDOCUMENT_CELL_STREAM
RCEP,NZ,2023_213 + 214_129-2022-NĐ-CP.doc,8531.20.00,853120,85312000,- Bảng chỉ báo có gắn màn hình tinh thể lỏng (LCD) hoặc đi-ốt phát quang (LED),0|0|0|0|0|0,0,COLUMN_5_AS_2026,,,6,EXTRACTED_FROM_WORDDOCUMENT_CELL_STREAM
RCEP,NZ,2023_213 + 214_129-2022-NĐ-CP.doc,8537.10,853710,853710,- Dùng cho điện áp không quá 1.000 V:,,,NO_RATE_COLUMN,,- - Bảng chuyển mạch và bảng điều khiển:,0,EXTRACTED_FROM_WORDDOCUMENT_CELL_STREAM
RCEP,NZ,2023_213 + 214_129-2022-NĐ-CP.doc,8537.10.11,853710,85371011,- - - Bảng điều khiển của loại thích hợp sử dụng cho hệ thống điều khiển phân tán,0|0|0|0|0|0,0,COLUMN_5_AS_2026,,,6,EXTRACTED_FROM_WORDDOCUMENT_CELL_STREAM
RCEP,NZ,2023_213 + 214_129-2022-NĐ-CP.doc,8537.10.12,853710,85371012,- - - Bảng điều khiển có trang bị bộ xử lý lập trình,0|0|0|0|0|0,0,COLUMN_5_AS_2026,,,6,EXTRACTED_FROM_WORDDOCUMENT_CELL_STREAM
RCEP,NZ,2023_213 + 214_129-2022-NĐ-CP.doc,8537.10.13,853710,85371013,"- - - Bảng điều khiển khác của loại thích hợp dùng cho hàng hóa của nhóm 84.15, 84.18, 84.50, 85.08, 85.09 hoặc 85.16",0|0|0|0|0|0,0,COLUMN_5_AS_2026,,,6,EXTRACTED_FROM_WORDDOCUMENT_CELL_STREAM
RCEP,NZ,2023_213 + 214_129-2022-NĐ-CP.doc,8537.10.19,853710,85371019,- - - Loại khác,0|0|0|0|0|0,0,COLUMN_5_AS_2026,,,6,EXTRACTED_FROM_WORDDOCUMENT_CELL_STREAM
RCEP,NZ,2023_213 + 214_129-2022-NĐ-CP.doc,8537.10.20,853710,85371020,"- - Bảng phân phối (gồm cả panel đỡ và tấm đỡ phẳng) chỉ dùng hoặc chủ yếu dùng với các hàng hóa thuộc nhóm 84.71, 85.17 hoặc 85.25",0|0|0|0|0|0,0,COLUMN_5_AS_2026,,,6,EXTRACTED_FROM_WORDDOCUMENT_CELL_STREAM
RCEP,NZ,2023_213 + 214_129-2022-NĐ-CP.doc,8537.10.30,853710,85371030,"- - Bộ điều khiển logic có khả năng lập trình cho máy tự động để dịch chuyển, xử lý và kẹp giữ khuôn cho thiết bị bán dẫn",0|0|0|0|0|0,0,COLUMN_5_AS_2026,,,6,EXTRACTED_FROM_WORDDOCUMENT_CELL_STREAM
RCEP,NZ,2023_213 + 214_129-2022-NĐ-CP.doc,8537.10.40,853710,85371040,- - Bộ điều khiển động cơ có điện áp đầu ra từ 24V đến 120VDC và có cường độ dòng điện từ 300A đến 500A,12|9|6,6,LAST_AVAILABLE_COLUMN_FALLBACK,,"13,5|10,5|7,5|- - Loại khác:",3,EXTRACTED_FROM_WORDDOCUMENT_CELL_STREAM
RCEP,NZ,2023_213 + 214_129-2022-NĐ-CP.doc,8537.10.91,853710,85371091,- - - Loại sử dụng trong các thiết bị sóng vô tuyến hoặc quạt điện,12|9|6,6,LAST_AVAILABLE_COLUMN_FALLBACK,,"13,5|10,5|7,5",3,EXTRACTED_FROM_WORDDOCUMENT_CELL_STREAM
RCEP,NZ,2023_213 + 214_129-2022-NĐ-CP.doc,8537.10.92,853710,85371092,- - - Loại phù hợp sử dụng cho hệ thống điều khiển phân tán,0|0|0|0|0|0,0,COLUMN_5_AS_2026,,,6,EXTRACTED_FROM_WORDDOCUMENT_CELL_STREAM
RCEP,NZ,2023_213 + 214_129-2022-NĐ-CP.doc,8537.10.99,853710,85371099,- - - Loại khác,12|9|6,6,LAST_AVAILABLE_COLUMN_FALLBACK,,"13,5|10,5|7,5",3,EXTRACTED_FROM_WORDDOCUMENT_CELL_STREAM
RCEP,NZ,2023_213 + 214_129-2022-NĐ-CP.doc,8544.30,854430,854430,"- Bộ dây đánh lửa và bộ dây khác loại sử dụng cho xe, phương tiện bay hoặc tàu thuyền:",,,NO_RATE_COLUMN,,- - Bộ dây điện cho xe có động cơ:|- - - Cách điện bằng cao su hoặc plastic:,0,EXTRACTED_FROM_WORDDOCUMENT_CELL_STREAM
RCEP,NZ,2023_213 + 214_129-2022-NĐ-CP.doc,8544.30.12,854430,85443012,"- - - - Loại dùng cho xe thuộc nhóm 87.02, 87.03, 87.04 hoặc 87.11",20|20|20|20|20|20,20,COLUMN_5_AS_2026,,,6,EXTRACTED_FROM_WORDDOCUMENT_CELL_STREAM
RCEP,NZ,2023_213 + 214_129-2022-NĐ-CP.doc,8544.30.13,854430,85443013,- - - - Loại khác,20|20|20|20|20|20,20,COLUMN_5_AS_2026,,- - - Loại khác:,6,EXTRACTED_FROM_WORDDOCUMENT_CELL_STREAM
RCEP,NZ,2023_213 + 214_129-2022-NĐ-CP.doc,8544.30.14,854430,85443014,"- - - - Loại dùng cho xe thuộc nhóm 87.02, 87.03, 87.04 hoặc 87.11",20|20|20|20|20|20,20,COLUMN_5_AS_2026,,,6,EXTRACTED_FROM_WORDDOCUMENT_CELL_STREAM
RCEP,NZ,2023_213 + 214_129-2022-NĐ-CP.doc,8544.30.19,854430,85443019,- - - - Loại khác,20|20|20|20|20|20,20,COLUMN_5_AS_2026,,- - Loại khác:,6,EXTRACTED_FROM_WORDDOCUMENT_CELL_STREAM
RCEP,NZ,2023_213 + 214_129-2022-NĐ-CP.doc,8544.30.91,854430,85443091,- - - Cách điện bằng cao su hoặc plastic,0|0|0|0|0|0,0,COLUMN_5_AS_2026,,,6,EXTRACTED_FROM_WORDDOCUMENT_CELL_STREAM
RCEP,NZ,2023_213 + 214_129-2022-NĐ-CP.doc,8544.30.99,854430,85443099,- - - Loại khác,0|0|0|0|0|0,0,COLUMN_5_AS_2026,,"- Các vật dẫn điện khác, dùng cho điện áp không quá 1.000 V:",6,EXTRACTED_FROM_WORDDOCUMENT_CELL_STREAM
RCEP,NZ,2023_215 + 216_129-2022-NĐ-CP.doc,8707.10,870710,870710,- Dùng cho xe thuộc nhóm 87.03:,,,NO_RATE_COLUMN,,,0,EXTRACTED_FROM_WORDDOCUMENT_CELL_STREAM
RCEP,NZ,2023_215 + 216_129-2022-NĐ-CP.doc,8707.10.10,870710,87071010,- - Dùng cho xe đua cỡ nhỏ và xe chơi gôn (kể cả xe golf buggies) và các loại xe tương tự,14,14,SINGLE_RATE_COLUMN,,"25,2|22,4|19,6|16,8|11,2",1,EXTRACTED_FROM_WORDDOCUMENT_CELL_STREAM
RCEP,NZ,2023_215 + 216_129-2022-NĐ-CP.doc,8707.10.20,870710,87071020,- - Dùng cho ô tô cứu thương,27|24|21|18|15|12,15,COLUMN_5_AS_2026,,,6,EXTRACTED_FROM_WORDDOCUMENT_CELL_STREAM
RCEP,NZ,2023_215 + 216_129-2022-NĐ-CP.doc,8707.10.30,870710,87071030,- - Dùng cho xe được thiết kế đặc biệt để đi trên tuyết,14,14,SINGLE_RATE_COLUMN,,"25,2|22,4|19,6|16,8|11,2",1,EXTRACTED_FROM_WORDDOCUMENT_CELL_STREAM
RCEP,NZ,2023_215 + 216_129-2022-NĐ-CP.doc,8707.10.90,870710,87071090,- - Loại khác,14,14,SINGLE_RATE_COLUMN,,"25,2|22,4|19,6|16,8|11,2",1,EXTRACTED_FROM_WORDDOCUMENT_CELL_STREAM
RCEP,NZ,2023_215 + 216_129-2022-NĐ-CP.doc,8708.21.00,870821,87082100,- - Dây đai an toàn,16|12,12,LAST_AVAILABLE_COLUMN_FALLBACK,,"18,7|17,3|14,7|13,3",2,EXTRACTED_FROM_WORDDOCUMENT_CELL_STREAM
RCEP,NZ,2023_215 + 216_129-2022-NĐ-CP.doc,8708.29,870829,870829,- - Loại khác:,,,NO_RATE_COLUMN,,- - - Các bộ phận của cửa xe:,0,EXTRACTED_FROM_WORDDOCUMENT_CELL_STREAM
RCEP,NZ,2023_215 + 216_129-2022-NĐ-CP.doc,8708.29.11,870829,87082911,- - - - Dùng cho xe thuộc nhóm 87.01,14|13|12|11|10|9,10,COLUMN_5_AS_2026,,,6,EXTRACTED_FROM_WORDDOCUMENT_CELL_STREAM
RCEP,NZ,2023_215 + 216_129-2022-NĐ-CP.doc,8708.29.15,870829,87082915,- - - - Đỡ tay trên cửa xe dùng cho xe thuộc nhóm 87.03,15|15|15|15|15|15,15,COLUMN_5_AS_2026,,,6,EXTRACTED_FROM_WORDDOCUMENT_CELL_STREAM
RCEP,NZ,2023_215 + 216_129-2022-NĐ-CP.doc,8708.29.16,870829,87082916,"- - - - Loại khác, dùng cho xe thuộc nhóm 87.03",15|15|15|15|15|15,15,COLUMN_5_AS_2026,,,6,EXTRACTED_FROM_WORDDOCUMENT_CELL_STREAM
RCEP,NZ,2023_215 + 216_129-2022-NĐ-CP.doc,8708.29.17,870829,87082917,- - - - Dùng cho xe thuộc phân nhóm 8704.10,15|15|15|15|15|15,15,COLUMN_5_AS_2026,,,6,EXTRACTED_FROM_WORDDOCUMENT_CELL_STREAM
RCEP,NZ,2023_215 + 216_129-2022-NĐ-CP.doc,8708.29.18,870829,87082918,- - - - Dùng cho xe thuộc nhóm 87.02 hoặc xe khác thuộc nhóm 87.04,15|15|15|15|15|15,15,COLUMN_5_AS_2026,,,6,EXTRACTED_FROM_WORDDOCUMENT_CELL_STREAM
RCEP,NZ,2023_215 + 216_129-2022-NĐ-CP.doc,8708.29.19,870829,87082919,- - - - Loại khác,15|15|15|15|15|15,15,COLUMN_5_AS_2026,,,6,EXTRACTED_FROM_WORDDOCUMENT_CELL_STREAM
RCEP,NZ,2023_215 + 216_129-2022-NĐ-CP.doc,8708.29.20,870829,87082920,- - - Bộ phận của dây đai an toàn,20|20|20|20|20|20,20,COLUMN_5_AS_2026,,- - - Loại khác:,6,EXTRACTED_FROM_WORDDOCUMENT_CELL_STREAM
RCEP,NZ,2023_215 + 216_129-2022-NĐ-CP.doc,8708.29.92,870829,87082992,- - - - Dùng cho xe thuộc nhóm 87.01,14|13|12|11|10|9,10,COLUMN_5_AS_2026,,- - - - Dùng cho xe thuộc nhóm 87.03:,6,EXTRACTED_FROM_WORDDOCUMENT_CELL_STREAM
RCEP,NZ,2023_215 + 216_129-2022-NĐ-CP.doc,8708.29.93,870829,87082993,- - - - - Phụ kiện trang trí nội thất; chắn bùn,15|15|15|15|15|15,15,COLUMN_5_AS_2026,,,6,EXTRACTED_FROM_WORDDOCUMENT_CELL_STREAM
RCEP,NZ,2023_215 + 216_129-2022-NĐ-CP.doc,8708.29.94,870829,87082994,- - - - - Thanh chống nắp ca pô,15|15|15|15|15|15,15,COLUMN_5_AS_2026,,,6,EXTRACTED_FROM_WORDDOCUMENT_CELL_STREAM
RCEP,NZ,2023_215 + 216_129-2022-NĐ-CP.doc,8708.29.95,870829,87082995,- - - - - Loại khác,15|15|15|15|15|15,15,COLUMN_5_AS_2026,,- - - - Dùng cho xe thuộc nhóm 87.02 hoặc 87.04:,6,EXTRACTED_FROM_WORDDOCUMENT_CELL_STREAM
RCEP,NZ,2023_215 + 216_129-2022-NĐ-CP.doc,8708.29.96,870829,87082996,- - - - - Phụ kiện trang trí nội thất; chắn bùn,15|15|15|15|15|15,15,COLUMN_5_AS_2026,,,6,EXTRACTED_FROM_WORDDOCUMENT_CELL_STREAM
RCEP,NZ,2023_215 + 216_129-2022-NĐ-CP.doc,8708.29.97,870829,87082997,- - - - - Thanh chống nắp ca pô,15|15|15|15|15|15,15,COLUMN_5_AS_2026,,,6,EXTRACTED_FROM_WORDDOCUMENT_CELL_STREAM
RCEP,NZ,2023_215 + 216_129-2022-NĐ-CP.doc,8708.29.98,870829,87082998,- - - - - Loại khác,15|15|15|15|15|15,15,COLUMN_5_AS_2026,,,6,EXTRACTED_FROM_WORDDOCUMENT_CELL_STREAM
RCEP,NZ,2023_215 + 216_129-2022-NĐ-CP.doc,8708.29.99,870829,87082999,- - - - Loại khác,15|15|15|15|15|15,15,COLUMN_5_AS_2026,,,6,EXTRACTED_FROM_WORDDOCUMENT_CELL_STREAM
RCEP,NZ,2023_215 + 216_129-2022-NĐ-CP.doc,8708.30,870830,870830,- Phanh và trợ lực phanh; bộ phận của nó:,,,NO_RATE_COLUMN,,,0,EXTRACTED_FROM_WORDDOCUMENT_CELL_STREAM
RCEP,NZ,2023_215 + 216_129-2022-NĐ-CP.doc,8708.30.10,870830,87083010,- - Dùng cho xe thuộc nhóm 87.01,14|13|12|11|10|9,10,COLUMN_5_AS_2026,,- - Dùng cho xe thuộc nhóm 87.03:,6,EXTRACTED_FROM_WORDDOCUMENT_CELL_STREAM
RCEP,NZ,2023_215 + 216_129-2022-NĐ-CP.doc,8708.30.21,870830,87083021,"- - - Phanh trống, phanh đĩa hoặc phanh hơi",20|20|20|20|20|20,20,COLUMN_5_AS_2026,,,6,EXTRACTED_FROM_WORDDOCUMENT_CELL_STREAM
RCEP,NZ,2023_215 + 216_129-2022-NĐ-CP.doc,8708.30.29,870830,87083029,- - - Loại khác,20|20|20|20|20|20,20,COLUMN_5_AS_2026,,,6,EXTRACTED_FROM_WORDDOCUMENT_CELL_STREAM
RCEP,NZ,2023_215 + 216_129-2022-NĐ-CP.doc,8708.30.30,870830,87083030,"- - Phanh trống, phanh đĩa hoặc phanh hơi cho xe thuộc nhóm 87.02 hoặc 87.04",10|10|10|10|10|10,10,COLUMN_5_AS_2026,,,6,EXTRACTED_FROM_WORDDOCUMENT_CELL_STREAM
RCEP,NZ,2023_215 + 216_129-2022-NĐ-CP.doc,8708.30.90,870830,87083090,- - Loại khác,10|10|10|10|10|10,10,COLUMN_5_AS_2026,,,6,EXTRACTED_FROM_WORDDOCUMENT_CELL_STREAM
RCEP,NZ,2023_215 + 216_129-2022-NĐ-CP.doc,8708.40,870840,870840,- Hộp số và bộ phận của chúng:,,,NO_RATE_COLUMN,,"- - Hộp số, chưa lắp hoàn chỉnh:",0,EXTRACTED_FROM_WORDDOCUMENT_CELL_STREAM
RCEP,NZ,2023_215 + 216_129-2022-NĐ-CP.doc,8708.40.11,870840,87084011,- - - Dùng cho xe thuộc nhóm 87.03,18|18|18|18|18|18,18,COLUMN_5_AS_2026,,,6,EXTRACTED_FROM_WORDDOCUMENT_CELL_STREAM
RCEP,NZ,2023_215 + 216_129-2022-NĐ-CP.doc,8708.40.13,870840,87084013,- - - Dùng cho xe thuộc nhóm 87.04 hoặc 87.05,10|10|10|10|10|10,10,COLUMN_5_AS_2026,,,6,EXTRACTED_FROM_WORDDOCUMENT_CELL_STREAM
RCEP,NZ,2023_215 + 216_129-2022-NĐ-CP.doc,8708.40.14,870840,87084014,- - - Dùng cho xe thuộc nhóm 87.01,14|13|12|11|10|9,10,COLUMN_5_AS_2026,,,6,EXTRACTED_FROM_WORDDOCUMENT_CELL_STREAM
RCEP,NZ,2023_215 + 216_129-2022-NĐ-CP.doc,8708.40.19,870840,87084019,- - - Loại khác,9|8|7|6|5|4,5,COLUMN_5_AS_2026,,"- - Hộp số, đã lắp ráp hoàn chỉnh:",6,EXTRACTED_FROM_WORDDOCUMENT_CELL_STREAM
RCEP,NZ,2023_215 + 216_129-2022-NĐ-CP.doc,8708.40.25,870840,87084025,- - - Dùng cho xe thuộc nhóm 87.01,14|13|12|11|10|9,10,COLUMN_5_AS_2026,,,6,EXTRACTED_FROM_WORDDOCUMENT_CELL_STREAM
RCEP,NZ,2023_215 + 216_129-2022-NĐ-CP.doc,8708.40.26,870840,87084026,- - - Dùng cho xe thuộc nhóm 87.03,20|20|20|20|20|20,20,COLUMN_5_AS_2026,,,6,EXTRACTED_FROM_WORDDOCUMENT_CELL_STREAM
RCEP,NZ,2023_215 + 216_129-2022-NĐ-CP.doc,8708.40.27,870840,87084027,- - - Dùng cho xe thuộc nhóm 87.04 hoặc 87.05,15|15|15|15|15|15,15,COLUMN_5_AS_2026,,,6,EXTRACTED_FROM_WORDDOCUMENT_CELL_STREAM
RCEP,NZ,2023_215 + 216_129-2022-NĐ-CP.doc,8708.40.29,870840,87084029,- - - Loại khác,15|15|15|15|15|15,15,COLUMN_5_AS_2026,,- - Bộ phận:,6,EXTRACTED_FROM_WORDDOCUMENT_CELL_STREAM
RCEP,NZ,2023_215 + 216_129-2022-NĐ-CP.doc,8708.40.91,870840,87084091,- - - Dùng cho xe thuộc nhóm 87.01,9|8|7|6|5|4,5,COLUMN_5_AS_2026,,,6,EXTRACTED_FROM_WORDDOCUMENT_CELL_STREAM
RCEP,NZ,2023_215 + 216_129-2022-NĐ-CP.doc,8708.40.92,870840,87084092,- - - Dùng cho xe thuộc nhóm 87.03,9|8|7|6|5|4,5,COLUMN_5_AS_2026,,,6,EXTRACTED_FROM_WORDDOCUMENT_CELL_STREAM
RCEP,NZ,2023_215 + 216_129-2022-NĐ-CP.doc,8708.40.99,870840,87084099,- - - Loại khác,9|8|7|6|5|4,5,COLUMN_5_AS_2026,,,6,EXTRACTED_FROM_WORDDOCUMENT_CELL_STREAM
RCEP,NZ,2023_215 + 216_129-2022-NĐ-CP.doc,8708.50,870850,870850,"- Cầu chủ động có vi sai, có hoặc không kèm theo chi tiết truyền lực khác, và các cầu bị động; các bộ phận của chúng:",,,NO_RATE_COLUMN,,- - Chưa lắp ráp hoàn chỉnh:,0,EXTRACTED_FROM_WORDDOCUMENT_CELL_STREAM
RCEP,NZ,2023_215 + 216_129-2022-NĐ-CP.doc,8708.50.11,870850,87085011,- - - Dùng cho xe thuộc nhóm 87.03,20|20|20|20|20|20,20,COLUMN_5_AS_2026,,,6,EXTRACTED_FROM_WORDDOCUMENT_CELL_STREAM
RCEP,NZ,2023_215 + 216_129-2022-NĐ-CP.doc,8708.50.13,870850,87085013,- - - Dùng cho xe thuộc nhóm 87.04 hoặc 87.05,7|7|7|7|7|7,7,COLUMN_5_AS_2026,,,6,EXTRACTED_FROM_WORDDOCUMENT_CELL_STREAM
RCEP,NZ,2023_215 + 216_129-2022-NĐ-CP.doc,8708.50.15,870850,87085015,- - - Dùng cho xe thuộc nhóm 87.01,14|13|12|11|10|9,10,COLUMN_5_AS_2026,,,6,EXTRACTED_FROM_WORDDOCUMENT_CELL_STREAM
RCEP,NZ,2023_215 + 216_129-2022-NĐ-CP.doc,8708.50.19,870850,87085019,- - - Loại khác,8|6,6,LAST_AVAILABLE_COLUMN_FALLBACK,,"9,3|8,7|7,3|6,7|- - Đã lắp ráp hoàn chỉnh:",2,EXTRACTED_FROM_WORDDOCUMENT_CELL_STREAM
RCEP,NZ,2023_215 + 216_129-2022-NĐ-CP.doc,8708.50.25,870850,87085025,- - - Dùng cho xe thuộc nhóm 87.01,14|13|12|11|10|9,10,COLUMN_5_AS_2026,,,6,EXTRACTED_FROM_WORDDOCUMENT_CELL_STREAM
RCEP,NZ,2023_215 + 216_129-2022-NĐ-CP.doc,8708.50.26,870850,87085026,- - - Dùng cho xe thuộc nhóm 87.03,20|20|20|20|20|20,20,COLUMN_5_AS_2026,,,6,EXTRACTED_FROM_WORDDOCUMENT_CELL_STREAM
RCEP,NZ,2023_215 + 216_129-2022-NĐ-CP.doc,8708.50.27,870850,87085027,- - - Dùng cho xe thuộc nhóm 87.04 hoặc 87.05,8|6,6,LAST_AVAILABLE_COLUMN_FALLBACK,,"9,3|8,7|7,3|6,7",2,EXTRACTED_FROM_WORDDOCUMENT_CELL_STREAM
RCEP,NZ,2023_215 + 216_129-2022-NĐ-CP.doc,8708.50.29,870850,87085029,- - - Loại khác,10|10|10|10|10|10,10,COLUMN_5_AS_2026,,- - Bộ phận:|- - - Dùng cho xe thuộc nhóm 87.01:,6,EXTRACTED_FROM_WORDDOCUMENT_CELL_STREAM
RCEP,NZ,2023_215 + 216_129-2022-NĐ-CP.doc,8708.50.91,870850,87085091,- - - - Bánh răng vành khăn và bánh răng quả dứa,8|6,6,LAST_AVAILABLE_COLUMN_FALLBACK,,"9,3|8,7|7,3|6,7",2,EXTRACTED_FROM_WORDDOCUMENT_CELL_STREAM
RCEP,NZ,2023_215 + 216_129-2022-NĐ-CP.doc,8708.50.92,870850,87085092,- - - - Loại khác,8|6,6,LAST_AVAILABLE_COLUMN_FALLBACK,,"9,3|8,7|7,3|6,7|- - - Dùng cho xe thuộc nhóm 87.03:",2,EXTRACTED_FROM_WORDDOCUMENT_CELL_STREAM
RCEP,NZ,2023_215 + 216_129-2022-NĐ-CP.doc,8708.50.94,870850,87085094,- - - - Bánh răng vành khăn và bánh răng quả dứa,9|8|7|6|5|4,5,COLUMN_5_AS_2026,,,6,EXTRACTED_FROM_WORDDOCUMENT_CELL_STREAM
RCEP,NZ,2023_215 + 216_129-2022-NĐ-CP.doc,8708.50.95,870850,87085095,- - - - Loại khác,9|8|7|6|5|4,5,COLUMN_5_AS_2026,,- - - Loại khác:,6,EXTRACTED_FROM_WORDDOCUMENT_CELL_STREAM
RCEP,NZ,2023_215 + 216_129-2022-NĐ-CP.doc,8708.50.96,870850,87085096,- - - - Bánh răng vành khăn và bánh răng quả dứa,4|3,3,LAST_AVAILABLE_COLUMN_FALLBACK,,"4,7|4,3|3,7|3,3",2,EXTRACTED_FROM_WORDDOCUMENT_CELL_STREAM
RCEP,NZ,2023_215 + 216_129-2022-NĐ-CP.doc,8708.50.99,870850,87085099,- - - - Loại khác,4|3,3,LAST_AVAILABLE_COLUMN_FALLBACK,,"4,7|4,3|3,7|3,3",2,EXTRACTED_FROM_WORDDOCUMENT_CELL_STREAM
RCEP,NZ,2023_215 + 216_129-2022-NĐ-CP.doc,8708.70,870870,870870,- Cụm bánh xe và bộ phận và phụ kiện của chúng:,,,NO_RATE_COLUMN,,- - Ốp đầu trục bánh xe:,0,EXTRACTED_FROM_WORDDOCUMENT_CELL_STREAM
RCEP,NZ,2023_215 + 216_129-2022-NĐ-CP.doc,8708.70.15,870870,87087015,- - - Dùng cho xe thuộc nhóm 87.01,14|13|12|11|10|9,10,COLUMN_5_AS_2026,,,6,EXTRACTED_FROM_WORDDOCUMENT_CELL_STREAM
RCEP,NZ,2023_215 + 216_129-2022-NĐ-CP.doc,8708.70.16,870870,87087016,- - - Dùng cho xe thuộc nhóm 87.03,14|13|12|11|10|9,10,COLUMN_5_AS_2026,,- - - Dùng cho xe thuộc nhóm 87.02 hoặc 87.04:,6,EXTRACTED_FROM_WORDDOCUMENT_CELL_STREAM
RCEP,NZ,2023_215 + 216_129-2022-NĐ-CP.doc,8708.70.17,870870,87087017,- - - - Dùng cho xe thuộc phân nhóm 8704.10,16|12,12,LAST_AVAILABLE_COLUMN_FALLBACK,,"18,7|17,3|14,7|13,3",2,EXTRACTED_FROM_WORDDOCUMENT_CELL_STREAM
RCEP,NZ,2023_215 + 216_129-2022-NĐ-CP.doc,8708.70.18,870870,87087018,- - - - Loại khác,16|12,12,LAST_AVAILABLE_COLUMN_FALLBACK,,"18,7|17,3|14,7|13,3",2,EXTRACTED_FROM_WORDDOCUMENT_CELL_STREAM
RCEP,NZ,2023_215 + 216_129-2022-NĐ-CP.doc,8708.70.19,870870,87087019,- - - Loại khác,18|16|14|12|10|8,10,COLUMN_5_AS_2026,,- - Bánh xe đã được lắp lốp:,6,EXTRACTED_FROM_WORDDOCUMENT_CELL_STREAM
RCEP,NZ,2023_215 + 216_129-2022-NĐ-CP.doc,8708.70.21,870870,87087021,- - - Dùng cho xe thuộc nhóm 87.01,20|15,15,LAST_AVAILABLE_COLUMN_FALLBACK,,"23,3|21,7|18,3|16,7",2,EXTRACTED_FROM_WORDDOCUMENT_CELL_STREAM
RCEP,NZ,2023_215 + 216_129-2022-NĐ-CP.doc,8708.70.22,870870,87087022,- - - Dùng cho xe thuộc nhóm 87.03,20|15|10,10,LAST_AVAILABLE_COLUMN_FALLBACK,,"22,5|17,5|12,5",3,EXTRACTED_FROM_WORDDOCUMENT_CELL_STREAM
RCEP,NZ,2023_215 + 216_129-2022-NĐ-CP.doc,8708.70.23,870870,87087023,- - - Dùng cho xe thuộc nhóm 87.02 hoặc 87.04 (trừ phân nhóm 8704.10),20|15,15,LAST_AVAILABLE_COLUMN_FALLBACK,,"23,3|21,7|18,3|16,7",2,EXTRACTED_FROM_WORDDOCUMENT_CELL_STREAM
RCEP,NZ,2023_215 + 216_129-2022-NĐ-CP.doc,8708.70.29,870870,87087029,- - - Loại khác,20|15,15,LAST_AVAILABLE_COLUMN_FALLBACK,,"23,3|21,7|18,3|16,7|- - Bánh xe chưa được lắp lốp:",2,EXTRACTED_FROM_WORDDOCUMENT_CELL_STREAM
RCEP,NZ,2023_215 + 216_129-2022-NĐ-CP.doc,8708.70.31,870870,87087031,- - - Dùng cho xe thuộc nhóm 87.01,20|15,15,LAST_AVAILABLE_COLUMN_FALLBACK,,"23,3|21,7|18,3|16,7",2,EXTRACTED_FROM_WORDDOCUMENT_CELL_STREAM
RCEP,NZ,2023_215 + 216_129-2022-NĐ-CP.doc,8708.70.32,870870,87087032,- - - Dùng cho xe thuộc nhóm 87.03,18|16|14|12|10|8,10,COLUMN_5_AS_2026,,,6,EXTRACTED_FROM_WORDDOCUMENT_CELL_STREAM
RCEP,NZ,2023_215 + 216_129-2022-NĐ-CP.doc,8708.70.33,870870,87087033,- - - Dùng cho xe tự đổ được thiết kế để sử dụng trên các loại đường không phải đường quốc lộ có khối lượng toàn bộ theo thiết kế trên 45 tấn,18|16|14|12|10|8,10,COLUMN_5_AS_2026,,,6,EXTRACTED_FROM_WORDDOCUMENT_CELL_STREAM
RCEP,NZ,2023_215 + 216_129-2022-NĐ-CP.doc,8708.70.34,870870,87087034,- - - Dùng cho xe thuộc nhóm 87.02 hoặc xe khác thuộc nhóm 87.04,18|16|14|12|10|8,10,COLUMN_5_AS_2026,,,6,EXTRACTED_FROM_WORDDOCUMENT_CELL_STREAM
RCEP,NZ,2023_215 + 216_129-2022-NĐ-CP.doc,8708.70.39,870870,87087039,- - - Loại khác,18|16|14|12|10|8,10,COLUMN_5_AS_2026,,- - Loại khác:,6,EXTRACTED_FROM_WORDDOCUMENT_CELL_STREAM
RCEP,NZ,2023_215 + 216_129-2022-NĐ-CP.doc,8708.70.95,870870,87087095,- - - Dùng cho xe thuộc nhóm 87.01,20|15,15,LAST_AVAILABLE_COLUMN_FALLBACK,,"23,3|21,7|18,3|16,7",2,EXTRACTED_FROM_WORDDOCUMENT_CELL_STREAM
RCEP,NZ,2023_215 + 216_129-2022-NĐ-CP.doc,8708.70.96,870870,87087096,- - - Dùng cho thuộc nhóm 87.02 hoặc 87.04,16|12,12,LAST_AVAILABLE_COLUMN_FALLBACK,,"18,7|17,3|14,7|13,3",2,EXTRACTED_FROM_WORDDOCUMENT_CELL_STREAM
RCEP,NZ,2023_215 + 216_129-2022-NĐ-CP.doc,8708.70.97,870870,87087097,- - - Dùng cho xe thuộc nhóm 87.03,18|16|14|12|10|8,10,COLUMN_5_AS_2026,,,6,EXTRACTED_FROM_WORDDOCUMENT_CELL_STREAM
RCEP,NZ,2023_215 + 216_129-2022-NĐ-CP.doc,8708.70.99,870870,87087099,- - - Loại khác,18|16|14|12|10|8,10,COLUMN_5_AS_2026,,,6,EXTRACTED_FROM_WORDDOCUMENT_CELL_STREAM
RCEP,NZ,2023_215 + 216_129-2022-NĐ-CP.doc,8708.80,870880,870880,- Hệ thống giảm chấn và bộ phận của nó (kể cả giảm sóc):,,,NO_RATE_COLUMN,,- - Hệ thống giảm chấn:,0,EXTRACTED_FROM_WORDDOCUMENT_CELL_STREAM
RCEP,NZ,2023_215 + 216_129-2022-NĐ-CP.doc,8708.80.15,870880,87088015,- - - Dùng cho xe thuộc nhóm 87.01,14|13|12|11|10|9,10,COLUMN_5_AS_2026,,,6,EXTRACTED_FROM_WORDDOCUMENT_CELL_STREAM
RCEP,NZ,2023_215 + 216_129-2022-NĐ-CP.doc,8708.80.16,870880,87088016,- - - Dùng cho xe thuộc nhóm 87.03,18|16|14|12|10|8,10,COLUMN_5_AS_2026,,,6,EXTRACTED_FROM_WORDDOCUMENT_CELL_STREAM
RCEP,NZ,2023_215 + 216_129-2022-NĐ-CP.doc,8708.80.17,870880,87088017,- - - Dùng cho xe thuộc phân nhóm 8704.10 hoặc nhóm 87.05,,,NO_RATE_COLUMN,,"6,5|6,1|5,6|5,1|4,7",0,EXTRACTED_FROM_WORDDOCUMENT_CELL_STREAM
RCEP,NZ,2023_215 + 216_129-2022-NĐ-CP.doc,8708.80.19,870880,87088019,- - - Loại khác,,,NO_RATE_COLUMN,,"6,5|6,1|5,6|5,1|4,7",0,EXTRACTED_FROM_WORDDOCUMENT_CELL_STREAM
RCEP,NZ,2023_215 + 216_129-2022-NĐ-CP.doc,8708.80.91,870880,87088091,- - - Dùng cho xe thuộc nhóm 87.01,9|8|7|6|5|4,5,COLUMN_5_AS_2026,,,6,EXTRACTED_FROM_WORDDOCUMENT_CELL_STREAM
RCEP,NZ,2023_215 + 216_129-2022-NĐ-CP.doc,8708.80.92,870880,87088092,- - - Dùng cho xe thuộc nhóm 87.03,9|8|7|6|5|4,5,COLUMN_5_AS_2026,,,6,EXTRACTED_FROM_WORDDOCUMENT_CELL_STREAM
RCEP,NZ,2023_215 + 216_129-2022-NĐ-CP.doc,8708.80.99,870880,87088099,- - - Loại khác,4|3|2,2,LAST_AVAILABLE_COLUMN_FALLBACK,,"4,5|3,5|2,5|- Các bộ phận và phụ kiện khác:",3,EXTRACTED_FROM_WORDDOCUMENT_CELL_STREAM
RCEP,NZ,2023_215 + 216_129-2022-NĐ-CP.doc,8708.92,870892,870892,- - Ống xả và bộ giảm thanh; bộ phận của chúng:,,,NO_RATE_COLUMN,,,0,EXTRACTED_FROM_WORDDOCUMENT_CELL_STREAM
RCEP,NZ,2023_215 + 216_129-2022-NĐ-CP.doc,8708.92.10,870892,87089210,- - - Dùng cho xe thuộc nhóm 87.01,14|13|12|11|10|9,10,COLUMN_5_AS_2026,,,6,EXTRACTED_FROM_WORDDOCUMENT_CELL_STREAM
RCEP,NZ,2023_215 + 216_129-2022-NĐ-CP.doc,8708.92.20,870892,87089220,- - - Dùng cho xe thuộc nhóm 87.03,18|16|14|12|10|8,10,COLUMN_5_AS_2026,,- - - Dùng cho xe thuộc phân nhóm 8704.10:,6,EXTRACTED_FROM_WORDDOCUMENT_CELL_STREAM
RCEP,NZ,2023_215 + 216_129-2022-NĐ-CP.doc,8708.92.51,870892,87089251,- - - - Ống xả và bộ giảm thanh,12|9|6,6,LAST_AVAILABLE_COLUMN_FALLBACK,,"13,5|10,5|7,5",3,EXTRACTED_FROM_WORDDOCUMENT_CELL_STREAM
RCEP,NZ,2023_215 + 216_129-2022-NĐ-CP.doc,8708.92.52,870892,87089252,- - - - Bộ phận,12|9|6,6,LAST_AVAILABLE_COLUMN_FALLBACK,,"13,5|10,5|7,5|- - - Dùng cho xe thuộc nhóm 87.02 hoặc xe khác thuộc nhóm 87.04:",3,EXTRACTED_FROM_WORDDOCUMENT_CELL_STREAM
RCEP,NZ,2023_215 + 216_129-2022-NĐ-CP.doc,8708.92.61,870892,87089261,- - - - Ống xả và bộ giảm thanh,12|9|6,6,LAST_AVAILABLE_COLUMN_FALLBACK,,"13,5|10,5|7,5",3,EXTRACTED_FROM_WORDDOCUMENT_CELL_STREAM
RCEP,NZ,2023_215 + 216_129-2022-NĐ-CP.doc,8708.92.62,870892,87089262,- - - - Bộ phận,12|9|6,6,LAST_AVAILABLE_COLUMN_FALLBACK,,"13,5|10,5|7,5",3,EXTRACTED_FROM_WORDDOCUMENT_CELL_STREAM
RCEP,NZ,2023_215 + 216_129-2022-NĐ-CP.doc,8708.92.90,870892,87089290,- - - Loại khác,12|9|6,6,LAST_AVAILABLE_COLUMN_FALLBACK,,"13,5|10,5|7,5",3,EXTRACTED_FROM_WORDDOCUMENT_CELL_STREAM
RCEP,NZ,2023_215 + 216_129-2022-NĐ-CP.doc,8708.93,870893,870893,- - Bộ ly hợp và các bộ phận của nó:,,,NO_RATE_COLUMN,,,0,EXTRACTED_FROM_WORDDOCUMENT_CELL_STREAM
RCEP,NZ,2023_215 + 216_129-2022-NĐ-CP.doc,8708.93.50,870893,87089350,- - - Dùng cho xe thuộc nhóm 87.01,14|13|12|11|10|9,10,COLUMN_5_AS_2026,,,6,EXTRACTED_FROM_WORDDOCUMENT_CELL_STREAM
RCEP,NZ,2023_215 + 216_129-2022-NĐ-CP.doc,8708.93.60,870893,87089360,- - - Dùng cho xe thuộc nhóm 87.03,18|16|14|12|10|8,10,COLUMN_5_AS_2026,,,6,EXTRACTED_FROM_WORDDOCUMENT_CELL_STREAM
RCEP,NZ,2023_215 + 216_129-2022-NĐ-CP.doc,8708.93.70,870893,87089370,- - - Dùng cho xe thuộc nhóm 87.04 hoặc 87.05,8|6,6,LAST_AVAILABLE_COLUMN_FALLBACK,,"9,3|8,7|7,3|6,7",2,EXTRACTED_FROM_WORDDOCUMENT_CELL_STREAM
RCEP,NZ,2023_215 + 216_129-2022-NĐ-CP.doc,8708.93.90,870893,87089390,- - - Loại khác,9|8|7|6|5|4,5,COLUMN_5_AS_2026,,,6,EXTRACTED_FROM_WORDDOCUMENT_CELL_STREAM
RCEP,NZ,2023_215 + 216_129-2022-NĐ-CP.doc,8708.94,870894,870894,"- - Vô lăng, trụ lái và cơ cấu lái; bộ phận của chúng:",,,NO_RATE_COLUMN,,- - - Vô lăng lắp với túi khí hoàn chỉnh:,0,EXTRACTED_FROM_WORDDOCUMENT_CELL_STREAM
RCEP,NZ,2023_215 + 216_129-2022-NĐ-CP.doc,8708.94.11,870894,87089411,- - - - Dùng cho xe thuộc nhóm 87.01,18|16|14|12|10|8,10,COLUMN_5_AS_2026,,,6,EXTRACTED_FROM_WORDDOCUMENT_CELL_STREAM
RCEP,NZ,2023_215 + 216_129-2022-NĐ-CP.doc,8708.94.19,870894,87089419,- - - - Loại khác,18|16|14|12|10|8,10,COLUMN_5_AS_2026,,- - - Loại khác:,6,EXTRACTED_FROM_WORDDOCUMENT_CELL_STREAM
RCEP,NZ,2023_215 + 216_129-2022-NĐ-CP.doc,8708.94.94,870894,87089494,- - - - Dùng cho xe thuộc nhóm 87.01,14|13|12|11|10|9,10,COLUMN_5_AS_2026,,,6,EXTRACTED_FROM_WORDDOCUMENT_CELL_STREAM
RCEP,NZ,2023_215 + 216_129-2022-NĐ-CP.doc,8708.94.95,870894,87089495,- - - - Dùng cho xe thuộc nhóm 87.03,20|15|10,10,LAST_AVAILABLE_COLUMN_FALLBACK,,"22,5|17,5|12,5",3,EXTRACTED_FROM_WORDDOCUMENT_CELL_STREAM
RCEP,NZ,2023_215 + 216_129-2022-NĐ-CP.doc,8708.94.99,870894,87089499,- - - - Loại khác,14|13|12|11|10|9,10,COLUMN_5_AS_2026,,,6,EXTRACTED_FROM_WORDDOCUMENT_CELL_STREAM
RCEP,NZ,2023_215 + 216_129-2022-NĐ-CP.doc,8708.95,870895,870895,- - Túi khí an toàn lắp với hệ thống bơm phồng; bộ phận của nó:,,,NO_RATE_COLUMN,,,0,EXTRACTED_FROM_WORDDOCUMENT_CELL_STREAM
RCEP,NZ,2023_215 + 216_129-2022-NĐ-CP.doc,8708.95.10,870895,87089510,- - - Túi khí an toàn lắp với hệ thống bơm phồng,8|6,6,LAST_AVAILABLE_COLUMN_FALLBACK,,"9,3|8,7|7,3|6,7",2,EXTRACTED_FROM_WORDDOCUMENT_CELL_STREAM
RCEP,NZ,2023_215 + 216_129-2022-NĐ-CP.doc,8708.95.90,870895,87089590,- - - Bộ phận,8|6,6,LAST_AVAILABLE_COLUMN_FALLBACK,,"9,3|8,7|7,3|6,7",2,EXTRACTED_FROM_WORDDOCUMENT_CELL_STREAM
RCEP,NZ,2023_215 + 216_129-2022-NĐ-CP.doc,8708.99,870899,870899,- - Loại khác:,,,NO_RATE_COLUMN,,- - - Dùng cho xe thuộc nhóm 87.01:,0,EXTRACTED_FROM_WORDDOCUMENT_CELL_STREAM
RCEP,NZ,2023_215 + 216_129-2022-NĐ-CP.doc,8708.99.11,870899,87089911,- - - - Thùng nhiên liệu chưa lắp ráp; khung giá đỡ động cơ,14|13|12|11|10|9,10,COLUMN_5_AS_2026,,,6,EXTRACTED_FROM_WORDDOCUMENT_CELL_STREAM
RCEP,NZ,2023_215 + 216_129-2022-NĐ-CP.doc,8708.99.19,870899,87089919,- - - - Loại khác,14|13|12|11|10|9,10,COLUMN_5_AS_2026,,"- - - Dùng cho xe thuộc nhóm 87.02, 87.03 hoặc 87.04:|- - - - Thùng nhiên liệu và bộ phận của chúng:",6,EXTRACTED_FROM_WORDDOCUMENT_CELL_STREAM
RCEP,NZ,2023_215 + 216_129-2022-NĐ-CP.doc,8708.99.21,870899,87089921,- - - - - Thùng nhiên liệu,14|13|12|11|10|9,10,COLUMN_5_AS_2026,,,6,EXTRACTED_FROM_WORDDOCUMENT_CELL_STREAM
RCEP,NZ,2023_215 + 216_129-2022-NĐ-CP.doc,8708.99.24,870899,87089924,- - - - - Nửa dưới của thùng nhiên liệu; nắp đậy thùng nhiên liệu; ống dẫn của thùng nhiên liệu (filler pipes); ống dẫn hướng có đầu nối với bình nhiên liệu (filler hose); đai giữ bình nhiên liệu,12|9|6,6,LAST_AVAILABLE_COLUMN_FALLBACK,,"13,5|10,5|7,5",3,EXTRACTED_FROM_WORDDOCUMENT_CELL_STREAM
RCEP,NZ,2023_215 + 216_129-2022-NĐ-CP.doc,8708.99.25,870899,87089925,- - - - - Các bộ phận khác,12|9|6,6,LAST_AVAILABLE_COLUMN_FALLBACK,,"13,5|10,5|7,5",3,EXTRACTED_FROM_WORDDOCUMENT_CELL_STREAM
RCEP,NZ,2023_215 + 216_129-2022-NĐ-CP.doc,8708.99.30,870899,87089930,"- - - - Chân ga (bàn đạp ga), chân phanh (bàn đạp phanh) hoặc chân côn (bàn đạp côn)",12|9|6,6,LAST_AVAILABLE_COLUMN_FALLBACK,,"13,5|10,5|7,5",3,EXTRACTED_FROM_WORDDOCUMENT_CELL_STREAM
RCEP,NZ,2023_215 + 216_129-2022-NĐ-CP.doc,8708.99.40,870899,87089940,- - - - Giá đỡ hoặc khay đỡ bình ắc quy và khung của nó,12|9|6,6,LAST_AVAILABLE_COLUMN_FALLBACK,,"13,5|10,5|7,5",3,EXTRACTED_FROM_WORDDOCUMENT_CELL_STREAM
RCEP,NZ,2023_215 + 216_129-2022-NĐ-CP.doc,8708.99.50,870899,87089950,- - - - Tấm hướng luồng khí tản nhiệt,12|9|6,6,LAST_AVAILABLE_COLUMN_FALLBACK,,"13,5|10,5|7,5|- - - - Khung xe hoặc các bộ phận của chúng:",3,EXTRACTED_FROM_WORDDOCUMENT_CELL_STREAM
RCEP,NZ,2023_215 + 216_129-2022-NĐ-CP.doc,8708.99.61,870899,87089961,- - - - - Dùng cho xe thuộc nhóm 87.02,12|9|6,6,LAST_AVAILABLE_COLUMN_FALLBACK,,"13,5|10,5|7,5",3,EXTRACTED_FROM_WORDDOCUMENT_CELL_STREAM
RCEP,NZ,2023_215 + 216_129-2022-NĐ-CP.doc,8708.99.62,870899,87089962,- - - - - Dùng cho xe thuộc nhóm 87.03,12|9|6,6,LAST_AVAILABLE_COLUMN_FALLBACK,,"13,5|10,5|7,5",3,EXTRACTED_FROM_WORDDOCUMENT_CELL_STREAM
RCEP,NZ,2023_215 + 216_129-2022-NĐ-CP.doc,8708.99.63,870899,87089963,- - - - - Dùng cho xe thuộc nhóm 87.04,9|8|7|6|5|4,5,COLUMN_5_AS_2026,,,6,EXTRACTED_FROM_WORDDOCUMENT_CELL_STREAM
RCEP,NZ,2023_215 + 216_129-2022-NĐ-CP.doc,8708.99.70,870899,87089970,- - - - Khung giá đỡ động cơ,14|13|12|11|10|9,10,COLUMN_5_AS_2026,,,6,EXTRACTED_FROM_WORDDOCUMENT_CELL_STREAM
RCEP,NZ,2023_215 + 216_129-2022-NĐ-CP.doc,8708.99.80,870899,87089980,- - - - Loại khác,14|13|12|11|10|9,10,COLUMN_5_AS_2026,,- - - Loại khác:,6,EXTRACTED_FROM_WORDDOCUMENT_CELL_STREAM
RCEP,NZ,2023_215 + 216_129-2022-NĐ-CP.doc,8708.99.91,870899,87089991,- - - - Thùng nhiên liệu chưa lắp ráp; khung giá đỡ động cơ,12|9|6,6,LAST_AVAILABLE_COLUMN_FALLBACK,,"13,5|10,5|7,5",3,EXTRACTED_FROM_WORDDOCUMENT_CELL_STREAM
RCEP,NZ,2023_215 + 216_129-2022-NĐ-CP.doc,8708.99.99,870899,87089999,- - - - Loại khác,12|9|6,6,LAST_AVAILABLE_COLUMN_FALLBACK,,"13,5|10,5|7,5|87.09|Xe vận chuyển, loại tự hành, không lắp kèm thiết bị nâng hạ hoặc cặp giữ, thuộc loại dùng trong nhà máy, kho hàng, bến cảng hoặc sân bay để vận chuyển hàng hóa trong phạm vi hẹp; xe kéo loại sử dụng trong sân ga, ke ga đường sắt; bộ phận của các loại xe kể trên",3,EXTRACTED_FROM_WORDDOCUMENT_CELL_STREAM
RCEP,NZ,2023_215 + 216_129-2022-NĐ-CP.doc,9029.20,902920,902920,- Đồng hồ chỉ tốc độ và máy đo tốc độ góc; máy hoạt nghiệm:,,,NO_RATE_COLUMN,,,0,EXTRACTED_FROM_WORDDOCUMENT_CELL_STREAM
RCEP,NZ,2023_215 + 216_129-2022-NĐ-CP.doc,9029.20.10,902920,90292010,- - Đồng hồ tốc độ dùng cho xe có động cơ,0|0|0|0|0|0,0,COLUMN_5_AS_2026,,,6,EXTRACTED_FROM_WORDDOCUMENT_CELL_STREAM
RCEP,NZ,2023_215 + 216_129-2022-NĐ-CP.doc,9029.20.20,902920,90292020,- - Máy đo tốc độ góc cho xe có động cơ,0|0|0|0|0|0,0,COLUMN_5_AS_2026,,,6,EXTRACTED_FROM_WORDDOCUMENT_CELL_STREAM
RCEP,NZ,2023_215 + 216_129-2022-NĐ-CP.doc,9029.20.90,902920,90292090,- - Loại khác,0|0|0|0|0|0,0,COLUMN_5_AS_2026,,,6,EXTRACTED_FROM_WORDDOCUMENT_CELL_STREAM
RCEP,NZ,2023_215 + 216_129-2022-NĐ-CP.doc,9032.89,903289,903289,- - Loại khác:,,,NO_RATE_COLUMN,,,0,EXTRACTED_FROM_WORDDOCUMENT_CELL_STREAM
RCEP,NZ,2023_215 + 216_129-2022-NĐ-CP.doc,9032.89.10,903289,90328910,"- - - Dụng cụ và thiết bị đi kèm hoặc hoạt động cùng với máy xử lý dữ liệu tự động, để điều chỉnh hoặc điều khiển tự động hệ thống đẩy, giữ thăng bằng hoặc xếp hàng hóa của tàu thuyền",0|0|0|0|0|0,0,COLUMN_5_AS_2026,,,6,EXTRACTED_FROM_WORDDOCUMENT_CELL_STREAM
RCEP,NZ,2023_215 + 216_129-2022-NĐ-CP.doc,9032.89.20,903289,90328920,- - - Dụng cụ và thiết bị tự động để điều chỉnh hoặc điều khiển dung dịch hóa chất hoặc điện hóa trong sản xuất tấm mạch in/tấm dây in hoặc mạch in đã lắp ráp,0|0|0|0|0|0,0,COLUMN_5_AS_2026,,"- - - Loại khác, hoạt động bằng điện:",6,EXTRACTED_FROM_WORDDOCUMENT_CELL_STREAM
RCEP,NZ,2023_215 + 216_129-2022-NĐ-CP.doc,9032.89.31,903289,90328931,- - - - Bộ điều chỉnh điện áp tự động (ổn áp),0|0|0|0|0|0,0,COLUMN_5_AS_2026,,,6,EXTRACTED_FROM_WORDDOCUMENT_CELL_STREAM
RCEP,NZ,2023_215 + 216_129-2022-NĐ-CP.doc,9032.89.39,903289,90328939,- - - - Loại khác,0|0|0|0|0|0,0,COLUMN_5_AS_2026,,,6,EXTRACTED_FROM_WORDDOCUMENT_CELL_STREAM
RCEP,NZ,2023_215 + 216_129-2022-NĐ-CP.doc,9032.89.90,903289,90328990,- - - Loại khác,0|0|0|0|0|0,0,COLUMN_5_AS_2026,,,6,EXTRACTED_FROM_WORDDOCUMENT_CELL_STREAM
RCEP,NZ,2023_215 + 216_129-2022-NĐ-CP.doc,9401.20,940120,940120,- Ghế dùng cho xe có động cơ:,,,NO_RATE_COLUMN,,,0,EXTRACTED_FROM_WORDDOCUMENT_CELL_STREAM
RCEP,NZ,2023_215 + 216_129-2022-NĐ-CP.doc,9401.20.10,940120,94012010,"- - Của xe thuộc nhóm 87.02, 87.03 hoặc 87.04",25|25|25|25|25|25,25,COLUMN_5_AS_2026,,,6,EXTRACTED_FROM_WORDDOCUMENT_CELL_STREAM
RCEP,NZ,2023_215 + 216_129-2022-NĐ-CP.doc,9401.20.90,940120,94012090,- - Loại khác,25|25|25|25|25|25,25,COLUMN_5_AS_2026,,- Ghế quay có điều chỉnh độ cao:,6,EXTRACTED_FROM_WORDDOCUMENT_CELL_STREAM
