"hs6_query","national_tariff_code","unit","description","import_rate","export_rate","trq","sst","excise","cess_1","cess_2","cess_3","source_file","source_sha256"
"400932","4009321000","kg","- - - Mining slurry suction and discharge hoses","30%","0%","","10%","","NIL","NIL","0.2%","JKDM_HS_Explorer_PDK2025_400932.html","a3a4d118c5b7e3d62b1982f8d3073c32602f6270a04e8416aa0fc5ad46a0fc06"
"400932","4009329000","kg","- - - Other","30%","0%","","10%","","NIL","NIL","0.2%","JKDM_HS_Explorer_PDK2025_400932.html","a3a4d118c5b7e3d62b1982f8d3073c32602f6270a04e8416aa0fc5ad46a0fc06"
"401110","4011100000","u","- Of a kind used on motor cars (including station wagons and racing cars)","40%","0%","","5%","","","","","JKDM_HS_Explorer_PDK2025_401110.html","579ccbbfb478f33498cff5f6cdf76a1facb14791e14ec40b74939d3c79b1d7ee"
"681381","6813810000","kg","- - Brake linings and pads","30%","0%","","10%","","","","","JKDM_HS_Explorer_PDK2025_681381.html","00001ed7a71f740d5081e62e782cd792f75b65742e4fe2ed0c4cf3c480dab495"
"700721","7007211000","kg","- - - Suitable for vehicles of Chapter 87","30%","0%","","10%","","","","","JKDM_HS_Explorer_PDK2025_700721.html","cf6131bd845df7768c282f402ab8dd18d5dad92b96a570996d4cb35f760cc71e"
"700721","7007212000","kg","- - - Suitable for aircraft or spacecraft of Chapter 88","30%","0%","","10%","","","","","JKDM_HS_Explorer_PDK2025_700721.html","cf6131bd845df7768c282f402ab8dd18d5dad92b96a570996d4cb35f760cc71e"
"700721","7007219000","kg","- - - Other","30%","0%","","10%","","","","","JKDM_HS_Explorer_PDK2025_700721.html","cf6131bd845df7768c282f402ab8dd18d5dad92b96a570996d4cb35f760cc71e"
"700910","7009100000","kg","- Rear-view mirrors for vehicles","5%","0%","","10%","","","","","JKDM_HS_Explorer_PDK2025_700910.html","9fe2a7d64a6ef690d5465e8a8b7664b22d73420d31c0feb677d16d1cf8fb24fc"
"732010","7320101100","kg","- - - Suitable for use on motor vehicles of heading 87.02, 87.03 or 87.04","5%","0%","","10%","","","","","JKDM_HS_Explorer_PDK2025_732010.html","73d5980c37c16a46fbe41b18ebd300b4a03fac09f8ea8857123ce450c6efc3a5"
"732010","7320101200","kg","- - - Suitable for use on other motor vehicles","5%","0%","","10%","","","","","JKDM_HS_Explorer_PDK2025_732010.html","73d5980c37c16a46fbe41b18ebd300b4a03fac09f8ea8857123ce450c6efc3a5"
"732010","7320101900","kg","- - - Other","5%","0%","","10%","","","","","JKDM_HS_Explorer_PDK2025_732010.html","73d5980c37c16a46fbe41b18ebd300b4a03fac09f8ea8857123ce450c6efc3a5"
"732010","7320109000","kg","- - Other","5%","0%","","10%","","","","","JKDM_HS_Explorer_PDK2025_732010.html","73d5980c37c16a46fbe41b18ebd300b4a03fac09f8ea8857123ce450c6efc3a5"
"732020","7320201100","kg","- - - For motor vehicles","5%","0%","","10%","","","","","JKDM_HS_Explorer_PDK2025_732020.html","0305af59aef513044c76b2af88c20d7f6cbb98e1c1e6bccd54abca29aaf0cf08"
"732020","7320201200","kg","- - - For earth-moving machinery","5%","0%","","10%","","","","","JKDM_HS_Explorer_PDK2025_732020.html","0305af59aef513044c76b2af88c20d7f6cbb98e1c1e6bccd54abca29aaf0cf08"
"732020","7320201900","kg","- - - Other","5%","0%","","10%","","","","","JKDM_HS_Explorer_PDK2025_732020.html","0305af59aef513044c76b2af88c20d7f6cbb98e1c1e6bccd54abca29aaf0cf08"
"732020","7320209000","kg","- - Other","5%","0%","","10%","","","","","JKDM_HS_Explorer_PDK2025_732020.html","0305af59aef513044c76b2af88c20d7f6cbb98e1c1e6bccd54abca29aaf0cf08"
"840734","8407344000","u","- - - - For pedestrian controlled tractors, of a cylinder capacity not exceeding 1,100 cc","5%","0%","","10%","","","","","JKDM_HS_Explorer_PDK2025_840734.html","c64bba31e6bd99b070103cee5a5f22edbf13e25fab2b931fda691f97e0a8f2b5"
"840734","8407345000","u","- - - - For other vehicles of heading 87.01","5%","0%","","10%","","","","","JKDM_HS_Explorer_PDK2025_840734.html","c64bba31e6bd99b070103cee5a5f22edbf13e25fab2b931fda691f97e0a8f2b5"
"840734","8407346000","u","- - - - For vehicles of heading 87.11","5%","0%","","10%","","","","","JKDM_HS_Explorer_PDK2025_840734.html","c64bba31e6bd99b070103cee5a5f22edbf13e25fab2b931fda691f97e0a8f2b5"
"840734","8407347100","u","- - - - - Of a cylinder capacity not exceeding 2,000 cc","5%","0%","","10%","","","","","JKDM_HS_Explorer_PDK2025_840734.html","c64bba31e6bd99b070103cee5a5f22edbf13e25fab2b931fda691f97e0a8f2b5"
"840734","8407347200","u","- - - - - Of a cylinder capacity exceeding 2,000 cc but not exceeding 3,000 cc","5%","0%","","10%","","","","","JKDM_HS_Explorer_PDK2025_840734.html","c64bba31e6bd99b070103cee5a5f22edbf13e25fab2b931fda691f97e0a8f2b5"
"840734","8407347300","u","- - - - - Of a cylinder capacity exceeding 3,000 cc","5%","0%","","10%","","","","","JKDM_HS_Explorer_PDK2025_840734.html","c64bba31e6bd99b070103cee5a5f22edbf13e25fab2b931fda691f97e0a8f2b5"
"840734","8407349100","u","- - - - For pedestrian controlled tractors, of a cylinder capacity not exceeding 1,100 cc","5%","0%","","10%","","","","","JKDM_HS_Explorer_PDK2025_840734.html","c64bba31e6bd99b070103cee5a5f22edbf13e25fab2b931fda691f97e0a8f2b5"
"840734","8407349200","u","- - - - For other vehicles of heading 87.01","5%","0%","","10%","","","","","JKDM_HS_Explorer_PDK2025_840734.html","c64bba31e6bd99b070103cee5a5f22edbf13e25fab2b931fda691f97e0a8f2b5"
"840734","8407349300","u","- - - - For vehicles of heading 87.11","5%","0%","","10%","","","","","JKDM_HS_Explorer_PDK2025_840734.html","c64bba31e6bd99b070103cee5a5f22edbf13e25fab2b931fda691f97e0a8f2b5"
"840734","8407349400","u","- - - - - Of a cylinder capacity not exceeding 2,000 cc","5%","0%","","10%","","","","","JKDM_HS_Explorer_PDK2025_840734.html","c64bba31e6bd99b070103cee5a5f22edbf13e25fab2b931fda691f97e0a8f2b5"
"840734","8407349500","u","- - - - - Of a cylinder capacity exceeding 2,000 cc but not exceeding 3,000 cc","5%","0%","","10%","","","","","JKDM_HS_Explorer_PDK2025_840734.html","c64bba31e6bd99b070103cee5a5f22edbf13e25fab2b931fda691f97e0a8f2b5"
"840734","8407349900","u","- - - - - Of a cylinder capacity exceeding 3,000 cc","5%","0%","","10%","","","","","JKDM_HS_Explorer_PDK2025_840734.html","c64bba31e6bd99b070103cee5a5f22edbf13e25fab2b931fda691f97e0a8f2b5"
"840820","8408201000","u","- - - For vehicles of subheading 8701.10","0%","0%","","10%","","","","","JKDM_HS_Explorer_PDK2025_840820.html","4a5e75ef8ff3bfa8fe7ed2801625f5bd01884a4415154b6e6364c6af4f47f440"
"840820","8408202100","u","- - - - Of a cylinder capacity not exceeding 2,000 cc","0%","0%","","10%","","","","","JKDM_HS_Explorer_PDK2025_840820.html","4a5e75ef8ff3bfa8fe7ed2801625f5bd01884a4415154b6e6364c6af4f47f440"
"840820","8408202200","u","- - - - Of a cylinder capacity exceeding 2,000 cc but not exceeding 3,500 cc","0%","0%","","10%","","","","","JKDM_HS_Explorer_PDK2025_840820.html","4a5e75ef8ff3bfa8fe7ed2801625f5bd01884a4415154b6e6364c6af4f47f440"
"840820","8408202300","u","- - - - Of a cylinder capacity exceeding 3,500 cc","0%","0%","","10%","","","","","JKDM_HS_Explorer_PDK2025_840820.html","4a5e75ef8ff3bfa8fe7ed2801625f5bd01884a4415154b6e6364c6af4f47f440"
"840820","8408209300","u","- - - For the vehicles of subheading 8701.10","0%","0%","","10%","","","","","JKDM_HS_Explorer_PDK2025_840820.html","4a5e75ef8ff3bfa8fe7ed2801625f5bd01884a4415154b6e6364c6af4f47f440"
"840820","8408209400","u","- - - - Of a cylinder capacity not exceeding 2,000 cc","0%","0%","","10%","","","","","JKDM_HS_Explorer_PDK2025_840820.html","4a5e75ef8ff3bfa8fe7ed2801625f5bd01884a4415154b6e6364c6af4f47f440"
"840820","8408209500","u","- - - - Of a cylinder capacity exceeding 2,000 cc but not exceeding 3,500 cc","0%","0%","","10%","","","","","JKDM_HS_Explorer_PDK2025_840820.html","4a5e75ef8ff3bfa8fe7ed2801625f5bd01884a4415154b6e6364c6af4f47f440"
"840820","8408209600","u","- - - - Of a cylinder capacity exceeding 3,500 cc","0%","0%","","10%","","","","","JKDM_HS_Explorer_PDK2025_840820.html","4a5e75ef8ff3bfa8fe7ed2801625f5bd01884a4415154b6e6364c6af4f47f440"
"840991","8409911100","kg","- - - - Carburettors and parts thereof","5%","0%","","10%","","","","","JKDM_HS_Explorer_PDK2025_840991.html","6bc109b78b14a8cd4d2ea405f2dd362a5e6268fec6085cde9b6c032b8eedc554"
"840991","8409911200","kg","- - - - Cylinder blocks; crank cases","0%","0%","","10%","","","","","JKDM_HS_Explorer_PDK2025_840991.html","6bc109b78b14a8cd4d2ea405f2dd362a5e6268fec6085cde9b6c032b8eedc554"
"840991","8409911300","kg","- - - - Cylinder liners, with an internal diameter of 50 mm or more, but not exceeding 155 mm","30%","0%","","10%","","","","","JKDM_HS_Explorer_PDK2025_840991.html","6bc109b78b14a8cd4d2ea405f2dd362a5e6268fec6085cde9b6c032b8eedc554"
"840991","8409911400","kg","- - - - Other cylinder liners","5%","0%","","10%","","","","","JKDM_HS_Explorer_PDK2025_840991.html","6bc109b78b14a8cd4d2ea405f2dd362a5e6268fec6085cde9b6c032b8eedc554"
"840991","8409911500","kg","- - - - Cylinder heads and head covers","5%","0%","","10%","","","","","JKDM_HS_Explorer_PDK2025_840991.html","6bc109b78b14a8cd4d2ea405f2dd362a5e6268fec6085cde9b6c032b8eedc554"
"840991","8409911600","kg","- - - - Pistons, with an external diameter of 50 mm or more, but not exceeding 155 mm","30%","0%","","10%","","","","","JKDM_HS_Explorer_PDK2025_840991.html","6bc109b78b14a8cd4d2ea405f2dd362a5e6268fec6085cde9b6c032b8eedc554"
"840991","8409911700","kg","- - - - Other pistons","5%","0%","","10%","","","","","JKDM_HS_Explorer_PDK2025_840991.html","6bc109b78b14a8cd4d2ea405f2dd362a5e6268fec6085cde9b6c032b8eedc554"
"840991","8409911800","kg","- - - - Piston rings and gudgeon pins","5%","0%","","10%","","","","","JKDM_HS_Explorer_PDK2025_840991.html","6bc109b78b14a8cd4d2ea405f2dd362a5e6268fec6085cde9b6c032b8eedc554"
"840991","8409911900","kg","- - - - Other","5%","0%","","10%","","","","","JKDM_HS_Explorer_PDK2025_840991.html","6bc109b78b14a8cd4d2ea405f2dd362a5e6268fec6085cde9b6c032b8eedc554"
"840991","8409912100","kg","- - - - Carburettors and parts thereof","5%","0%","","10%","","","","","JKDM_HS_Explorer_PDK2025_840991.html","6bc109b78b14a8cd4d2ea405f2dd362a5e6268fec6085cde9b6c032b8eedc554"
"840991","8409912200","kg","- - - - Cylinder blocks; crank cases","0%","0%","","10%","","","","","JKDM_HS_Explorer_PDK2025_840991.html","6bc109b78b14a8cd4d2ea405f2dd362a5e6268fec6085cde9b6c032b8eedc554"
"840991","8409912300","kg","- - - - Cylinder liners, with an internal diameter of 50 mm or more, but not exceeding 155 mm","30%","0%","","10%","","","","","JKDM_HS_Explorer_PDK2025_840991.html","6bc109b78b14a8cd4d2ea405f2dd362a5e6268fec6085cde9b6c032b8eedc554"
"840991","8409912400","kg","- - - - Other cylinder liners","5%","0%","","10%","","","","","JKDM_HS_Explorer_PDK2025_840991.html","6bc109b78b14a8cd4d2ea405f2dd362a5e6268fec6085cde9b6c032b8eedc554"
"840991","8409912600","kg","- - - - Pistons, with an external diameter of 50 mm or more, but not exceeding 155 mm","30%","0%","","10%","","","","","JKDM_HS_Explorer_PDK2025_840991.html","6bc109b78b14a8cd4d2ea405f2dd362a5e6268fec6085cde9b6c032b8eedc554"
"840991","8409912800","kg","- - - - Piston rings and gudgeon pins","5%","0%","","10%","","","","","JKDM_HS_Explorer_PDK2025_840991.html","6bc109b78b14a8cd4d2ea405f2dd362a5e6268fec6085cde9b6c032b8eedc554"
"840991","8409912900","kg","- - - - Other","5%","0%","","10%","","","","","JKDM_HS_Explorer_PDK2025_840991.html","6bc109b78b14a8cd4d2ea405f2dd362a5e6268fec6085cde9b6c032b8eedc554"
"840991","8409913100","kg","- - - - Carburettors and parts thereof","30%","0%","","10%","","","","","JKDM_HS_Explorer_PDK2025_840991.html","6bc109b78b14a8cd4d2ea405f2dd362a5e6268fec6085cde9b6c032b8eedc554"
"840991","8409913200","kg","- - - - Cylinder blocks; crank cases","30%","0%","","10%","","","","","JKDM_HS_Explorer_PDK2025_840991.html","6bc109b78b14a8cd4d2ea405f2dd362a5e6268fec6085cde9b6c032b8eedc554"
"840991","8409913400","kg","- - - - Cylinder liners","30%","0%","","10%","","","","","JKDM_HS_Explorer_PDK2025_840991.html","6bc109b78b14a8cd4d2ea405f2dd362a5e6268fec6085cde9b6c032b8eedc554"
"840991","8409913500","kg","- - - - Cylinder heads and head covers","30%","0%","","10%","","","","","JKDM_HS_Explorer_PDK2025_840991.html","6bc109b78b14a8cd4d2ea405f2dd362a5e6268fec6085cde9b6c032b8eedc554"
"840991","8409913700","kg","- - - - Pistons","30%","0%","","10%","","","","","JKDM_HS_Explorer_PDK2025_840991.html","6bc109b78b14a8cd4d2ea405f2dd362a5e6268fec6085cde9b6c032b8eedc554"
"840991","8409913800","kg","- - - - Piston rings and gudgeon pins","30%","0%","","10%","","","","","JKDM_HS_Explorer_PDK2025_840991.html","6bc109b78b14a8cd4d2ea405f2dd362a5e6268fec6085cde9b6c032b8eedc554"
"840991","8409913900","kg","- - - - Other","30%","0%","","10%","","","","","JKDM_HS_Explorer_PDK2025_840991.html","6bc109b78b14a8cd4d2ea405f2dd362a5e6268fec6085cde9b6c032b8eedc554"
"840991","8409914100","kg","- - - - Carburettors and parts thereof","5%","0%","","10%","","","","","JKDM_HS_Explorer_PDK2025_840991.html","6bc109b78b14a8cd4d2ea405f2dd362a5e6268fec6085cde9b6c032b8eedc554"
"840991","8409914200","kg","- - - - Cylinder blocks; crank cases","0%","0%","","10%","","","","","JKDM_HS_Explorer_PDK2025_840991.html","6bc109b78b14a8cd4d2ea405f2dd362a5e6268fec6085cde9b6c032b8eedc554"
"840991","8409914300","kg","- - - - Cylinder liners, with an internal diameter of 50 mm or more, but not exceeding 155 mm","30%","0%","","10%","","","","","JKDM_HS_Explorer_PDK2025_840991.html","6bc109b78b14a8cd4d2ea405f2dd362a5e6268fec6085cde9b6c032b8eedc554"
"840991","8409914400","kg","- - - - Other cylinder liners","5%","0%","","10%","","","","","JKDM_HS_Explorer_PDK2025_840991.html","6bc109b78b14a8cd4d2ea405f2dd362a5e6268fec6085cde9b6c032b8eedc554"
"840991","8409914500","kg","- - - - Cylinder heads and head covers","5%","0%","","10%","","","","","JKDM_HS_Explorer_PDK2025_840991.html","6bc109b78b14a8cd4d2ea405f2dd362a5e6268fec6085cde9b6c032b8eedc554"
"840991","8409914600","kg","- - - - Pistons, with an external diameter of 50 mm or more, but not exceeding 155 mm","30%","0%","","10%","","","","","JKDM_HS_Explorer_PDK2025_840991.html","6bc109b78b14a8cd4d2ea405f2dd362a5e6268fec6085cde9b6c032b8eedc554"
"840991","8409914700","kg","- - - - Other pistons","5%","0%","","10%","","","","","JKDM_HS_Explorer_PDK2025_840991.html","6bc109b78b14a8cd4d2ea405f2dd362a5e6268fec6085cde9b6c032b8eedc554"
"840991","8409914800","kg","- - - - Piston rings and gudgeon pins","5%","0%","","10%","","","","","JKDM_HS_Explorer_PDK2025_840991.html","6bc109b78b14a8cd4d2ea405f2dd362a5e6268fec6085cde9b6c032b8eedc554"
"840991","8409914900","kg","- - - - Other","5%","0%","","10%","","","","","JKDM_HS_Explorer_PDK2025_840991.html","6bc109b78b14a8cd4d2ea405f2dd362a5e6268fec6085cde9b6c032b8eedc554"
"840991","8409915100","kg","- - - - - Cylinder blocks; crank cases","0%","0%","","10%","","","","","JKDM_HS_Explorer_PDK2025_840991.html","6bc109b78b14a8cd4d2ea405f2dd362a5e6268fec6085cde9b6c032b8eedc554"
"840991","8409915200","kg","- - - - - Cylinder liners, with an internal diameter of 50 mm or more, but not exceeding 155 mm","30%","0%","","10%","","","","","JKDM_HS_Explorer_PDK2025_840991.html","6bc109b78b14a8cd4d2ea405f2dd362a5e6268fec6085cde9b6c032b8eedc554"
"840991","8409915300","kg","- - - - - Other cylinder liners","5%","0%","","10%","","","","","JKDM_HS_Explorer_PDK2025_840991.html","6bc109b78b14a8cd4d2ea405f2dd362a5e6268fec6085cde9b6c032b8eedc554"
"840991","8409915400","kg","- - - - - Pistons, with an external diameter of 50 mm or more, but not exceeding 155 mm","30%","0%","","10%","","","","","JKDM_HS_Explorer_PDK2025_840991.html","6bc109b78b14a8cd4d2ea405f2dd362a5e6268fec6085cde9b6c032b8eedc554"
"840991","8409915500","kg","- - - - - Other pistons","5%","0%","","10%","","","","","JKDM_HS_Explorer_PDK2025_840991.html","6bc109b78b14a8cd4d2ea405f2dd362a5e6268fec6085cde9b6c032b8eedc554"
"840991","8409915900","kg","- - - - - Other","5%","0%","","10%","","","","","JKDM_HS_Explorer_PDK2025_840991.html","6bc109b78b14a8cd4d2ea405f2dd362a5e6268fec6085cde9b6c032b8eedc554"
"840991","8409916100","kg","- - - - - Cylinder blocks; crank cases","0%","0%","","10%","","","","","JKDM_HS_Explorer_PDK2025_840991.html","6bc109b78b14a8cd4d2ea405f2dd362a5e6268fec6085cde9b6c032b8eedc554"
"840991","8409916200","kg","- - - - - Cylinder liners, with an internal diameter of 50 mm or more, but not exceeding 155 mm","30%","0%","","10%","","","","","JKDM_HS_Explorer_PDK2025_840991.html","6bc109b78b14a8cd4d2ea405f2dd362a5e6268fec6085cde9b6c032b8eedc554"
"840991","8409916300","kg","- - - - - Other cylinder liners","5%","0%","","10%","","","","","JKDM_HS_Explorer_PDK2025_840991.html","6bc109b78b14a8cd4d2ea405f2dd362a5e6268fec6085cde9b6c032b8eedc554"
"840991","8409916400","kg","- - - - - Pistons, with an external diameter of 50 mm or more, but not exceeding 155 mm","30%","0%","","10%","","","","","JKDM_HS_Explorer_PDK2025_840991.html","6bc109b78b14a8cd4d2ea405f2dd362a5e6268fec6085cde9b6c032b8eedc554"
"840991","8409916900","kg","- - - - - Other","5%","0%","","10%","","","","","JKDM_HS_Explorer_PDK2025_840991.html","6bc109b78b14a8cd4d2ea405f2dd362a5e6268fec6085cde9b6c032b8eedc554"
"840991","8409917100","kg","- - - - Carburettors and parts thereof","5%","0%","","10%","","","","","JKDM_HS_Explorer_PDK2025_840991.html","6bc109b78b14a8cd4d2ea405f2dd362a5e6268fec6085cde9b6c032b8eedc554"
"840991","8409917200","kg","- - - - Cylinder blocks; crank cases","0%","0%","","10%","","","","","JKDM_HS_Explorer_PDK2025_840991.html","6bc109b78b14a8cd4d2ea405f2dd362a5e6268fec6085cde9b6c032b8eedc554"
"840991","8409917300","kg","- - - - Cylinder liners, with an internal diameter of 50 mm or more, but not exceeding 155 mm","30%","0%","","10%","","","","","JKDM_HS_Explorer_PDK2025_840991.html","6bc109b78b14a8cd4d2ea405f2dd362a5e6268fec6085cde9b6c032b8eedc554"
"840991","8409917400","kg","- - - - Other cylinder liners","5%","0%","","10%","","","","","JKDM_HS_Explorer_PDK2025_840991.html","6bc109b78b14a8cd4d2ea405f2dd362a5e6268fec6085cde9b6c032b8eedc554"
"840991","8409917600","kg","- - - - Pistons, with an external diameter of 50 mm or more, but not exceeding 155 mm","30%","0%","","10%","","","","","JKDM_HS_Explorer_PDK2025_840991.html","6bc109b78b14a8cd4d2ea405f2dd362a5e6268fec6085cde9b6c032b8eedc554"
"840991","8409917700","kg","- - - - Other pistons","5%","0%","","10%","","","","","JKDM_HS_Explorer_PDK2025_840991.html","6bc109b78b14a8cd4d2ea405f2dd362a5e6268fec6085cde9b6c032b8eedc554"
"840991","8409917800","kg","- - - - Piston rings and gudgeon pins","5%","0%","","10%","","","","","JKDM_HS_Explorer_PDK2025_840991.html","6bc109b78b14a8cd4d2ea405f2dd362a5e6268fec6085cde9b6c032b8eedc554"
"840991","8409917900","kg","- - - - Other","5%","0%","","10%","","","","","JKDM_HS_Explorer_PDK2025_840991.html","6bc109b78b14a8cd4d2ea405f2dd362a5e6268fec6085cde9b6c032b8eedc554"
"840999","8409991100","kg","- - - - Carburettors and parts thereof","5%","0%","","10%","","","","","JKDM_HS_Explorer_PDK2025_840999.html","3b68f3e013a42bb3e32995ac4a9300a889b78fb13e854d2bc746a71d1d998ba6"
"840999","8409991200","kg","- - - - Cylinder blocks; crank cases","0%","0%","","10%","","","","","JKDM_HS_Explorer_PDK2025_840999.html","3b68f3e013a42bb3e32995ac4a9300a889b78fb13e854d2bc746a71d1d998ba6"
"840999","8409991300","kg","- - - - Cylinder liners, with an internal diameter of 50 mm or more, but not exceeding 155 mm","30%","0%","","10%","","","","","JKDM_HS_Explorer_PDK2025_840999.html","3b68f3e013a42bb3e32995ac4a9300a889b78fb13e854d2bc746a71d1d998ba6"
"840999","8409991400","kg","- - - - Other cylinder liners","0%","0%","","10%","","","","","JKDM_HS_Explorer_PDK2025_840999.html","3b68f3e013a42bb3e32995ac4a9300a889b78fb13e854d2bc746a71d1d998ba6"
"840999","8409991500","kg","- - - - Cylinder heads and head covers","5%","0%","","10%","","","","","JKDM_HS_Explorer_PDK2025_840999.html","3b68f3e013a42bb3e32995ac4a9300a889b78fb13e854d2bc746a71d1d998ba6"
"840999","8409991600","kg","- - - - Pistons, with an external diameter of 50 mm or more, but not exceeding 155 mm","30%","0%","","10%","","","","","JKDM_HS_Explorer_PDK2025_840999.html","3b68f3e013a42bb3e32995ac4a9300a889b78fb13e854d2bc746a71d1d998ba6"
"840999","8409991700","kg","- - - - Other pistons","0%","0%","","10%","","","","","JKDM_HS_Explorer_PDK2025_840999.html","3b68f3e013a42bb3e32995ac4a9300a889b78fb13e854d2bc746a71d1d998ba6"
"840999","8409991800","kg","- - - - Piston rings and gudgeon pins","5%","0%","","10%","","","","","JKDM_HS_Explorer_PDK2025_840999.html","3b68f3e013a42bb3e32995ac4a9300a889b78fb13e854d2bc746a71d1d998ba6"
"840999","8409991900","kg","- - - - Other","5%","0%","","10%","","","","","JKDM_HS_Explorer_PDK2025_840999.html","3b68f3e013a42bb3e32995ac4a9300a889b78fb13e854d2bc746a71d1d998ba6"
"840999","8409992100","kg","- - - - Carburettors and parts thereof","5%","0%","","10%","","","","","JKDM_HS_Explorer_PDK2025_840999.html","3b68f3e013a42bb3e32995ac4a9300a889b78fb13e854d2bc746a71d1d998ba6"
"840999","8409992200","kg","- - - - Cylinder blocks; crank cases","0%","0%","","10%","","","","","JKDM_HS_Explorer_PDK2025_840999.html","3b68f3e013a42bb3e32995ac4a9300a889b78fb13e854d2bc746a71d1d998ba6"
"840999","8409992300","kg","- - - - Cylinder liners, with an internal diameter of 50 mm or more, but not exceeding 155 mm","30%","0%","","10%","","","","","JKDM_HS_Explorer_PDK2025_840999.html","3b68f3e013a42bb3e32995ac4a9300a889b78fb13e854d2bc746a71d1d998ba6"
"840999","8409992400","kg","- - - - Other cylinder liners","0%","0%","","10%","","","","","JKDM_HS_Explorer_PDK2025_840999.html","3b68f3e013a42bb3e32995ac4a9300a889b78fb13e854d2bc746a71d1d998ba6"
"840999","8409992500","kg","- - - - Cylinder heads and head covers","5%","0%","","10%","","","","","JKDM_HS_Explorer_PDK2025_840999.html","3b68f3e013a42bb3e32995ac4a9300a889b78fb13e854d2bc746a71d1d998ba6"
"840999","8409992600","kg","- - - - Pistons, with an external diameter of 50 mm or more, but not exceeding 155 mm","30%","0%","","10%","","","","","JKDM_HS_Explorer_PDK2025_840999.html","3b68f3e013a42bb3e32995ac4a9300a889b78fb13e854d2bc746a71d1d998ba6"
"840999","8409992700","kg","- - - - Other pistons","0%","0%","","10%","","","","","JKDM_HS_Explorer_PDK2025_840999.html","3b68f3e013a42bb3e32995ac4a9300a889b78fb13e854d2bc746a71d1d998ba6"
"840999","8409992900","kg","- - - - Other","5%","0%","","10%","","","","","JKDM_HS_Explorer_PDK2025_840999.html","3b68f3e013a42bb3e32995ac4a9300a889b78fb13e854d2bc746a71d1d998ba6"
"840999","8409993100","kg","- - - - Carburettors and parts thereof","5%","0%","","10%","","","","","JKDM_HS_Explorer_PDK2025_840999.html","3b68f3e013a42bb3e32995ac4a9300a889b78fb13e854d2bc746a71d1d998ba6"
"840999","8409993200","kg","- - - - Cylinder blocks; crank cases","0%","0%","","10%","","","","","JKDM_HS_Explorer_PDK2025_840999.html","3b68f3e013a42bb3e32995ac4a9300a889b78fb13e854d2bc746a71d1d998ba6"
"840999","8409993400","kg","- - - - Cylinder heads and head covers","5%","0%","","10%","","","","","JKDM_HS_Explorer_PDK2025_840999.html","3b68f3e013a42bb3e32995ac4a9300a889b78fb13e854d2bc746a71d1d998ba6"
"840999","8409993600","kg","- - - - Piston rings and gudgeon pins","5%","0%","","10%","","","","","JKDM_HS_Explorer_PDK2025_840999.html","3b68f3e013a42bb3e32995ac4a9300a889b78fb13e854d2bc746a71d1d998ba6"
"840999","8409993700","kg","- - - - Cylinder liners, with an internal diameter of 50 mm or more, but not exceeding 155 mm; pistons, with an external diameter of 50 mm or more, but not exceeding 155 mm","30%","0%","","10%","","","","","JKDM_HS_Explorer_PDK2025_840999.html","3b68f3e013a42bb3e32995ac4a9300a889b78fb13e854d2bc746a71d1d998ba6"
"840999","8409993800","kg","- - - - Other cylinder liners and pistons","0%","0%","","10%","","","","","JKDM_HS_Explorer_PDK2025_840999.html","3b68f3e013a42bb3e32995ac4a9300a889b78fb13e854d2bc746a71d1d998ba6"
"840999","8409993900","kg","- - - - Other","5%","0%","","10%","","","","","JKDM_HS_Explorer_PDK2025_840999.html","3b68f3e013a42bb3e32995ac4a9300a889b78fb13e854d2bc746a71d1d998ba6"
"840999","8409994100","kg","- - - - Carburettors and parts thereof","5%","0%","","10%","","","","","JKDM_HS_Explorer_PDK2025_840999.html","3b68f3e013a42bb3e32995ac4a9300a889b78fb13e854d2bc746a71d1d998ba6"
"840999","8409994200","kg","- - - - Cylinder blocks; crank cases","0%","0%","","10%","","","","","JKDM_HS_Explorer_PDK2025_840999.html","3b68f3e013a42bb3e32995ac4a9300a889b78fb13e854d2bc746a71d1d998ba6"
"840999","8409994300","kg","- - - - Cylinder liners, with an internal diameter of 50 mm or more, but not exceeding 155 mm","30%","0%","","10%","","","","","JKDM_HS_Explorer_PDK2025_840999.html","3b68f3e013a42bb3e32995ac4a9300a889b78fb13e854d2bc746a71d1d998ba6"
"840999","8409994400","kg","- - - - Other cylinder liners","0%","0%","","10%","","","","","JKDM_HS_Explorer_PDK2025_840999.html","3b68f3e013a42bb3e32995ac4a9300a889b78fb13e854d2bc746a71d1d998ba6"
"840999","8409994500","kg","- - - - Cylinder heads and head covers","5%","0%","","10%","","","","","JKDM_HS_Explorer_PDK2025_840999.html","3b68f3e013a42bb3e32995ac4a9300a889b78fb13e854d2bc746a71d1d998ba6"
"840999","8409994600","kg","- - - - Pistons, with an external diameter of 50 mm or more, but not exceeding 155 mm","30%","0%","","10%","","","","","JKDM_HS_Explorer_PDK2025_840999.html","3b68f3e013a42bb3e32995ac4a9300a889b78fb13e854d2bc746a71d1d998ba6"
"840999","8409994700","kg","- - - - Other pistons","0%","0%","","10%","","","","","JKDM_HS_Explorer_PDK2025_840999.html","3b68f3e013a42bb3e32995ac4a9300a889b78fb13e854d2bc746a71d1d998ba6"
"840999","8409994800","kg","- - - - Piston rings and gudgeon pins","5%","0%","","10%","","","","","JKDM_HS_Explorer_PDK2025_840999.html","3b68f3e013a42bb3e32995ac4a9300a889b78fb13e854d2bc746a71d1d998ba6"
"840999","8409994900","kg","- - - - Other","5%","0%","","10%","","","","","JKDM_HS_Explorer_PDK2025_840999.html","3b68f3e013a42bb3e32995ac4a9300a889b78fb13e854d2bc746a71d1d998ba6"
"840999","8409995100","kg","- - - - - Cylinder blocks; crank cases","0%","0%","","10%","","","","","JKDM_HS_Explorer_PDK2025_840999.html","3b68f3e013a42bb3e32995ac4a9300a889b78fb13e854d2bc746a71d1d998ba6"
"840999","8409995200","kg","- - - - - Cylinder liners, with an internal diameter of 50 mm or more, but not exceeding 155 mm","30%","0%","","10%","","","","","JKDM_HS_Explorer_PDK2025_840999.html","3b68f3e013a42bb3e32995ac4a9300a889b78fb13e854d2bc746a71d1d998ba6"
"840999","8409995300","kg","- - - - - Other cylinder liners","0%","0%","","10%","","","","","JKDM_HS_Explorer_PDK2025_840999.html","3b68f3e013a42bb3e32995ac4a9300a889b78fb13e854d2bc746a71d1d998ba6"
"840999","8409995400","kg","- - - - - Pistons, with an external diameter of 50 mm or more, but not exceeding 155 mm","30%","0%","","10%","","","","","JKDM_HS_Explorer_PDK2025_840999.html","3b68f3e013a42bb3e32995ac4a9300a889b78fb13e854d2bc746a71d1d998ba6"
"840999","8409995500","kg","- - - - - Other pistons","0%","0%","","10%","","","","","JKDM_HS_Explorer_PDK2025_840999.html","3b68f3e013a42bb3e32995ac4a9300a889b78fb13e854d2bc746a71d1d998ba6"
"840999","8409995900","kg","- - - - - Other","5%","0%","","10%","","","","","JKDM_HS_Explorer_PDK2025_840999.html","3b68f3e013a42bb3e32995ac4a9300a889b78fb13e854d2bc746a71d1d998ba6"
"840999","8409996100","kg","- - - - - Cylinder blocks; crank cases","0%","0%","","10%","","","","","JKDM_HS_Explorer_PDK2025_840999.html","3b68f3e013a42bb3e32995ac4a9300a889b78fb13e854d2bc746a71d1d998ba6"
"840999","8409996200","kg","- - - - - Cylinder liners, with an internal diameter of 50 mm or more, but not exceeding 155 mm","30%","0%","","10%","","","","","JKDM_HS_Explorer_PDK2025_840999.html","3b68f3e013a42bb3e32995ac4a9300a889b78fb13e854d2bc746a71d1d998ba6"
"840999","8409996300","kg","- - - - - Other cylinder liners","0%","0%","","10%","","","","","JKDM_HS_Explorer_PDK2025_840999.html","3b68f3e013a42bb3e32995ac4a9300a889b78fb13e854d2bc746a71d1d998ba6"
"840999","8409996400","kg","- - - - - Pistons, with an external diameter of 50 mm or more, but not exceeding 155 mm","30%","0%","","10%","","","","","JKDM_HS_Explorer_PDK2025_840999.html","3b68f3e013a42bb3e32995ac4a9300a889b78fb13e854d2bc746a71d1d998ba6"
"840999","8409996500","kg","- - - - - Other pistons","0%","0%","","10%","","","","","JKDM_HS_Explorer_PDK2025_840999.html","3b68f3e013a42bb3e32995ac4a9300a889b78fb13e854d2bc746a71d1d998ba6"
"840999","8409996900","kg","- - - - - Other","5%","0%","","10%","","","","","JKDM_HS_Explorer_PDK2025_840999.html","3b68f3e013a42bb3e32995ac4a9300a889b78fb13e854d2bc746a71d1d998ba6"
"840999","8409997100","kg","- - - - Carburettors and parts thereof","5%","0%","","10%","","","","","JKDM_HS_Explorer_PDK2025_840999.html","3b68f3e013a42bb3e32995ac4a9300a889b78fb13e854d2bc746a71d1d998ba6"
"840999","8409997200","kg","- - - - Cylinder blocks; crank cases","0%","0%","","10%","","","","","JKDM_HS_Explorer_PDK2025_840999.html","3b68f3e013a42bb3e32995ac4a9300a889b78fb13e854d2bc746a71d1d998ba6"
"840999","8409997300","kg","- - - - Cylinder liners, with an internal diameter of 50 mm or more, but not exceeding 155 mm","30%","0%","","10%","","","","","JKDM_HS_Explorer_PDK2025_840999.html","3b68f3e013a42bb3e32995ac4a9300a889b78fb13e854d2bc746a71d1d998ba6"
"840999","8409997400","kg","- - - - Other cylinder liners","0%","0%","","10%","","","","","JKDM_HS_Explorer_PDK2025_840999.html","3b68f3e013a42bb3e32995ac4a9300a889b78fb13e854d2bc746a71d1d998ba6"
"840999","8409997500","kg","- - - - Cylinder heads and head covers","5%","0%","","10%","","","","","JKDM_HS_Explorer_PDK2025_840999.html","3b68f3e013a42bb3e32995ac4a9300a889b78fb13e854d2bc746a71d1d998ba6"
"840999","8409997600","kg","- - - - Pistons, with an external diameter of 50 mm or more, but not exceeding 155 mm","30%","0%","","10%","","","","","JKDM_HS_Explorer_PDK2025_840999.html","3b68f3e013a42bb3e32995ac4a9300a889b78fb13e854d2bc746a71d1d998ba6"
"840999","8409997700","kg","- - - - Other pistons","0%","0%","","10%","","","","","JKDM_HS_Explorer_PDK2025_840999.html","3b68f3e013a42bb3e32995ac4a9300a889b78fb13e854d2bc746a71d1d998ba6"
"840999","8409997800","kg","- - - - Piston rings and gudgeon pins","5%","0%","","10%","","","","","JKDM_HS_Explorer_PDK2025_840999.html","3b68f3e013a42bb3e32995ac4a9300a889b78fb13e854d2bc746a71d1d998ba6"
"840999","8409997900","kg","- - - - Other","5%","0%","","10%","","","","","JKDM_HS_Explorer_PDK2025_840999.html","3b68f3e013a42bb3e32995ac4a9300a889b78fb13e854d2bc746a71d1d998ba6"
"841330","8413303000","u","- - Fuel pumps of a kind used for engines of motor vehicles of heading 87.02, 87.03 or 87.04","0%","0%","","5%","","","","","JKDM_HS_Explorer_PDK2025_841330.html","cdddb0942583d7824342032ffcf0a73c53961894b47e7222dfb291ba434f7f96"
"841330","8413304000","u","- - Water pumps of a kind used for engines of motor vehicles of heading 87.02, 87.03 or 87.04","25%","0%","","5%","","","","","JKDM_HS_Explorer_PDK2025_841330.html","cdddb0942583d7824342032ffcf0a73c53961894b47e7222dfb291ba434f7f96"
"841330","8413305100","u","- - - With an inlet diameter not exceeding 200 mm","25%","0%","","5%","","","","","JKDM_HS_Explorer_PDK2025_841330.html","cdddb0942583d7824342032ffcf0a73c53961894b47e7222dfb291ba434f7f96"
"841330","8413305200","u","- - - With an inlet diameter exceeding 200 mm","20%","0%","","5%","","","","","JKDM_HS_Explorer_PDK2025_841330.html","cdddb0942583d7824342032ffcf0a73c53961894b47e7222dfb291ba434f7f96"
"841330","8413309000","u","- - Other","0%","0%","","10%","","","","","JKDM_HS_Explorer_PDK2025_841330.html","cdddb0942583d7824342032ffcf0a73c53961894b47e7222dfb291ba434f7f96"
"841381","8413811300","u","- - - Water pumps with a flow rate not exceeding 8,000 m3/h, electrically operated","0%","0%","","5%","","","","","JKDM_HS_Explorer_PDK2025_841381.html","ed34191f1ad6b77c5ffb9b0a963c8176d2d2d4241705d67eca69f2fcc5ef0ddc"
"841381","8413811400","u","- - - Water pumps with a flow rate not exceeding 8,000 m3/h, not electrically operated","0%","0%","","5%","","","","","JKDM_HS_Explorer_PDK2025_841381.html","ed34191f1ad6b77c5ffb9b0a963c8176d2d2d4241705d67eca69f2fcc5ef0ddc"
"841381","8413811500","u","- - - Water pumps, with a flow rate exceeding 8,000 m3/h but not exceeding 13,000 m3/h","0%","0%","","5%","","","","","JKDM_HS_Explorer_PDK2025_841381.html","ed34191f1ad6b77c5ffb9b0a963c8176d2d2d4241705d67eca69f2fcc5ef0ddc"
"841381","8413811900","u","- - - Other","0%","0%","","5%","","","","","JKDM_HS_Explorer_PDK2025_841381.html","ed34191f1ad6b77c5ffb9b0a963c8176d2d2d4241705d67eca69f2fcc5ef0ddc"
"841430","8414304000","u","- - With a refrigeration capacity exceeding 21.10 kW, or with a displacement per revolution of 220 cc or more","0%","0%","","5%","","","","","JKDM_HS_Explorer_PDK2025_841430.html","8487949ec15047c38c80654f0f6d5bc77c3843315272e6a9222ec17cc2ff454c"
"841430","8414309000","u","- - Other","0%","0%","","5%","","","","","JKDM_HS_Explorer_PDK2025_841430.html","8487949ec15047c38c80654f0f6d5bc77c3843315272e6a9222ec17cc2ff454c"
"841520","8415201000","u","- - Of a cooling capacity not exceeding 26.38 kW","30%","0%","","10%","","","","","JKDM_HS_Explorer_PDK2025_841520.html","7443baf008edc1f6dfc68673ce76d0ba647493704ff98c646259a58b5cdcf781"
"841520","8415209000","u","- - Other","30%","0%","","10%","","","","","JKDM_HS_Explorer_PDK2025_841520.html","7443baf008edc1f6dfc68673ce76d0ba647493704ff98c646259a58b5cdcf781"
"842123","8421231100","u","- - - - Oil filters","25%","0%","","10%","","","","","JKDM_HS_Explorer_PDK2025_842123.html","ff257f69c0a038e7d6c6f411a1784e365ea4f5e708b629b543671cabf6e7255d"
"842123","8421231900","u","- - - - Other","0%","0%","","5%","","","","","JKDM_HS_Explorer_PDK2025_842123.html","ff257f69c0a038e7d6c6f411a1784e365ea4f5e708b629b543671cabf6e7255d"
"842123","8421232100","u","- - - - Oil filters","25%","0%","","10%","","","","","JKDM_HS_Explorer_PDK2025_842123.html","ff257f69c0a038e7d6c6f411a1784e365ea4f5e708b629b543671cabf6e7255d"
"842123","8421232900","u","- - - - Other","0%","0%","","5%","","","","","JKDM_HS_Explorer_PDK2025_842123.html","ff257f69c0a038e7d6c6f411a1784e365ea4f5e708b629b543671cabf6e7255d"
"842123","8421239100","u","- - - - Oil filters","25%","0%","","10%","","","","","JKDM_HS_Explorer_PDK2025_842123.html","ff257f69c0a038e7d6c6f411a1784e365ea4f5e708b629b543671cabf6e7255d"
"842123","8421239900","u","- - - - Other","0%","0%","","5%","","","","","JKDM_HS_Explorer_PDK2025_842123.html","ff257f69c0a038e7d6c6f411a1784e365ea4f5e708b629b543671cabf6e7255d"
"842131","8421311000","u","- - - For machinery of heading 84.29 or 84.30","25%","0%","","10%","","","","","JKDM_HS_Explorer_PDK2025_842131.html","a837f07ddd6f9eef079690b61e70904224d499a764eb5eece3b9a40c4d12cf78"
"842131","8421312000","u","- - - For motor vehicles of Chapter 87","25%","0%","","10%","","","","","JKDM_HS_Explorer_PDK2025_842131.html","a837f07ddd6f9eef079690b61e70904224d499a764eb5eece3b9a40c4d12cf78"
"842131","8421319000","u","- - - Other","25%","0%","","10%","","","","","JKDM_HS_Explorer_PDK2025_842131.html","a837f07ddd6f9eef079690b61e70904224d499a764eb5eece3b9a40c4d12cf78"
"842132","8421320000","u","- - Catalytic converters or particulate filters, whether or not combined, for purifying or filtering exhaust gases from internal combustion engines","5%","0%","","10%","","","","","JKDM_HS_Explorer_PDK2025_842132.html","7cf31d11988ba8a0d022076e76e959d3d346720c31968a5501c2ec98b3d36cc5"
"850131","8501313000","u","- - - Motors of a kind used for the goods of heading 84.15, 84.18, 84.50, 85.09 or 85.16","0%","0%","","10%","","","","","JKDM_HS_Explorer_PDK2025_850131.html","6ffb47a098173cc62507a580e81865f305e2e54280b4c6c5d8be5f836783ba49"
"850131","8501316000","u","- - - Motors of a kind used for vehicles in Chapter 87","0%","0%","","10%","","","","","JKDM_HS_Explorer_PDK2025_850131.html","6ffb47a098173cc62507a580e81865f305e2e54280b4c6c5d8be5f836783ba49"
"850131","8501317000","u","- - - Other motors","0%","0%","","10%","","","","","JKDM_HS_Explorer_PDK2025_850131.html","6ffb47a098173cc62507a580e81865f305e2e54280b4c6c5d8be5f836783ba49"
"850131","8501318000","u","- - - Generators","0%","0%","","10%","","","","","JKDM_HS_Explorer_PDK2025_850131.html","6ffb47a098173cc62507a580e81865f305e2e54280b4c6c5d8be5f836783ba49"
"851110","8511101000","u","- - Of a kind suitable for aircraft engines","10%","0%","","10%","","","","","JKDM_HS_Explorer_PDK2025_851110.html","25483027f1dcee7eb755e3767841f3d1f33da621a4586f0a9b1ad4799483b617"
"851110","8511102000","u","- - Of a kind suitable for motor vehicle engines","10%","0%","","10%","","","","","JKDM_HS_Explorer_PDK2025_851110.html","25483027f1dcee7eb755e3767841f3d1f33da621a4586f0a9b1ad4799483b617"
"851110","8511109000","u","- - Other","10%","0%","","10%","","","","","JKDM_HS_Explorer_PDK2025_851110.html","25483027f1dcee7eb755e3767841f3d1f33da621a4586f0a9b1ad4799483b617"
"851130","8511303000","u","- - Of a kind suitable for aircraft engines","0%","0%","","10%","","","","","JKDM_HS_Explorer_PDK2025_851130.html","7ce8ba81d1baa9a29a9ac72acc5d4ba260a4e868f75195bc43ed4f632c8576fa"
"851130","8511304100","u","- - - Unassembled","0%","0%","","10%","","","","","JKDM_HS_Explorer_PDK2025_851130.html","7ce8ba81d1baa9a29a9ac72acc5d4ba260a4e868f75195bc43ed4f632c8576fa"
"851130","8511304900","u","- - - Other","0%","0%","","10%","","","","","JKDM_HS_Explorer_PDK2025_851130.html","7ce8ba81d1baa9a29a9ac72acc5d4ba260a4e868f75195bc43ed4f632c8576fa"
"851130","8511309100","u","- - - Unassembled","0%","0%","","10%","","","","","JKDM_HS_Explorer_PDK2025_851130.html","7ce8ba81d1baa9a29a9ac72acc5d4ba260a4e868f75195bc43ed4f632c8576fa"
"851130","8511309900","u","- - - Other","0%","0%","","10%","","","","","JKDM_HS_Explorer_PDK2025_851130.html","7ce8ba81d1baa9a29a9ac72acc5d4ba260a4e868f75195bc43ed4f632c8576fa"
"851140","8511401000","u","- - Of a kind used for aircraft engines","0%","0%","","10%","","","","","JKDM_HS_Explorer_PDK2025_851140.html","c120ba4631a55a2c230189f484334b03164c4ac5ed57d993b047509ec985efe6"
"851140","8511402100","u","- - - For engines of vehicles of heading 87.02, 87.03, 87.04 or 87.05","0%","0%","","10%","","","","","JKDM_HS_Explorer_PDK2025_851140.html","c120ba4631a55a2c230189f484334b03164c4ac5ed57d993b047509ec985efe6"
"851140","8511402900","u","- - - Other","0%","0%","","10%","","","","","JKDM_HS_Explorer_PDK2025_851140.html","c120ba4631a55a2c230189f484334b03164c4ac5ed57d993b047509ec985efe6"
"851140","8511403100","u","- - - For engines of vehicles of heading 87.01","0%","0%","","10%","","","","","JKDM_HS_Explorer_PDK2025_851140.html","c120ba4631a55a2c230189f484334b03164c4ac5ed57d993b047509ec985efe6"
"851140","8511403200","u","- - - For engines of vehicles of heading 87.02, 87.03 or 87.04","0%","0%","","10%","","","","","JKDM_HS_Explorer_PDK2025_851140.html","c120ba4631a55a2c230189f484334b03164c4ac5ed57d993b047509ec985efe6"
"851140","8511403300","u","- - - For engines of vehicles of heading 87.05","0%","0%","","10%","","","","","JKDM_HS_Explorer_PDK2025_851140.html","c120ba4631a55a2c230189f484334b03164c4ac5ed57d993b047509ec985efe6"
"851140","8511409100","u","- - - For engines of vehicles of heading 87.02, 87.03, 87.04 or 87.05","0%","0%","","10%","","","","","JKDM_HS_Explorer_PDK2025_851140.html","c120ba4631a55a2c230189f484334b03164c4ac5ed57d993b047509ec985efe6"
"851140","8511409900","u","- - - Other","0%","0%","","10%","","","","","JKDM_HS_Explorer_PDK2025_851140.html","c120ba4631a55a2c230189f484334b03164c4ac5ed57d993b047509ec985efe6"
"851150","8511501000","u","- - Of a kind used for aircraft engines","0%","0%","","10%","","","","","JKDM_HS_Explorer_PDK2025_851150.html","4ab761847c485451100022ba9cfdbf9acc0ec8d8d6dac761cf8aa90a0d13e131"
"851150","8511502100","u","- - - For engines of vehicles of heading 87.02, 87.03, 87.04 or 87.05","0%","0%","","10%","","","","","JKDM_HS_Explorer_PDK2025_851150.html","4ab761847c485451100022ba9cfdbf9acc0ec8d8d6dac761cf8aa90a0d13e131"
"851150","8511502900","u","- - - Other","0%","0%","","10%","","","","","JKDM_HS_Explorer_PDK2025_851150.html","4ab761847c485451100022ba9cfdbf9acc0ec8d8d6dac761cf8aa90a0d13e131"
"851150","8511503100","u","- - - For engines of vehicles of heading 87.01","0%","0%","","10%","","","","","JKDM_HS_Explorer_PDK2025_851150.html","4ab761847c485451100022ba9cfdbf9acc0ec8d8d6dac761cf8aa90a0d13e131"
"851150","8511503200","u","- - - For engines of vehicles of heading 87.02, 87.03 or 87.04","0%","0%","","10%","","","","","JKDM_HS_Explorer_PDK2025_851150.html","4ab761847c485451100022ba9cfdbf9acc0ec8d8d6dac761cf8aa90a0d13e131"
"851150","8511503300","u","- - - For engines of vehicles of heading 87.05","0%","0%","","10%","","","","","JKDM_HS_Explorer_PDK2025_851150.html","4ab761847c485451100022ba9cfdbf9acc0ec8d8d6dac761cf8aa90a0d13e131"
"851150","8511509100","u","- - - For engines of vehicles of heading 87.02, 87.03, 87.04 or 87.05","0%","0%","","10%","","","","","JKDM_HS_Explorer_PDK2025_851150.html","4ab761847c485451100022ba9cfdbf9acc0ec8d8d6dac761cf8aa90a0d13e131"
"851150","8511509900","u","- - - Other","0%","0%","","10%","","","","","JKDM_HS_Explorer_PDK2025_851150.html","4ab761847c485451100022ba9cfdbf9acc0ec8d8d6dac761cf8aa90a0d13e131"
"851220","8512202000","u","- - Unassembled lighting or visual signalling equipment","0%","0%","","10%","","","","","JKDM_HS_Explorer_PDK2025_851220.html","86b3e9975089b4e42faf95b9f37daea7f5f76d7a4f8037e0a33336726c72bb1f"
"851220","8512209100","u","- - - For motorcycles","0%","0%","","10%","","","","","JKDM_HS_Explorer_PDK2025_851220.html","86b3e9975089b4e42faf95b9f37daea7f5f76d7a4f8037e0a33336726c72bb1f"
"851220","8512209900","u","- - - Other","0%","0%","","10%","","","","","JKDM_HS_Explorer_PDK2025_851220.html","86b3e9975089b4e42faf95b9f37daea7f5f76d7a4f8037e0a33336726c72bb1f"
"851230","8512301000","u","- - Horns and sirens, assembled","0%","0%","","10%","","","","","JKDM_HS_Explorer_PDK2025_851230.html","20c2dc323b76423aa0507418c3781a820d6cf739bdea940775411fc6eb11cd42"
"851230","8512302000","u","- - Unassembled sound signalling equipment","0%","0%","","10%","","","","","JKDM_HS_Explorer_PDK2025_851230.html","20c2dc323b76423aa0507418c3781a820d6cf739bdea940775411fc6eb11cd42"
"851230","8512309100","u","- - - Obstacle detection (warning) devices for vehicles","0%","0%","","10%","","","","","JKDM_HS_Explorer_PDK2025_851230.html","20c2dc323b76423aa0507418c3781a820d6cf739bdea940775411fc6eb11cd42"
"851230","8512309900","u","- - - Other","0%","0%","","10%","","","","","JKDM_HS_Explorer_PDK2025_851230.html","20c2dc323b76423aa0507418c3781a820d6cf739bdea940775411fc6eb11cd42"
"851240","8512400000","u","- Windscreen wipers, defrosters and demisters","0%","0%","","10%","","","","","JKDM_HS_Explorer_PDK2025_851240.html","81fdff1c3fc1b1ffafbf1934b4465e90155af11b961033fb61a1e08b3f5e629c"
"851829","8518292000","u","- - - Loudspeakers, without enclosure, having a frequency range of 300 Hz to 3,400 Hz, with a diameter not exceeding 50 mm, for telecommunication use","0%","0%","","10%","","","","","JKDM_HS_Explorer_PDK2025_851829.html","a944f68df8506482c323b00f6509b9a8c72b41aaedd3509e5e0e800179d2c9d3"
"851829","8518299000","u","- - - Other","0%","0%","","10%","","","","","JKDM_HS_Explorer_PDK2025_851829.html","a944f68df8506482c323b00f6509b9a8c72b41aaedd3509e5e0e800179d2c9d3"
"852721","8527211000","u","- - - Capable of receiving and decoding digital radio data system signals","0%","0%","","10%","","","","","JKDM_HS_Explorer_PDK2025_852721.html","ba14385a667bc92091e3eda3b3ed75756486afab2f67878703772b35b694838e"
"852721","8527219000","u","- - - Other","20%","0%","","10%","","","","","JKDM_HS_Explorer_PDK2025_852721.html","ba14385a667bc92091e3eda3b3ed75756486afab2f67878703772b35b694838e"
"853120","8531200000","u","- Indicator panels incorporating liquid crystal devices (LCD) or light emitting diodes (LED)","0%","0%","","10%","","","","","JKDM_HS_Explorer_PDK2025_853120.html","41ad4ad3be15dad85f8c70376a69b7576dc35d87261c5a0bfd3957c3b5c33bc8"
"853710","8537101100","kg","- - - Control panels of a kind suitable for use in distributed control systems","15%","0%","","10%","","","","","JKDM_HS_Explorer_PDK2025_853710.html","a8957141a0143cb028e43f066c0caaec1043967496c8fc5575e5ec6bedfcf070"
"853710","8537101200","kg","- - - Control panels fitted with a programmable processor","15%","0%","","10%","","","","","JKDM_HS_Explorer_PDK2025_853710.html","a8957141a0143cb028e43f066c0caaec1043967496c8fc5575e5ec6bedfcf070"
"853710","8537101300","kg","- - - Other control panels of a kind suitable for goods of heading 84.15, 84.18, 84.50, 85.08, 85.09 or 85.16","15%","0%","","10%","","","","","JKDM_HS_Explorer_PDK2025_853710.html","a8957141a0143cb028e43f066c0caaec1043967496c8fc5575e5ec6bedfcf070"
"853710","8537101900","kg","- - - Other","15%","0%","","10%","","","","","JKDM_HS_Explorer_PDK2025_853710.html","a8957141a0143cb028e43f066c0caaec1043967496c8fc5575e5ec6bedfcf070"
"853710","8537102000","kg","- - Distribution boards (including back panels and back planes) for use solely or principally with goods of heading 84.71, 85.17 or 85.25","15%","0%","","5%","","","","","JKDM_HS_Explorer_PDK2025_853710.html","a8957141a0143cb028e43f066c0caaec1043967496c8fc5575e5ec6bedfcf070"
"853710","8537103000","kg","- - Programmable logic controllers for automated machines for transport, handling and storage of dies for semiconductor devices","15%","0%","","10%","","","","","JKDM_HS_Explorer_PDK2025_853710.html","a8957141a0143cb028e43f066c0caaec1043967496c8fc5575e5ec6bedfcf070"
"853710","8537104000","kg","- - Motor controllers with output rating of 24 V to 120 V DC and with ampere rating of 300 A to 500 A","15%","0%","","10%","","","","","JKDM_HS_Explorer_PDK2025_853710.html","a8957141a0143cb028e43f066c0caaec1043967496c8fc5575e5ec6bedfcf070"
"853710","8537109100","kg","- - - Of a kind used in radio equipment or in electric fans","0%","0%","","10%","","","","","JKDM_HS_Explorer_PDK2025_853710.html","a8957141a0143cb028e43f066c0caaec1043967496c8fc5575e5ec6bedfcf070"
"853710","8537109200","kg","- - - Of a kind suitable for use in distributed control systems","15%","0%","","10%","","","","","JKDM_HS_Explorer_PDK2025_853710.html","a8957141a0143cb028e43f066c0caaec1043967496c8fc5575e5ec6bedfcf070"
"853710","8537109900","kg","- - - Other","15%","0%","","10%","","","","","JKDM_HS_Explorer_PDK2025_853710.html","a8957141a0143cb028e43f066c0caaec1043967496c8fc5575e5ec6bedfcf070"
"854430","8544301200","kg","- - - - Of a kind used for vehicles of heading 87.02, 87.03, 87.04 or 87.11","30%","0%","","10%","","NIL","NIL","0.2%","JKDM_HS_Explorer_PDK2025_854430.html","32a33c3de2fad0e26df2fdc4c3eaa5998adeef29335c7b3e2aab3ecd79732db9"
"854430","8544301300","kg","- - - - Other","30%","0%","","10%","","NIL","NIL","0.2%","JKDM_HS_Explorer_PDK2025_854430.html","32a33c3de2fad0e26df2fdc4c3eaa5998adeef29335c7b3e2aab3ecd79732db9"
"854430","8544301400","kg","- - - - Of a kind used for vehicles of heading 87.02, 87.03, 87.04 or 87.11","5%","0%","","10%","","","","","JKDM_HS_Explorer_PDK2025_854430.html","32a33c3de2fad0e26df2fdc4c3eaa5998adeef29335c7b3e2aab3ecd79732db9"
"854430","8544301900","kg","- - - - Other","5%","0%","","10%","","","","","JKDM_HS_Explorer_PDK2025_854430.html","32a33c3de2fad0e26df2fdc4c3eaa5998adeef29335c7b3e2aab3ecd79732db9"
"854430","8544309100","kg","- - - Insulated with rubber or plastics","30%","0%","","10%","","NIL","NIL","0.2%","JKDM_HS_Explorer_PDK2025_854430.html","32a33c3de2fad0e26df2fdc4c3eaa5998adeef29335c7b3e2aab3ecd79732db9"
"854430","8544309900","kg","- - - Other","5%","0%","","10%","","","","","JKDM_HS_Explorer_PDK2025_854430.html","32a33c3de2fad0e26df2fdc4c3eaa5998adeef29335c7b3e2aab3ecd79732db9"
"870321","8703211100","u","- - - - Go-karts","0%","0%","","0%","","","","","JKDM_HS_Explorer_PDK2025_870321.html","a2b39c666f650e1a65f6420ef4cf579b9eda4c05543d8198f1b7e701cb371e8a"
"870321","8703211200","u","- - - - All-Terrain Vehicles (ATV)","10%","0%","","0%","","","","","JKDM_HS_Explorer_PDK2025_870321.html","a2b39c666f650e1a65f6420ef4cf579b9eda4c05543d8198f1b7e701cb371e8a"
"870321","8703211300","u","- - - - Ambulances","5%","0%","","0%","","","","","JKDM_HS_Explorer_PDK2025_870321.html","a2b39c666f650e1a65f6420ef4cf579b9eda4c05543d8198f1b7e701cb371e8a"
"870321","8703211400","u","- - - - Motor-homes","10%","0%","","0%","","","","","JKDM_HS_Explorer_PDK2025_870321.html","a2b39c666f650e1a65f6420ef4cf579b9eda4c05543d8198f1b7e701cb371e8a"
"870321","8703211500","u","- - - - Sedan","10%","0%","","0%","","","","","JKDM_HS_Explorer_PDK2025_870321.html","a2b39c666f650e1a65f6420ef4cf579b9eda4c05543d8198f1b7e701cb371e8a"
"870321","8703212100","u","- - - - - Of four-wheel drive","10%","0%","","0%","","","","","JKDM_HS_Explorer_PDK2025_870321.html","a2b39c666f650e1a65f6420ef4cf579b9eda4c05543d8198f1b7e701cb371e8a"
"870321","8703212900","u","- - - - - Other","10%","0%","","0%","","","","","JKDM_HS_Explorer_PDK2025_870321.html","a2b39c666f650e1a65f6420ef4cf579b9eda4c05543d8198f1b7e701cb371e8a"
"870321","8703213100","u","- - - - - Three-wheeled vehicles","10%","0%","","0%","","","","","JKDM_HS_Explorer_PDK2025_870321.html","a2b39c666f650e1a65f6420ef4cf579b9eda4c05543d8198f1b7e701cb371e8a"
"870321","8703213900","u","- - - - - Other","10%","0%","","0%","","","","","JKDM_HS_Explorer_PDK2025_870321.html","a2b39c666f650e1a65f6420ef4cf579b9eda4c05543d8198f1b7e701cb371e8a"
"870321","8703214100","u","- - - - Go-karts","0%","0%","","10%","","","","","JKDM_HS_Explorer_PDK2025_870321.html","a2b39c666f650e1a65f6420ef4cf579b9eda4c05543d8198f1b7e701cb371e8a"
"870321","8703214200","u","- - - - All-Terrain Vehicles (ATV)","30%","0%","","10%","65%","","","","JKDM_HS_Explorer_PDK2025_870321.html","a2b39c666f650e1a65f6420ef4cf579b9eda4c05543d8198f1b7e701cb371e8a"
"870321","8703214300","u","- - - - Ambulances","5%","0%","","10%","","","","","JKDM_HS_Explorer_PDK2025_870321.html","a2b39c666f650e1a65f6420ef4cf579b9eda4c05543d8198f1b7e701cb371e8a"
"870321","8703214400","u","- - - - Motor-homes","35%","0%","","10%","","","","","JKDM_HS_Explorer_PDK2025_870321.html","a2b39c666f650e1a65f6420ef4cf579b9eda4c05543d8198f1b7e701cb371e8a"
"870321","8703214500","u","- - - - Sedan","30%","0%","","10%","75%","","","","JKDM_HS_Explorer_PDK2025_870321.html","a2b39c666f650e1a65f6420ef4cf579b9eda4c05543d8198f1b7e701cb371e8a"
"870321","8703215100","u","- - - - - Of four-wheel drive","30%","0%","","10%","75%","","","","JKDM_HS_Explorer_PDK2025_870321.html","a2b39c666f650e1a65f6420ef4cf579b9eda4c05543d8198f1b7e701cb371e8a"
"870321","8703215900","u","- - - - - Other","30%","0%","","10%","75%","","","","JKDM_HS_Explorer_PDK2025_870321.html","a2b39c666f650e1a65f6420ef4cf579b9eda4c05543d8198f1b7e701cb371e8a"
"870321","8703219100","u","- - - - - Three-wheeled vehicles","30%","0%","","10%","60%","","","","JKDM_HS_Explorer_PDK2025_870321.html","a2b39c666f650e1a65f6420ef4cf579b9eda4c05543d8198f1b7e701cb371e8a"
"870321","8703219900","u","- - - - - Other","30%","0%","","10%","60%","","","","JKDM_HS_Explorer_PDK2025_870321.html","a2b39c666f650e1a65f6420ef4cf579b9eda4c05543d8198f1b7e701cb371e8a"
"870322","8703221100","u","- - - - Go-karts","10%","0%","","0%","","","","","JKDM_HS_Explorer_PDK2025_870322.html","fe9dc118ee150e7ac2ad9e2676f71ac7bd192bc47ec051b49625b7a3c0a1a3c4"
"870322","8703221200","u","- - - - All-Terrain Vehicles (ATV)","10%","0%","","0%","","","","","JKDM_HS_Explorer_PDK2025_870322.html","fe9dc118ee150e7ac2ad9e2676f71ac7bd192bc47ec051b49625b7a3c0a1a3c4"
"870322","8703221300","u","- - - - Ambulances","5%","0%","","0%","","","","","JKDM_HS_Explorer_PDK2025_870322.html","fe9dc118ee150e7ac2ad9e2676f71ac7bd192bc47ec051b49625b7a3c0a1a3c4"
"870322","8703221400","u","- - - - Hearses","10%","0%","","0%","","","","","JKDM_HS_Explorer_PDK2025_870322.html","fe9dc118ee150e7ac2ad9e2676f71ac7bd192bc47ec051b49625b7a3c0a1a3c4"
"870322","8703221500","u","- - - - Prison vans","10%","0%","","0%","","","","","JKDM_HS_Explorer_PDK2025_870322.html","fe9dc118ee150e7ac2ad9e2676f71ac7bd192bc47ec051b49625b7a3c0a1a3c4"
"870322","8703221600","u","- - - - Motor-homes","10%","0%","","0%","","","","","JKDM_HS_Explorer_PDK2025_870322.html","fe9dc118ee150e7ac2ad9e2676f71ac7bd192bc47ec051b49625b7a3c0a1a3c4"
"870322","8703221700","u","- - - - Sedan","10%","0%","","0%","","","","","JKDM_HS_Explorer_PDK2025_870322.html","fe9dc118ee150e7ac2ad9e2676f71ac7bd192bc47ec051b49625b7a3c0a1a3c4"
"870322","8703222100","u","- - - - - Of four-wheel drive","10%","0%","","0%","","","","","JKDM_HS_Explorer_PDK2025_870322.html","fe9dc118ee150e7ac2ad9e2676f71ac7bd192bc47ec051b49625b7a3c0a1a3c4"
"870322","8703222900","u","- - - - - Other","10%","0%","","0%","","","","","JKDM_HS_Explorer_PDK2025_870322.html","fe9dc118ee150e7ac2ad9e2676f71ac7bd192bc47ec051b49625b7a3c0a1a3c4"
"870322","8703223000","u","- - - - Other","10%","0%","","0%","","","","","JKDM_HS_Explorer_PDK2025_870322.html","fe9dc118ee150e7ac2ad9e2676f71ac7bd192bc47ec051b49625b7a3c0a1a3c4"
"870322","8703224100","u","- - - - Go-karts","30%","0%","","10%","","","","","JKDM_HS_Explorer_PDK2025_870322.html","fe9dc118ee150e7ac2ad9e2676f71ac7bd192bc47ec051b49625b7a3c0a1a3c4"
"870322","8703224200","u","- - - - All-Terrain Vehicles (ATV)","30%","0%","","10%","65%","","","","JKDM_HS_Explorer_PDK2025_870322.html","fe9dc118ee150e7ac2ad9e2676f71ac7bd192bc47ec051b49625b7a3c0a1a3c4"
"870322","8703224300","u","- - - - Ambulances","5%","0%","","10%","","","","","JKDM_HS_Explorer_PDK2025_870322.html","fe9dc118ee150e7ac2ad9e2676f71ac7bd192bc47ec051b49625b7a3c0a1a3c4"
"870322","8703224400","u","- - - - Hearses","30%","0%","","10%","65%","","","","JKDM_HS_Explorer_PDK2025_870322.html","fe9dc118ee150e7ac2ad9e2676f71ac7bd192bc47ec051b49625b7a3c0a1a3c4"
"870322","8703224500","u","- - - - Prison vans","30%","0%","","10%","65%","","","","JKDM_HS_Explorer_PDK2025_870322.html","fe9dc118ee150e7ac2ad9e2676f71ac7bd192bc47ec051b49625b7a3c0a1a3c4"
"870322","8703224600","u","- - - - Motor-homes","35%","0%","","10%","","","","","JKDM_HS_Explorer_PDK2025_870322.html","fe9dc118ee150e7ac2ad9e2676f71ac7bd192bc47ec051b49625b7a3c0a1a3c4"
"870322","8703224700","u","- - - - Sedan","30%","0%","","10%","75%","","","","JKDM_HS_Explorer_PDK2025_870322.html","fe9dc118ee150e7ac2ad9e2676f71ac7bd192bc47ec051b49625b7a3c0a1a3c4"
"870322","8703225100","u","- - - - - Of four-wheel drive","30%","0%","","10%","75%","","","","JKDM_HS_Explorer_PDK2025_870322.html","fe9dc118ee150e7ac2ad9e2676f71ac7bd192bc47ec051b49625b7a3c0a1a3c4"
"870322","8703225900","u","- - - - - Other","30%","0%","","10%","75%","","","","JKDM_HS_Explorer_PDK2025_870322.html","fe9dc118ee150e7ac2ad9e2676f71ac7bd192bc47ec051b49625b7a3c0a1a3c4"
"870322","8703229000","u","- - - - Other","30%","0%","","10%","60%","","","","JKDM_HS_Explorer_PDK2025_870322.html","fe9dc118ee150e7ac2ad9e2676f71ac7bd192bc47ec051b49625b7a3c0a1a3c4"
"870323","8703231100","u","- - - - Ambulances","5%","0%","","0%","","","","","JKDM_HS_Explorer_PDK2025_870323.html","39557ed62d3f836d5cdf76f34bf6444ed27221394316686301c71ae481c45ad0"
"870323","8703231200","u","- - - - Hearses","10%","0%","","0%","","","","","JKDM_HS_Explorer_PDK2025_870323.html","39557ed62d3f836d5cdf76f34bf6444ed27221394316686301c71ae481c45ad0"
"870323","8703231300","u","- - - - Prison vans","10%","0%","","0%","","","","","JKDM_HS_Explorer_PDK2025_870323.html","39557ed62d3f836d5cdf76f34bf6444ed27221394316686301c71ae481c45ad0"
"870323","8703231400","u","- - - - Motor-homes","35%","0%","","0%","","","","","JKDM_HS_Explorer_PDK2025_870323.html","39557ed62d3f836d5cdf76f34bf6444ed27221394316686301c71ae481c45ad0"
"870323","8703232100","u","- - - - - Of a cylinder capacity exceeding 1,500 cc but not exceeding 1,800 cc","10%","0%","","0%","","","","","JKDM_HS_Explorer_PDK2025_870323.html","39557ed62d3f836d5cdf76f34bf6444ed27221394316686301c71ae481c45ad0"
"870323","8703232200","u","- - - - - Of a cylinder capacity exceeding 1,800 cc but not exceeding 2,000 cc","10%","0%","","0%","","","","","JKDM_HS_Explorer_PDK2025_870323.html","39557ed62d3f836d5cdf76f34bf6444ed27221394316686301c71ae481c45ad0"
"870323","8703232300","u","- - - - - Of a cylinder capacity exceeding 2,000 cc but not exceeding 2,500 cc","10%","0%","","0%","","","","","JKDM_HS_Explorer_PDK2025_870323.html","39557ed62d3f836d5cdf76f34bf6444ed27221394316686301c71ae481c45ad0"
"870323","8703232400","u","- - - - - Of a cylinder capacity exceeding 2,500 cc","10%","0%","","0%","","","","","JKDM_HS_Explorer_PDK2025_870323.html","39557ed62d3f836d5cdf76f34bf6444ed27221394316686301c71ae481c45ad0"
"870323","8703233100","u","- - - - - Of a cylinder capacity exceeding 1,500 cc but not exceeding 1,800 cc","10%","0%","","0%","","","","","JKDM_HS_Explorer_PDK2025_870323.html","39557ed62d3f836d5cdf76f34bf6444ed27221394316686301c71ae481c45ad0"
"870323","8703233200","u","- - - - - Of a cylinder capacity exceeding 1,800 cc but not exceeding 2,000 cc","10%","0%","","0%","","","","","JKDM_HS_Explorer_PDK2025_870323.html","39557ed62d3f836d5cdf76f34bf6444ed27221394316686301c71ae481c45ad0"
"870323","8703233300","u","- - - - - Of a cylinder capacity exceeding 2,000 cc but not exceeding 2,500 cc","10%","0%","","0%","","","","","JKDM_HS_Explorer_PDK2025_870323.html","39557ed62d3f836d5cdf76f34bf6444ed27221394316686301c71ae481c45ad0"
"870323","8703233400","u","- - - - - Of a cylinder capacity exceeding 2,500 cc","10%","0%","","0%","","","","","JKDM_HS_Explorer_PDK2025_870323.html","39557ed62d3f836d5cdf76f34bf6444ed27221394316686301c71ae481c45ad0"
"870323","8703233500","u","- - - - - Of a cylinder capacity exceeding 1,500 cc but not exceeding 2,000 cc","10%","0%","","0%","","","","","JKDM_HS_Explorer_PDK2025_870323.html","39557ed62d3f836d5cdf76f34bf6444ed27221394316686301c71ae481c45ad0"
"870323","8703233600","u","- - - - - Of a cylinder capacity exceeding 2,000 cc","10%","0%","","0%","","","","","JKDM_HS_Explorer_PDK2025_870323.html","39557ed62d3f836d5cdf76f34bf6444ed27221394316686301c71ae481c45ad0"
"870323","8703234100","u","- - - - - Of a cylinder capacity exceeding 1,500 cc but not exceeding 2,000 cc","10%","0%","","0%","","","","","JKDM_HS_Explorer_PDK2025_870323.html","39557ed62d3f836d5cdf76f34bf6444ed27221394316686301c71ae481c45ad0"
"870323","8703234200","u","- - - - - Of a cylinder capacity exceeding 2,000 cc","10%","0%","","0%","","","","","JKDM_HS_Explorer_PDK2025_870323.html","39557ed62d3f836d5cdf76f34bf6444ed27221394316686301c71ae481c45ad0"
"870323","8703235100","u","- - - - Ambulances","5%","0%","","10%","","","","","JKDM_HS_Explorer_PDK2025_870323.html","39557ed62d3f836d5cdf76f34bf6444ed27221394316686301c71ae481c45ad0"
"870323","8703235200","u","- - - - Hearses","30%","0%","","10%","90%","","","","JKDM_HS_Explorer_PDK2025_870323.html","39557ed62d3f836d5cdf76f34bf6444ed27221394316686301c71ae481c45ad0"
"870323","8703235300","u","- - - - Prison vans","30%","0%","","10%","90%","","","","JKDM_HS_Explorer_PDK2025_870323.html","39557ed62d3f836d5cdf76f34bf6444ed27221394316686301c71ae481c45ad0"
"870323","8703235400","u","- - - - Motor-homes","35%","0%","","10%","","","","","JKDM_HS_Explorer_PDK2025_870323.html","39557ed62d3f836d5cdf76f34bf6444ed27221394316686301c71ae481c45ad0"
"870323","8703235500","u","- - - - - Of a cylinder capacity exceeding 1,500 cc but not exceeding 1,800 cc","30%","0%","","10%","75%","","","","JKDM_HS_Explorer_PDK2025_870323.html","39557ed62d3f836d5cdf76f34bf6444ed27221394316686301c71ae481c45ad0"
"870323","8703235600","u","- - - - - Of a cylinder capacity exceeding 1,800 cc but not exceeding 2,000 cc","30%","0%","","10%","80%","","","","JKDM_HS_Explorer_PDK2025_870323.html","39557ed62d3f836d5cdf76f34bf6444ed27221394316686301c71ae481c45ad0"
"870323","8703235700","u","- - - - - Of a cylinder capacity exceeding 2,000 cc but not exceeding 2,500 cc","30%","0%","","10%","90%","","","","JKDM_HS_Explorer_PDK2025_870323.html","39557ed62d3f836d5cdf76f34bf6444ed27221394316686301c71ae481c45ad0"
"870323","8703235800","u","- - - - - Of a cylinder capacity exceeding 2,500 cc","30%","0%","","10%","105%","","","","JKDM_HS_Explorer_PDK2025_870323.html","39557ed62d3f836d5cdf76f34bf6444ed27221394316686301c71ae481c45ad0"
"870323","8703236100","u","- - - - - Of a cylinder capacity exceeding 1,500 cc but not exceeding 1,800 cc","30%","0%","","10%","75%","","","","JKDM_HS_Explorer_PDK2025_870323.html","39557ed62d3f836d5cdf76f34bf6444ed27221394316686301c71ae481c45ad0"
"870323","8703236200","u","- - - - - Of a cylinder capacity exceeding 1,800 cc but not exceeding 2,000 cc","30%","0%","","10%","80%","","","","JKDM_HS_Explorer_PDK2025_870323.html","39557ed62d3f836d5cdf76f34bf6444ed27221394316686301c71ae481c45ad0"
"870323","8703236300","u","- - - - - Of a cylinder capacity exceeding 2,000 cc but not exceeding 2,500 cc","30%","0%","","10%","90%","","","","JKDM_HS_Explorer_PDK2025_870323.html","39557ed62d3f836d5cdf76f34bf6444ed27221394316686301c71ae481c45ad0"
"870323","8703236400","u","- - - - - Of a cylinder capacity exceeding 2,500 cc","30%","0%","","10%","105%","","","","JKDM_HS_Explorer_PDK2025_870323.html","39557ed62d3f836d5cdf76f34bf6444ed27221394316686301c71ae481c45ad0"
"870323","8703236500","u","- - - - - Of a cylinder capacity exceeding 1,500 cc but not exceeding 1,800 cc","30%","0%","","10%","75%","","","","JKDM_HS_Explorer_PDK2025_870323.html","39557ed62d3f836d5cdf76f34bf6444ed27221394316686301c71ae481c45ad0"
"870323","8703236600","u","- - - - - Of a cylinder capacity exceeding 1,800 cc but not exceeding 2,000 cc","30%","0%","","10%","80%","","","","JKDM_HS_Explorer_PDK2025_870323.html","39557ed62d3f836d5cdf76f34bf6444ed27221394316686301c71ae481c45ad0"
"870323","8703236700","u","- - - - - Of a cylinder capacity exceeding 2,000 cc but not exceeding 2,500 cc","30%","0%","","10%","90%","","","","JKDM_HS_Explorer_PDK2025_870323.html","39557ed62d3f836d5cdf76f34bf6444ed27221394316686301c71ae481c45ad0"
"870323","8703236800","u","- - - - - Of a cylinder capacity exceeding 2,500 cc","30%","0%","","10%","105%","","","","JKDM_HS_Explorer_PDK2025_870323.html","39557ed62d3f836d5cdf76f34bf6444ed27221394316686301c71ae481c45ad0"
"870323","8703237100","u","- - - - - Of a cylinder capacity exceeding 1,500 cc but not exceeding 1,800 cc","30%","0%","","10%","65%","","","","JKDM_HS_Explorer_PDK2025_870323.html","39557ed62d3f836d5cdf76f34bf6444ed27221394316686301c71ae481c45ad0"
"870323","8703237200","u","- - - - - Of a cylinder capacity exceeding 1,800 cc but not exceeding 2,000 cc","30%","0%","","10%","75%","","","","JKDM_HS_Explorer_PDK2025_870323.html","39557ed62d3f836d5cdf76f34bf6444ed27221394316686301c71ae481c45ad0"
"870323","8703237300","u","- - - - - Of a cylinder capacity exceeding 2,000 cc but not exceeding 2,500 cc","30%","0%","","10%","90%","","","","JKDM_HS_Explorer_PDK2025_870323.html","39557ed62d3f836d5cdf76f34bf6444ed27221394316686301c71ae481c45ad0"
"870323","8703237400","u","- - - - - Of a cylinder capacity exceeding 2,500 cc","30%","0%","","10%","105%","","","","JKDM_HS_Explorer_PDK2025_870323.html","39557ed62d3f836d5cdf76f34bf6444ed27221394316686301c71ae481c45ad0"
"870324","8703241100","u","- - - - Ambulances","5%","0%","","0%","","","","","JKDM_HS_Explorer_PDK2025_870324.html","d91a81f505e9df3767bf92573a75066a3833b60c6b9790d5772ada4d387e64b2"
"870324","8703241200","u","- - - - Hearses","10%","0%","","0%","","","","","JKDM_HS_Explorer_PDK2025_870324.html","d91a81f505e9df3767bf92573a75066a3833b60c6b9790d5772ada4d387e64b2"
"870324","8703241300","u","- - - - Prison vans","10%","0%","","0%","","","","","JKDM_HS_Explorer_PDK2025_870324.html","d91a81f505e9df3767bf92573a75066a3833b60c6b9790d5772ada4d387e64b2"
"870324","8703241400","u","- - - - Motor-homes","35%","0%","","0%","","","","","JKDM_HS_Explorer_PDK2025_870324.html","d91a81f505e9df3767bf92573a75066a3833b60c6b9790d5772ada4d387e64b2"
"870324","8703241500","u","- - - - Sedan","10%","0%","","0%","","","","","JKDM_HS_Explorer_PDK2025_870324.html","d91a81f505e9df3767bf92573a75066a3833b60c6b9790d5772ada4d387e64b2"
"870324","8703242100","u","- - - - - Of four-wheel drive","10%","0%","","0%","","","","","JKDM_HS_Explorer_PDK2025_870324.html","d91a81f505e9df3767bf92573a75066a3833b60c6b9790d5772ada4d387e64b2"
"870324","8703242900","u","- - - - - Other","10%","0%","","0%","","","","","JKDM_HS_Explorer_PDK2025_870324.html","d91a81f505e9df3767bf92573a75066a3833b60c6b9790d5772ada4d387e64b2"
"870324","8703243000","u","- - - - Other","10%","0%","","0%","","","","","JKDM_HS_Explorer_PDK2025_870324.html","d91a81f505e9df3767bf92573a75066a3833b60c6b9790d5772ada4d387e64b2"
"870324","8703244100","u","- - - - Ambulances","5%","0%","","10%","","","","","JKDM_HS_Explorer_PDK2025_870324.html","d91a81f505e9df3767bf92573a75066a3833b60c6b9790d5772ada4d387e64b2"
"870324","8703244200","u","- - - - Hearses","30%","0%","","10%","105%","","","","JKDM_HS_Explorer_PDK2025_870324.html","d91a81f505e9df3767bf92573a75066a3833b60c6b9790d5772ada4d387e64b2"
"870324","8703244300","u","- - - - Prison vans","30%","0%","","10%","105%","","","","JKDM_HS_Explorer_PDK2025_870324.html","d91a81f505e9df3767bf92573a75066a3833b60c6b9790d5772ada4d387e64b2"
"870324","8703244400","u","- - - - Motor-homes","35%","0%","","10%","","","","","JKDM_HS_Explorer_PDK2025_870324.html","d91a81f505e9df3767bf92573a75066a3833b60c6b9790d5772ada4d387e64b2"
"870324","8703244500","u","- - - - - Of four-wheel drive","30%","0%","","10%","105%","","","","JKDM_HS_Explorer_PDK2025_870324.html","d91a81f505e9df3767bf92573a75066a3833b60c6b9790d5772ada4d387e64b2"
"870324","8703244900","u","- - - - - Other","30%","0%","","10%","105%","","","","JKDM_HS_Explorer_PDK2025_870324.html","d91a81f505e9df3767bf92573a75066a3833b60c6b9790d5772ada4d387e64b2"
"870324","8703245100","u","- - - - - Of four-wheel drive","30%","0%","","10%","105%","","","","JKDM_HS_Explorer_PDK2025_870324.html","d91a81f505e9df3767bf92573a75066a3833b60c6b9790d5772ada4d387e64b2"
"870324","8703245900","u","- - - - - Other","30%","0%","","10%","105%","","","","JKDM_HS_Explorer_PDK2025_870324.html","d91a81f505e9df3767bf92573a75066a3833b60c6b9790d5772ada4d387e64b2"
"870324","8703246100","u","- - - - - Of four-wheel drive","30%","0%","","10%","105%","","","","JKDM_HS_Explorer_PDK2025_870324.html","d91a81f505e9df3767bf92573a75066a3833b60c6b9790d5772ada4d387e64b2"
"870324","8703246900","u","- - - - - Other","30%","0%","","10%","105%","","","","JKDM_HS_Explorer_PDK2025_870324.html","d91a81f505e9df3767bf92573a75066a3833b60c6b9790d5772ada4d387e64b2"
"870331","8703311100","u","- - - - Go-karts","10%","0%","","0%","","","","","JKDM_HS_Explorer_PDK2025_870331.html","8745e562bdbb61249444ed0325a7ea6b67e07136706cdd42597a3d2150cbcb30"
"870331","8703311200","u","- - - - All-Terrain Vehicles (ATV)","10%","0%","","0%","","","","","JKDM_HS_Explorer_PDK2025_870331.html","8745e562bdbb61249444ed0325a7ea6b67e07136706cdd42597a3d2150cbcb30"
"870331","8703311300","u","- - - - Ambulances","5%","0%","","0%","","","","","JKDM_HS_Explorer_PDK2025_870331.html","8745e562bdbb61249444ed0325a7ea6b67e07136706cdd42597a3d2150cbcb30"
"870331","8703311400","u","- - - - Hearses","10%","0%","","0%","","","","","JKDM_HS_Explorer_PDK2025_870331.html","8745e562bdbb61249444ed0325a7ea6b67e07136706cdd42597a3d2150cbcb30"
"870331","8703311500","u","- - - - Prison vans","10%","0%","","0%","","","","","JKDM_HS_Explorer_PDK2025_870331.html","8745e562bdbb61249444ed0325a7ea6b67e07136706cdd42597a3d2150cbcb30"
"870331","8703311600","u","- - - - Motor-homes","35%","0%","","0%","","","","","JKDM_HS_Explorer_PDK2025_870331.html","8745e562bdbb61249444ed0325a7ea6b67e07136706cdd42597a3d2150cbcb30"
"870331","8703311700","u","- - - - Sedan","10%","0%","","0%","","","","","JKDM_HS_Explorer_PDK2025_870331.html","8745e562bdbb61249444ed0325a7ea6b67e07136706cdd42597a3d2150cbcb30"
"870331","8703312100","u","- - - - - Of four-wheel drive","10%","0%","","0%","","","","","JKDM_HS_Explorer_PDK2025_870331.html","8745e562bdbb61249444ed0325a7ea6b67e07136706cdd42597a3d2150cbcb30"
"870331","8703312900","u","- - - - - Other","10%","0%","","0%","","","","","JKDM_HS_Explorer_PDK2025_870331.html","8745e562bdbb61249444ed0325a7ea6b67e07136706cdd42597a3d2150cbcb30"
"870331","8703313100","u","- - - - - Three-wheeled vehicles","10%","0%","","0%","","","","","JKDM_HS_Explorer_PDK2025_870331.html","8745e562bdbb61249444ed0325a7ea6b67e07136706cdd42597a3d2150cbcb30"
"870331","8703313900","u","- - - - - Other","10%","0%","","0%","","","","","JKDM_HS_Explorer_PDK2025_870331.html","8745e562bdbb61249444ed0325a7ea6b67e07136706cdd42597a3d2150cbcb30"
"870331","8703314100","u","- - - - Go-karts","30%","0%","","10%","","","","","JKDM_HS_Explorer_PDK2025_870331.html","8745e562bdbb61249444ed0325a7ea6b67e07136706cdd42597a3d2150cbcb30"
"870331","8703314200","u","- - - - All-Terrain Vehicles (ATV)","30%","0%","","10%","65%","","","","JKDM_HS_Explorer_PDK2025_870331.html","8745e562bdbb61249444ed0325a7ea6b67e07136706cdd42597a3d2150cbcb30"
"870331","8703314300","u","- - - - Ambulances","5%","0%","","10%","","","","","JKDM_HS_Explorer_PDK2025_870331.html","8745e562bdbb61249444ed0325a7ea6b67e07136706cdd42597a3d2150cbcb30"
"870331","8703314400","u","- - - - Hearses","30%","0%","","10%","65%","","","","JKDM_HS_Explorer_PDK2025_870331.html","8745e562bdbb61249444ed0325a7ea6b67e07136706cdd42597a3d2150cbcb30"
"870331","8703314500","u","- - - - Prison vans","30%","0%","","10%","65%","","","","JKDM_HS_Explorer_PDK2025_870331.html","8745e562bdbb61249444ed0325a7ea6b67e07136706cdd42597a3d2150cbcb30"
"870331","8703314600","u","- - - - Motor-homes","35%","0%","","10%","","","","","JKDM_HS_Explorer_PDK2025_870331.html","8745e562bdbb61249444ed0325a7ea6b67e07136706cdd42597a3d2150cbcb30"
"870331","8703314700","u","- - - - Sedan","30%","0%","","10%","75%","","","","JKDM_HS_Explorer_PDK2025_870331.html","8745e562bdbb61249444ed0325a7ea6b67e07136706cdd42597a3d2150cbcb30"
"870331","8703315100","u","- - - - - Of four-wheel drive","30%","0%","","10%","75%","","","","JKDM_HS_Explorer_PDK2025_870331.html","8745e562bdbb61249444ed0325a7ea6b67e07136706cdd42597a3d2150cbcb30"
"870331","8703315900","u","- - - - - Other","30%","0%","","10%","75%","","","","JKDM_HS_Explorer_PDK2025_870331.html","8745e562bdbb61249444ed0325a7ea6b67e07136706cdd42597a3d2150cbcb30"
"870331","8703319100","u","- - - - - Three-wheeled vehicles","30%","0%","","10%","60%","","","","JKDM_HS_Explorer_PDK2025_870331.html","8745e562bdbb61249444ed0325a7ea6b67e07136706cdd42597a3d2150cbcb30"
"870331","8703319900","u","- - - - - Other","30%","0%","","10%","60%","","","","JKDM_HS_Explorer_PDK2025_870331.html","8745e562bdbb61249444ed0325a7ea6b67e07136706cdd42597a3d2150cbcb30"
"870332","8703321100","u","- - - - Ambulances","5%","0%","","0%","","","","","JKDM_HS_Explorer_PDK2025_870332.html","c8b91df38fb1e8aafe8af2fe75c27b7ca84cbefe3905dd646dc4d4397024a026"
"870332","8703321200","u","- - - - Hearses","10%","0%","","0%","","","","","JKDM_HS_Explorer_PDK2025_870332.html","c8b91df38fb1e8aafe8af2fe75c27b7ca84cbefe3905dd646dc4d4397024a026"
"870332","8703321300","u","- - - - Prison vans","10%","0%","","0%","","","","","JKDM_HS_Explorer_PDK2025_870332.html","c8b91df38fb1e8aafe8af2fe75c27b7ca84cbefe3905dd646dc4d4397024a026"
"870332","8703321400","u","- - - - Motor-homes","35%","0%","","0%","","","","","JKDM_HS_Explorer_PDK2025_870332.html","c8b91df38fb1e8aafe8af2fe75c27b7ca84cbefe3905dd646dc4d4397024a026"
"870332","8703322100","u","- - - - - Of a cylinder capacity exceeding 1,500 cc but not exceeding 1,800 cc","10%","0%","","0%","","","","","JKDM_HS_Explorer_PDK2025_870332.html","c8b91df38fb1e8aafe8af2fe75c27b7ca84cbefe3905dd646dc4d4397024a026"
"870332","8703322200","u","- - - - - Of a cylinder capacity exceeding 1,800 cc but not exceeding 2,000 cc","10%","0%","","0%","","","","","JKDM_HS_Explorer_PDK2025_870332.html","c8b91df38fb1e8aafe8af2fe75c27b7ca84cbefe3905dd646dc4d4397024a026"
"870332","8703322300","u","- - - - - Of a cylinder capacity exceeding 2,000 cc","10%","0%","","0%","","","","","JKDM_HS_Explorer_PDK2025_870332.html","c8b91df38fb1e8aafe8af2fe75c27b7ca84cbefe3905dd646dc4d4397024a026"
"870332","8703323100","u","- - - - - Of a cylinder capacity exceeding 1,500 cc but not exceeding 1,800 cc","10%","0%","","0%","","","","","JKDM_HS_Explorer_PDK2025_870332.html","c8b91df38fb1e8aafe8af2fe75c27b7ca84cbefe3905dd646dc4d4397024a026"
"870332","8703323200","u","- - - - - Of a cylinder capacity exceeding 1,800 cc but not exceeding 2,000 cc","10%","0%","","0%","","","","","JKDM_HS_Explorer_PDK2025_870332.html","c8b91df38fb1e8aafe8af2fe75c27b7ca84cbefe3905dd646dc4d4397024a026"
"870332","8703323300","u","- - - - - Of a cylinder capacity exceeding 2,000 cc","10%","0%","","0%","","","","","JKDM_HS_Explorer_PDK2025_870332.html","c8b91df38fb1e8aafe8af2fe75c27b7ca84cbefe3905dd646dc4d4397024a026"
"870332","8703323400","u","- - - - - Of a cylinder capacity exceeding 1,500 cc but not exceeding 1,800 cc","10%","0%","","0%","","","","","JKDM_HS_Explorer_PDK2025_870332.html","c8b91df38fb1e8aafe8af2fe75c27b7ca84cbefe3905dd646dc4d4397024a026"
"870332","8703323500","u","- - - - - Of a cylinder capacity exceeding 1,800 cc but not exceeding 2,000 cc","10%","0%","","0%","","","","","JKDM_HS_Explorer_PDK2025_870332.html","c8b91df38fb1e8aafe8af2fe75c27b7ca84cbefe3905dd646dc4d4397024a026"
"870332","8703323600","u","- - - - - Of a cylinder capacity exceeding 2,000 cc","10%","0%","","0%","","","","","JKDM_HS_Explorer_PDK2025_870332.html","c8b91df38fb1e8aafe8af2fe75c27b7ca84cbefe3905dd646dc4d4397024a026"
"870332","8703324100","u","- - - - - Of a cylinder capacity exceeding 1,500 cc but not exceeding 1,800 cc","10%","0%","","0%","","","","","JKDM_HS_Explorer_PDK2025_870332.html","c8b91df38fb1e8aafe8af2fe75c27b7ca84cbefe3905dd646dc4d4397024a026"
"870332","8703324200","u","- - - - - Of a cylinder capacity exceeding 1,800 cc but not exceeding 2,000 cc","10%","0%","","0%","","","","","JKDM_HS_Explorer_PDK2025_870332.html","c8b91df38fb1e8aafe8af2fe75c27b7ca84cbefe3905dd646dc4d4397024a026"
"870332","8703324300","u","- - - - - Of a cylinder capacity exceeding 2,000 cc","10%","0%","","0%","","","","","JKDM_HS_Explorer_PDK2025_870332.html","c8b91df38fb1e8aafe8af2fe75c27b7ca84cbefe3905dd646dc4d4397024a026"
"870332","8703325100","u","- - - - Ambulances","5%","0%","","10%","","","","","JKDM_HS_Explorer_PDK2025_870332.html","c8b91df38fb1e8aafe8af2fe75c27b7ca84cbefe3905dd646dc4d4397024a026"
"870332","8703325200","u","- - - - Hearses","30%","0%","","10%","90%","","","","JKDM_HS_Explorer_PDK2025_870332.html","c8b91df38fb1e8aafe8af2fe75c27b7ca84cbefe3905dd646dc4d4397024a026"
"870332","8703325300","u","- - - - Prison vans","30%","0%","","10%","90%","","","","JKDM_HS_Explorer_PDK2025_870332.html","c8b91df38fb1e8aafe8af2fe75c27b7ca84cbefe3905dd646dc4d4397024a026"
"870332","8703325400","u","- - - - Motor-homes","35%","0%","","10%","","","","","JKDM_HS_Explorer_PDK2025_870332.html","c8b91df38fb1e8aafe8af2fe75c27b7ca84cbefe3905dd646dc4d4397024a026"
"870332","8703326100","u","- - - - - Of a cylinder capacity exceeding 1,500 cc but not exceeding 1,800 cc","30%","0%","","10%","75%","","","","JKDM_HS_Explorer_PDK2025_870332.html","c8b91df38fb1e8aafe8af2fe75c27b7ca84cbefe3905dd646dc4d4397024a026"
"870332","8703326200","u","- - - - - Of a cylinder capacity exceeding 1,800 cc but not exceeding 2,000 cc","30%","0%","","10%","80%","","","","JKDM_HS_Explorer_PDK2025_870332.html","c8b91df38fb1e8aafe8af2fe75c27b7ca84cbefe3905dd646dc4d4397024a026"
"870332","8703326300","u","- - - - - Of a cylinder capacity exceeding 2,000 cc","30%","0%","","10%","90%","","","","JKDM_HS_Explorer_PDK2025_870332.html","c8b91df38fb1e8aafe8af2fe75c27b7ca84cbefe3905dd646dc4d4397024a026"
"870332","8703327100","u","- - - - - Of a cylinder capacity exceeding 1,500 cc but not exceeding 1,800 cc :","30%","0%","","10%","75%","","","","JKDM_HS_Explorer_PDK2025_870332.html","c8b91df38fb1e8aafe8af2fe75c27b7ca84cbefe3905dd646dc4d4397024a026"
"870332","8703327200","u","- - - - - Of a cylinder capacity exceeding 1,800 cc but not exceeding 2,000 cc","30%","0%","","10%","80%","","","","JKDM_HS_Explorer_PDK2025_870332.html","c8b91df38fb1e8aafe8af2fe75c27b7ca84cbefe3905dd646dc4d4397024a026"
"870332","8703327300","u","- - - - - Of a cylinder capacity exceeding 2,000 cc","30%","0%","","10%","90%","","","","JKDM_HS_Explorer_PDK2025_870332.html","c8b91df38fb1e8aafe8af2fe75c27b7ca84cbefe3905dd646dc4d4397024a026"
"870332","8703327400","u","- - - - - Of a cylinder capacity exceeding 1,500 cc but not exceeding 1,800 cc","30%","0%","","10%","75%","","","","JKDM_HS_Explorer_PDK2025_870332.html","c8b91df38fb1e8aafe8af2fe75c27b7ca84cbefe3905dd646dc4d4397024a026"
"870332","8703327500","u","- - - - - Of a cylinder capacity exceeding 1,800 cc but not exceeding 2,000 cc","30%","0%","","10%","80%","","","","JKDM_HS_Explorer_PDK2025_870332.html","c8b91df38fb1e8aafe8af2fe75c27b7ca84cbefe3905dd646dc4d4397024a026"
"870332","8703327600","u","- - - - - Of a cylinder capacity exceeding 2,000 cc","30%","0%","","10%","90%","","","","JKDM_HS_Explorer_PDK2025_870332.html","c8b91df38fb1e8aafe8af2fe75c27b7ca84cbefe3905dd646dc4d4397024a026"
"870332","8703328100","u","- - - - - Of a cylinder capacity exceeding 1,500 cc but not exceeding 1,800 cc","30%","0%","","10%","65%","","","","JKDM_HS_Explorer_PDK2025_870332.html","c8b91df38fb1e8aafe8af2fe75c27b7ca84cbefe3905dd646dc4d4397024a026"
"870332","8703328200","u","- - - - - Of a cylinder capacity exceeding 1,800 cc but not exceeding 2,000 cc","30%","0%","","10%","75%","","","","JKDM_HS_Explorer_PDK2025_870332.html","c8b91df38fb1e8aafe8af2fe75c27b7ca84cbefe3905dd646dc4d4397024a026"
"870332","8703328300","u","- - - - - Of a cylinder capacity exceeding 2,000 cc","30%","0%","","10%","90%","","","","JKDM_HS_Explorer_PDK2025_870332.html","c8b91df38fb1e8aafe8af2fe75c27b7ca84cbefe3905dd646dc4d4397024a026"
"870333","8703331100","u","- - - - Ambulances","5%","0%","","0%","","","","","JKDM_HS_Explorer_PDK2025_870333.html","abf01d2ffb8ff903027acd5e4f739f6db7b0ea64b670c18c3c494deeb15a96a2"
"870333","8703331200","u","- - - - Hearses","10%","0%","","0%","","","","","JKDM_HS_Explorer_PDK2025_870333.html","abf01d2ffb8ff903027acd5e4f739f6db7b0ea64b670c18c3c494deeb15a96a2"
"870333","8703331300","u","- - - - Prison vans","10%","0%","","0%","","","","","JKDM_HS_Explorer_PDK2025_870333.html","abf01d2ffb8ff903027acd5e4f739f6db7b0ea64b670c18c3c494deeb15a96a2"
"870333","8703331400","u","- - - - Motor-homes","35%","0%","","0%","","","","","JKDM_HS_Explorer_PDK2025_870333.html","abf01d2ffb8ff903027acd5e4f739f6db7b0ea64b670c18c3c494deeb15a96a2"
"870333","8703332100","u","- - - - - Of a cylinder capacity exceeding 2,500 cc but not exceeding 3,000 cc","10%","0%","","0%","","","","","JKDM_HS_Explorer_PDK2025_870333.html","abf01d2ffb8ff903027acd5e4f739f6db7b0ea64b670c18c3c494deeb15a96a2"
"870333","8703332200","u","- - - - - Of a cylinder capacity exceeding 3,000 cc","10%","0%","","0%","","","","","JKDM_HS_Explorer_PDK2025_870333.html","abf01d2ffb8ff903027acd5e4f739f6db7b0ea64b670c18c3c494deeb15a96a2"
"870333","8703333100","u","- - - - - Of a cylinder capacity exceeding 2,500 cc but not exceeding 3,000 cc","10%","0%","","0%","","","","","JKDM_HS_Explorer_PDK2025_870333.html","abf01d2ffb8ff903027acd5e4f739f6db7b0ea64b670c18c3c494deeb15a96a2"
"870333","8703333200","u","- - - - - Of a cylinder capacity exceeding 3,000 cc","10%","0%","","0%","","","","","JKDM_HS_Explorer_PDK2025_870333.html","abf01d2ffb8ff903027acd5e4f739f6db7b0ea64b670c18c3c494deeb15a96a2"
"870333","8703333300","u","- - - - - Of a cylinder capacity exceeding 2,500 cc but not exceeding 3,000 cc","10%","0%","","0%","","","","","JKDM_HS_Explorer_PDK2025_870333.html","abf01d2ffb8ff903027acd5e4f739f6db7b0ea64b670c18c3c494deeb15a96a2"
"870333","8703333400","u","- - - - - Of a cylinder capacity exceeding 3,000 cc","10%","0%","","0%","","","","","JKDM_HS_Explorer_PDK2025_870333.html","abf01d2ffb8ff903027acd5e4f739f6db7b0ea64b670c18c3c494deeb15a96a2"
"870333","8703334000","u","- - - - Other","10%","0%","","0%","","","","","JKDM_HS_Explorer_PDK2025_870333.html","abf01d2ffb8ff903027acd5e4f739f6db7b0ea64b670c18c3c494deeb15a96a2"
"870333","8703335100","u","- - - - Ambulances","5%","0%","","10%","","","","","JKDM_HS_Explorer_PDK2025_870333.html","abf01d2ffb8ff903027acd5e4f739f6db7b0ea64b670c18c3c494deeb15a96a2"
"870333","8703335200","u","- - - - Hearses","30%","0%","","10%","105%","","","","JKDM_HS_Explorer_PDK2025_870333.html","abf01d2ffb8ff903027acd5e4f739f6db7b0ea64b670c18c3c494deeb15a96a2"
"870333","8703335300","u","- - - - Prison vans","30%","0%","","10%","105%","","","","JKDM_HS_Explorer_PDK2025_870333.html","abf01d2ffb8ff903027acd5e4f739f6db7b0ea64b670c18c3c494deeb15a96a2"
"870333","8703335400","u","- - - - Motor-homes","35%","0%","","10%","","","","","JKDM_HS_Explorer_PDK2025_870333.html","abf01d2ffb8ff903027acd5e4f739f6db7b0ea64b670c18c3c494deeb15a96a2"
"870333","8703336100","u","- - - - - Of a cylinder capacity exceeding 2,500 cc but not exceeding 3,000 cc","30%","0%","","10%","105%","","","","JKDM_HS_Explorer_PDK2025_870333.html","abf01d2ffb8ff903027acd5e4f739f6db7b0ea64b670c18c3c494deeb15a96a2"
"870333","8703336200","u","- - - - - Of a cylinder capacity exceeding 3,000 cc","30%","0%","","10%","105%","","","","JKDM_HS_Explorer_PDK2025_870333.html","abf01d2ffb8ff903027acd5e4f739f6db7b0ea64b670c18c3c494deeb15a96a2"
"870333","8703337100","u","- - - - - Of a cylinder capacity exceeding 2,500 cc but not exceeding 3,000 cc","30%","0%","","10%","105%","","","","JKDM_HS_Explorer_PDK2025_870333.html","abf01d2ffb8ff903027acd5e4f739f6db7b0ea64b670c18c3c494deeb15a96a2"
"870333","8703337200","u","- - - - - Of a cylinder capacity exceeding 3,000 cc","30%","0%","","10%","105%","","","","JKDM_HS_Explorer_PDK2025_870333.html","abf01d2ffb8ff903027acd5e4f739f6db7b0ea64b670c18c3c494deeb15a96a2"
"870333","8703338000","u","- - - - Other motor cars (including station wagons and sports cars, but not including vans), not of four-wheel-drive","30%","0%","","10%","105%","","","","JKDM_HS_Explorer_PDK2025_870333.html","abf01d2ffb8ff903027acd5e4f739f6db7b0ea64b670c18c3c494deeb15a96a2"
"870333","8703339000","u","- - - - Other","30%","0%","","10%","105%","","","","JKDM_HS_Explorer_PDK2025_870333.html","abf01d2ffb8ff903027acd5e4f739f6db7b0ea64b670c18c3c494deeb15a96a2"
"870340","8703401100","u","- - - Go-karts","0%","0%","","0%","","","","","JKDM_HS_Explorer_PDK2025_870340.html","75f01b625ee3c3a7ec17c75bcad29bc119d8e2ae08eaaafe15e3d7fe822918a3"
"870340","8703401200","u","- - - All-Terrain Vehicles (ATV)","10%","0%","","0%","","","","","JKDM_HS_Explorer_PDK2025_870340.html","75f01b625ee3c3a7ec17c75bcad29bc119d8e2ae08eaaafe15e3d7fe822918a3"
"870340","8703401300","u","- - - Ambulances","5%","0%","","0%","","","","","JKDM_HS_Explorer_PDK2025_870340.html","75f01b625ee3c3a7ec17c75bcad29bc119d8e2ae08eaaafe15e3d7fe822918a3"
"870340","8703401400","u","- - - Hearses","10%","0%","","0%","","","","","JKDM_HS_Explorer_PDK2025_870340.html","75f01b625ee3c3a7ec17c75bcad29bc119d8e2ae08eaaafe15e3d7fe822918a3"
"870340","8703401500","u","- - - Prison vans","10%","0%","","0%","","","","","JKDM_HS_Explorer_PDK2025_870340.html","75f01b625ee3c3a7ec17c75bcad29bc119d8e2ae08eaaafe15e3d7fe822918a3"
"870340","8703401600","u","- - - - Of a cylinder capacity not exceeding 2,000 cc","35%","0%","","0%","","","","","JKDM_HS_Explorer_PDK2025_870340.html","75f01b625ee3c3a7ec17c75bcad29bc119d8e2ae08eaaafe15e3d7fe822918a3"
"870340","8703401700","u","- - - - Of a cylinder capacity exceeding 2,000 cc","35%","0%","","0%","","","","","JKDM_HS_Explorer_PDK2025_870340.html","75f01b625ee3c3a7ec17c75bcad29bc119d8e2ae08eaaafe15e3d7fe822918a3"
"870340","8703401800","u","- - - - Of a cylinder capacity not exceeding 1,500 cc","10%","0%","","0%","","","","","JKDM_HS_Explorer_PDK2025_870340.html","75f01b625ee3c3a7ec17c75bcad29bc119d8e2ae08eaaafe15e3d7fe822918a3"
"870340","8703401900","u","- - - - Of a cylinder capacity exceeding 1,500 cc but not exceeding 2,000 cc","10%","0%","","0%","","","","","JKDM_HS_Explorer_PDK2025_870340.html","75f01b625ee3c3a7ec17c75bcad29bc119d8e2ae08eaaafe15e3d7fe822918a3"
"870340","8703402100","u","- - - - Of a cylinder capacity exceeding 2,000 cc","10%","0%","","0%","","","","","JKDM_HS_Explorer_PDK2025_870340.html","75f01b625ee3c3a7ec17c75bcad29bc119d8e2ae08eaaafe15e3d7fe822918a3"
"870340","8703402200","u","- - - - Of a cylinder capacity not exceeding 1,500 cc","10%","0%","","0%","","","","","JKDM_HS_Explorer_PDK2025_870340.html","75f01b625ee3c3a7ec17c75bcad29bc119d8e2ae08eaaafe15e3d7fe822918a3"
"870340","8703402300","u","- - - - Of a cylinder capacity exceeding 1,500 cc but not exceeding 2,000 cc","10%","0%","","0%","","","","","JKDM_HS_Explorer_PDK2025_870340.html","75f01b625ee3c3a7ec17c75bcad29bc119d8e2ae08eaaafe15e3d7fe822918a3"
"870340","8703402400","u","- - - - Of a cylinder capacity exceeding 2,000 cc","10%","0%","","0%","","","","","JKDM_HS_Explorer_PDK2025_870340.html","75f01b625ee3c3a7ec17c75bcad29bc119d8e2ae08eaaafe15e3d7fe822918a3"
"870340","8703402500","u","- - - - Of a cylinder capacity not exceeding 2,000 cc","10%","0%","","0%","","","","","JKDM_HS_Explorer_PDK2025_870340.html","75f01b625ee3c3a7ec17c75bcad29bc119d8e2ae08eaaafe15e3d7fe822918a3"
"870340","8703402600","u","- - - - Of a cylinder capacity exceeding 2,000 cc","10%","0%","","0%","","","","","JKDM_HS_Explorer_PDK2025_870340.html","75f01b625ee3c3a7ec17c75bcad29bc119d8e2ae08eaaafe15e3d7fe822918a3"
"870340","8703402700","u","- - - - Of a cylinder capacity not exceeding 2,000 cc","10%","0%","","0%","","","","","JKDM_HS_Explorer_PDK2025_870340.html","75f01b625ee3c3a7ec17c75bcad29bc119d8e2ae08eaaafe15e3d7fe822918a3"
"870340","8703402800","u","- - - - Of a cylinder capacity exceeding 2,000 cc","10%","0%","","0%","","","","","JKDM_HS_Explorer_PDK2025_870340.html","75f01b625ee3c3a7ec17c75bcad29bc119d8e2ae08eaaafe15e3d7fe822918a3"
"870340","8703403100","u","- - - Go-karts","0%","0%","","10%","","","","","JKDM_HS_Explorer_PDK2025_870340.html","75f01b625ee3c3a7ec17c75bcad29bc119d8e2ae08eaaafe15e3d7fe822918a3"
"870340","8703403200","u","- - - - Of a cylinder capacity not exceeding 1,000 cc","30%","0%","","10%","65%","","","","JKDM_HS_Explorer_PDK2025_870340.html","75f01b625ee3c3a7ec17c75bcad29bc119d8e2ae08eaaafe15e3d7fe822918a3"
"870340","8703403300","u","- - - - Of a cylinder capacity exceeding 1,000 cc","30%","0%","","10%","65%","","","","JKDM_HS_Explorer_PDK2025_870340.html","75f01b625ee3c3a7ec17c75bcad29bc119d8e2ae08eaaafe15e3d7fe822918a3"
"870340","8703403400","u","- - - - Of a cylinder capacity exceeding 1,000 cc but not exceeding 1,500 cc","5%","0%","","10%","","","","","JKDM_HS_Explorer_PDK2025_870340.html","75f01b625ee3c3a7ec17c75bcad29bc119d8e2ae08eaaafe15e3d7fe822918a3"
"870340","8703403500","u","- - - - Of a cylinder capacity exceeding 1,500 cc but not exceeding 3,000 cc","5%","0%","","10%","","","","","JKDM_HS_Explorer_PDK2025_870340.html","75f01b625ee3c3a7ec17c75bcad29bc119d8e2ae08eaaafe15e3d7fe822918a3"
"870340","8703403600","u","- - - - Other","5%","0%","","10%","","","","","JKDM_HS_Explorer_PDK2025_870340.html","75f01b625ee3c3a7ec17c75bcad29bc119d8e2ae08eaaafe15e3d7fe822918a3"
"870340","8703404100","u","- - - - Of a cylinder capacity not exceeding 1,000 cc","30%","0%","","10%","65%","","","","JKDM_HS_Explorer_PDK2025_870340.html","75f01b625ee3c3a7ec17c75bcad29bc119d8e2ae08eaaafe15e3d7fe822918a3"
"870340","8703404200","u","- - - - Of a cylinder capacity exceeding 1,000 cc but not exceeding 1,500 cc","30%","0%","","10%","65%","","","","JKDM_HS_Explorer_PDK2025_870340.html","75f01b625ee3c3a7ec17c75bcad29bc119d8e2ae08eaaafe15e3d7fe822918a3"
"870340","8703404300","u","- - - - Of a cylinder capacity exceeding 1,500 cc but not exceeding 1,800 cc","30%","0%","","10%","65%","","","","JKDM_HS_Explorer_PDK2025_870340.html","75f01b625ee3c3a7ec17c75bcad29bc119d8e2ae08eaaafe15e3d7fe822918a3"
"870340","8703404400","u","- - - - Of a cylinder capacity exceeding 1,800 cc but not exceeding 2,000 cc","30%","0%","","10%","75%","","","","JKDM_HS_Explorer_PDK2025_870340.html","75f01b625ee3c3a7ec17c75bcad29bc119d8e2ae08eaaafe15e3d7fe822918a3"
"870340","8703404500","u","- - - - Of a cylinder capacity exceeding 2,000 cc but not exceeding 2,500 cc","30%","0%","","10%","90%","","","","JKDM_HS_Explorer_PDK2025_870340.html","75f01b625ee3c3a7ec17c75bcad29bc119d8e2ae08eaaafe15e3d7fe822918a3"
"870340","8703404600","u","- - - - Of a cylinder capacity exceeding 2,500 cc but not exceeding 3,000 cc","30%","0%","","10%","105%","","","","JKDM_HS_Explorer_PDK2025_870340.html","75f01b625ee3c3a7ec17c75bcad29bc119d8e2ae08eaaafe15e3d7fe822918a3"
"870340","8703404700","u","- - - - Of a cylinder capacity exceeding 3,000 cc","30%","0%","","10%","105%","","","","JKDM_HS_Explorer_PDK2025_870340.html","75f01b625ee3c3a7ec17c75bcad29bc119d8e2ae08eaaafe15e3d7fe822918a3"
"870340","8703405100","u","- - - - Of a cylinder capacity not exceeding 1,000 cc","30%","0%","","10%","65%","","","","JKDM_HS_Explorer_PDK2025_870340.html","75f01b625ee3c3a7ec17c75bcad29bc119d8e2ae08eaaafe15e3d7fe822918a3"
"870340","8703405200","u","- - - - Of a cylinder capacity exceeding 1,000 cc but not exceeding 1,500 cc","30%","0%","","10%","65%","","","","JKDM_HS_Explorer_PDK2025_870340.html","75f01b625ee3c3a7ec17c75bcad29bc119d8e2ae08eaaafe15e3d7fe822918a3"
"870340","8703405300","u","- - - - Of a cylinder capacity exceeding 1,500 cc but not exceeding 1,800 cc","30%","0%","","10%","65%","","","","JKDM_HS_Explorer_PDK2025_870340.html","75f01b625ee3c3a7ec17c75bcad29bc119d8e2ae08eaaafe15e3d7fe822918a3"
"870340","8703405400","u","- - - - Of a cylinder capacity exceeding 1,800 cc but not exceeding 3,000 cc","30%","0%","","10%","90%","","","","JKDM_HS_Explorer_PDK2025_870340.html","75f01b625ee3c3a7ec17c75bcad29bc119d8e2ae08eaaafe15e3d7fe822918a3"
"870340","8703405500","u","- - - - Of a cylinder capacity exceeding 3,000 cc","30%","0%","","10%","105%","","","","JKDM_HS_Explorer_PDK2025_870340.html","75f01b625ee3c3a7ec17c75bcad29bc119d8e2ae08eaaafe15e3d7fe822918a3"
"870340","8703405600","u","- - - - Of a cylinder capacity not exceeding 1,500 cc","35%","0%","","10%","","","","","JKDM_HS_Explorer_PDK2025_870340.html","75f01b625ee3c3a7ec17c75bcad29bc119d8e2ae08eaaafe15e3d7fe822918a3"
"870340","8703405700","u","- - - - Of a cylinder capacity exceeding 1,500 cc but not exceeding 2,000 cc","35%","0%","","10%","","","","","JKDM_HS_Explorer_PDK2025_870340.html","75f01b625ee3c3a7ec17c75bcad29bc119d8e2ae08eaaafe15e3d7fe822918a3"
"870340","8703405800","u","- - - - Of a cylinder capacity exceeding 2,000 cc","35%","0%","","10%","","","","","JKDM_HS_Explorer_PDK2025_870340.html","75f01b625ee3c3a7ec17c75bcad29bc119d8e2ae08eaaafe15e3d7fe822918a3"
"870340","8703406100","u","- - - - Of a cylinder capacity not exceeding 1,000 cc","30%","0%","","10%","75%","","","","JKDM_HS_Explorer_PDK2025_870340.html","75f01b625ee3c3a7ec17c75bcad29bc119d8e2ae08eaaafe15e3d7fe822918a3"
"870340","8703406200","u","- - - - Of a cylinder capacity exceeding 1,000 cc but not exceeding 1,500 cc","30%","0%","","10%","75%","","","","JKDM_HS_Explorer_PDK2025_870340.html","75f01b625ee3c3a7ec17c75bcad29bc119d8e2ae08eaaafe15e3d7fe822918a3"
"870340","8703406300","u","- - - - Of a cylinder capacity exceeding 1,500 cc but not exceeding 1,800 cc","30%","0%","","10%","75%","","","","JKDM_HS_Explorer_PDK2025_870340.html","75f01b625ee3c3a7ec17c75bcad29bc119d8e2ae08eaaafe15e3d7fe822918a3"
"870340","8703406400","u","- - - - Of a cylinder capacity exceeding 1,800 cc but not exceeding 2,000 cc","30%","0%","","10%","80%","","","","JKDM_HS_Explorer_PDK2025_870340.html","75f01b625ee3c3a7ec17c75bcad29bc119d8e2ae08eaaafe15e3d7fe822918a3"
"870340","8703406500","u","- - - - Of a cylinder capacity exceeding 2,000 cc but not exceeding 2,500 cc","30%","0%","","10%","90%","","","","JKDM_HS_Explorer_PDK2025_870340.html","75f01b625ee3c3a7ec17c75bcad29bc119d8e2ae08eaaafe15e3d7fe822918a3"
"870340","8703406600","u","- - - - Of a cylinder capacity exceeding 2,500 cc but not exceeding 3,000 cc","30%","0%","","10%","105%","","","","JKDM_HS_Explorer_PDK2025_870340.html","75f01b625ee3c3a7ec17c75bcad29bc119d8e2ae08eaaafe15e3d7fe822918a3"
"870340","8703406700","u","- - - - Of a cylinder capacity exceeding 3,000 cc, of four-wheel drive","30%","0%","","10%","105%","","","","JKDM_HS_Explorer_PDK2025_870340.html","75f01b625ee3c3a7ec17c75bcad29bc119d8e2ae08eaaafe15e3d7fe822918a3"
"870340","8703406800","u","- - - - Of a cylinder capacity exceeding 3,000 cc, not of four-wheel drive","30%","0%","","10%","105%","","","","JKDM_HS_Explorer_PDK2025_870340.html","75f01b625ee3c3a7ec17c75bcad29bc119d8e2ae08eaaafe15e3d7fe822918a3"
"870340","8703407100","u","- - - - Of a cylinder capacity not exceeding 1,000 cc","30%","0%","","10%","75%","","","","JKDM_HS_Explorer_PDK2025_870340.html","75f01b625ee3c3a7ec17c75bcad29bc119d8e2ae08eaaafe15e3d7fe822918a3"
"870340","8703407200","u","- - - - Of a cylinder capacity exceeding 1,000 cc but not exceeding 1,500 cc","30%","0%","","10%","75%","","","","JKDM_HS_Explorer_PDK2025_870340.html","75f01b625ee3c3a7ec17c75bcad29bc119d8e2ae08eaaafe15e3d7fe822918a3"
"870340","8703407300","u","- - - - Of a cylinder capacity exceeding 1,500 cc but not exceeding 1,800 cc","30%","0%","","10%","75%","","","","JKDM_HS_Explorer_PDK2025_870340.html","75f01b625ee3c3a7ec17c75bcad29bc119d8e2ae08eaaafe15e3d7fe822918a3"
"870340","8703407400","u","- - - - Of a cylinder capacity exceeding 1,800 cc but not exceeding 2,000 cc","30%","0%","","10%","80%","","","","JKDM_HS_Explorer_PDK2025_870340.html","75f01b625ee3c3a7ec17c75bcad29bc119d8e2ae08eaaafe15e3d7fe822918a3"
"870340","8703407500","u","- - - - Of a cylinder capacity exceeding 2,000 cc but not exceeding 2,500 cc","30%","0%","","10%","90%","","","","JKDM_HS_Explorer_PDK2025_870340.html","75f01b625ee3c3a7ec17c75bcad29bc119d8e2ae08eaaafe15e3d7fe822918a3"
"870340","8703407600","u","- - - - Of a cylinder capacity exceeding 2,500 cc but not exceeding 3,000 cc","30%","0%","","10%","105%","","","","JKDM_HS_Explorer_PDK2025_870340.html","75f01b625ee3c3a7ec17c75bcad29bc119d8e2ae08eaaafe15e3d7fe822918a3"
"870340","8703407700","u","- - - - Of a cylinder capacity exceeding 3,000 cc","30%","0%","","10%","105%","","","","JKDM_HS_Explorer_PDK2025_870340.html","75f01b625ee3c3a7ec17c75bcad29bc119d8e2ae08eaaafe15e3d7fe822918a3"
"870340","8703408100","u","- - - - Of a cylinder capacity not exceeding 1,000 cc","30%","0%","","10%","75%","","","","JKDM_HS_Explorer_PDK2025_870340.html","75f01b625ee3c3a7ec17c75bcad29bc119d8e2ae08eaaafe15e3d7fe822918a3"
"870340","8703408200","u","- - - - Of a cylinder capacity exceeding 1,000 cc but not exceeding 1,500 cc","30%","0%","","10%","75%","","","","JKDM_HS_Explorer_PDK2025_870340.html","75f01b625ee3c3a7ec17c75bcad29bc119d8e2ae08eaaafe15e3d7fe822918a3"
"870340","8703408300","u","- - - - Of a cylinder capacity exceeding 1,500 cc but not exceeding 1,800 cc","30%","0%","","10%","75%","","","","JKDM_HS_Explorer_PDK2025_870340.html","75f01b625ee3c3a7ec17c75bcad29bc119d8e2ae08eaaafe15e3d7fe822918a3"
"870340","8703408400","u","- - - - Of a cylinder capacity exceeding 1,800 cc but not exceeding 2,000 cc","30%","0%","","10%","80%","","","","JKDM_HS_Explorer_PDK2025_870340.html","75f01b625ee3c3a7ec17c75bcad29bc119d8e2ae08eaaafe15e3d7fe822918a3"
"870340","8703408500","u","- - - - Of a cylinder capacity exceeding 2,000 cc but not exceeding 2,500 cc","30%","0%","","10%","90%","","","","JKDM_HS_Explorer_PDK2025_870340.html","75f01b625ee3c3a7ec17c75bcad29bc119d8e2ae08eaaafe15e3d7fe822918a3"
"870340","8703408600","u","- - - - Of a cylinder capacity exceeding 2,500 cc but not exceeding 3,000 cc","30%","0%","","10%","105%","","","","JKDM_HS_Explorer_PDK2025_870340.html","75f01b625ee3c3a7ec17c75bcad29bc119d8e2ae08eaaafe15e3d7fe822918a3"
"870340","8703408700","u","- - - - Of a cylinder capacity exceeding 3,000 cc","30%","0%","","10%","105%","","","","JKDM_HS_Explorer_PDK2025_870340.html","75f01b625ee3c3a7ec17c75bcad29bc119d8e2ae08eaaafe15e3d7fe822918a3"
"870340","8703409100","u","- - - - Of a cylinder capacity not exceeding 1,000 cc","30%","0%","","10%","60%","","","","JKDM_HS_Explorer_PDK2025_870340.html","75f01b625ee3c3a7ec17c75bcad29bc119d8e2ae08eaaafe15e3d7fe822918a3"
"870340","8703409200","u","- - - - Of a cylinder capacity exceeding 1,000 cc but not exceeding 1,500 cc","30%","0%","","10%","60%","","","","JKDM_HS_Explorer_PDK2025_870340.html","75f01b625ee3c3a7ec17c75bcad29bc119d8e2ae08eaaafe15e3d7fe822918a3"
"870340","8703409300","u","- - - - Of a cylinder capacity exceeding 1,500 cc but not exceeding 1,800 cc","30%","0%","","10%","65%","","","","JKDM_HS_Explorer_PDK2025_870340.html","75f01b625ee3c3a7ec17c75bcad29bc119d8e2ae08eaaafe15e3d7fe822918a3"
"870340","8703409400","u","- - - - Of a cylinder capacity exceeding 1,800 cc but not exceeding 2,000 cc","30%","0%","","10%","75%","","","","JKDM_HS_Explorer_PDK2025_870340.html","75f01b625ee3c3a7ec17c75bcad29bc119d8e2ae08eaaafe15e3d7fe822918a3"
"870340","8703409500","u","- - - - Of a cylinder capacity exceeding 2,000 cc but not exceeding 2,500 cc","30%","0%","","10%","90%","","","","JKDM_HS_Explorer_PDK2025_870340.html","75f01b625ee3c3a7ec17c75bcad29bc119d8e2ae08eaaafe15e3d7fe822918a3"
"870340","8703409600","u","- - - - Of a cylinder capacity exceeding 2,500 cc but not exceeding 3,000 cc","30%","0%","","10%","105%","","","","JKDM_HS_Explorer_PDK2025_870340.html","75f01b625ee3c3a7ec17c75bcad29bc119d8e2ae08eaaafe15e3d7fe822918a3"
"870340","8703409700","u","- - - - Of a cylinder capacity exceeding 3,000 cc, of four-wheel drive","30%","0%","","10%","105%","","","","JKDM_HS_Explorer_PDK2025_870340.html","75f01b625ee3c3a7ec17c75bcad29bc119d8e2ae08eaaafe15e3d7fe822918a3"
"870340","8703409800","u","- - - - Of a cylinder capacity exceeding 3,000 cc, not of four-wheel drive","30%","0%","","10%","105%","","","","JKDM_HS_Explorer_PDK2025_870340.html","75f01b625ee3c3a7ec17c75bcad29bc119d8e2ae08eaaafe15e3d7fe822918a3"
"870350","8703501100","u","- - - Go-karts","10%","0%","","0%","","","","","JKDM_HS_Explorer_PDK2025_870350.html","493bda523bae781d7390a68620c3179634c3e10abc52fd3d2828111f4daa46c0"
"870350","8703501200","u","- - - All-Terrain Vehicles (ATV)","10%","0%","","0%","","","","","JKDM_HS_Explorer_PDK2025_870350.html","493bda523bae781d7390a68620c3179634c3e10abc52fd3d2828111f4daa46c0"
"870350","8703501300","u","- - - Ambulances","5%","0%","","0%","","","","","JKDM_HS_Explorer_PDK2025_870350.html","493bda523bae781d7390a68620c3179634c3e10abc52fd3d2828111f4daa46c0"
"870350","8703501400","u","- - - Hearses","10%","0%","","0%","","","","","JKDM_HS_Explorer_PDK2025_870350.html","493bda523bae781d7390a68620c3179634c3e10abc52fd3d2828111f4daa46c0"
"870350","8703501500","u","- - - Prison vans","10%","0%","","0%","","","","","JKDM_HS_Explorer_PDK2025_870350.html","493bda523bae781d7390a68620c3179634c3e10abc52fd3d2828111f4daa46c0"
"870350","8703501600","u","- - - - Of a cylinder capacity not exceeding 2,000 cc","35%","0%","","0%","","","","","JKDM_HS_Explorer_PDK2025_870350.html","493bda523bae781d7390a68620c3179634c3e10abc52fd3d2828111f4daa46c0"
"870350","8703501700","u","- - - - Of a cylinder capacity exceeding 2,000 cc","35%","0%","","0%","","","","","JKDM_HS_Explorer_PDK2025_870350.html","493bda523bae781d7390a68620c3179634c3e10abc52fd3d2828111f4daa46c0"
"870350","8703501800","u","- - - - Of a cylinder capacity not exceeding 1,500 cc","10%","0%","","0%","","","","","JKDM_HS_Explorer_PDK2025_870350.html","493bda523bae781d7390a68620c3179634c3e10abc52fd3d2828111f4daa46c0"
"870350","8703501900","u","- - - - Of a cylinder capacity exceeding 1,500 cc but not exceeding 2,000 cc","10%","0%","","0%","","","","","JKDM_HS_Explorer_PDK2025_870350.html","493bda523bae781d7390a68620c3179634c3e10abc52fd3d2828111f4daa46c0"
"870350","8703502100","u","- - - - Of a cylinder capacity exceeding 2,000 cc","10%","0%","","0%","","","","","JKDM_HS_Explorer_PDK2025_870350.html","493bda523bae781d7390a68620c3179634c3e10abc52fd3d2828111f4daa46c0"
"870350","8703502200","u","- - - - Of a cylinder capacity not exceeding 1,500 cc","10%","0%","","0%","","","","","JKDM_HS_Explorer_PDK2025_870350.html","493bda523bae781d7390a68620c3179634c3e10abc52fd3d2828111f4daa46c0"
"870350","8703502300","u","- - - - Of a cylinder capacity exceeding 1,500 cc but not exceeding 2,000 cc","10%","0%","","0%","","","","","JKDM_HS_Explorer_PDK2025_870350.html","493bda523bae781d7390a68620c3179634c3e10abc52fd3d2828111f4daa46c0"
"870350","8703502400","u","- - - - Of a cylinder capacity exceeding 2,000 cc","10%","0%","","0%","","","","","JKDM_HS_Explorer_PDK2025_870350.html","493bda523bae781d7390a68620c3179634c3e10abc52fd3d2828111f4daa46c0"
"870350","8703502500","u","- - - - Of a cylinder capacity not exceeding 2,000 cc","10%","0%","","0%","","","","","JKDM_HS_Explorer_PDK2025_870350.html","493bda523bae781d7390a68620c3179634c3e10abc52fd3d2828111f4daa46c0"
"870350","8703502600","u","- - - - Of a cylinder capacity exceeding 2,000 cc","10%","0%","","0%","","","","","JKDM_HS_Explorer_PDK2025_870350.html","493bda523bae781d7390a68620c3179634c3e10abc52fd3d2828111f4daa46c0"
"870350","8703502700","u","- - - - Of a cylinder capacity not exceeding 2,000 cc","10%","0%","","0%","","","","","JKDM_HS_Explorer_PDK2025_870350.html","493bda523bae781d7390a68620c3179634c3e10abc52fd3d2828111f4daa46c0"
"870350","8703502800","u","- - - - Of a cylinder capacity exceeding 2,000 cc","10%","0%","","0%","","","","","JKDM_HS_Explorer_PDK2025_870350.html","493bda523bae781d7390a68620c3179634c3e10abc52fd3d2828111f4daa46c0"
"870350","8703503100","u","- - - Go-karts","30%","0%","","10%","","","","","JKDM_HS_Explorer_PDK2025_870350.html","493bda523bae781d7390a68620c3179634c3e10abc52fd3d2828111f4daa46c0"
"870350","8703503200","u","- - - - Of a cylinder capacity not exceeding 1,000 cc","30%","0%","","10%","65%","","","","JKDM_HS_Explorer_PDK2025_870350.html","493bda523bae781d7390a68620c3179634c3e10abc52fd3d2828111f4daa46c0"
"870350","8703503300","u","- - - - Of a cylinder capacity exceeding 1,000 cc","30%","0%","","10%","65%","","","","JKDM_HS_Explorer_PDK2025_870350.html","493bda523bae781d7390a68620c3179634c3e10abc52fd3d2828111f4daa46c0"
"870350","8703503400","u","- - - - Of a cylinder capacity not exceeding 1,500 cc","5%","0%","","10%","","","","","JKDM_HS_Explorer_PDK2025_870350.html","493bda523bae781d7390a68620c3179634c3e10abc52fd3d2828111f4daa46c0"
"870350","8703503500","u","- - - - Of a cylinder capacity exceeding 1,500 cc but not exceeding 2,500 cc","5%","0%","","10%","","","","","JKDM_HS_Explorer_PDK2025_870350.html","493bda523bae781d7390a68620c3179634c3e10abc52fd3d2828111f4daa46c0"
"870350","8703503600","u","- - - - Of a cylinder capacity exceeding 2,500 cc","5%","0%","","10%","","","","","JKDM_HS_Explorer_PDK2025_870350.html","493bda523bae781d7390a68620c3179634c3e10abc52fd3d2828111f4daa46c0"
"870350","8703504100","u","- - - - Of a cylinder capacity not exceeding 1,000 cc","30%","0%","","10%","65%","","","","JKDM_HS_Explorer_PDK2025_870350.html","493bda523bae781d7390a68620c3179634c3e10abc52fd3d2828111f4daa46c0"
"870350","8703504200","u","- - - - Of a cylinder capacity exceeding 1,000 cc but not exceeding 1,500 cc","30%","0%","","10%","65%","","","","JKDM_HS_Explorer_PDK2025_870350.html","493bda523bae781d7390a68620c3179634c3e10abc52fd3d2828111f4daa46c0"
"870350","8703504300","u","- - - - Of a cylinder capacity exceeding 1,500 cc but not exceeding 1,800 cc","30%","0%","","10%","65%","","","","JKDM_HS_Explorer_PDK2025_870350.html","493bda523bae781d7390a68620c3179634c3e10abc52fd3d2828111f4daa46c0"
"870350","8703504400","u","- - - - Of a cylinder capacity exceeding 1,800 cc but not exceeding 2,000 cc","30%","0%","","10%","75%","","","","JKDM_HS_Explorer_PDK2025_870350.html","493bda523bae781d7390a68620c3179634c3e10abc52fd3d2828111f4daa46c0"
"870350","8703504500","u","- - - - Of a cylinder capacity exceeding 2,000 cc but not exceeding 2,500 cc","30%","0%","","10%","90%","","","","JKDM_HS_Explorer_PDK2025_870350.html","493bda523bae781d7390a68620c3179634c3e10abc52fd3d2828111f4daa46c0"
"870350","8703504600","u","- - - - Of a cylinder capacity exceeding 2,500 cc but not exceeding 3,000 cc","30%","0%","","10%","105%","","","","JKDM_HS_Explorer_PDK2025_870350.html","493bda523bae781d7390a68620c3179634c3e10abc52fd3d2828111f4daa46c0"
"870350","8703504700","u","- - - - Of a cylinder capacity exceeding 3,000 cc","30%","0%","","10%","105%","","","","JKDM_HS_Explorer_PDK2025_870350.html","493bda523bae781d7390a68620c3179634c3e10abc52fd3d2828111f4daa46c0"
"870350","8703505100","u","- - - - Of a cylinder capacity not exceeding 1,000 cc","30%","0%","","10%","65%","","","","JKDM_HS_Explorer_PDK2025_870350.html","493bda523bae781d7390a68620c3179634c3e10abc52fd3d2828111f4daa46c0"
"870350","8703505200","u","- - - - Of a cylinder capacity exceeding 1,000 cc but not exceeding 1,500 cc","30%","0%","","10%","65%","","","","JKDM_HS_Explorer_PDK2025_870350.html","493bda523bae781d7390a68620c3179634c3e10abc52fd3d2828111f4daa46c0"
"870350","8703505300","u","- - - - Of a cylinder capacity exceeding 1,500 cc but not exceeding 1,800 cc","30%","0%","","10%","65%","","","","JKDM_HS_Explorer_PDK2025_870350.html","493bda523bae781d7390a68620c3179634c3e10abc52fd3d2828111f4daa46c0"
"870350","8703505400","u","- - - - Of a cylinder capacity exceeding 1,800 cc but not exceeding 2,500 cc","30%","0%","","10%","90%","","","","JKDM_HS_Explorer_PDK2025_870350.html","493bda523bae781d7390a68620c3179634c3e10abc52fd3d2828111f4daa46c0"
"870350","8703505500","u","- - - - Of a cylinder capacity exceeding 2,500 cc","30%","0%","","10%","105%","","","","JKDM_HS_Explorer_PDK2025_870350.html","493bda523bae781d7390a68620c3179634c3e10abc52fd3d2828111f4daa46c0"
"870350","8703505600","u","- - - - Of a cylinder capacity not exceeding 1,500 cc","35%","0%","","10%","","","","","JKDM_HS_Explorer_PDK2025_870350.html","493bda523bae781d7390a68620c3179634c3e10abc52fd3d2828111f4daa46c0"
"870350","8703505700","u","- - - - Of a cylinder capacity exceeding 1,500 cc but not exceeding 2,000 cc","35%","0%","","10%","","","","","JKDM_HS_Explorer_PDK2025_870350.html","493bda523bae781d7390a68620c3179634c3e10abc52fd3d2828111f4daa46c0"
"870350","8703505800","u","- - - - Of a cylinder capacity exceeding 2,000 cc","35%","0%","","10%","","","","","JKDM_HS_Explorer_PDK2025_870350.html","493bda523bae781d7390a68620c3179634c3e10abc52fd3d2828111f4daa46c0"
"870350","8703506100","u","- - - - Of a cylinder capacity not exceeding 1,000 cc","30%","0%","","10%","75%","","","","JKDM_HS_Explorer_PDK2025_870350.html","493bda523bae781d7390a68620c3179634c3e10abc52fd3d2828111f4daa46c0"
"870350","8703506200","u","- - - - Of a cylinder capacity exceeding 1,000 cc but not exceeding 1,500 cc","30%","0%","","10%","75%","","","","JKDM_HS_Explorer_PDK2025_870350.html","493bda523bae781d7390a68620c3179634c3e10abc52fd3d2828111f4daa46c0"
"870350","8703506300","u","- - - - Of a cylinder capacity exceeding 1,500 cc but not exceeding 1,800 cc","30%","0%","","10%","75%","","","","JKDM_HS_Explorer_PDK2025_870350.html","493bda523bae781d7390a68620c3179634c3e10abc52fd3d2828111f4daa46c0"
"870350","8703506400","u","- - - - Of a cylinder capacity exceeding 1,800 cc but not exceeding 2,000 cc","30%","0%","","10%","80%","","","","JKDM_HS_Explorer_PDK2025_870350.html","493bda523bae781d7390a68620c3179634c3e10abc52fd3d2828111f4daa46c0"
"870350","8703506500","u","- - - - Of a cylinder capacity exceeding 2,000 cc but not exceeding 2,500 cc","30%","0%","","10%","90%","","","","JKDM_HS_Explorer_PDK2025_870350.html","493bda523bae781d7390a68620c3179634c3e10abc52fd3d2828111f4daa46c0"
"870350","8703506600","u","- - - - Of a cylinder capacity exceeding 2,500 cc but not exceeding 3,000 cc","30%","0%","","10%","105%","","","","JKDM_HS_Explorer_PDK2025_870350.html","493bda523bae781d7390a68620c3179634c3e10abc52fd3d2828111f4daa46c0"
"870350","8703506700","u","- - - - Of a cylinder capacity exceeding 3,000 cc","30%","0%","","10%","105%","","","","JKDM_HS_Explorer_PDK2025_870350.html","493bda523bae781d7390a68620c3179634c3e10abc52fd3d2828111f4daa46c0"
"870350","8703507100","u","- - - - Of a cylinder capacity not exceeding 1,000 cc","30%","0%","","10%","75%","","","","JKDM_HS_Explorer_PDK2025_870350.html","493bda523bae781d7390a68620c3179634c3e10abc52fd3d2828111f4daa46c0"
"870350","8703507200","u","- - - - Of a cylinder capacity exceeding 1,000 cc but not exceeding 1,500 cc","30%","0%","","10%","75%","","","","JKDM_HS_Explorer_PDK2025_870350.html","493bda523bae781d7390a68620c3179634c3e10abc52fd3d2828111f4daa46c0"
"870350","8703507300","u","- - - - Of a cylinder capacity exceeding 1,500 cc but not exceeding 1,800 cc","30%","0%","","10%","75%","","","","JKDM_HS_Explorer_PDK2025_870350.html","493bda523bae781d7390a68620c3179634c3e10abc52fd3d2828111f4daa46c0"
"870350","8703507400","u","- - - - Of a cylinder capacity exceeding 1,800 cc but not exceeding 2,000 cc","30%","0%","","10%","80%","","","","JKDM_HS_Explorer_PDK2025_870350.html","493bda523bae781d7390a68620c3179634c3e10abc52fd3d2828111f4daa46c0"
"870350","8703507500","u","- - - - Of a cylinder capacity exceeding 2,000 cc but not exceeding 2,500 cc","30%","0%","","10%","90%","","","","JKDM_HS_Explorer_PDK2025_870350.html","493bda523bae781d7390a68620c3179634c3e10abc52fd3d2828111f4daa46c0"
"870350","8703507600","u","- - - - Of a cylinder capacity exceeding 2,500 cc but not exceeding 3,000 cc","30%","0%","","10%","105%","","","","JKDM_HS_Explorer_PDK2025_870350.html","493bda523bae781d7390a68620c3179634c3e10abc52fd3d2828111f4daa46c0"
"870350","8703507700","u","- - - - Of a cylinder capacity exceeding 3,000 cc","30%","0%","","10%","105%","","","","JKDM_HS_Explorer_PDK2025_870350.html","493bda523bae781d7390a68620c3179634c3e10abc52fd3d2828111f4daa46c0"
"870350","8703508100","u","- - - - Of a cylinder capacity not exceeding 1,000 cc","30%","0%","","10%","75%","","","","JKDM_HS_Explorer_PDK2025_870350.html","493bda523bae781d7390a68620c3179634c3e10abc52fd3d2828111f4daa46c0"
"870350","8703508200","u","- - - - Of a cylinder capacity exceeding 1,000 cc but not exceeding 1,500 cc","30%","0%","","10%","75%","","","","JKDM_HS_Explorer_PDK2025_870350.html","493bda523bae781d7390a68620c3179634c3e10abc52fd3d2828111f4daa46c0"
"870350","8703508300","u","- - - - Of a cylinder capacity exceeding 1,500 cc but not exceeding 1,800 cc","30%","0%","","10%","75%","","","","JKDM_HS_Explorer_PDK2025_870350.html","493bda523bae781d7390a68620c3179634c3e10abc52fd3d2828111f4daa46c0"
"870350","8703508400","u","- - - - Of a cylinder capacity exceeding 1,800 cc but not exceeding 2,000 cc","30%","0%","","10%","80%","","","","JKDM_HS_Explorer_PDK2025_870350.html","493bda523bae781d7390a68620c3179634c3e10abc52fd3d2828111f4daa46c0"
"870350","8703508500","u","- - - - Of a cylinder capacity exceeding 2,000 cc but not exceeding 2,500 cc","30%","0%","","10%","90%","","","","JKDM_HS_Explorer_PDK2025_870350.html","493bda523bae781d7390a68620c3179634c3e10abc52fd3d2828111f4daa46c0"
"870350","8703508600","u","- - - - Of a cylinder capacity exceeding 2,500 cc but not exceeding 3,000 cc","30%","0%","","10%","105%","","","","JKDM_HS_Explorer_PDK2025_870350.html","493bda523bae781d7390a68620c3179634c3e10abc52fd3d2828111f4daa46c0"
"870350","8703508700","u","- - - - Of a cylinder capacity exceeding 3,000 cc","30%","0%","","10%","105%","","","","JKDM_HS_Explorer_PDK2025_870350.html","493bda523bae781d7390a68620c3179634c3e10abc52fd3d2828111f4daa46c0"
"870350","8703509100","u","- - - - Of a cylinder capacity not exceeding 1,000 cc","30%","0%","","10%","60%","","","","JKDM_HS_Explorer_PDK2025_870350.html","493bda523bae781d7390a68620c3179634c3e10abc52fd3d2828111f4daa46c0"
"870350","8703509200","u","- - - - Of a cylinder capacity exceeding 1,000 cc but not exceeding 1,500 cc","30%","0%","","10%","60%","","","","JKDM_HS_Explorer_PDK2025_870350.html","493bda523bae781d7390a68620c3179634c3e10abc52fd3d2828111f4daa46c0"
"870350","8703509300","u","- - - - Of a cylinder capacity exceeding 1,500 cc but not exceeding 1,800 cc","30%","0%","","10%","65%","","","","JKDM_HS_Explorer_PDK2025_870350.html","493bda523bae781d7390a68620c3179634c3e10abc52fd3d2828111f4daa46c0"
"870350","8703509400","u","- - - - Of a cylinder capacity exceeding 1,800 cc but not exceeding 2,000 cc","30%","0%","","10%","75%","","","","JKDM_HS_Explorer_PDK2025_870350.html","493bda523bae781d7390a68620c3179634c3e10abc52fd3d2828111f4daa46c0"
"870350","8703509500","u","- - - - Of a cylinder capacity exceeding 2,000 cc but not exceeding 2,500 cc","30%","0%","","10%","90%","","","","JKDM_HS_Explorer_PDK2025_870350.html","493bda523bae781d7390a68620c3179634c3e10abc52fd3d2828111f4daa46c0"
"870350","8703509600","u","- - - - Of a cylinder capacity exceeding 2,500 cc but not exceeding 3,000 cc","30%","0%","","10%","105%","","","","JKDM_HS_Explorer_PDK2025_870350.html","493bda523bae781d7390a68620c3179634c3e10abc52fd3d2828111f4daa46c0"
"870350","8703509700","u","- - - - Of a cylinder capacity exceeding 3,000 cc","30%","0%","","10%","105%","","","","JKDM_HS_Explorer_PDK2025_870350.html","493bda523bae781d7390a68620c3179634c3e10abc52fd3d2828111f4daa46c0"
"870360","8703601100","u","- - - Go-karts","0%","0%","","0%","","","","","JKDM_HS_Explorer_PDK2025_870360.html","d83e30b51621dcfca1a911fb872493176a65cfe12b627631efced82987a46808"
"870360","8703601200","u","- - - All-Terrain Vehicles (ATV)","10%","0%","","0%","","","","","JKDM_HS_Explorer_PDK2025_870360.html","d83e30b51621dcfca1a911fb872493176a65cfe12b627631efced82987a46808"
"870360","8703601300","u","- - - Ambulances","5%","0%","","0%","","","","","JKDM_HS_Explorer_PDK2025_870360.html","d83e30b51621dcfca1a911fb872493176a65cfe12b627631efced82987a46808"
"870360","8703601400","u","- - - Hearses","10%","0%","","0%","","","","","JKDM_HS_Explorer_PDK2025_870360.html","d83e30b51621dcfca1a911fb872493176a65cfe12b627631efced82987a46808"
"870360","8703601500","u","- - - Prison vans","10%","0%","","0%","","","","","JKDM_HS_Explorer_PDK2025_870360.html","d83e30b51621dcfca1a911fb872493176a65cfe12b627631efced82987a46808"
"870360","8703601600","u","- - - - Of a cylinder capacity not exceeding 2,000 cc","35%","0%","","0%","","","","","JKDM_HS_Explorer_PDK2025_870360.html","d83e30b51621dcfca1a911fb872493176a65cfe12b627631efced82987a46808"
"870360","8703601700","u","- - - - Of a cylinder capacity exceeding 2,000 cc","35%","0%","","0%","","","","","JKDM_HS_Explorer_PDK2025_870360.html","d83e30b51621dcfca1a911fb872493176a65cfe12b627631efced82987a46808"
"870360","8703601800","u","- - - - Of a cylinder capacity not exceeding 1,500 cc","10%","0%","","0%","","","","","JKDM_HS_Explorer_PDK2025_870360.html","d83e30b51621dcfca1a911fb872493176a65cfe12b627631efced82987a46808"
"870360","8703601900","u","- - - - Of a cylinder capacity exceeding 1,500 cc but not exceeding 2,000 cc","10%","0%","","0%","","","","","JKDM_HS_Explorer_PDK2025_870360.html","d83e30b51621dcfca1a911fb872493176a65cfe12b627631efced82987a46808"
"870360","8703602100","u","- - - - Of a cylinder capacity exceeding 2,000 cc","10%","0%","","0%","","","","","JKDM_HS_Explorer_PDK2025_870360.html","d83e30b51621dcfca1a911fb872493176a65cfe12b627631efced82987a46808"
"870360","8703602200","u","- - - - Of a cylinder capacity not exceeding 1,500 cc","10%","0%","","0%","","","","","JKDM_HS_Explorer_PDK2025_870360.html","d83e30b51621dcfca1a911fb872493176a65cfe12b627631efced82987a46808"
"870360","8703602300","u","- - - - Of a cylinder capacity exceeding 1,500 cc but not exceeding 2,000 cc","10%","0%","","0%","","","","","JKDM_HS_Explorer_PDK2025_870360.html","d83e30b51621dcfca1a911fb872493176a65cfe12b627631efced82987a46808"
"870360","8703602400","u","- - - - Of a cylinder capacity exceeding 2,000 cc","10%","0%","","0%","","","","","JKDM_HS_Explorer_PDK2025_870360.html","d83e30b51621dcfca1a911fb872493176a65cfe12b627631efced82987a46808"
"870360","8703602500","u","- - - - Of a cylinder capacity not exceeding 2,000 cc","10%","0%","","0%","","","","","JKDM_HS_Explorer_PDK2025_870360.html","d83e30b51621dcfca1a911fb872493176a65cfe12b627631efced82987a46808"
"870360","8703602600","u","- - - - Of a cylinder capacity exceeding 2,000 cc","10%","0%","","0%","","","","","JKDM_HS_Explorer_PDK2025_870360.html","d83e30b51621dcfca1a911fb872493176a65cfe12b627631efced82987a46808"
"870360","8703602700","u","- - - - Of a cylinder capacity not exceeding 2,000 cc","10%","0%","","0%","","","","","JKDM_HS_Explorer_PDK2025_870360.html","d83e30b51621dcfca1a911fb872493176a65cfe12b627631efced82987a46808"
"870360","8703602800","u","- - - - Of a cylinder capacity exceeding 2,000 cc","10%","0%","","0%","","","","","JKDM_HS_Explorer_PDK2025_870360.html","d83e30b51621dcfca1a911fb872493176a65cfe12b627631efced82987a46808"
"870360","8703603100","u","- - - Go-karts","0%","0%","","10%","","","","","JKDM_HS_Explorer_PDK2025_870360.html","d83e30b51621dcfca1a911fb872493176a65cfe12b627631efced82987a46808"
"870360","8703603200","u","- - - - Of a cylinder capacity not exceeding 1,000 cc","30%","0%","","10%","65%","","","","JKDM_HS_Explorer_PDK2025_870360.html","d83e30b51621dcfca1a911fb872493176a65cfe12b627631efced82987a46808"
"870360","8703603300","u","- - - - Of a cylinder capacity exceeding 1,000 cc","30%","0%","","10%","65%","","","","JKDM_HS_Explorer_PDK2025_870360.html","d83e30b51621dcfca1a911fb872493176a65cfe12b627631efced82987a46808"
"870360","8703603400","u","- - - - Of a cylinder capacity exceeding 1,000 cc but not exceeding 1,500 cc","5%","0%","","10%","","","","","JKDM_HS_Explorer_PDK2025_870360.html","d83e30b51621dcfca1a911fb872493176a65cfe12b627631efced82987a46808"
"870360","8703603500","u","- - - - Of a cylinder capacity exceeding 1,500 cc but not exceeding 3,000 cc","5%","0%","","10%","","","","","JKDM_HS_Explorer_PDK2025_870360.html","d83e30b51621dcfca1a911fb872493176a65cfe12b627631efced82987a46808"
"870360","8703603600","u","- - - - Other","5%","0%","","10%","","","","","JKDM_HS_Explorer_PDK2025_870360.html","d83e30b51621dcfca1a911fb872493176a65cfe12b627631efced82987a46808"
"870360","8703604100","u","- - - - Of a cylinder capacity not exceeding 1,000 cc","30%","0%","","10%","65%","","","","JKDM_HS_Explorer_PDK2025_870360.html","d83e30b51621dcfca1a911fb872493176a65cfe12b627631efced82987a46808"
"870360","8703604200","u","- - - - Of a cylinder capacity exceeding 1,000 cc but not exceeding 1,500 cc","30%","0%","","10%","65%","","","","JKDM_HS_Explorer_PDK2025_870360.html","d83e30b51621dcfca1a911fb872493176a65cfe12b627631efced82987a46808"
"870360","8703604300","u","- - - - Of a cylinder capacity exceeding 1,500 cc but not exceeding 1,800 cc","30%","0%","","10%","65%","","","","JKDM_HS_Explorer_PDK2025_870360.html","d83e30b51621dcfca1a911fb872493176a65cfe12b627631efced82987a46808"
"870360","8703604400","u","- - - - Of a cylinder capacity exceeding 1,800 cc but not exceeding 2,000 cc","30%","0%","","10%","75%","","","","JKDM_HS_Explorer_PDK2025_870360.html","d83e30b51621dcfca1a911fb872493176a65cfe12b627631efced82987a46808"
"870360","8703604500","u","- - - - Of a cylinder capacity exceeding 2,000 cc but not exceeding 2,500 cc","30%","0%","","10%","90%","","","","JKDM_HS_Explorer_PDK2025_870360.html","d83e30b51621dcfca1a911fb872493176a65cfe12b627631efced82987a46808"
"870360","8703604600","u","- - - - Of a cylinder capacity exceeding 2,500 cc but not exceeding 3,000 cc","30%","0%","","10%","105%","","","","JKDM_HS_Explorer_PDK2025_870360.html","d83e30b51621dcfca1a911fb872493176a65cfe12b627631efced82987a46808"
"870360","8703604700","u","- - - - Of a cylinder capacity exceeding 3,000 cc","30%","0%","","10%","105%","","","","JKDM_HS_Explorer_PDK2025_870360.html","d83e30b51621dcfca1a911fb872493176a65cfe12b627631efced82987a46808"
"870360","8703605100","u","- - - - Of a cylinder capacity not exceeding 1,000 cc","30%","0%","","10%","65%","","","","JKDM_HS_Explorer_PDK2025_870360.html","d83e30b51621dcfca1a911fb872493176a65cfe12b627631efced82987a46808"
"870360","8703605200","u","- - - - Of a cylinder capacity exceeding 1,000 cc but not exceeding 1,500 cc","30%","0%","","10%","65%","","","","JKDM_HS_Explorer_PDK2025_870360.html","d83e30b51621dcfca1a911fb872493176a65cfe12b627631efced82987a46808"
"870360","8703605300","u","- - - - Of a cylinder capacity exceeding 1,500 cc but not exceeding 1,800 cc","30%","0%","","10%","65%","","","","JKDM_HS_Explorer_PDK2025_870360.html","d83e30b51621dcfca1a911fb872493176a65cfe12b627631efced82987a46808"
"870360","8703605400","u","- - - - Of a cylinder capacity exceeding 1,800 cc but not exceeding 3,000 cc","30%","0%","","10%","90%","","","","JKDM_HS_Explorer_PDK2025_870360.html","d83e30b51621dcfca1a911fb872493176a65cfe12b627631efced82987a46808"
"870360","8703605500","u","- - - - Of a cylinder capacity exceeding 3,000 cc","30%","0%","","10%","105%","","","","JKDM_HS_Explorer_PDK2025_870360.html","d83e30b51621dcfca1a911fb872493176a65cfe12b627631efced82987a46808"
"870360","8703605600","u","- - - - Of a cylinder capacity not exceeding 1,500 cc","35%","0%","","10%","","","","","JKDM_HS_Explorer_PDK2025_870360.html","d83e30b51621dcfca1a911fb872493176a65cfe12b627631efced82987a46808"
"870360","8703605700","u","- - - - Of a cylinder capacity exceeding 1,500 cc but not exceeding 2,000 cc","35%","0%","","10%","","","","","JKDM_HS_Explorer_PDK2025_870360.html","d83e30b51621dcfca1a911fb872493176a65cfe12b627631efced82987a46808"
"870360","8703605800","u","- - - - Of a cylinder capacity exceeding 2,000 cc","35%","0%","","10%","","","","","JKDM_HS_Explorer_PDK2025_870360.html","d83e30b51621dcfca1a911fb872493176a65cfe12b627631efced82987a46808"
"870360","8703606100","u","- - - - Of a cylinder capacity not exceeding 1,000 cc","30%","0%","","10%","75%","","","","JKDM_HS_Explorer_PDK2025_870360.html","d83e30b51621dcfca1a911fb872493176a65cfe12b627631efced82987a46808"
"870360","8703606200","u","- - - - Of a cylinder capacity exceeding 1,000 cc but not exceeding 1,500 cc","30%","0%","","10%","75%","","","","JKDM_HS_Explorer_PDK2025_870360.html","d83e30b51621dcfca1a911fb872493176a65cfe12b627631efced82987a46808"
"870360","8703606300","u","- - - - Of a cylinder capacity exceeding 1,500 cc but not exceeding 1,800 cc","30%","0%","","10%","75%","","","","JKDM_HS_Explorer_PDK2025_870360.html","d83e30b51621dcfca1a911fb872493176a65cfe12b627631efced82987a46808"
"870360","8703606400","u","- - - - Of a cylinder capacity exceeding 1,800 cc but not exceeding 2,000 cc","30%","0%","","10%","80%","","","","JKDM_HS_Explorer_PDK2025_870360.html","d83e30b51621dcfca1a911fb872493176a65cfe12b627631efced82987a46808"
"870360","8703606500","u","- - - - Of a cylinder capacity exceeding 2,000 cc but not exceeding 2,500 cc","30%","0%","","10%","90%","","","","JKDM_HS_Explorer_PDK2025_870360.html","d83e30b51621dcfca1a911fb872493176a65cfe12b627631efced82987a46808"
"870360","8703606600","u","- - - - Of a cylinder capacity exceeding 2,500 cc but not exceeding 3,000 cc","30%","0%","","10%","105%","","","","JKDM_HS_Explorer_PDK2025_870360.html","d83e30b51621dcfca1a911fb872493176a65cfe12b627631efced82987a46808"
"870360","8703606700","u","- - - - Of a cylinder capacity exceeding 3,000 cc, of four-wheel drive","30%","0%","","10%","105%","","","","JKDM_HS_Explorer_PDK2025_870360.html","d83e30b51621dcfca1a911fb872493176a65cfe12b627631efced82987a46808"
"870360","8703606800","u","- - - - Of a cylinder capacity exceeding 3,000 cc, not of four-wheel drive","30%","0%","","10%","105%","","","","JKDM_HS_Explorer_PDK2025_870360.html","d83e30b51621dcfca1a911fb872493176a65cfe12b627631efced82987a46808"
"870360","8703607100","u","- - - - Of a cylinder capacity not exceeding 1,000 cc","30%","0%","","10%","75%","","","","JKDM_HS_Explorer_PDK2025_870360.html","d83e30b51621dcfca1a911fb872493176a65cfe12b627631efced82987a46808"
"870360","8703607200","u","- - - - Of a cylinder capacity exceeding 1,000 cc but not exceeding 1,500 cc","30%","0%","","10%","75%","","","","JKDM_HS_Explorer_PDK2025_870360.html","d83e30b51621dcfca1a911fb872493176a65cfe12b627631efced82987a46808"
"870360","8703607300","u","- - - - Of a cylinder capacity exceeding 1,500 cc but not exceeding 1,800 cc","30%","0%","","10%","75%","","","","JKDM_HS_Explorer_PDK2025_870360.html","d83e30b51621dcfca1a911fb872493176a65cfe12b627631efced82987a46808"
"870360","8703607400","u","- - - - Of a cylinder capacity exceeding 1,800 cc but not exceeding 2,000 cc","30%","0%","","10%","80%","","","","JKDM_HS_Explorer_PDK2025_870360.html","d83e30b51621dcfca1a911fb872493176a65cfe12b627631efced82987a46808"
"870360","8703607500","u","- - - - Of a cylinder capacity exceeding 2,000 cc but not exceeding 2,500 cc","30%","0%","","10%","90%","","","","JKDM_HS_Explorer_PDK2025_870360.html","d83e30b51621dcfca1a911fb872493176a65cfe12b627631efced82987a46808"
"870360","8703607600","u","- - - - Of a cylinder capacity exceeding 2,500 cc but not exceeding 3,000 cc","30%","0%","","10%","105%","","","","JKDM_HS_Explorer_PDK2025_870360.html","d83e30b51621dcfca1a911fb872493176a65cfe12b627631efced82987a46808"
"870360","8703607700","u","- - - - Of a cylinder capacity exceeding 3,000 cc","30%","0%","","10%","105%","","","","JKDM_HS_Explorer_PDK2025_870360.html","d83e30b51621dcfca1a911fb872493176a65cfe12b627631efced82987a46808"
"870360","8703608100","u","- - - - Of a cylinder capacity not exceeding 1,000 cc","30%","0%","","10%","75%","","","","JKDM_HS_Explorer_PDK2025_870360.html","d83e30b51621dcfca1a911fb872493176a65cfe12b627631efced82987a46808"
"870360","8703608200","u","- - - - Of a cylinder capacity exceeding 1,000 cc but not exceeding 1,500 cc","30%","0%","","10%","75%","","","","JKDM_HS_Explorer_PDK2025_870360.html","d83e30b51621dcfca1a911fb872493176a65cfe12b627631efced82987a46808"
"870360","8703608300","u","- - - - Of a cylinder capacity exceeding 1,500 cc but not exceeding 1,800 cc","30%","0%","","10%","75%","","","","JKDM_HS_Explorer_PDK2025_870360.html","d83e30b51621dcfca1a911fb872493176a65cfe12b627631efced82987a46808"
"870360","8703608400","u","- - - - Of a cylinder capacity exceeding 1,800 cc but not exceeding 2,000 cc","30%","0%","","10%","80%","","","","JKDM_HS_Explorer_PDK2025_870360.html","d83e30b51621dcfca1a911fb872493176a65cfe12b627631efced82987a46808"
"870360","8703608500","u","- - - - Of a cylinder capacity exceeding 2,000 cc but not exceeding 2,500 cc","30%","0%","","10%","90%","","","","JKDM_HS_Explorer_PDK2025_870360.html","d83e30b51621dcfca1a911fb872493176a65cfe12b627631efced82987a46808"
"870360","8703608600","u","- - - - Of a cylinder capacity exceeding 2,500 cc but not exceeding 3,000 cc","30%","0%","","10%","105%","","","","JKDM_HS_Explorer_PDK2025_870360.html","d83e30b51621dcfca1a911fb872493176a65cfe12b627631efced82987a46808"
"870360","8703608700","u","- - - - Of a cylinder capacity exceeding 3,000 cc","30%","0%","","10%","105%","","","","JKDM_HS_Explorer_PDK2025_870360.html","d83e30b51621dcfca1a911fb872493176a65cfe12b627631efced82987a46808"
"870360","8703609100","u","- - - - Of a cylinder capacity not exceeding 1,000 cc","30%","0%","","10%","60%","","","","JKDM_HS_Explorer_PDK2025_870360.html","d83e30b51621dcfca1a911fb872493176a65cfe12b627631efced82987a46808"
"870360","8703609200","u","- - - - Of a cylinder capacity exceeding 1,000 cc but not exceeding 1,500 cc","30%","0%","","10%","60%","","","","JKDM_HS_Explorer_PDK2025_870360.html","d83e30b51621dcfca1a911fb872493176a65cfe12b627631efced82987a46808"
"870360","8703609300","u","- - - - Of a cylinder capacity exceeding 1,500 cc but not exceeding 1,800 cc","30%","0%","","10%","65%","","","","JKDM_HS_Explorer_PDK2025_870360.html","d83e30b51621dcfca1a911fb872493176a65cfe12b627631efced82987a46808"
"870360","8703609400","u","- - - - Of a cylinder capacity exceeding 1,800 cc but not exceeding 2,000 cc","30%","0%","","10%","75%","","","","JKDM_HS_Explorer_PDK2025_870360.html","d83e30b51621dcfca1a911fb872493176a65cfe12b627631efced82987a46808"
"870360","8703609500","u","- - - - Of a cylinder capacity exceeding 2,000 cc but not exceeding 2,500 cc","30%","0%","","10%","90%","","","","JKDM_HS_Explorer_PDK2025_870360.html","d83e30b51621dcfca1a911fb872493176a65cfe12b627631efced82987a46808"
"870360","8703609600","u","- - - - Of a cylinder capacity exceeding 2,500 cc but not exceeding 3,000 cc","30%","0%","","10%","105%","","","","JKDM_HS_Explorer_PDK2025_870360.html","d83e30b51621dcfca1a911fb872493176a65cfe12b627631efced82987a46808"
"870360","8703609700","u","- - - - Of a cylinder capacity exceeding 3,000 cc, of four-wheel drive","30%","0%","","10%","105%","","","","JKDM_HS_Explorer_PDK2025_870360.html","d83e30b51621dcfca1a911fb872493176a65cfe12b627631efced82987a46808"
"870360","8703609800","u","- - - - Of a cylinder capacity exceeding 3,000 cc, not of four-wheel drive","30%","0%","","10%","105%","","","","JKDM_HS_Explorer_PDK2025_870360.html","d83e30b51621dcfca1a911fb872493176a65cfe12b627631efced82987a46808"
"870370","8703701100","u","- - - Go-karts","10%","0%","","0%","","","","","JKDM_HS_Explorer_PDK2025_870370.html","257121a4849174e2f4c26ae3ac43e7630abf2c47763b0bfcf4bf6fc53678a022"
"870370","8703701200","u","- - - All-Terrain Vehicles (ATV)","10%","0%","","0%","","","","","JKDM_HS_Explorer_PDK2025_870370.html","257121a4849174e2f4c26ae3ac43e7630abf2c47763b0bfcf4bf6fc53678a022"
"870370","8703701300","u","- - - Ambulances","5%","0%","","0%","","","","","JKDM_HS_Explorer_PDK2025_870370.html","257121a4849174e2f4c26ae3ac43e7630abf2c47763b0bfcf4bf6fc53678a022"
"870370","8703701400","u","- - - Hearses","10%","0%","","0%","","","","","JKDM_HS_Explorer_PDK2025_870370.html","257121a4849174e2f4c26ae3ac43e7630abf2c47763b0bfcf4bf6fc53678a022"
"870370","8703701500","u","- - - Prison vans","10%","0%","","0%","","","","","JKDM_HS_Explorer_PDK2025_870370.html","257121a4849174e2f4c26ae3ac43e7630abf2c47763b0bfcf4bf6fc53678a022"
"870370","8703701600","u","- - - - Of a cylinder capacity not exceeding 2,000 cc","35%","0%","","0%","","","","","JKDM_HS_Explorer_PDK2025_870370.html","257121a4849174e2f4c26ae3ac43e7630abf2c47763b0bfcf4bf6fc53678a022"
"870370","8703701700","u","- - - - Of a cylinder capacity exceeding 2,000 cc","35%","0%","","0%","","","","","JKDM_HS_Explorer_PDK2025_870370.html","257121a4849174e2f4c26ae3ac43e7630abf2c47763b0bfcf4bf6fc53678a022"
"870370","8703701800","u","- - - - Of a cylinder capacity not exceeding 1,500 cc","10%","0%","","0%","","","","","JKDM_HS_Explorer_PDK2025_870370.html","257121a4849174e2f4c26ae3ac43e7630abf2c47763b0bfcf4bf6fc53678a022"
"870370","8703701900","u","- - - - Of a cylinder capacity exceeding 1,500 cc but not exceeding 2,000 cc","10%","0%","","0%","","","","","JKDM_HS_Explorer_PDK2025_870370.html","257121a4849174e2f4c26ae3ac43e7630abf2c47763b0bfcf4bf6fc53678a022"
"870370","8703702100","u","- - - - Of a cylinder capacity exceeding 2,000 cc","10%","0%","","0%","","","","","JKDM_HS_Explorer_PDK2025_870370.html","257121a4849174e2f4c26ae3ac43e7630abf2c47763b0bfcf4bf6fc53678a022"
"870370","8703702200","u","- - - - Of a cylinder capacity not exceeding 1,500 cc","10%","0%","","0%","","","","","JKDM_HS_Explorer_PDK2025_870370.html","257121a4849174e2f4c26ae3ac43e7630abf2c47763b0bfcf4bf6fc53678a022"
"870370","8703702300","u","- - - - Of a cylinder capacity exceeding 1,500 cc but not exceeding 2,000 cc","10%","0%","","0%","","","","","JKDM_HS_Explorer_PDK2025_870370.html","257121a4849174e2f4c26ae3ac43e7630abf2c47763b0bfcf4bf6fc53678a022"
"870370","8703702400","u","- - - - Of a cylinder capacity exceeding 2,000 cc","10%","0%","","0%","","","","","JKDM_HS_Explorer_PDK2025_870370.html","257121a4849174e2f4c26ae3ac43e7630abf2c47763b0bfcf4bf6fc53678a022"
"870370","8703702500","u","- - - - Of a cylinder capacity not exceeding 2,000 cc","10%","0%","","0%","","","","","JKDM_HS_Explorer_PDK2025_870370.html","257121a4849174e2f4c26ae3ac43e7630abf2c47763b0bfcf4bf6fc53678a022"
"870370","8703702600","u","- - - - Of a cylinder capacity exceeding 2,000 cc","10%","0%","","0%","","","","","JKDM_HS_Explorer_PDK2025_870370.html","257121a4849174e2f4c26ae3ac43e7630abf2c47763b0bfcf4bf6fc53678a022"
"870370","8703702700","u","- - - - Of a cylinder capacity not exceeding 2,000 cc","10%","0%","","0%","","","","","JKDM_HS_Explorer_PDK2025_870370.html","257121a4849174e2f4c26ae3ac43e7630abf2c47763b0bfcf4bf6fc53678a022"
"870370","8703702800","u","- - - - Of a cylinder capacity exceeding 2,000 cc","10%","0%","","0%","","","","","JKDM_HS_Explorer_PDK2025_870370.html","257121a4849174e2f4c26ae3ac43e7630abf2c47763b0bfcf4bf6fc53678a022"
"870370","8703703100","u","- - - Go-karts","30%","0%","","10%","","","","","JKDM_HS_Explorer_PDK2025_870370.html","257121a4849174e2f4c26ae3ac43e7630abf2c47763b0bfcf4bf6fc53678a022"
"870370","8703703200","u","- - - - Of a cylinder capacity not exceeding 1,000 cc","30%","0%","","10%","65%","","","","JKDM_HS_Explorer_PDK2025_870370.html","257121a4849174e2f4c26ae3ac43e7630abf2c47763b0bfcf4bf6fc53678a022"
"870370","8703703300","u","- - - - Of a cylinder capacity exceeding 1,000 cc","30%","0%","","10%","65%","","","","JKDM_HS_Explorer_PDK2025_870370.html","257121a4849174e2f4c26ae3ac43e7630abf2c47763b0bfcf4bf6fc53678a022"
"870370","8703703400","u","- - - - Of a cylinder capacity not exceeding 1,500 cc","5%","0%","","10%","","","","","JKDM_HS_Explorer_PDK2025_870370.html","257121a4849174e2f4c26ae3ac43e7630abf2c47763b0bfcf4bf6fc53678a022"
"870370","8703703500","u","- - - - Of a cylinder capacity exceeding 1,500 cc but not exceeding 2,500 cc","5%","0%","","10%","","","","","JKDM_HS_Explorer_PDK2025_870370.html","257121a4849174e2f4c26ae3ac43e7630abf2c47763b0bfcf4bf6fc53678a022"
"870370","8703703600","u","- - - - Of a cylinder capacity exceeding 2,500 cc","5%","0%","","10%","","","","","JKDM_HS_Explorer_PDK2025_870370.html","257121a4849174e2f4c26ae3ac43e7630abf2c47763b0bfcf4bf6fc53678a022"
"870370","8703704100","u","- - - - Of a cylinder capacity not exceeding 1,000 cc","30%","0%","","10%","65%","","","","JKDM_HS_Explorer_PDK2025_870370.html","257121a4849174e2f4c26ae3ac43e7630abf2c47763b0bfcf4bf6fc53678a022"
"870370","8703704200","u","- - - - Of a cylinder capacity exceeding 1,000 cc but not exceeding 1,500 cc","30%","0%","","10%","65%","","","","JKDM_HS_Explorer_PDK2025_870370.html","257121a4849174e2f4c26ae3ac43e7630abf2c47763b0bfcf4bf6fc53678a022"
"870370","8703704300","u","- - - - Of a cylinder capacity exceeding 1,500 cc but not exceeding 1,800 cc","30%","0%","","10%","65%","","","","JKDM_HS_Explorer_PDK2025_870370.html","257121a4849174e2f4c26ae3ac43e7630abf2c47763b0bfcf4bf6fc53678a022"
"870370","8703704400","u","- - - - Of a cylinder capacity exceeding 1,800 cc but not exceeding 2,000 cc","30%","0%","","10%","75%","","","","JKDM_HS_Explorer_PDK2025_870370.html","257121a4849174e2f4c26ae3ac43e7630abf2c47763b0bfcf4bf6fc53678a022"
"870370","8703704500","u","- - - - Of a cylinder capacity exceeding 2,000 cc but not exceeding 2,500 cc","30%","0%","","10%","90%","","","","JKDM_HS_Explorer_PDK2025_870370.html","257121a4849174e2f4c26ae3ac43e7630abf2c47763b0bfcf4bf6fc53678a022"
"870370","8703704600","u","- - - - Of a cylinder capacity exceeding 2,500 cc but not exceeding 3,000 cc","30%","0%","","10%","105%","","","","JKDM_HS_Explorer_PDK2025_870370.html","257121a4849174e2f4c26ae3ac43e7630abf2c47763b0bfcf4bf6fc53678a022"
"870370","8703704700","u","- - - - Of a cylinder capacity exceeding 3,000 cc","30%","0%","","10%","105%","","","","JKDM_HS_Explorer_PDK2025_870370.html","257121a4849174e2f4c26ae3ac43e7630abf2c47763b0bfcf4bf6fc53678a022"
"870370","8703705100","u","- - - - Of a cylinder capacity not exceeding 1,000 cc","30%","0%","","10%","65%","","","","JKDM_HS_Explorer_PDK2025_870370.html","257121a4849174e2f4c26ae3ac43e7630abf2c47763b0bfcf4bf6fc53678a022"
"870370","8703705200","u","- - - - Of a cylinder capacity exceeding 1,000 cc but not exceeding 1,500 cc","30%","0%","","10%","65%","","","","JKDM_HS_Explorer_PDK2025_870370.html","257121a4849174e2f4c26ae3ac43e7630abf2c47763b0bfcf4bf6fc53678a022"
"870370","8703705300","u","- - - - Of a cylinder capacity exceeding 1,500 cc but not exceeding 1,800 cc","30%","0%","","10%","65%","","","","JKDM_HS_Explorer_PDK2025_870370.html","257121a4849174e2f4c26ae3ac43e7630abf2c47763b0bfcf4bf6fc53678a022"
"870370","8703705400","u","- - - - Of a cylinder capacity exceeding 1,800 cc but not exceeding 2,500 cc","30%","0%","","10%","90%","","","","JKDM_HS_Explorer_PDK2025_870370.html","257121a4849174e2f4c26ae3ac43e7630abf2c47763b0bfcf4bf6fc53678a022"
"870370","8703705500","u","- - - - Of a cylinder capacity exceeding 2,500 cc","30%","0%","","10%","105%","","","","JKDM_HS_Explorer_PDK2025_870370.html","257121a4849174e2f4c26ae3ac43e7630abf2c47763b0bfcf4bf6fc53678a022"
"870370","8703705600","u","- - - - Of a cylinder capacity not exceeding 1,500 cc","35%","0%","","10%","","","","","JKDM_HS_Explorer_PDK2025_870370.html","257121a4849174e2f4c26ae3ac43e7630abf2c47763b0bfcf4bf6fc53678a022"
"870370","8703705700","u","- - - - Of a cylinder capacity exceeding 1,500 cc but not exceeding 2,000 cc","35%","0%","","10%","","","","","JKDM_HS_Explorer_PDK2025_870370.html","257121a4849174e2f4c26ae3ac43e7630abf2c47763b0bfcf4bf6fc53678a022"
"870370","8703705800","u","- - - - Of a cylinder capacity exceeding 2,000 cc","35%","0%","","10%","","","","","JKDM_HS_Explorer_PDK2025_870370.html","257121a4849174e2f4c26ae3ac43e7630abf2c47763b0bfcf4bf6fc53678a022"
"870370","8703706100","u","- - - - Of a cylinder capacity not exceeding 1,000 cc","30%","0%","","10%","75%","","","","JKDM_HS_Explorer_PDK2025_870370.html","257121a4849174e2f4c26ae3ac43e7630abf2c47763b0bfcf4bf6fc53678a022"
"870370","8703706200","u","- - - - Of a cylinder capacity exceeding 1,000 cc but not exceeding 1,500 cc","30%","0%","","10%","75%","","","","JKDM_HS_Explorer_PDK2025_870370.html","257121a4849174e2f4c26ae3ac43e7630abf2c47763b0bfcf4bf6fc53678a022"
"870370","8703706300","u","- - - - Of a cylinder capacity exceeding 1,500 cc but not exceeding 1,800 cc","30%","0%","","10%","75%","","","","JKDM_HS_Explorer_PDK2025_870370.html","257121a4849174e2f4c26ae3ac43e7630abf2c47763b0bfcf4bf6fc53678a022"
"870370","8703706400","u","- - - - Of a cylinder capacity exceeding 1,800 cc but not exceeding 2,000 cc","30%","0%","","10%","80%","","","","JKDM_HS_Explorer_PDK2025_870370.html","257121a4849174e2f4c26ae3ac43e7630abf2c47763b0bfcf4bf6fc53678a022"
"870370","8703706500","u","- - - - Of a cylinder capacity exceeding 2,000 cc but not exceeding 2,500 cc","30%","0%","","10%","90%","","","","JKDM_HS_Explorer_PDK2025_870370.html","257121a4849174e2f4c26ae3ac43e7630abf2c47763b0bfcf4bf6fc53678a022"
"870370","8703706600","u","- - - - Of a cylinder capacity exceeding 2,500 cc but not exceeding 3,000 cc","30%","0%","","10%","105%","","","","JKDM_HS_Explorer_PDK2025_870370.html","257121a4849174e2f4c26ae3ac43e7630abf2c47763b0bfcf4bf6fc53678a022"
"870370","8703706700","u","- - - - Of a cylinder capacity exceeding 3,000 cc","30%","0%","","10%","105%","","","","JKDM_HS_Explorer_PDK2025_870370.html","257121a4849174e2f4c26ae3ac43e7630abf2c47763b0bfcf4bf6fc53678a022"
"870370","8703707100","u","- - - - Of a cylinder capacity not exceeding 1,000 cc","30%","0%","","10%","75%","","","","JKDM_HS_Explorer_PDK2025_870370.html","257121a4849174e2f4c26ae3ac43e7630abf2c47763b0bfcf4bf6fc53678a022"
"870370","8703707200","u","- - - - Of a cylinder capacity exceeding 1,000 cc but not exceeding 1,500 cc","30%","0%","","10%","75%","","","","JKDM_HS_Explorer_PDK2025_870370.html","257121a4849174e2f4c26ae3ac43e7630abf2c47763b0bfcf4bf6fc53678a022"
"870370","8703707300","u","- - - - Of a cylinder capacity exceeding 1,500 cc but not exceeding 1,800 cc","30%","0%","","10%","75%","","","","JKDM_HS_Explorer_PDK2025_870370.html","257121a4849174e2f4c26ae3ac43e7630abf2c47763b0bfcf4bf6fc53678a022"
"870370","8703707400","u","- - - - Of a cylinder capacity exceeding 1,800 cc but not exceeding 2,000 cc","30%","0%","","10%","80%","","","","JKDM_HS_Explorer_PDK2025_870370.html","257121a4849174e2f4c26ae3ac43e7630abf2c47763b0bfcf4bf6fc53678a022"
"870370","8703707500","u","- - - - Of a cylinder capacity exceeding 2,000 cc but not exceeding 2,500 cc","30%","0%","","10%","90%","","","","JKDM_HS_Explorer_PDK2025_870370.html","257121a4849174e2f4c26ae3ac43e7630abf2c47763b0bfcf4bf6fc53678a022"
"870370","8703707600","u","- - - - Of a cylinder capacity exceeding 2,500 cc but not exceeding 3,000 cc","30%","0%","","10%","105%","","","","JKDM_HS_Explorer_PDK2025_870370.html","257121a4849174e2f4c26ae3ac43e7630abf2c47763b0bfcf4bf6fc53678a022"
"870370","8703707700","u","- - - - Of a cylinder capacity exceeding 3,000 cc","30%","0%","","10%","105%","","","","JKDM_HS_Explorer_PDK2025_870370.html","257121a4849174e2f4c26ae3ac43e7630abf2c47763b0bfcf4bf6fc53678a022"
"870370","8703708100","u","- - - - Of a cylinder capacity not exceeding 1,000 cc","30%","0%","","10%","75%","","","","JKDM_HS_Explorer_PDK2025_870370.html","257121a4849174e2f4c26ae3ac43e7630abf2c47763b0bfcf4bf6fc53678a022"
"870370","8703708200","u","- - - - Of a cylinder capacity exceeding 1,000 cc but not exceeding 1,500 cc","30%","0%","","10%","75%","","","","JKDM_HS_Explorer_PDK2025_870370.html","257121a4849174e2f4c26ae3ac43e7630abf2c47763b0bfcf4bf6fc53678a022"
"870370","8703708300","u","- - - - Of a cylinder capacity exceeding 1,500 cc but not exceeding 1,800 cc","30%","0%","","10%","75%","","","","JKDM_HS_Explorer_PDK2025_870370.html","257121a4849174e2f4c26ae3ac43e7630abf2c47763b0bfcf4bf6fc53678a022"
"870370","8703708400","u","- - - - Of a cylinder capacity exceeding 1,800 cc but not exceeding 2,000 cc","30%","0%","","10%","80%","","","","JKDM_HS_Explorer_PDK2025_870370.html","257121a4849174e2f4c26ae3ac43e7630abf2c47763b0bfcf4bf6fc53678a022"
"870370","8703708500","u","- - - - Of a cylinder capacity exceeding 2,000 cc but not exceeding 2,500 cc","30%","0%","","10%","90%","","","","JKDM_HS_Explorer_PDK2025_870370.html","257121a4849174e2f4c26ae3ac43e7630abf2c47763b0bfcf4bf6fc53678a022"
"870370","8703708600","u","- - - - Of a cylinder capacity exceeding 2,500 cc but not exceeding 3,000 cc","30%","0%","","10%","105%","","","","JKDM_HS_Explorer_PDK2025_870370.html","257121a4849174e2f4c26ae3ac43e7630abf2c47763b0bfcf4bf6fc53678a022"
"870370","8703708700","u","- - - - Of a cylinder capacity exceeding 3,000 cc","30%","0%","","10%","105%","","","","JKDM_HS_Explorer_PDK2025_870370.html","257121a4849174e2f4c26ae3ac43e7630abf2c47763b0bfcf4bf6fc53678a022"
"870370","8703709100","u","- - - - Of a cylinder capacity not exceeding 1,000 cc","30%","0%","","10%","60%","","","","JKDM_HS_Explorer_PDK2025_870370.html","257121a4849174e2f4c26ae3ac43e7630abf2c47763b0bfcf4bf6fc53678a022"
"870370","8703709200","u","- - - - Of a cylinder capacity exceeding 1,000 cc but not exceeding 1,500 cc","30%","0%","","10%","60%","","","","JKDM_HS_Explorer_PDK2025_870370.html","257121a4849174e2f4c26ae3ac43e7630abf2c47763b0bfcf4bf6fc53678a022"
"870370","8703709300","u","- - - - Of a cylinder capacity exceeding 1,500 cc but not exceeding 1,800 cc","30%","0%","","10%","65%","","","","JKDM_HS_Explorer_PDK2025_870370.html","257121a4849174e2f4c26ae3ac43e7630abf2c47763b0bfcf4bf6fc53678a022"
"870370","8703709400","u","- - - - Of a cylinder capacity exceeding 1,800 cc but not exceeding 2,000 cc","30%","0%","","10%","75%","","","","JKDM_HS_Explorer_PDK2025_870370.html","257121a4849174e2f4c26ae3ac43e7630abf2c47763b0bfcf4bf6fc53678a022"
"870370","8703709500","u","- - - - Of a cylinder capacity exceeding 2,000 cc but not exceeding 2,500 cc","30%","0%","","10%","90%","","","","JKDM_HS_Explorer_PDK2025_870370.html","257121a4849174e2f4c26ae3ac43e7630abf2c47763b0bfcf4bf6fc53678a022"
"870370","8703709600","u","- - - - Of a cylinder capacity exceeding 2,500 cc but not exceeding 3,000 cc","30%","0%","","10%","105%","","","","JKDM_HS_Explorer_PDK2025_870370.html","257121a4849174e2f4c26ae3ac43e7630abf2c47763b0bfcf4bf6fc53678a022"
"870370","8703709700","u","- - - - Of a cylinder capacity exceeding 3,000 cc","30%","0%","","10%","105%","","","","JKDM_HS_Explorer_PDK2025_870370.html","257121a4849174e2f4c26ae3ac43e7630abf2c47763b0bfcf4bf6fc53678a022"
"870380","8703801100","u","- - - Go-karts","0%","0%","","0%","","","","","JKDM_HS_Explorer_PDK2025_870380.html","81d545bbb177d8021a661e6d3caa5de1d024206efcec314bd2edbf995254a1c7"
"870380","8703801200","u","- - - All-Terrain Vehicles (ATV)","10%","0%","","0%","","","","","JKDM_HS_Explorer_PDK2025_870380.html","81d545bbb177d8021a661e6d3caa5de1d024206efcec314bd2edbf995254a1c7"
"870380","8703801300","u","- - - Ambulances","5%","0%","","0%","","","","","JKDM_HS_Explorer_PDK2025_870380.html","81d545bbb177d8021a661e6d3caa5de1d024206efcec314bd2edbf995254a1c7"
"870380","8703801400","u","- - - Hearses","10%","0%","","0%","","","","","JKDM_HS_Explorer_PDK2025_870380.html","81d545bbb177d8021a661e6d3caa5de1d024206efcec314bd2edbf995254a1c7"
"870380","8703801500","u","- - - Prison vans","10%","0%","","0%","","","","","JKDM_HS_Explorer_PDK2025_870380.html","81d545bbb177d8021a661e6d3caa5de1d024206efcec314bd2edbf995254a1c7"
"870380","8703801600","u","- - - Motor-homes","35%","0%","","0%","","","","","JKDM_HS_Explorer_PDK2025_870380.html","81d545bbb177d8021a661e6d3caa5de1d024206efcec314bd2edbf995254a1c7"
"870380","8703801700","u","- - - Sedan","10%","0%","","0%","","","","","JKDM_HS_Explorer_PDK2025_870380.html","81d545bbb177d8021a661e6d3caa5de1d024206efcec314bd2edbf995254a1c7"
"870380","8703801800","u","- - - Other motor cars (including station wagons and sports cars, but not including vans)","10%","0%","","0%","","","","","JKDM_HS_Explorer_PDK2025_870380.html","81d545bbb177d8021a661e6d3caa5de1d024206efcec314bd2edbf995254a1c7"
"870380","8703801900","u","- - - Other","10%","0%","","0%","","","","","JKDM_HS_Explorer_PDK2025_870380.html","81d545bbb177d8021a661e6d3caa5de1d024206efcec314bd2edbf995254a1c7"
"870380","8703809100","u","- - - Go-karts","0%","0%","","10%","","","","","JKDM_HS_Explorer_PDK2025_870380.html","81d545bbb177d8021a661e6d3caa5de1d024206efcec314bd2edbf995254a1c7"
"870380","8703809200","u","- - - All-Terrain Vehicles (ATV)","30%","0%","","10%","10%","","","","JKDM_HS_Explorer_PDK2025_870380.html","81d545bbb177d8021a661e6d3caa5de1d024206efcec314bd2edbf995254a1c7"
"870380","8703809300","u","- - - Ambulances","5%","0%","","10%","","","","","JKDM_HS_Explorer_PDK2025_870380.html","81d545bbb177d8021a661e6d3caa5de1d024206efcec314bd2edbf995254a1c7"
"870380","8703809400","u","- - - Hearses","30%","0%","","10%","10%","","","","JKDM_HS_Explorer_PDK2025_870380.html","81d545bbb177d8021a661e6d3caa5de1d024206efcec314bd2edbf995254a1c7"
"870380","8703809500","u","- - - Prison vans","30%","0%","","10%","10%","","","","JKDM_HS_Explorer_PDK2025_870380.html","81d545bbb177d8021a661e6d3caa5de1d024206efcec314bd2edbf995254a1c7"
"870380","8703809600","u","- - - Motor-homes","35%","0%","","10%","","","","","JKDM_HS_Explorer_PDK2025_870380.html","81d545bbb177d8021a661e6d3caa5de1d024206efcec314bd2edbf995254a1c7"
"870380","8703809700","u","- - - Sedan","30%","0%","","10%","10%","","","","JKDM_HS_Explorer_PDK2025_870380.html","81d545bbb177d8021a661e6d3caa5de1d024206efcec314bd2edbf995254a1c7"
"870380","8703809800","u","- - - Other motor cars (including station wagons and sports cars, but not including vans)","30%","0%","","10%","10%","","","","JKDM_HS_Explorer_PDK2025_870380.html","81d545bbb177d8021a661e6d3caa5de1d024206efcec314bd2edbf995254a1c7"
"870380","8703809900","u","- - - Other","30%","0%","","10%","10%","","","","JKDM_HS_Explorer_PDK2025_870380.html","81d545bbb177d8021a661e6d3caa5de1d024206efcec314bd2edbf995254a1c7"
"870390","8703901100","u","- - - Go-karts","10%","0%","","0%","","","","","JKDM_HS_Explorer_PDK2025_870390.html","f5e5d66cefc9313d4c27c84b62501737094a4841d1eb5a6445ef7000e4f6cb72"
"870390","8703901200","u","- - - All-Terrain Vehicles (ATV)","10%","0%","","0%","","","","","JKDM_HS_Explorer_PDK2025_870390.html","f5e5d66cefc9313d4c27c84b62501737094a4841d1eb5a6445ef7000e4f6cb72"
"870390","8703901300","u","- - - Ambulances","10%","0%","","0%","","","","","JKDM_HS_Explorer_PDK2025_870390.html","f5e5d66cefc9313d4c27c84b62501737094a4841d1eb5a6445ef7000e4f6cb72"
"870390","8703901400","u","- - - Hearses","10%","0%","","0%","","","","","JKDM_HS_Explorer_PDK2025_870390.html","f5e5d66cefc9313d4c27c84b62501737094a4841d1eb5a6445ef7000e4f6cb72"
"870390","8703901500","u","- - - Prison vans","10%","0%","","0%","","","","","JKDM_HS_Explorer_PDK2025_870390.html","f5e5d66cefc9313d4c27c84b62501737094a4841d1eb5a6445ef7000e4f6cb72"
"870390","8703901600","u","- - - Motor-homes","10%","0%","","0%","","","","","JKDM_HS_Explorer_PDK2025_870390.html","f5e5d66cefc9313d4c27c84b62501737094a4841d1eb5a6445ef7000e4f6cb72"
"870390","8703901700","u","- - - Sedan","10%","0%","","0%","","","","","JKDM_HS_Explorer_PDK2025_870390.html","f5e5d66cefc9313d4c27c84b62501737094a4841d1eb5a6445ef7000e4f6cb72"
"870390","8703901800","u","- - - Other motor cars (including station wagons and sports cars, but not including vans)","10%","0%","","0%","","","","","JKDM_HS_Explorer_PDK2025_870390.html","f5e5d66cefc9313d4c27c84b62501737094a4841d1eb5a6445ef7000e4f6cb72"
"870390","8703901900","u","- - - Other","10%","0%","","0%","","","","","JKDM_HS_Explorer_PDK2025_870390.html","f5e5d66cefc9313d4c27c84b62501737094a4841d1eb5a6445ef7000e4f6cb72"
"870390","8703909100","u","- - - Go-karts","30%","0%","","10%","","","","","JKDM_HS_Explorer_PDK2025_870390.html","f5e5d66cefc9313d4c27c84b62501737094a4841d1eb5a6445ef7000e4f6cb72"
"870390","8703909200","u","- - - All-Terrain Vehicles (ATV)","30%","0%","","10%","65%","","","","JKDM_HS_Explorer_PDK2025_870390.html","f5e5d66cefc9313d4c27c84b62501737094a4841d1eb5a6445ef7000e4f6cb72"
"870390","8703909300","u","- - - Ambulances","30%","0%","","10%","","","","","JKDM_HS_Explorer_PDK2025_870390.html","f5e5d66cefc9313d4c27c84b62501737094a4841d1eb5a6445ef7000e4f6cb72"
"870390","8703909400","u","- - - Hearses","30%","0%","","10%","65%","","","","JKDM_HS_Explorer_PDK2025_870390.html","f5e5d66cefc9313d4c27c84b62501737094a4841d1eb5a6445ef7000e4f6cb72"
"870390","8703909500","u","- - - Prison vans","30%","0%","","10%","65%","","","","JKDM_HS_Explorer_PDK2025_870390.html","f5e5d66cefc9313d4c27c84b62501737094a4841d1eb5a6445ef7000e4f6cb72"
"870390","8703909600","u","- - - Motor-homes","35%","0%","","10%","","","","","JKDM_HS_Explorer_PDK2025_870390.html","f5e5d66cefc9313d4c27c84b62501737094a4841d1eb5a6445ef7000e4f6cb72"
"870390","8703909700","u","- - - Sedan","30%","0%","","10%","60%","","","","JKDM_HS_Explorer_PDK2025_870390.html","f5e5d66cefc9313d4c27c84b62501737094a4841d1eb5a6445ef7000e4f6cb72"
"870390","8703909800","u","- - - Other motor cars (including station wagons and sports cars, but not including vans)","30%","0%","","10%","60%","","","","JKDM_HS_Explorer_PDK2025_870390.html","f5e5d66cefc9313d4c27c84b62501737094a4841d1eb5a6445ef7000e4f6cb72"
"870390","8703909900","u","- - - Other","30%","0%","","10%","65%","","","","JKDM_HS_Explorer_PDK2025_870390.html","f5e5d66cefc9313d4c27c84b62501737094a4841d1eb5a6445ef7000e4f6cb72"
"870810","8708101000","kg","- - For vehicles of heading 87.01","0%","0%","","10%","","","","","JKDM_HS_Explorer_PDK2025_870810.html","6e029864acaaf51ffe5ad2e41cc215ffa7173653383912c6e0457a7edc583361"
"870810","8708109000","kg","- - Other","25%","0%","","10%","","","","","JKDM_HS_Explorer_PDK2025_870810.html","6e029864acaaf51ffe5ad2e41cc215ffa7173653383912c6e0457a7edc583361"
"870821","8708210000","kg","- - Safety seat belts","30%","0%","","10%","","","","","JKDM_HS_Explorer_PDK2025_870821.html","17c433bf692eaf5bde6a9ec95d568ab502e124dd006c89500333777c644414a0"
"870829","8708291100","kg","- - - - For vehicles of heading 87.01","0%","0%","","10%","","","","","JKDM_HS_Explorer_PDK2025_870829.html","7f6a3978d92f49ab1e8d8cdde6b22c703f2b605ae2147588e913537f7875410a"
"870829","8708291500","kg","- - - - Door armrests for vehicles of heading 87.03","25%","0%","","10%","","","","","JKDM_HS_Explorer_PDK2025_870829.html","7f6a3978d92f49ab1e8d8cdde6b22c703f2b605ae2147588e913537f7875410a"
"870829","8708291600","kg","- - - - Other, for vehicles of heading 87.03","25%","0%","","10%","","","","","JKDM_HS_Explorer_PDK2025_870829.html","7f6a3978d92f49ab1e8d8cdde6b22c703f2b605ae2147588e913537f7875410a"
"870829","8708291700","kg","- - - - For vehicles of subheading 8704.10","25%","0%","","10%","","","","","JKDM_HS_Explorer_PDK2025_870829.html","7f6a3978d92f49ab1e8d8cdde6b22c703f2b605ae2147588e913537f7875410a"
"870829","8708291800","kg","- - - - For vehicles of heading 87.02 or other vehicles of heading 87.04","25%","0%","","10%","","","","","JKDM_HS_Explorer_PDK2025_870829.html","7f6a3978d92f49ab1e8d8cdde6b22c703f2b605ae2147588e913537f7875410a"
"870829","8708291900","kg","- - - - Other","25%","0%","","10%","","","","","JKDM_HS_Explorer_PDK2025_870829.html","7f6a3978d92f49ab1e8d8cdde6b22c703f2b605ae2147588e913537f7875410a"
"870829","8708292000","kg","- - - Parts of safety seat belts","25%","0%","","10%","","","","","JKDM_HS_Explorer_PDK2025_870829.html","7f6a3978d92f49ab1e8d8cdde6b22c703f2b605ae2147588e913537f7875410a"
"870829","8708299200","kg","- - - - For vehicles of heading 87.01","0%","0%","","10%","","","","","JKDM_HS_Explorer_PDK2025_870829.html","7f6a3978d92f49ab1e8d8cdde6b22c703f2b605ae2147588e913537f7875410a"
"870829","8708299300","kg","- - - - - Interior trim fittings; mudguards","25%","0%","","10%","","","","","JKDM_HS_Explorer_PDK2025_870829.html","7f6a3978d92f49ab1e8d8cdde6b22c703f2b605ae2147588e913537f7875410a"
"870829","8708299400","kg","- - - - - Hood rods","25%","0%","","10%","","","","","JKDM_HS_Explorer_PDK2025_870829.html","7f6a3978d92f49ab1e8d8cdde6b22c703f2b605ae2147588e913537f7875410a"
"870829","8708299500","kg","- - - - - Other","25%","0%","","10%","","","","","JKDM_HS_Explorer_PDK2025_870829.html","7f6a3978d92f49ab1e8d8cdde6b22c703f2b605ae2147588e913537f7875410a"
"870829","8708299600","kg","- - - - - Interior trim fittings; mudguards","25%","0%","","10%","","","","","JKDM_HS_Explorer_PDK2025_870829.html","7f6a3978d92f49ab1e8d8cdde6b22c703f2b605ae2147588e913537f7875410a"
"870829","8708299700","kg","- - - - - Hood rods","25%","0%","","10%","","","","","JKDM_HS_Explorer_PDK2025_870829.html","7f6a3978d92f49ab1e8d8cdde6b22c703f2b605ae2147588e913537f7875410a"
"870829","8708299800","kg","- - - - - Other","25%","0%","","10%","","","","","JKDM_HS_Explorer_PDK2025_870829.html","7f6a3978d92f49ab1e8d8cdde6b22c703f2b605ae2147588e913537f7875410a"
"870829","8708299900","kg","- - - - Other","25%","0%","","10%","","","","","JKDM_HS_Explorer_PDK2025_870829.html","7f6a3978d92f49ab1e8d8cdde6b22c703f2b605ae2147588e913537f7875410a"
"870830","8708301000","kg","- - For vehicles of heading 87.01","5%","0%","","10%","","","","","JKDM_HS_Explorer_PDK2025_870830.html","58ca2e9cb03b03d7ba746c07d35dd791f86cb950320abb43c03546d5c25b7ae7"
"870830","8708302100","kg","- - - Brake drums, brake discs or brake pipes","30%","0%","","10%","","","","","JKDM_HS_Explorer_PDK2025_870830.html","58ca2e9cb03b03d7ba746c07d35dd791f86cb950320abb43c03546d5c25b7ae7"
"870830","8708302900","kg","- - - Other","30%","0%","","10%","","","","","JKDM_HS_Explorer_PDK2025_870830.html","58ca2e9cb03b03d7ba746c07d35dd791f86cb950320abb43c03546d5c25b7ae7"
"870830","8708303000","kg","- - Brake drums, brake discs or brake pipes for vehicles of heading 87.02 or 87.04","30%","0%","","10%","","","","","JKDM_HS_Explorer_PDK2025_870830.html","58ca2e9cb03b03d7ba746c07d35dd791f86cb950320abb43c03546d5c25b7ae7"
"870830","8708309000","kg","- - Other","30%","0%","","10%","","","","","JKDM_HS_Explorer_PDK2025_870830.html","58ca2e9cb03b03d7ba746c07d35dd791f86cb950320abb43c03546d5c25b7ae7"
"870840","8708401100","kg","- - - For vehicles of heading 87.03","25%","0%","","10%","","","","","JKDM_HS_Explorer_PDK2025_870840.html","97ffd9e126f78c040f9a8b153c0ed8e9c1f7bf778f8f85f7c10a55bf5cf8fdc0"
"870840","8708401300","kg","- - - For vehicles of heading 87.04 or 87.05","25%","0%","","10%","","","","","JKDM_HS_Explorer_PDK2025_870840.html","97ffd9e126f78c040f9a8b153c0ed8e9c1f7bf778f8f85f7c10a55bf5cf8fdc0"
"870840","8708401400","kg","- - - For vehicles of heading 87.01","0%","0%","","10%","","","","","JKDM_HS_Explorer_PDK2025_870840.html","97ffd9e126f78c040f9a8b153c0ed8e9c1f7bf778f8f85f7c10a55bf5cf8fdc0"
"870840","8708401900","kg","- - - Other","25%","0%","","10%","","","","","JKDM_HS_Explorer_PDK2025_870840.html","97ffd9e126f78c040f9a8b153c0ed8e9c1f7bf778f8f85f7c10a55bf5cf8fdc0"
"870840","8708402500","kg","- - - For vehicles of heading 87.01","0%","0%","","10%","","","","","JKDM_HS_Explorer_PDK2025_870840.html","97ffd9e126f78c040f9a8b153c0ed8e9c1f7bf778f8f85f7c10a55bf5cf8fdc0"
"870840","8708402600","kg","- - - For vehicles of heading 87.03","25%","0%","","10%","","","","","JKDM_HS_Explorer_PDK2025_870840.html","97ffd9e126f78c040f9a8b153c0ed8e9c1f7bf778f8f85f7c10a55bf5cf8fdc0"
"870840","8708402700","kg","- - - For vehicles of heading 87.04 or 87.05","25%","0%","","10%","","","","","JKDM_HS_Explorer_PDK2025_870840.html","97ffd9e126f78c040f9a8b153c0ed8e9c1f7bf778f8f85f7c10a55bf5cf8fdc0"
"870840","8708402900","kg","- - - Other","25%","0%","","10%","","","","","JKDM_HS_Explorer_PDK2025_870840.html","97ffd9e126f78c040f9a8b153c0ed8e9c1f7bf778f8f85f7c10a55bf5cf8fdc0"
"870840","8708409100","kg","- - - For vehicles of heading 87.01","0%","0%","","10%","","","","","JKDM_HS_Explorer_PDK2025_870840.html","97ffd9e126f78c040f9a8b153c0ed8e9c1f7bf778f8f85f7c10a55bf5cf8fdc0"
"870840","8708409200","kg","- - - For vehicles of heading 87.03","25%","0%","","10%","","","","","JKDM_HS_Explorer_PDK2025_870840.html","97ffd9e126f78c040f9a8b153c0ed8e9c1f7bf778f8f85f7c10a55bf5cf8fdc0"
"870840","8708409900","kg","- - - Other","25%","0%","","10%","","","","","JKDM_HS_Explorer_PDK2025_870840.html","97ffd9e126f78c040f9a8b153c0ed8e9c1f7bf778f8f85f7c10a55bf5cf8fdc0"
"870850","8708501100","kg","- - - For vehicles of heading 87.03","25%","0%","","10%","","","","","JKDM_HS_Explorer_PDK2025_870850.html","a278308e7c837ad075324e562ba67b97e156b986a80b41ef9631f1d2c45de328"
"870850","8708501300","kg","- - - For vehicles of heading 87.04 or 87.05","25%","0%","","10%","","","","","JKDM_HS_Explorer_PDK2025_870850.html","a278308e7c837ad075324e562ba67b97e156b986a80b41ef9631f1d2c45de328"
"870850","8708501500","kg","- - - For vehicles of heading 87.01","0%","0%","","10%","","","","","JKDM_HS_Explorer_PDK2025_870850.html","a278308e7c837ad075324e562ba67b97e156b986a80b41ef9631f1d2c45de328"
"870850","8708501900","kg","- - - Other","25%","0%","","10%","","","","","JKDM_HS_Explorer_PDK2025_870850.html","a278308e7c837ad075324e562ba67b97e156b986a80b41ef9631f1d2c45de328"
"870850","8708502500","kg","- - - For vehicles of heading 87.01","0%","0%","","10%","","","","","JKDM_HS_Explorer_PDK2025_870850.html","a278308e7c837ad075324e562ba67b97e156b986a80b41ef9631f1d2c45de328"
"870850","8708502600","kg","- - - For vehicles of heading 87.03","25%","0%","","10%","","","","","JKDM_HS_Explorer_PDK2025_870850.html","a278308e7c837ad075324e562ba67b97e156b986a80b41ef9631f1d2c45de328"
"870850","8708502700","kg","- - - For vehicles of heading 87.04 or 87.05","25%","0%","","10%","","","","","JKDM_HS_Explorer_PDK2025_870850.html","a278308e7c837ad075324e562ba67b97e156b986a80b41ef9631f1d2c45de328"
"870850","8708502900","kg","- - - Other","25%","0%","","10%","","","","","JKDM_HS_Explorer_PDK2025_870850.html","a278308e7c837ad075324e562ba67b97e156b986a80b41ef9631f1d2c45de328"
"870850","8708509100","kg","- - - - Crown wheels and pinions","0%","0%","","10%","","","","","JKDM_HS_Explorer_PDK2025_870850.html","a278308e7c837ad075324e562ba67b97e156b986a80b41ef9631f1d2c45de328"
"870850","8708509200","kg","- - - - Other","0%","0%","","10%","","","","","JKDM_HS_Explorer_PDK2025_870850.html","a278308e7c837ad075324e562ba67b97e156b986a80b41ef9631f1d2c45de328"
"870850","8708509400","kg","- - - - Crown wheels and pinions","30%","0%","","10%","","","","","JKDM_HS_Explorer_PDK2025_870850.html","a278308e7c837ad075324e562ba67b97e156b986a80b41ef9631f1d2c45de328"
"870850","8708509500","kg","- - - - Other","25%","0%","","10%","","","","","JKDM_HS_Explorer_PDK2025_870850.html","a278308e7c837ad075324e562ba67b97e156b986a80b41ef9631f1d2c45de328"
"870850","8708509600","kg","- - - - Crown wheels and pinions","30%","0%","","10%","","","","","JKDM_HS_Explorer_PDK2025_870850.html","a278308e7c837ad075324e562ba67b97e156b986a80b41ef9631f1d2c45de328"
"870850","8708509900","kg","- - - - Other","25%","0%","","10%","","","","","JKDM_HS_Explorer_PDK2025_870850.html","a278308e7c837ad075324e562ba67b97e156b986a80b41ef9631f1d2c45de328"
"870880","8708801500","kg","- - - For vehicles of heading 87.01","5%","0%","","10%","","","","","JKDM_HS_Explorer_PDK2025_870880.html","fb064b0ee311e5dd9aa1f4c121940351b6640c0e7e0b12b41b6d0a2655f5bedc"
"870880","8708801600","kg","- - - For vehicles of heading 87.03","30%","0%","","10%","","","","","JKDM_HS_Explorer_PDK2025_870880.html","fb064b0ee311e5dd9aa1f4c121940351b6640c0e7e0b12b41b6d0a2655f5bedc"
"870880","8708801700","kg","- - - For vehicles of subheading 8704.10 or heading 87.05","30%","0%","","10%","","","","","JKDM_HS_Explorer_PDK2025_870880.html","fb064b0ee311e5dd9aa1f4c121940351b6640c0e7e0b12b41b6d0a2655f5bedc"
"870880","8708801900","kg","- - - Other","30%","0%","","10%","","","","","JKDM_HS_Explorer_PDK2025_870880.html","fb064b0ee311e5dd9aa1f4c121940351b6640c0e7e0b12b41b6d0a2655f5bedc"
"870880","8708809100","kg","- - - For vehicles of heading 87.01","5%","0%","","10%","","","","","JKDM_HS_Explorer_PDK2025_870880.html","fb064b0ee311e5dd9aa1f4c121940351b6640c0e7e0b12b41b6d0a2655f5bedc"
"870880","8708809200","kg","- - - For vehicles of heading 87.03","30%","0%","","10%","","","","","JKDM_HS_Explorer_PDK2025_870880.html","fb064b0ee311e5dd9aa1f4c121940351b6640c0e7e0b12b41b6d0a2655f5bedc"
"870880","8708809900","kg","- - - Other","30%","0%","","10%","","","","","JKDM_HS_Explorer_PDK2025_870880.html","fb064b0ee311e5dd9aa1f4c121940351b6640c0e7e0b12b41b6d0a2655f5bedc"
"870891","8708911500","kg","- - - - For vehicles of heading 87.01","5%","0%","","10%","","","","","JKDM_HS_Explorer_PDK2025_870891.html","cc550ccae2e0321d3595dbdaf374f90af2645698f659c48faeb55d180d03d5c9"
"870891","8708911600","kg","- - - - For vehicles of heading 87.03","25%","0%","","10%","","","","","JKDM_HS_Explorer_PDK2025_870891.html","cc550ccae2e0321d3595dbdaf374f90af2645698f659c48faeb55d180d03d5c9"
"870891","8708911700","kg","- - - - - For vehicles of subheading 8704.10","25%","0%","","10%","","","","","JKDM_HS_Explorer_PDK2025_870891.html","cc550ccae2e0321d3595dbdaf374f90af2645698f659c48faeb55d180d03d5c9"
"870891","8708911800","kg","- - - - - Other","25%","0%","","10%","","","","","JKDM_HS_Explorer_PDK2025_870891.html","cc550ccae2e0321d3595dbdaf374f90af2645698f659c48faeb55d180d03d5c9"
"870891","8708911900","kg","- - - - Other","25%","0%","","10%","","","","","JKDM_HS_Explorer_PDK2025_870891.html","cc550ccae2e0321d3595dbdaf374f90af2645698f659c48faeb55d180d03d5c9"
"870891","8708919100","kg","- - - - For vehicles of heading 87.01","5%","0%","","10%","","","","","JKDM_HS_Explorer_PDK2025_870891.html","cc550ccae2e0321d3595dbdaf374f90af2645698f659c48faeb55d180d03d5c9"
"870891","8708919300","kg","- - - - Drain plugs, for vehicles of heading 87.03","25%","0%","","10%","","","","","JKDM_HS_Explorer_PDK2025_870891.html","cc550ccae2e0321d3595dbdaf374f90af2645698f659c48faeb55d180d03d5c9"
"870891","8708919400","kg","- - - - Drain plugs, for vehicles of heading 87.02 or 87.04 (excluding subheading 8704.10)","25%","0%","","10%","","","","","JKDM_HS_Explorer_PDK2025_870891.html","cc550ccae2e0321d3595dbdaf374f90af2645698f659c48faeb55d180d03d5c9"
"870891","8708919500","kg","- - - - Other, for vehicles of heading 87.03","25%","0%","","10%","","","","","JKDM_HS_Explorer_PDK2025_870891.html","cc550ccae2e0321d3595dbdaf374f90af2645698f659c48faeb55d180d03d5c9"
"870891","8708919900","kg","- - - - Other","25%","0%","","10%","","","","","JKDM_HS_Explorer_PDK2025_870891.html","cc550ccae2e0321d3595dbdaf374f90af2645698f659c48faeb55d180d03d5c9"
"870892","8708921000","kg","- - - For vehicles of heading 87.01","5%","0%","","10%","","","","","JKDM_HS_Explorer_PDK2025_870892.html","d4426a25a311f2624322d379efdb9a79293ea2152379945c9603ca46752cc43a"
"870892","8708922000","kg","- - - For vehicles of heading 87.03","25%","0%","","10%","","","","","JKDM_HS_Explorer_PDK2025_870892.html","d4426a25a311f2624322d379efdb9a79293ea2152379945c9603ca46752cc43a"
"870892","8708925100","kg","- - - - Silencers (mufflers) and exhaust pipes","25%","0%","","10%","","","","","JKDM_HS_Explorer_PDK2025_870892.html","d4426a25a311f2624322d379efdb9a79293ea2152379945c9603ca46752cc43a"
"870892","8708925200","kg","- - - - Parts","25%","0%","","10%","","","","","JKDM_HS_Explorer_PDK2025_870892.html","d4426a25a311f2624322d379efdb9a79293ea2152379945c9603ca46752cc43a"
"870892","8708926100","kg","- - - - Silencers (mufflers) and exhaust pipes","25%","0%","","10%","","","","","JKDM_HS_Explorer_PDK2025_870892.html","d4426a25a311f2624322d379efdb9a79293ea2152379945c9603ca46752cc43a"
"870892","8708926200","kg","- - - - Parts","25%","0%","","10%","","","","","JKDM_HS_Explorer_PDK2025_870892.html","d4426a25a311f2624322d379efdb9a79293ea2152379945c9603ca46752cc43a"
"870892","8708929000","kg","- - - Other","25%","0%","","10%","","","","","JKDM_HS_Explorer_PDK2025_870892.html","d4426a25a311f2624322d379efdb9a79293ea2152379945c9603ca46752cc43a"
"870893","8708935000","kg","- - - For vehicles of heading 87.01","5%","0%","","10%","","","","","JKDM_HS_Explorer_PDK2025_870893.html","198b16541a1bf34ee81b40f4920f6de47c00186a0966c31fd2677235c77208a5"
"870893","8708936000","kg","- - - For vehicles of heading 87.03","25%","0%","","10%","","","","","JKDM_HS_Explorer_PDK2025_870893.html","198b16541a1bf34ee81b40f4920f6de47c00186a0966c31fd2677235c77208a5"
"870893","8708937000","kg","- - - For vehicles of heading 87.04 or 87.05","25%","0%","","10%","","","","","JKDM_HS_Explorer_PDK2025_870893.html","198b16541a1bf34ee81b40f4920f6de47c00186a0966c31fd2677235c77208a5"
"870893","8708939000","kg","- - - Other","25%","0%","","10%","","","","","JKDM_HS_Explorer_PDK2025_870893.html","198b16541a1bf34ee81b40f4920f6de47c00186a0966c31fd2677235c77208a5"
"870894","8708941100","kg","- - - - For vehicles of heading 87.01","0%","0%","","10%","","","","","JKDM_HS_Explorer_PDK2025_870894.html","4184d9e80225a54c7701f55a29d151e56a069d9118d79220b585f3e2f0e99fc5"
"870894","8708941900","kg","- - - - Other","25%","0%","","10%","","","","","JKDM_HS_Explorer_PDK2025_870894.html","4184d9e80225a54c7701f55a29d151e56a069d9118d79220b585f3e2f0e99fc5"
"870894","8708949400","kg","- - - - For vehicles of heading 87.01","0%","0%","","10%","","","","","JKDM_HS_Explorer_PDK2025_870894.html","4184d9e80225a54c7701f55a29d151e56a069d9118d79220b585f3e2f0e99fc5"
"870894","8708949500","kg","- - - - For vehicles of heading 87.03","25%","0%","","10%","","","","","JKDM_HS_Explorer_PDK2025_870894.html","4184d9e80225a54c7701f55a29d151e56a069d9118d79220b585f3e2f0e99fc5"
"870894","8708949900","kg","- - - - Other","25%","0%","","10%","","","","","JKDM_HS_Explorer_PDK2025_870894.html","4184d9e80225a54c7701f55a29d151e56a069d9118d79220b585f3e2f0e99fc5"
"870895","8708951000","kg","- - - Safety airbags with inflater system","30%","0%","","10%","","","","","JKDM_HS_Explorer_PDK2025_870895.html","07a2e8805d5b4ce9ea1e4940fffc1ba11c76080c2c553ddc22c58582efe77ba9"
"870895","8708959000","kg","- - - Parts","30%","0%","","10%","","","","","JKDM_HS_Explorer_PDK2025_870895.html","07a2e8805d5b4ce9ea1e4940fffc1ba11c76080c2c553ddc22c58582efe77ba9"
"870899","8708991100","kg","- - - - Unassembled fuel tanks; engine brackets","5%","0%","","10%","","","","","JKDM_HS_Explorer_PDK2025_870899.html","675e2254d9c93c489c080194fc682e9942455d62d6c316642184642c6b7d2d71"
"870899","8708991900","kg","- - - - Other","5%","0%","","10%","","","","","JKDM_HS_Explorer_PDK2025_870899.html","675e2254d9c93c489c080194fc682e9942455d62d6c316642184642c6b7d2d71"
"870899","8708992100","kg","- - - - - Fuel tanks","30%","0%","","10%","","","","","JKDM_HS_Explorer_PDK2025_870899.html","675e2254d9c93c489c080194fc682e9942455d62d6c316642184642c6b7d2d71"
"870899","8708992400","kg","- - - - - Lower half of the fuel tank; fuel caps; filler pipes; filler hose assembly; fuel tank bands","30%","0%","","10%","","","","","JKDM_HS_Explorer_PDK2025_870899.html","675e2254d9c93c489c080194fc682e9942455d62d6c316642184642c6b7d2d71"
"870899","8708992500","kg","- - - - - Other parts","30%","0%","","10%","","","","","JKDM_HS_Explorer_PDK2025_870899.html","675e2254d9c93c489c080194fc682e9942455d62d6c316642184642c6b7d2d71"
"870899","8708993000","kg","- - - - Accelerator, brake or clutch pedals","30%","0%","","10%","","","","","JKDM_HS_Explorer_PDK2025_870899.html","675e2254d9c93c489c080194fc682e9942455d62d6c316642184642c6b7d2d71"
"870899","8708994000","kg","- - - - Battery carriers or trays and brackets therefor","30%","0%","","10%","","","","","JKDM_HS_Explorer_PDK2025_870899.html","675e2254d9c93c489c080194fc682e9942455d62d6c316642184642c6b7d2d71"
"870899","8708995000","kg","- - - - Radiator shrouds","30%","0%","","10%","","","","","JKDM_HS_Explorer_PDK2025_870899.html","675e2254d9c93c489c080194fc682e9942455d62d6c316642184642c6b7d2d71"
"870899","8708996100","kg","- - - - - For vehicles of heading 87.02","30%","0%","","10%","","","","","JKDM_HS_Explorer_PDK2025_870899.html","675e2254d9c93c489c080194fc682e9942455d62d6c316642184642c6b7d2d71"
"870899","8708996200","kg","- - - - - For vehicles of heading 87.03","30%","0%","","10%","","","","","JKDM_HS_Explorer_PDK2025_870899.html","675e2254d9c93c489c080194fc682e9942455d62d6c316642184642c6b7d2d71"
"870899","8708996300","kg","- - - - - For vehicles of heading 87.04","30%","0%","","10%","","","","","JKDM_HS_Explorer_PDK2025_870899.html","675e2254d9c93c489c080194fc682e9942455d62d6c316642184642c6b7d2d71"
"870899","8708997000","kg","- - - - Engine brackets","30%","0%","","10%","","","","","JKDM_HS_Explorer_PDK2025_870899.html","675e2254d9c93c489c080194fc682e9942455d62d6c316642184642c6b7d2d71"
"870899","8708998000","kg","- - - - Other","30%","0%","","10%","","","","","JKDM_HS_Explorer_PDK2025_870899.html","675e2254d9c93c489c080194fc682e9942455d62d6c316642184642c6b7d2d71"
"870899","8708999100","kg","- - - - Unassembled fuel tanks; engine brackets","30%","0%","","10%","","","","","JKDM_HS_Explorer_PDK2025_870899.html","675e2254d9c93c489c080194fc682e9942455d62d6c316642184642c6b7d2d71"
"870899","8708999900","kg","- - - - Other","30%","0%","","10%","","","","","JKDM_HS_Explorer_PDK2025_870899.html","675e2254d9c93c489c080194fc682e9942455d62d6c316642184642c6b7d2d71"
"902920","9029201000","u","- - Speedometers for motor vehicles","0%","0%","","10%","","","","","JKDM_HS_Explorer_PDK2025_902920.html","17ac744d4a783f886d54207749deb406928dc0b32071e00883657abebe719720"
"902920","9029202000","u","- - Tachometers for motor vehicles","0%","0%","","10%","","","","","JKDM_HS_Explorer_PDK2025_902920.html","17ac744d4a783f886d54207749deb406928dc0b32071e00883657abebe719720"
"902920","9029209000","u","- - Other","0%","0%","","10%","","","","","JKDM_HS_Explorer_PDK2025_902920.html","17ac744d4a783f886d54207749deb406928dc0b32071e00883657abebe719720"
"903289","9032891000","u","- - - Instruments and apparatus incorporating or working in conjunction with an automatic data processing machine, for automatically regulating or controlling the propulsion, ballast or cargo handling systems of ships","0%","0%","","10%","","","","","JKDM_HS_Explorer_PDK2025_903289.html","6b7bd32100c67dc5244b0819ab3e9c3da2882e02e3bf36ce17937da6edb705b2"
"903289","9032892000","u","- - - Automatic instruments and apparatus for regulating or controlling chemical or electrochemical solutions in the manufacture of printed circuit boards/printed wiring boards or printed circuit assemblies","0%","0%","","10%","","","","","JKDM_HS_Explorer_PDK2025_903289.html","6b7bd32100c67dc5244b0819ab3e9c3da2882e02e3bf36ce17937da6edb705b2"
"903289","9032893100","u","- - - - Automatic regulating voltage units (stabilisers)","0%","0%","","10%","","","","","JKDM_HS_Explorer_PDK2025_903289.html","6b7bd32100c67dc5244b0819ab3e9c3da2882e02e3bf36ce17937da6edb705b2"
"903289","9032893900","u","- - - - Other","0%","0%","","10%","","","","","JKDM_HS_Explorer_PDK2025_903289.html","6b7bd32100c67dc5244b0819ab3e9c3da2882e02e3bf36ce17937da6edb705b2"
"903289","9032899000","u","- - - Other","0%","0%","","10%","","","","","JKDM_HS_Explorer_PDK2025_903289.html","6b7bd32100c67dc5244b0819ab3e9c3da2882e02e3bf36ce17937da6edb705b2"
"940120","9401201000","u","- - Of a kind used for vehicles of heading 87.02, 87.03 or 87.04","30%","0%","","10%","","","","","JKDM_HS_Explorer_PDK2025_940120.html","0a9cd641d8ac703487a000a3447867a075cfb14d70b5b38393300d040663d960"
"940120","9401209000","u","- - Other","30%","0%","","10%","","","","","JKDM_HS_Explorer_PDK2025_940120.html","0a9cd641d8ac703487a000a3447867a075cfb14d70b5b38393300d040663d960"
