"regime","hs6_query","national_tariff_code","description","current_rate","source_file","source_sha256"
"ACFTA","400932","400932","- - With fittings :","","JKDM_HS_Explorer_ACFTA_400932_RATE_2026.html","f0e7712475f9b696a92e520940650e494213cdca3302dcca448d16dbc558aa9e"
"ACFTA","400932","4009321000","- - - Mining slurry suction and discharge hoses","5","JKDM_HS_Explorer_ACFTA_400932_RATE_2026.html","f0e7712475f9b696a92e520940650e494213cdca3302dcca448d16dbc558aa9e"
"ACFTA","400932","4009329000","- - - Other","5","JKDM_HS_Explorer_ACFTA_400932_RATE_2026.html","f0e7712475f9b696a92e520940650e494213cdca3302dcca448d16dbc558aa9e"
"ACFTA","401110","4011100000","- Of a kind used on motor cars (including station wagons and racing cars)","5","JKDM_HS_Explorer_ACFTA_401110_RATE_2026.html","10717df94c6f4ddff5086c6fab02b6b0f50c39742bcdc021f591cb866c507f61"
"ACFTA","681381","6813810000","- - Brake linings and pads","0","JKDM_HS_Explorer_ACFTA_681381_RATE_2026.html","1c99740999fb8763f82b9244e52933967dc7c7e06834e5437d5f83aa68baebfb"
"ACFTA","700721","700721","- - Of size and shape suitable for incorporation in vehicles, aircraft, spacecraft or vessels :","","JKDM_HS_Explorer_ACFTA_700721_RATE_2026.html","abfcdcddd41e12b01150ac655c4752a365c68bb6f2ea225a679f87fef81ad44c"
"ACFTA","700721","7007211000","- - - Suitable for vehicles of Chapter 87","30","JKDM_HS_Explorer_ACFTA_700721_RATE_2026.html","abfcdcddd41e12b01150ac655c4752a365c68bb6f2ea225a679f87fef81ad44c"
"ACFTA","700721","7007212000","- - - Suitable for aircraft or spacecraft of Chapter 88","30","JKDM_HS_Explorer_ACFTA_700721_RATE_2026.html","abfcdcddd41e12b01150ac655c4752a365c68bb6f2ea225a679f87fef81ad44c"
"ACFTA","700721","7007219000","- - - Other","30","JKDM_HS_Explorer_ACFTA_700721_RATE_2026.html","abfcdcddd41e12b01150ac655c4752a365c68bb6f2ea225a679f87fef81ad44c"
"ACFTA","700910","7009100000","- Rear-view mirrors for vehicles","0","JKDM_HS_Explorer_ACFTA_700910_RATE_2026.html","4db200604ae9932766e4233e4491c32e15ccebef93484e6255a480a26fd3a6d4"
"ACFTA","732010","732010","- Leaf-springs and leaves therefor :","","JKDM_HS_Explorer_ACFTA_732010_RATE_2026.html","98cbaab9280ebacaf0d41a791794462ebd3aef1d88058f10b2812f34f142bdd7"
"ACFTA","732010","7320101100","- - - Suitable for use on motor vehicles of heading 87.02, 87.03 or 87.04","0","JKDM_HS_Explorer_ACFTA_732010_RATE_2026.html","98cbaab9280ebacaf0d41a791794462ebd3aef1d88058f10b2812f34f142bdd7"
"ACFTA","732010","7320101200","- - - Suitable for use on other motor vehicles","0","JKDM_HS_Explorer_ACFTA_732010_RATE_2026.html","98cbaab9280ebacaf0d41a791794462ebd3aef1d88058f10b2812f34f142bdd7"
"ACFTA","732010","7320101900","- - - Other","0","JKDM_HS_Explorer_ACFTA_732010_RATE_2026.html","98cbaab9280ebacaf0d41a791794462ebd3aef1d88058f10b2812f34f142bdd7"
"ACFTA","732010","7320109000","- - Other","0","JKDM_HS_Explorer_ACFTA_732010_RATE_2026.html","98cbaab9280ebacaf0d41a791794462ebd3aef1d88058f10b2812f34f142bdd7"
"ACFTA","732020","732020","- Helical springs :","","JKDM_HS_Explorer_ACFTA_732020_RATE_2026.html","d4b34306b4445b16452e810c7fe92f6deb0c599f3b4feb85c112310895078dfe"
"ACFTA","732020","7320201100","- - - For motor vehicles","0","JKDM_HS_Explorer_ACFTA_732020_RATE_2026.html","d4b34306b4445b16452e810c7fe92f6deb0c599f3b4feb85c112310895078dfe"
"ACFTA","732020","7320201200","- - - For earth-moving machinery","0","JKDM_HS_Explorer_ACFTA_732020_RATE_2026.html","d4b34306b4445b16452e810c7fe92f6deb0c599f3b4feb85c112310895078dfe"
"ACFTA","732020","7320201900","- - - Other","0","JKDM_HS_Explorer_ACFTA_732020_RATE_2026.html","d4b34306b4445b16452e810c7fe92f6deb0c599f3b4feb85c112310895078dfe"
"ACFTA","732020","7320209000","- - Other","0","JKDM_HS_Explorer_ACFTA_732020_RATE_2026.html","d4b34306b4445b16452e810c7fe92f6deb0c599f3b4feb85c112310895078dfe"
"ACFTA","840734","840734","- - Of a cylinder capacity exceeding 1,000 cc:","","JKDM_HS_Explorer_ACFTA_840734_RATE_2026.html","edc9e532ad9b79b968ef927a7f4bc393e1ff979ee9b79d9d208af4caa138feaa"
"ACFTA","840734","8407344000","- - - - For pedestrian controlled tractors, of a cylinder capacity not exceeding 1,100 cc","0","JKDM_HS_Explorer_ACFTA_840734_RATE_2026.html","edc9e532ad9b79b968ef927a7f4bc393e1ff979ee9b79d9d208af4caa138feaa"
"ACFTA","840734","8407345000","- - - - For other vehicles of heading 87.01","0","JKDM_HS_Explorer_ACFTA_840734_RATE_2026.html","edc9e532ad9b79b968ef927a7f4bc393e1ff979ee9b79d9d208af4caa138feaa"
"ACFTA","840734","8407346000","- - - - For vehicles of heading 87.11","0","JKDM_HS_Explorer_ACFTA_840734_RATE_2026.html","edc9e532ad9b79b968ef927a7f4bc393e1ff979ee9b79d9d208af4caa138feaa"
"ACFTA","840734","8407347100","- - - - - Of a cylinder capacity not exceeding 2,000 cc","0","JKDM_HS_Explorer_ACFTA_840734_RATE_2026.html","edc9e532ad9b79b968ef927a7f4bc393e1ff979ee9b79d9d208af4caa138feaa"
"ACFTA","840734","8407347200","- - - - - Of a cylinder capacity exceeding 2,000 cc but not exceeding 3,000 cc","0","JKDM_HS_Explorer_ACFTA_840734_RATE_2026.html","edc9e532ad9b79b968ef927a7f4bc393e1ff979ee9b79d9d208af4caa138feaa"
"ACFTA","840734","8407347300","- - - - - Of a cylinder capacity exceeding 3,000 cc","0","JKDM_HS_Explorer_ACFTA_840734_RATE_2026.html","edc9e532ad9b79b968ef927a7f4bc393e1ff979ee9b79d9d208af4caa138feaa"
"ACFTA","840734","8407349100","- - - - For pedestrian controlled tractors, of a cylinder capacity not exceeding 1,100 cc","0","JKDM_HS_Explorer_ACFTA_840734_RATE_2026.html","edc9e532ad9b79b968ef927a7f4bc393e1ff979ee9b79d9d208af4caa138feaa"
"ACFTA","840734","8407349200","- - - - For other vehicles of heading 87.01","0","JKDM_HS_Explorer_ACFTA_840734_RATE_2026.html","edc9e532ad9b79b968ef927a7f4bc393e1ff979ee9b79d9d208af4caa138feaa"
"ACFTA","840734","8407349300","- - - - For vehicles of heading 87.11","0","JKDM_HS_Explorer_ACFTA_840734_RATE_2026.html","edc9e532ad9b79b968ef927a7f4bc393e1ff979ee9b79d9d208af4caa138feaa"
"ACFTA","840734","8407349400","- - - - - Of a cylinder capacity not exceeding 2,000 cc","0","JKDM_HS_Explorer_ACFTA_840734_RATE_2026.html","edc9e532ad9b79b968ef927a7f4bc393e1ff979ee9b79d9d208af4caa138feaa"
"ACFTA","840734","8407349500","- - - - - Of a cylinder capacity exceeding 2,000 cc but not exceeding 3,000 cc","0","JKDM_HS_Explorer_ACFTA_840734_RATE_2026.html","edc9e532ad9b79b968ef927a7f4bc393e1ff979ee9b79d9d208af4caa138feaa"
"ACFTA","840734","8407349900","- - - - - Of a cylinder capacity exceeding 3,000 cc","0","JKDM_HS_Explorer_ACFTA_840734_RATE_2026.html","edc9e532ad9b79b968ef927a7f4bc393e1ff979ee9b79d9d208af4caa138feaa"
"ACFTA","840820","840820","- Engines of a kind used for the propulsion of vehicles of Chapter 87 :","","JKDM_HS_Explorer_ACFTA_840820_RATE_2026.html","e131b7dbf9512325f043c4355c585fa27d231004b2460000c01d53017d5653c3"
"ACFTA","840820","8408201000","- - - For vehicles of subheading 8701.10","0","JKDM_HS_Explorer_ACFTA_840820_RATE_2026.html","e131b7dbf9512325f043c4355c585fa27d231004b2460000c01d53017d5653c3"
"ACFTA","840820","8408202100","- - - - Of a cylinder capacity not exceeding 2,000 cc","0","JKDM_HS_Explorer_ACFTA_840820_RATE_2026.html","e131b7dbf9512325f043c4355c585fa27d231004b2460000c01d53017d5653c3"
"ACFTA","840820","8408202200","- - - - Of a cylinder capacity exceeding 2,000 cc but not exceeding 3,500 cc","0","JKDM_HS_Explorer_ACFTA_840820_RATE_2026.html","e131b7dbf9512325f043c4355c585fa27d231004b2460000c01d53017d5653c3"
"ACFTA","840820","8408202300","- - - - Of a cylinder capacity exceeding 3,500 cc","0","JKDM_HS_Explorer_ACFTA_840820_RATE_2026.html","e131b7dbf9512325f043c4355c585fa27d231004b2460000c01d53017d5653c3"
"ACFTA","840820","8408209300","- - - For the vehicles of subheading 8701.10","0","JKDM_HS_Explorer_ACFTA_840820_RATE_2026.html","e131b7dbf9512325f043c4355c585fa27d231004b2460000c01d53017d5653c3"
"ACFTA","840820","8408209400","- - - - Of a cylinder capacity not exceeding 2,000 cc","0","JKDM_HS_Explorer_ACFTA_840820_RATE_2026.html","e131b7dbf9512325f043c4355c585fa27d231004b2460000c01d53017d5653c3"
"ACFTA","840820","8408209500","- - - - Of a cylinder capacity exceeding 2,000 cc but not exceeding 3,500 cc","0","JKDM_HS_Explorer_ACFTA_840820_RATE_2026.html","e131b7dbf9512325f043c4355c585fa27d231004b2460000c01d53017d5653c3"
"ACFTA","840820","8408209600","- - - - Of a cylinder capacity exceeding 3,500 cc","0","JKDM_HS_Explorer_ACFTA_840820_RATE_2026.html","e131b7dbf9512325f043c4355c585fa27d231004b2460000c01d53017d5653c3"
"ACFTA","840991","840991","- - Suitable for use solely or principally with spark-ignition internal combustion piston engines :","","JKDM_HS_Explorer_ACFTA_840991_RATE_2026.html","6a385408687e90763ce87078df118bd7bf3ebf2d9671134ebfa328000b3c0540"
"ACFTA","840991","8409911100","- - - - Carburettors and parts thereof","0","JKDM_HS_Explorer_ACFTA_840991_RATE_2026.html","6a385408687e90763ce87078df118bd7bf3ebf2d9671134ebfa328000b3c0540"
"ACFTA","840991","8409911200","- - - - Cylinder blocks; crank cases","0","JKDM_HS_Explorer_ACFTA_840991_RATE_2026.html","6a385408687e90763ce87078df118bd7bf3ebf2d9671134ebfa328000b3c0540"
"ACFTA","840991","8409911300","- - - - Cylinder liners, with an internal diameter of 50 mm or more, but not exceeding 155 mm","0","JKDM_HS_Explorer_ACFTA_840991_RATE_2026.html","6a385408687e90763ce87078df118bd7bf3ebf2d9671134ebfa328000b3c0540"
"ACFTA","840991","8409911400","- - - - Other cylinder liners","0","JKDM_HS_Explorer_ACFTA_840991_RATE_2026.html","6a385408687e90763ce87078df118bd7bf3ebf2d9671134ebfa328000b3c0540"
"ACFTA","840991","8409911500","- - - - Cylinder heads and head covers","0","JKDM_HS_Explorer_ACFTA_840991_RATE_2026.html","6a385408687e90763ce87078df118bd7bf3ebf2d9671134ebfa328000b3c0540"
"ACFTA","840991","8409911600","- - - - Pistons, with an external diameter of 50 mm or more, but not exceeding 155 mm","0","JKDM_HS_Explorer_ACFTA_840991_RATE_2026.html","6a385408687e90763ce87078df118bd7bf3ebf2d9671134ebfa328000b3c0540"
"ACFTA","840991","8409911700","- - - - Other pistons","0","JKDM_HS_Explorer_ACFTA_840991_RATE_2026.html","6a385408687e90763ce87078df118bd7bf3ebf2d9671134ebfa328000b3c0540"
"ACFTA","840991","8409911800","- - - - Piston rings and gudgeon pins","0","JKDM_HS_Explorer_ACFTA_840991_RATE_2026.html","6a385408687e90763ce87078df118bd7bf3ebf2d9671134ebfa328000b3c0540"
"ACFTA","840991","8409911900","- - - - Other","0","JKDM_HS_Explorer_ACFTA_840991_RATE_2026.html","6a385408687e90763ce87078df118bd7bf3ebf2d9671134ebfa328000b3c0540"
"ACFTA","840991","8409912100","- - - - Carburettors and parts thereof","0","JKDM_HS_Explorer_ACFTA_840991_RATE_2026.html","6a385408687e90763ce87078df118bd7bf3ebf2d9671134ebfa328000b3c0540"
"ACFTA","840991","8409912200","- - - - Cylinder blocks; crank cases","0","JKDM_HS_Explorer_ACFTA_840991_RATE_2026.html","6a385408687e90763ce87078df118bd7bf3ebf2d9671134ebfa328000b3c0540"
"ACFTA","840991","8409912300","- - - - Cylinder liners, with an internal diameter of 50 mm or more, but not exceeding 155 mm","0","JKDM_HS_Explorer_ACFTA_840991_RATE_2026.html","6a385408687e90763ce87078df118bd7bf3ebf2d9671134ebfa328000b3c0540"
"ACFTA","840991","8409912400","- - - - Other cylinder liners","0","JKDM_HS_Explorer_ACFTA_840991_RATE_2026.html","6a385408687e90763ce87078df118bd7bf3ebf2d9671134ebfa328000b3c0540"
"ACFTA","840991","8409912600","- - - - Pistons, with an external diameter of 50 mm or more, but not exceeding 155 mm","0","JKDM_HS_Explorer_ACFTA_840991_RATE_2026.html","6a385408687e90763ce87078df118bd7bf3ebf2d9671134ebfa328000b3c0540"
"ACFTA","840991","8409912800","- - - - Piston rings and gudgeon pins","0","JKDM_HS_Explorer_ACFTA_840991_RATE_2026.html","6a385408687e90763ce87078df118bd7bf3ebf2d9671134ebfa328000b3c0540"
"ACFTA","840991","8409912900","- - - - Other","0","JKDM_HS_Explorer_ACFTA_840991_RATE_2026.html","6a385408687e90763ce87078df118bd7bf3ebf2d9671134ebfa328000b3c0540"
"ACFTA","840991","8409913100","- - - - Carburettors and parts thereof","0","JKDM_HS_Explorer_ACFTA_840991_RATE_2026.html","6a385408687e90763ce87078df118bd7bf3ebf2d9671134ebfa328000b3c0540"
"ACFTA","840991","8409913200","- - - - Cylinder blocks; crank cases","0","JKDM_HS_Explorer_ACFTA_840991_RATE_2026.html","6a385408687e90763ce87078df118bd7bf3ebf2d9671134ebfa328000b3c0540"
"ACFTA","840991","8409913400","- - - - Cylinder liners","0","JKDM_HS_Explorer_ACFTA_840991_RATE_2026.html","6a385408687e90763ce87078df118bd7bf3ebf2d9671134ebfa328000b3c0540"
"ACFTA","840991","8409913500","- - - - Cylinder heads and head covers","0","JKDM_HS_Explorer_ACFTA_840991_RATE_2026.html","6a385408687e90763ce87078df118bd7bf3ebf2d9671134ebfa328000b3c0540"
"ACFTA","840991","8409913700","- - - - Pistons","0","JKDM_HS_Explorer_ACFTA_840991_RATE_2026.html","6a385408687e90763ce87078df118bd7bf3ebf2d9671134ebfa328000b3c0540"
"ACFTA","840991","8409913800","- - - - Piston rings and gudgeon pins","0","JKDM_HS_Explorer_ACFTA_840991_RATE_2026.html","6a385408687e90763ce87078df118bd7bf3ebf2d9671134ebfa328000b3c0540"
"ACFTA","840991","8409913900","- - - - Other","0","JKDM_HS_Explorer_ACFTA_840991_RATE_2026.html","6a385408687e90763ce87078df118bd7bf3ebf2d9671134ebfa328000b3c0540"
"ACFTA","840991","8409914100","- - - - Carburettors and parts thereof","0","JKDM_HS_Explorer_ACFTA_840991_RATE_2026.html","6a385408687e90763ce87078df118bd7bf3ebf2d9671134ebfa328000b3c0540"
"ACFTA","840991","8409914200","- - - - Cylinder blocks; crank cases","0","JKDM_HS_Explorer_ACFTA_840991_RATE_2026.html","6a385408687e90763ce87078df118bd7bf3ebf2d9671134ebfa328000b3c0540"
"ACFTA","840991","8409914300","- - - - Cylinder liners, with an internal diameter of 50 mm or more, but not exceeding 155 mm","0","JKDM_HS_Explorer_ACFTA_840991_RATE_2026.html","6a385408687e90763ce87078df118bd7bf3ebf2d9671134ebfa328000b3c0540"
"ACFTA","840991","8409914400","- - - - Other cylinder liners","0","JKDM_HS_Explorer_ACFTA_840991_RATE_2026.html","6a385408687e90763ce87078df118bd7bf3ebf2d9671134ebfa328000b3c0540"
"ACFTA","840991","8409914500","- - - - Cylinder heads and head covers","0","JKDM_HS_Explorer_ACFTA_840991_RATE_2026.html","6a385408687e90763ce87078df118bd7bf3ebf2d9671134ebfa328000b3c0540"
"ACFTA","840991","8409914600","- - - - Pistons, with an external diameter of 50 mm or more, but not exceeding 155 mm","0","JKDM_HS_Explorer_ACFTA_840991_RATE_2026.html","6a385408687e90763ce87078df118bd7bf3ebf2d9671134ebfa328000b3c0540"
"ACFTA","840991","8409914700","- - - - Other pistons","0","JKDM_HS_Explorer_ACFTA_840991_RATE_2026.html","6a385408687e90763ce87078df118bd7bf3ebf2d9671134ebfa328000b3c0540"
"ACFTA","840991","8409914800","- - - - Piston rings and gudgeon pins","0","JKDM_HS_Explorer_ACFTA_840991_RATE_2026.html","6a385408687e90763ce87078df118bd7bf3ebf2d9671134ebfa328000b3c0540"
"ACFTA","840991","8409914900","- - - - Other","0","JKDM_HS_Explorer_ACFTA_840991_RATE_2026.html","6a385408687e90763ce87078df118bd7bf3ebf2d9671134ebfa328000b3c0540"
"ACFTA","840991","8409915100","- - - - - Cylinder blocks; crank cases","0","JKDM_HS_Explorer_ACFTA_840991_RATE_2026.html","6a385408687e90763ce87078df118bd7bf3ebf2d9671134ebfa328000b3c0540"
"ACFTA","840991","8409915200","- - - - - Cylinder liners, with an internal diameter of 50 mm or more, but not exceeding 155 mm","0","JKDM_HS_Explorer_ACFTA_840991_RATE_2026.html","6a385408687e90763ce87078df118bd7bf3ebf2d9671134ebfa328000b3c0540"
"ACFTA","840991","8409915300","- - - - - Other cylinder liners","0","JKDM_HS_Explorer_ACFTA_840991_RATE_2026.html","6a385408687e90763ce87078df118bd7bf3ebf2d9671134ebfa328000b3c0540"
"ACFTA","840991","8409915400","- - - - - Pistons, with an external diameter of 50 mm or more, but not exceeding 155 mm","0","JKDM_HS_Explorer_ACFTA_840991_RATE_2026.html","6a385408687e90763ce87078df118bd7bf3ebf2d9671134ebfa328000b3c0540"
"ACFTA","840991","8409915500","- - - - - Other pistons","0","JKDM_HS_Explorer_ACFTA_840991_RATE_2026.html","6a385408687e90763ce87078df118bd7bf3ebf2d9671134ebfa328000b3c0540"
"ACFTA","840991","8409915900","- - - - - Other","0","JKDM_HS_Explorer_ACFTA_840991_RATE_2026.html","6a385408687e90763ce87078df118bd7bf3ebf2d9671134ebfa328000b3c0540"
"ACFTA","840991","8409916100","- - - - - Cylinder blocks; crank cases","0","JKDM_HS_Explorer_ACFTA_840991_RATE_2026.html","6a385408687e90763ce87078df118bd7bf3ebf2d9671134ebfa328000b3c0540"
"ACFTA","840991","8409916200","- - - - - Cylinder liners, with an internal diameter of 50 mm or more, but not exceeding 155 mm","0","JKDM_HS_Explorer_ACFTA_840991_RATE_2026.html","6a385408687e90763ce87078df118bd7bf3ebf2d9671134ebfa328000b3c0540"
"ACFTA","840991","8409916300","- - - - - Other cylinder liners","0","JKDM_HS_Explorer_ACFTA_840991_RATE_2026.html","6a385408687e90763ce87078df118bd7bf3ebf2d9671134ebfa328000b3c0540"
"ACFTA","840991","8409916400","- - - - - Pistons, with an external diameter of 50 mm or more, but not exceeding 155 mm","0","JKDM_HS_Explorer_ACFTA_840991_RATE_2026.html","6a385408687e90763ce87078df118bd7bf3ebf2d9671134ebfa328000b3c0540"
"ACFTA","840991","8409916900","- - - - - Other","0","JKDM_HS_Explorer_ACFTA_840991_RATE_2026.html","6a385408687e90763ce87078df118bd7bf3ebf2d9671134ebfa328000b3c0540"
"ACFTA","840991","8409917100","- - - - Carburettors and parts thereof","0","JKDM_HS_Explorer_ACFTA_840991_RATE_2026.html","6a385408687e90763ce87078df118bd7bf3ebf2d9671134ebfa328000b3c0540"
"ACFTA","840991","8409917200","- - - - Cylinder blocks; crank cases","0","JKDM_HS_Explorer_ACFTA_840991_RATE_2026.html","6a385408687e90763ce87078df118bd7bf3ebf2d9671134ebfa328000b3c0540"
"ACFTA","840991","8409917300","- - - - Cylinder liners, with an internal diameter of 50 mm or more, but not exceeding 155 mm","0","JKDM_HS_Explorer_ACFTA_840991_RATE_2026.html","6a385408687e90763ce87078df118bd7bf3ebf2d9671134ebfa328000b3c0540"
"ACFTA","840991","8409917400","- - - - Other cylinder liners","0","JKDM_HS_Explorer_ACFTA_840991_RATE_2026.html","6a385408687e90763ce87078df118bd7bf3ebf2d9671134ebfa328000b3c0540"
"ACFTA","840991","8409917600","- - - - Pistons, with an external diameter of 50 mm or more, but not exceeding 155 mm","0","JKDM_HS_Explorer_ACFTA_840991_RATE_2026.html","6a385408687e90763ce87078df118bd7bf3ebf2d9671134ebfa328000b3c0540"
"ACFTA","840991","8409917700","- - - - Other pistons","0","JKDM_HS_Explorer_ACFTA_840991_RATE_2026.html","6a385408687e90763ce87078df118bd7bf3ebf2d9671134ebfa328000b3c0540"
"ACFTA","840991","8409917800","- - - - Piston rings and gudgeon pins","0","JKDM_HS_Explorer_ACFTA_840991_RATE_2026.html","6a385408687e90763ce87078df118bd7bf3ebf2d9671134ebfa328000b3c0540"
"ACFTA","840991","8409917900","- - - - Other","0","JKDM_HS_Explorer_ACFTA_840991_RATE_2026.html","6a385408687e90763ce87078df118bd7bf3ebf2d9671134ebfa328000b3c0540"
"ACFTA","840999","840999","- - Other :","","JKDM_HS_Explorer_ACFTA_840999_RATE_2026.html","86071d32b20b63560cfd7c5e8c08746772829e7e274a08e2e57493d5aa20196f"
"ACFTA","840999","8409991100","- - - - Carburettors and parts thereof","0","JKDM_HS_Explorer_ACFTA_840999_RATE_2026.html","86071d32b20b63560cfd7c5e8c08746772829e7e274a08e2e57493d5aa20196f"
"ACFTA","840999","8409991200","- - - - Cylinder blocks; crank cases","0","JKDM_HS_Explorer_ACFTA_840999_RATE_2026.html","86071d32b20b63560cfd7c5e8c08746772829e7e274a08e2e57493d5aa20196f"
"ACFTA","840999","8409991300","- - - - Cylinder liners, with an internal diameter of 50 mm or more, but not exceeding 155 mm","0","JKDM_HS_Explorer_ACFTA_840999_RATE_2026.html","86071d32b20b63560cfd7c5e8c08746772829e7e274a08e2e57493d5aa20196f"
"ACFTA","840999","8409991400","- - - - Other cylinder liners","0","JKDM_HS_Explorer_ACFTA_840999_RATE_2026.html","86071d32b20b63560cfd7c5e8c08746772829e7e274a08e2e57493d5aa20196f"
"ACFTA","840999","8409991500","- - - - Cylinder heads and head covers","0","JKDM_HS_Explorer_ACFTA_840999_RATE_2026.html","86071d32b20b63560cfd7c5e8c08746772829e7e274a08e2e57493d5aa20196f"
"ACFTA","840999","8409991600","- - - - Pistons, with an external diameter of 50 mm or more, but not exceeding 155 mm","0","JKDM_HS_Explorer_ACFTA_840999_RATE_2026.html","86071d32b20b63560cfd7c5e8c08746772829e7e274a08e2e57493d5aa20196f"
"ACFTA","840999","8409991700","- - - - Other pistons","0","JKDM_HS_Explorer_ACFTA_840999_RATE_2026.html","86071d32b20b63560cfd7c5e8c08746772829e7e274a08e2e57493d5aa20196f"
"ACFTA","840999","8409991800","- - - - Piston rings and gudgeon pins","0","JKDM_HS_Explorer_ACFTA_840999_RATE_2026.html","86071d32b20b63560cfd7c5e8c08746772829e7e274a08e2e57493d5aa20196f"
"ACFTA","840999","8409991900","- - - - Other","0","JKDM_HS_Explorer_ACFTA_840999_RATE_2026.html","86071d32b20b63560cfd7c5e8c08746772829e7e274a08e2e57493d5aa20196f"
"ACFTA","840999","8409992100","- - - - Carburettors and parts thereof","0","JKDM_HS_Explorer_ACFTA_840999_RATE_2026.html","86071d32b20b63560cfd7c5e8c08746772829e7e274a08e2e57493d5aa20196f"
"ACFTA","840999","8409992200","- - - - Cylinder blocks; crank cases","0","JKDM_HS_Explorer_ACFTA_840999_RATE_2026.html","86071d32b20b63560cfd7c5e8c08746772829e7e274a08e2e57493d5aa20196f"
"ACFTA","840999","8409992300","- - - - Cylinder liners, with an internal diameter of 50 mm or more, but not exceeding 155 mm","0","JKDM_HS_Explorer_ACFTA_840999_RATE_2026.html","86071d32b20b63560cfd7c5e8c08746772829e7e274a08e2e57493d5aa20196f"
"ACFTA","840999","8409992400","- - - - Other cylinder liners","0","JKDM_HS_Explorer_ACFTA_840999_RATE_2026.html","86071d32b20b63560cfd7c5e8c08746772829e7e274a08e2e57493d5aa20196f"
"ACFTA","840999","8409992500","- - - - Cylinder heads and head covers","0","JKDM_HS_Explorer_ACFTA_840999_RATE_2026.html","86071d32b20b63560cfd7c5e8c08746772829e7e274a08e2e57493d5aa20196f"
"ACFTA","840999","8409992600","- - - - Pistons, with an external diameter of 50 mm or more, but not exceeding 155 mm","0","JKDM_HS_Explorer_ACFTA_840999_RATE_2026.html","86071d32b20b63560cfd7c5e8c08746772829e7e274a08e2e57493d5aa20196f"
"ACFTA","840999","8409992700","- - - - Other pistons","0","JKDM_HS_Explorer_ACFTA_840999_RATE_2026.html","86071d32b20b63560cfd7c5e8c08746772829e7e274a08e2e57493d5aa20196f"
"ACFTA","840999","8409992900","- - - - Other","0","JKDM_HS_Explorer_ACFTA_840999_RATE_2026.html","86071d32b20b63560cfd7c5e8c08746772829e7e274a08e2e57493d5aa20196f"
"ACFTA","840999","8409993100","- - - - Carburettors and parts thereof","0","JKDM_HS_Explorer_ACFTA_840999_RATE_2026.html","86071d32b20b63560cfd7c5e8c08746772829e7e274a08e2e57493d5aa20196f"
"ACFTA","840999","8409993200","- - - - Cylinder blocks; crank cases","0","JKDM_HS_Explorer_ACFTA_840999_RATE_2026.html","86071d32b20b63560cfd7c5e8c08746772829e7e274a08e2e57493d5aa20196f"
"ACFTA","840999","8409993400","- - - - Cylinder heads and head covers","0","JKDM_HS_Explorer_ACFTA_840999_RATE_2026.html","86071d32b20b63560cfd7c5e8c08746772829e7e274a08e2e57493d5aa20196f"
"ACFTA","840999","8409993600","- - - - Piston rings and gudgeon pins","0","JKDM_HS_Explorer_ACFTA_840999_RATE_2026.html","86071d32b20b63560cfd7c5e8c08746772829e7e274a08e2e57493d5aa20196f"
"ACFTA","840999","8409993700","- - - - Cylinder liners, with an internal diameter of 50 mm or more, but not exceeding 155 mm; pistons, with an external diameter of 50 mm or more, but not exceeding 155 mm","0","JKDM_HS_Explorer_ACFTA_840999_RATE_2026.html","86071d32b20b63560cfd7c5e8c08746772829e7e274a08e2e57493d5aa20196f"
"ACFTA","840999","8409993800","- - - - Other cylinder liners and pistons","0","JKDM_HS_Explorer_ACFTA_840999_RATE_2026.html","86071d32b20b63560cfd7c5e8c08746772829e7e274a08e2e57493d5aa20196f"
"ACFTA","840999","8409993900","- - - - Other","0","JKDM_HS_Explorer_ACFTA_840999_RATE_2026.html","86071d32b20b63560cfd7c5e8c08746772829e7e274a08e2e57493d5aa20196f"
"ACFTA","840999","8409994100","- - - - Carburettors and parts thereof","0","JKDM_HS_Explorer_ACFTA_840999_RATE_2026.html","86071d32b20b63560cfd7c5e8c08746772829e7e274a08e2e57493d5aa20196f"
"ACFTA","840999","8409994200","- - - - Cylinder blocks; crank cases","0","JKDM_HS_Explorer_ACFTA_840999_RATE_2026.html","86071d32b20b63560cfd7c5e8c08746772829e7e274a08e2e57493d5aa20196f"
"ACFTA","840999","8409994300","- - - - Cylinder liners, with an internal diameter of 50 mm or more, but not exceeding 155 mm","0","JKDM_HS_Explorer_ACFTA_840999_RATE_2026.html","86071d32b20b63560cfd7c5e8c08746772829e7e274a08e2e57493d5aa20196f"
"ACFTA","840999","8409994400","- - - - Other cylinder liners","0","JKDM_HS_Explorer_ACFTA_840999_RATE_2026.html","86071d32b20b63560cfd7c5e8c08746772829e7e274a08e2e57493d5aa20196f"
"ACFTA","840999","8409994500","- - - - Cylinder heads and head covers","0","JKDM_HS_Explorer_ACFTA_840999_RATE_2026.html","86071d32b20b63560cfd7c5e8c08746772829e7e274a08e2e57493d5aa20196f"
"ACFTA","840999","8409994600","- - - - Pistons, with an external diameter of 50 mm or more, but not exceeding 155 mm","0","JKDM_HS_Explorer_ACFTA_840999_RATE_2026.html","86071d32b20b63560cfd7c5e8c08746772829e7e274a08e2e57493d5aa20196f"
"ACFTA","840999","8409994700","- - - - Other pistons","0","JKDM_HS_Explorer_ACFTA_840999_RATE_2026.html","86071d32b20b63560cfd7c5e8c08746772829e7e274a08e2e57493d5aa20196f"
"ACFTA","840999","8409994800","- - - - Piston rings and gudgeon pins","0","JKDM_HS_Explorer_ACFTA_840999_RATE_2026.html","86071d32b20b63560cfd7c5e8c08746772829e7e274a08e2e57493d5aa20196f"
"ACFTA","840999","8409994900","- - - - Other","0","JKDM_HS_Explorer_ACFTA_840999_RATE_2026.html","86071d32b20b63560cfd7c5e8c08746772829e7e274a08e2e57493d5aa20196f"
"ACFTA","840999","8409995100","- - - - - Cylinder blocks; crank cases","0","JKDM_HS_Explorer_ACFTA_840999_RATE_2026.html","86071d32b20b63560cfd7c5e8c08746772829e7e274a08e2e57493d5aa20196f"
"ACFTA","840999","8409995200","- - - - - Cylinder liners, with an internal diameter of 50 mm or more, but not exceeding 155 mm","0","JKDM_HS_Explorer_ACFTA_840999_RATE_2026.html","86071d32b20b63560cfd7c5e8c08746772829e7e274a08e2e57493d5aa20196f"
"ACFTA","840999","8409995300","- - - - - Other cylinder liners","0","JKDM_HS_Explorer_ACFTA_840999_RATE_2026.html","86071d32b20b63560cfd7c5e8c08746772829e7e274a08e2e57493d5aa20196f"
"ACFTA","840999","8409995400","- - - - - Pistons, with an external diameter of 50 mm or more, but not exceeding 155 mm","0","JKDM_HS_Explorer_ACFTA_840999_RATE_2026.html","86071d32b20b63560cfd7c5e8c08746772829e7e274a08e2e57493d5aa20196f"
"ACFTA","840999","8409995500","- - - - - Other pistons","0","JKDM_HS_Explorer_ACFTA_840999_RATE_2026.html","86071d32b20b63560cfd7c5e8c08746772829e7e274a08e2e57493d5aa20196f"
"ACFTA","840999","8409995900","- - - - - Other","0","JKDM_HS_Explorer_ACFTA_840999_RATE_2026.html","86071d32b20b63560cfd7c5e8c08746772829e7e274a08e2e57493d5aa20196f"
"ACFTA","840999","8409996100","- - - - - Cylinder blocks; crank cases","0","JKDM_HS_Explorer_ACFTA_840999_RATE_2026.html","86071d32b20b63560cfd7c5e8c08746772829e7e274a08e2e57493d5aa20196f"
"ACFTA","840999","8409996200","- - - - - Cylinder liners, with an internal diameter of 50 mm or more, but not exceeding 155 mm","0","JKDM_HS_Explorer_ACFTA_840999_RATE_2026.html","86071d32b20b63560cfd7c5e8c08746772829e7e274a08e2e57493d5aa20196f"
"ACFTA","840999","8409996300","- - - - - Other cylinder liners","0","JKDM_HS_Explorer_ACFTA_840999_RATE_2026.html","86071d32b20b63560cfd7c5e8c08746772829e7e274a08e2e57493d5aa20196f"
"ACFTA","840999","8409996400","- - - - - Pistons, with an external diameter of 50 mm or more, but not exceeding 155 mm","0","JKDM_HS_Explorer_ACFTA_840999_RATE_2026.html","86071d32b20b63560cfd7c5e8c08746772829e7e274a08e2e57493d5aa20196f"
"ACFTA","840999","8409996500","- - - - - Other pistons","0","JKDM_HS_Explorer_ACFTA_840999_RATE_2026.html","86071d32b20b63560cfd7c5e8c08746772829e7e274a08e2e57493d5aa20196f"
"ACFTA","840999","8409996900","- - - - - Other","0","JKDM_HS_Explorer_ACFTA_840999_RATE_2026.html","86071d32b20b63560cfd7c5e8c08746772829e7e274a08e2e57493d5aa20196f"
"ACFTA","840999","8409997100","- - - - Carburettors and parts thereof","0","JKDM_HS_Explorer_ACFTA_840999_RATE_2026.html","86071d32b20b63560cfd7c5e8c08746772829e7e274a08e2e57493d5aa20196f"
"ACFTA","840999","8409997200","- - - - Cylinder blocks; crank cases","0","JKDM_HS_Explorer_ACFTA_840999_RATE_2026.html","86071d32b20b63560cfd7c5e8c08746772829e7e274a08e2e57493d5aa20196f"
"ACFTA","840999","8409997300","- - - - Cylinder liners, with an internal diameter of 50 mm or more, but not exceeding 155 mm","0","JKDM_HS_Explorer_ACFTA_840999_RATE_2026.html","86071d32b20b63560cfd7c5e8c08746772829e7e274a08e2e57493d5aa20196f"
"ACFTA","840999","8409997400","- - - - Other cylinder liners","0","JKDM_HS_Explorer_ACFTA_840999_RATE_2026.html","86071d32b20b63560cfd7c5e8c08746772829e7e274a08e2e57493d5aa20196f"
"ACFTA","840999","8409997500","- - - - Cylinder heads and head covers","0","JKDM_HS_Explorer_ACFTA_840999_RATE_2026.html","86071d32b20b63560cfd7c5e8c08746772829e7e274a08e2e57493d5aa20196f"
"ACFTA","840999","8409997600","- - - - Pistons, with an external diameter of 50 mm or more, but not exceeding 155 mm","0","JKDM_HS_Explorer_ACFTA_840999_RATE_2026.html","86071d32b20b63560cfd7c5e8c08746772829e7e274a08e2e57493d5aa20196f"
"ACFTA","840999","8409997700","- - - - Other pistons","0","JKDM_HS_Explorer_ACFTA_840999_RATE_2026.html","86071d32b20b63560cfd7c5e8c08746772829e7e274a08e2e57493d5aa20196f"
"ACFTA","840999","8409997800","- - - - Piston rings and gudgeon pins","0","JKDM_HS_Explorer_ACFTA_840999_RATE_2026.html","86071d32b20b63560cfd7c5e8c08746772829e7e274a08e2e57493d5aa20196f"
"ACFTA","840999","8409997900","- - - - Other","0","JKDM_HS_Explorer_ACFTA_840999_RATE_2026.html","86071d32b20b63560cfd7c5e8c08746772829e7e274a08e2e57493d5aa20196f"
"ACFTA","841330","841330","- Fuel, lubricating or cooling medium pumps for internal combustion piston engines :","","JKDM_HS_Explorer_ACFTA_841330_RATE_2026.html","d9cd6878ea50a61fba892d718e24e5924f4e20a80ac909fad9ecfc2f575efd29"
"ACFTA","841330","8413303000","- - Fuel pumps of a kind used for engines of motor vehicles of heading 87.02, 87.03 or 87.04","0","JKDM_HS_Explorer_ACFTA_841330_RATE_2026.html","d9cd6878ea50a61fba892d718e24e5924f4e20a80ac909fad9ecfc2f575efd29"
"ACFTA","841330","8413304000","- - Water pumps of a kind used for engines of motor vehicles of heading 87.02, 87.03 or 87.04","0","JKDM_HS_Explorer_ACFTA_841330_RATE_2026.html","d9cd6878ea50a61fba892d718e24e5924f4e20a80ac909fad9ecfc2f575efd29"
"ACFTA","841330","8413305100","- - - With an inlet diameter not exceeding 200 mm","0","JKDM_HS_Explorer_ACFTA_841330_RATE_2026.html","d9cd6878ea50a61fba892d718e24e5924f4e20a80ac909fad9ecfc2f575efd29"
"ACFTA","841330","8413305200","- - - With an inlet diameter exceeding 200 mm","0","JKDM_HS_Explorer_ACFTA_841330_RATE_2026.html","d9cd6878ea50a61fba892d718e24e5924f4e20a80ac909fad9ecfc2f575efd29"
"ACFTA","841330","8413309000","- - Other","0","JKDM_HS_Explorer_ACFTA_841330_RATE_2026.html","d9cd6878ea50a61fba892d718e24e5924f4e20a80ac909fad9ecfc2f575efd29"
"ACFTA","841381","841381","- - Pumps :","","JKDM_HS_Explorer_ACFTA_841381_RATE_2026.html","bcfbf1bd60f08e316be1601094ac204670d7baa0590975f248c0e1a92fcf32dd"
"ACFTA","841381","8413811300","- - - Water pumps with a flow rate not exceeding 8,000 m3/h, electrically operated","0","JKDM_HS_Explorer_ACFTA_841381_RATE_2026.html","bcfbf1bd60f08e316be1601094ac204670d7baa0590975f248c0e1a92fcf32dd"
"ACFTA","841381","8413811400","- - - Water pumps with a flow rate not exceeding 8,000 m3/h, not electrically operated","0","JKDM_HS_Explorer_ACFTA_841381_RATE_2026.html","bcfbf1bd60f08e316be1601094ac204670d7baa0590975f248c0e1a92fcf32dd"
"ACFTA","841381","8413811500","- - - Water pumps, with a flow rate exceeding 8,000 m3/h but not exceeding 13,000 m3/h","0","JKDM_HS_Explorer_ACFTA_841381_RATE_2026.html","bcfbf1bd60f08e316be1601094ac204670d7baa0590975f248c0e1a92fcf32dd"
"ACFTA","841381","8413811900","- - - Other","0","JKDM_HS_Explorer_ACFTA_841381_RATE_2026.html","bcfbf1bd60f08e316be1601094ac204670d7baa0590975f248c0e1a92fcf32dd"
"ACFTA","841430","841430","- Compressors of a kind used in refrigerating equipment :","","JKDM_HS_Explorer_ACFTA_841430_RATE_2026.html","ee87e8bc93da41be5c3cda6f8718ab01f496c61e7a26a61600bf2c17bee8a183"
"ACFTA","841430","8414304000","- - With a refrigeration capacity exceeding 21.10 kW, or with a displacement per revolution of 220 cc or more","0","JKDM_HS_Explorer_ACFTA_841430_RATE_2026.html","ee87e8bc93da41be5c3cda6f8718ab01f496c61e7a26a61600bf2c17bee8a183"
"ACFTA","841430","8414309000","- - Other","0","JKDM_HS_Explorer_ACFTA_841430_RATE_2026.html","ee87e8bc93da41be5c3cda6f8718ab01f496c61e7a26a61600bf2c17bee8a183"
"ACFTA","841520","841520","- Of a kind used for persons, in motor vehicles :","","JKDM_HS_Explorer_ACFTA_841520_RATE_2026.html","da5f37caeec7738692856ce0a84ac3d597eb662c27cccc549c2ce15137c717b5"
"ACFTA","841520","8415201000","- - Of a cooling capacity not exceeding 26.38 kW","0","JKDM_HS_Explorer_ACFTA_841520_RATE_2026.html","da5f37caeec7738692856ce0a84ac3d597eb662c27cccc549c2ce15137c717b5"
"ACFTA","841520","8415209000","- - Other","0","JKDM_HS_Explorer_ACFTA_841520_RATE_2026.html","da5f37caeec7738692856ce0a84ac3d597eb662c27cccc549c2ce15137c717b5"
"ACFTA","842123","842123","- - Oil or petrol-filters for internal combustion engines :","","JKDM_HS_Explorer_ACFTA_842123_RATE_2026.html","f3eae9daecfe7739d2526527e31410c0ec2f83c7ba1155c05a2501265367139a"
"ACFTA","842123","8421231100","- - - - Oil filters","0","JKDM_HS_Explorer_ACFTA_842123_RATE_2026.html","f3eae9daecfe7739d2526527e31410c0ec2f83c7ba1155c05a2501265367139a"
"ACFTA","842123","8421231900","- - - - Other","0","JKDM_HS_Explorer_ACFTA_842123_RATE_2026.html","f3eae9daecfe7739d2526527e31410c0ec2f83c7ba1155c05a2501265367139a"
"ACFTA","842123","8421232100","- - - - Oil filters","0","JKDM_HS_Explorer_ACFTA_842123_RATE_2026.html","f3eae9daecfe7739d2526527e31410c0ec2f83c7ba1155c05a2501265367139a"
"ACFTA","842123","8421232900","- - - - Other","0","JKDM_HS_Explorer_ACFTA_842123_RATE_2026.html","f3eae9daecfe7739d2526527e31410c0ec2f83c7ba1155c05a2501265367139a"
"ACFTA","842123","8421239100","- - - - Oil filters","0","JKDM_HS_Explorer_ACFTA_842123_RATE_2026.html","f3eae9daecfe7739d2526527e31410c0ec2f83c7ba1155c05a2501265367139a"
"ACFTA","842123","8421239900","- - - - Other","0","JKDM_HS_Explorer_ACFTA_842123_RATE_2026.html","f3eae9daecfe7739d2526527e31410c0ec2f83c7ba1155c05a2501265367139a"
"ACFTA","842131","842131","- - Intake air filters for internal combustion engines :","","JKDM_HS_Explorer_ACFTA_842131_RATE_2026.html","04980387fb36d86102f4ed9e87f33b0a77e1b9a5bcdb46faecaa5ffd3ff8399a"
"ACFTA","842131","8421311000","- - - For machinery of heading 84.29 or 84.30","0","JKDM_HS_Explorer_ACFTA_842131_RATE_2026.html","04980387fb36d86102f4ed9e87f33b0a77e1b9a5bcdb46faecaa5ffd3ff8399a"
"ACFTA","842131","8421312000","- - - For motor vehicles of Chapter 87","0","JKDM_HS_Explorer_ACFTA_842131_RATE_2026.html","04980387fb36d86102f4ed9e87f33b0a77e1b9a5bcdb46faecaa5ffd3ff8399a"
"ACFTA","842131","8421319000","- - - Other","0","JKDM_HS_Explorer_ACFTA_842131_RATE_2026.html","04980387fb36d86102f4ed9e87f33b0a77e1b9a5bcdb46faecaa5ffd3ff8399a"
"ACFTA","842132","8421320000","- - Catalytic converters or particulate filters, whether or not combined, for purifying or filtering exhaust gases from internal combustion engines","0","JKDM_HS_Explorer_ACFTA_842132_RATE_2026.html","ea8f616b5ca800efddcae53d568ad86abcc332750b53fa419268f92188b849c7"
"ACFTA","850131","850131","- - Of an output not exceeding 750 W :","","JKDM_HS_Explorer_ACFTA_850131_RATE_2026.html","39b355b79c982df21ee926863008816d01bc1cd29d8868686d38fec3938daad3"
"ACFTA","850131","8501313000","- - - Motors of a kind used for the goods of heading 84.15, 84.18, 84.50, 85.09 or 85.16","0","JKDM_HS_Explorer_ACFTA_850131_RATE_2026.html","39b355b79c982df21ee926863008816d01bc1cd29d8868686d38fec3938daad3"
"ACFTA","850131","8501316000","- - - Motors of a kind used for vehicles in Chapter 87","0","JKDM_HS_Explorer_ACFTA_850131_RATE_2026.html","39b355b79c982df21ee926863008816d01bc1cd29d8868686d38fec3938daad3"
"ACFTA","850131","8501317000","- - - Other motors","0","JKDM_HS_Explorer_ACFTA_850131_RATE_2026.html","39b355b79c982df21ee926863008816d01bc1cd29d8868686d38fec3938daad3"
"ACFTA","850131","8501318000","- - - Generators","0","JKDM_HS_Explorer_ACFTA_850131_RATE_2026.html","39b355b79c982df21ee926863008816d01bc1cd29d8868686d38fec3938daad3"
"ACFTA","850152","850152","- - Of an output exceeding 750 W but not exceeding 75 kW :","","JKDM_HS_Explorer_ACFTA_850152_RATE_2026.html","e43127ee1bf75e35f289f747d9d61f2845cd6b0864d254b0c02f8251483adf97"
"ACFTA","850152","8501521100","- - - - Of a kind used for the goods of heading 84.15, 84.18, 84.50, 85.09 or 85.16","0","JKDM_HS_Explorer_ACFTA_850152_RATE_2026.html","e43127ee1bf75e35f289f747d9d61f2845cd6b0864d254b0c02f8251483adf97"
"ACFTA","850152","8501521200","- - - - Of a kind used for vehicles in Chapter 87","0","JKDM_HS_Explorer_ACFTA_850152_RATE_2026.html","e43127ee1bf75e35f289f747d9d61f2845cd6b0864d254b0c02f8251483adf97"
"ACFTA","850152","8501521900","- - - - Other","0","JKDM_HS_Explorer_ACFTA_850152_RATE_2026.html","e43127ee1bf75e35f289f747d9d61f2845cd6b0864d254b0c02f8251483adf97"
"ACFTA","850152","8501522100","- - - - Of a kind used for the goods of heading 84.15, 84.18, 84.50, 85.09 or 85.16","0","JKDM_HS_Explorer_ACFTA_850152_RATE_2026.html","e43127ee1bf75e35f289f747d9d61f2845cd6b0864d254b0c02f8251483adf97"
"ACFTA","850152","8501522200","- - - - Of a kind used for vehicles in Chapter 87","0","JKDM_HS_Explorer_ACFTA_850152_RATE_2026.html","e43127ee1bf75e35f289f747d9d61f2845cd6b0864d254b0c02f8251483adf97"
"ACFTA","850152","8501522900","- - - - Other","0","JKDM_HS_Explorer_ACFTA_850152_RATE_2026.html","e43127ee1bf75e35f289f747d9d61f2845cd6b0864d254b0c02f8251483adf97"
"ACFTA","850152","8501523100","- - - - Of a kind used for the goods of heading 84.15, 84.18 or 84.50","0","JKDM_HS_Explorer_ACFTA_850152_RATE_2026.html","e43127ee1bf75e35f289f747d9d61f2845cd6b0864d254b0c02f8251483adf97"
"ACFTA","850152","8501523200","- - - - Of a kind used for vehicles in Chapter 87","0","JKDM_HS_Explorer_ACFTA_850152_RATE_2026.html","e43127ee1bf75e35f289f747d9d61f2845cd6b0864d254b0c02f8251483adf97"
"ACFTA","850152","8501523900","- - - - Other","0","JKDM_HS_Explorer_ACFTA_850152_RATE_2026.html","e43127ee1bf75e35f289f747d9d61f2845cd6b0864d254b0c02f8251483adf97"
"ACFTA","850153","850153","- - Of an output exceeding 75 kW :","","JKDM_HS_Explorer_ACFTA_850153_RATE_2026.html","eb78a878b2c63bd2a25c8d66c5f930aa24e5e6ebc02926278672188f4ca718d0"
"ACFTA","850153","8501531000","- - - Of a kind used for vehicles in Chapter 87","0","JKDM_HS_Explorer_ACFTA_850153_RATE_2026.html","eb78a878b2c63bd2a25c8d66c5f930aa24e5e6ebc02926278672188f4ca718d0"
"ACFTA","850153","8501539000","- - - Other","0","JKDM_HS_Explorer_ACFTA_850153_RATE_2026.html","eb78a878b2c63bd2a25c8d66c5f930aa24e5e6ebc02926278672188f4ca718d0"
"ACFTA","850440","850440","- Static converters :","","JKDM_HS_Explorer_ACFTA_850440_RATE_2026.html","e1d61b8e93aa261e4c2fc2f3a125f4a4fd62b1fc3cecd2907b49b67a24227ee7"
"ACFTA","850440","8504401100","- - - Uninterruptible power supplies (UPS)","0","JKDM_HS_Explorer_ACFTA_850440_RATE_2026.html","e1d61b8e93aa261e4c2fc2f3a125f4a4fd62b1fc3cecd2907b49b67a24227ee7"
"ACFTA","850440","8504401900","- - - Other","0","JKDM_HS_Explorer_ACFTA_850440_RATE_2026.html","e1d61b8e93aa261e4c2fc2f3a125f4a4fd62b1fc3cecd2907b49b67a24227ee7"
"ACFTA","850440","8504402000","- - Battery chargers having a rating exceeding 100 kVA","0","JKDM_HS_Explorer_ACFTA_850440_RATE_2026.html","e1d61b8e93aa261e4c2fc2f3a125f4a4fd62b1fc3cecd2907b49b67a24227ee7"
"ACFTA","850440","8504403000","- - Other rectifiers","0","JKDM_HS_Explorer_ACFTA_850440_RATE_2026.html","e1d61b8e93aa261e4c2fc2f3a125f4a4fd62b1fc3cecd2907b49b67a24227ee7"
"ACFTA","850440","8504404000","- - Inverters","0","JKDM_HS_Explorer_ACFTA_850440_RATE_2026.html","e1d61b8e93aa261e4c2fc2f3a125f4a4fd62b1fc3cecd2907b49b67a24227ee7"
"ACFTA","850440","8504409000","- - Other","0","JKDM_HS_Explorer_ACFTA_850440_RATE_2026.html","e1d61b8e93aa261e4c2fc2f3a125f4a4fd62b1fc3cecd2907b49b67a24227ee7"
"ACFTA","850760","850760","- Lithium-ion :","","JKDM_HS_Explorer_ACFTA_850760_RATE_2026.html","13c7a9f303d8f7b4c844e72d79cb0181c6bab063472494db4e0be3d7c38d90b4"
"ACFTA","850760","8507603100","- - - Of a kind used for laptops including notebooks and subnotebooks","0","JKDM_HS_Explorer_ACFTA_850760_RATE_2026.html","13c7a9f303d8f7b4c844e72d79cb0181c6bab063472494db4e0be3d7c38d90b4"
"ACFTA","850760","8507603200","- - - Of a kind used for aircraft","0","JKDM_HS_Explorer_ACFTA_850760_RATE_2026.html","13c7a9f303d8f7b4c844e72d79cb0181c6bab063472494db4e0be3d7c38d90b4"
"ACFTA","850760","8507603300","- - - Of a kind used for vehicles in Chapter 87","0","JKDM_HS_Explorer_ACFTA_850760_RATE_2026.html","13c7a9f303d8f7b4c844e72d79cb0181c6bab063472494db4e0be3d7c38d90b4"
"ACFTA","850760","8507603900","- - - Other","0","JKDM_HS_Explorer_ACFTA_850760_RATE_2026.html","13c7a9f303d8f7b4c844e72d79cb0181c6bab063472494db4e0be3d7c38d90b4"
"ACFTA","850760","8507609000","- - Other","0","JKDM_HS_Explorer_ACFTA_850760_RATE_2026.html","13c7a9f303d8f7b4c844e72d79cb0181c6bab063472494db4e0be3d7c38d90b4"
"ACFTA","851110","851110","- Sparking plugs :","","JKDM_HS_Explorer_ACFTA_851110_RATE_2026.html","0f6168c3e403a25ffb482ef28fcd5e7a35cebde78596bdbf3315d39fa5c58a88"
"ACFTA","851110","8511101000","- - Of a kind suitable for aircraft engines","0","JKDM_HS_Explorer_ACFTA_851110_RATE_2026.html","0f6168c3e403a25ffb482ef28fcd5e7a35cebde78596bdbf3315d39fa5c58a88"
"ACFTA","851110","8511102000","- - Of a kind suitable for motor vehicle engines","0","JKDM_HS_Explorer_ACFTA_851110_RATE_2026.html","0f6168c3e403a25ffb482ef28fcd5e7a35cebde78596bdbf3315d39fa5c58a88"
"ACFTA","851110","8511109000","- - Other","0","JKDM_HS_Explorer_ACFTA_851110_RATE_2026.html","0f6168c3e403a25ffb482ef28fcd5e7a35cebde78596bdbf3315d39fa5c58a88"
"ACFTA","851130","851130","- Distributors; ignition coils :","","JKDM_HS_Explorer_ACFTA_851130_RATE_2026.html","d1736d23319b0a7e233b63843b5d0abdb79e4a01bf7bcb5cc56c6fea9e6c8b8f"
"ACFTA","851130","8511303000","- - Of a kind suitable for aircraft engines","0","JKDM_HS_Explorer_ACFTA_851130_RATE_2026.html","d1736d23319b0a7e233b63843b5d0abdb79e4a01bf7bcb5cc56c6fea9e6c8b8f"
"ACFTA","851130","8511304100","- - - Unassembled","0","JKDM_HS_Explorer_ACFTA_851130_RATE_2026.html","d1736d23319b0a7e233b63843b5d0abdb79e4a01bf7bcb5cc56c6fea9e6c8b8f"
"ACFTA","851130","8511304900","- - - Other","0","JKDM_HS_Explorer_ACFTA_851130_RATE_2026.html","d1736d23319b0a7e233b63843b5d0abdb79e4a01bf7bcb5cc56c6fea9e6c8b8f"
"ACFTA","851130","8511309100","- - - Unassembled","0","JKDM_HS_Explorer_ACFTA_851130_RATE_2026.html","d1736d23319b0a7e233b63843b5d0abdb79e4a01bf7bcb5cc56c6fea9e6c8b8f"
"ACFTA","851130","8511309900","- - - Other","0","JKDM_HS_Explorer_ACFTA_851130_RATE_2026.html","d1736d23319b0a7e233b63843b5d0abdb79e4a01bf7bcb5cc56c6fea9e6c8b8f"
"ACFTA","851140","851140","- Starter motors and dual purpose starter-generators :","","JKDM_HS_Explorer_ACFTA_851140_RATE_2026.html","6a2e4b6df001dfa98a4185d8d8a031681061325cb61db57737afea4c8035caf6"
"ACFTA","851140","8511401000","- - Of a kind used for aircraft engines","0","JKDM_HS_Explorer_ACFTA_851140_RATE_2026.html","6a2e4b6df001dfa98a4185d8d8a031681061325cb61db57737afea4c8035caf6"
"ACFTA","851140","8511402100","- - - For engines of vehicles of heading 87.02, 87.03, 87.04 or 87.05","0","JKDM_HS_Explorer_ACFTA_851140_RATE_2026.html","6a2e4b6df001dfa98a4185d8d8a031681061325cb61db57737afea4c8035caf6"
"ACFTA","851140","8511402900","- - - Other","0","JKDM_HS_Explorer_ACFTA_851140_RATE_2026.html","6a2e4b6df001dfa98a4185d8d8a031681061325cb61db57737afea4c8035caf6"
"ACFTA","851140","8511403100","- - - For engines of vehicles of heading 87.01","0","JKDM_HS_Explorer_ACFTA_851140_RATE_2026.html","6a2e4b6df001dfa98a4185d8d8a031681061325cb61db57737afea4c8035caf6"
"ACFTA","851140","8511403200","- - - For engines of vehicles of heading 87.02, 87.03 or 87.04","0","JKDM_HS_Explorer_ACFTA_851140_RATE_2026.html","6a2e4b6df001dfa98a4185d8d8a031681061325cb61db57737afea4c8035caf6"
"ACFTA","851140","8511403300","- - - For engines of vehicles of heading 87.05","0","JKDM_HS_Explorer_ACFTA_851140_RATE_2026.html","6a2e4b6df001dfa98a4185d8d8a031681061325cb61db57737afea4c8035caf6"
"ACFTA","851140","8511409100","- - - For engines of vehicles of heading 87.02, 87.03, 87.04 or 87.05","0","JKDM_HS_Explorer_ACFTA_851140_RATE_2026.html","6a2e4b6df001dfa98a4185d8d8a031681061325cb61db57737afea4c8035caf6"
"ACFTA","851140","8511409900","- - - Other","0","JKDM_HS_Explorer_ACFTA_851140_RATE_2026.html","6a2e4b6df001dfa98a4185d8d8a031681061325cb61db57737afea4c8035caf6"
"ACFTA","851150","851150","- Other generators :","","JKDM_HS_Explorer_ACFTA_851150_RATE_2026.html","71da870daddfcef25fc708e1b9b687e1186f8efcc8f0742d515f3c782073359a"
"ACFTA","851150","8511501000","- - Of a kind used for aircraft engines","0","JKDM_HS_Explorer_ACFTA_851150_RATE_2026.html","71da870daddfcef25fc708e1b9b687e1186f8efcc8f0742d515f3c782073359a"
"ACFTA","851150","8511502100","- - - For engines of vehicles of heading 87.02, 87.03, 87.04 or 87.05","0","JKDM_HS_Explorer_ACFTA_851150_RATE_2026.html","71da870daddfcef25fc708e1b9b687e1186f8efcc8f0742d515f3c782073359a"
"ACFTA","851150","8511502900","- - - Other","0","JKDM_HS_Explorer_ACFTA_851150_RATE_2026.html","71da870daddfcef25fc708e1b9b687e1186f8efcc8f0742d515f3c782073359a"
"ACFTA","851150","8511503100","- - - For engines of vehicles of heading 87.01","0","JKDM_HS_Explorer_ACFTA_851150_RATE_2026.html","71da870daddfcef25fc708e1b9b687e1186f8efcc8f0742d515f3c782073359a"
"ACFTA","851150","8511503200","- - - For engines of vehicles of heading 87.02, 87.03 or 87.04","0","JKDM_HS_Explorer_ACFTA_851150_RATE_2026.html","71da870daddfcef25fc708e1b9b687e1186f8efcc8f0742d515f3c782073359a"
"ACFTA","851150","8511503300","- - - For engines of vehicles of heading 87.05","0","JKDM_HS_Explorer_ACFTA_851150_RATE_2026.html","71da870daddfcef25fc708e1b9b687e1186f8efcc8f0742d515f3c782073359a"
"ACFTA","851150","8511509100","- - - For engines of vehicles of heading 87.02, 87.03, 87.04 or 87.05","0","JKDM_HS_Explorer_ACFTA_851150_RATE_2026.html","71da870daddfcef25fc708e1b9b687e1186f8efcc8f0742d515f3c782073359a"
"ACFTA","851150","8511509900","- - - Other","0","JKDM_HS_Explorer_ACFTA_851150_RATE_2026.html","71da870daddfcef25fc708e1b9b687e1186f8efcc8f0742d515f3c782073359a"
"ACFTA","851220","851220","- Other lighting or visual signalling equipment :","","JKDM_HS_Explorer_ACFTA_851220_RATE_2026.html","0971235c438d18c46bc406703abc752b0cd54e99a1a53c801059b1a4c9e1da0c"
"ACFTA","851220","8512202000","- - Unassembled lighting or visual signalling equipment","0","JKDM_HS_Explorer_ACFTA_851220_RATE_2026.html","0971235c438d18c46bc406703abc752b0cd54e99a1a53c801059b1a4c9e1da0c"
"ACFTA","851220","8512209100","- - - For motorcycles","0","JKDM_HS_Explorer_ACFTA_851220_RATE_2026.html","0971235c438d18c46bc406703abc752b0cd54e99a1a53c801059b1a4c9e1da0c"
"ACFTA","851220","8512209900","- - - Other","0","JKDM_HS_Explorer_ACFTA_851220_RATE_2026.html","0971235c438d18c46bc406703abc752b0cd54e99a1a53c801059b1a4c9e1da0c"
"ACFTA","851230","851230","- Sound signalling equipment :","","JKDM_HS_Explorer_ACFTA_851230_RATE_2026.html","8afbaed29b7ca1df38a8f479f300c00246c77a7d05b964a63f644541a1893b44"
"ACFTA","851230","8512301000","- - Horns and sirens, assembled","0","JKDM_HS_Explorer_ACFTA_851230_RATE_2026.html","8afbaed29b7ca1df38a8f479f300c00246c77a7d05b964a63f644541a1893b44"
"ACFTA","851230","8512302000","- - Unassembled sound signalling equipment","0","JKDM_HS_Explorer_ACFTA_851230_RATE_2026.html","8afbaed29b7ca1df38a8f479f300c00246c77a7d05b964a63f644541a1893b44"
"ACFTA","851230","8512309100","- - - Obstacle detection (warning) devices for vehicles","0","JKDM_HS_Explorer_ACFTA_851230_RATE_2026.html","8afbaed29b7ca1df38a8f479f300c00246c77a7d05b964a63f644541a1893b44"
"ACFTA","851230","8512309900","- - - Other","0","JKDM_HS_Explorer_ACFTA_851230_RATE_2026.html","8afbaed29b7ca1df38a8f479f300c00246c77a7d05b964a63f644541a1893b44"
"ACFTA","851240","8512400000","- Windscreen wipers, defrosters and demisters","0","JKDM_HS_Explorer_ACFTA_851240_RATE_2026.html","fed854759b78920a4acd7338bd92e3cd0e3d959b2ea6a389ddac60a2c618e3be"
"ACFTA","851829","851829","- - Other :","","JKDM_HS_Explorer_ACFTA_851829_RATE_2026.html","eecc432f809043e73d6c0b7c9c2b67e9e02a0e798f81957814d22330f8622e2e"
"ACFTA","851829","8518292000","- - - Loudspeakers, without enclosure, having a frequency range of 300 Hz to 3,400 Hz, with a diameter not exceeding 50 mm, for telecommunication use","0","JKDM_HS_Explorer_ACFTA_851829_RATE_2026.html","eecc432f809043e73d6c0b7c9c2b67e9e02a0e798f81957814d22330f8622e2e"
"ACFTA","851829","8518299000","- - - Other","0","JKDM_HS_Explorer_ACFTA_851829_RATE_2026.html","eecc432f809043e73d6c0b7c9c2b67e9e02a0e798f81957814d22330f8622e2e"
"ACFTA","852721","852721","- - Combined with sound recording or reproducing apparatus :","","JKDM_HS_Explorer_ACFTA_852721_RATE_2026.html","c63292f47b5ba83351e44bbeb2fdaaf76a0970dcf661b14236e5b4267a641973"
"ACFTA","852721","8527211000","- - - Capable of receiving and decoding digital radio data system signals","0","JKDM_HS_Explorer_ACFTA_852721_RATE_2026.html","c63292f47b5ba83351e44bbeb2fdaaf76a0970dcf661b14236e5b4267a641973"
"ACFTA","852721","8527219000","- - - Other","0","JKDM_HS_Explorer_ACFTA_852721_RATE_2026.html","c63292f47b5ba83351e44bbeb2fdaaf76a0970dcf661b14236e5b4267a641973"
"ACFTA","853120","8531200000","- Indicator panels incorporating liquid crystal devices (LCD) or light emitting diodes (LED)","0","JKDM_HS_Explorer_ACFTA_853120_RATE_2026.html","ffa02bb99c033556b75af448c6b98a741fcb122ade6228b1d9562ed7dc1f7d46"
"ACFTA","853710","853710","- For a voltage not exceeding 1,000 V :","","JKDM_HS_Explorer_ACFTA_853710_RATE_2026.html","f0ac2fad76bfaf8231d17167f809c990928a6394e76193f590aec4813b6c9d53"
"ACFTA","853710","8537101100","- - - Control panels of a kind suitable for use in distributed control systems","0","JKDM_HS_Explorer_ACFTA_853710_RATE_2026.html","f0ac2fad76bfaf8231d17167f809c990928a6394e76193f590aec4813b6c9d53"
"ACFTA","853710","8537101200","- - - Control panels fitted with a programmable processor","0","JKDM_HS_Explorer_ACFTA_853710_RATE_2026.html","f0ac2fad76bfaf8231d17167f809c990928a6394e76193f590aec4813b6c9d53"
"ACFTA","853710","8537101300","- - - Other control panels of a kind suitable for goods of heading 84.15, 84.18, 84.50, 85.08, 85.09 or 85.16","0","JKDM_HS_Explorer_ACFTA_853710_RATE_2026.html","f0ac2fad76bfaf8231d17167f809c990928a6394e76193f590aec4813b6c9d53"
"ACFTA","853710","8537101900","- - - Other","0","JKDM_HS_Explorer_ACFTA_853710_RATE_2026.html","f0ac2fad76bfaf8231d17167f809c990928a6394e76193f590aec4813b6c9d53"
"ACFTA","853710","8537102000","- - Distribution boards (including back panels and back planes) for use solely or principally with goods of heading 84.71, 85.17 or 85.25","0","JKDM_HS_Explorer_ACFTA_853710_RATE_2026.html","f0ac2fad76bfaf8231d17167f809c990928a6394e76193f590aec4813b6c9d53"
"ACFTA","853710","8537103000","- - Programmable logic controllers for automated machines for transport, handling and storage of dies for semiconductor devices","0","JKDM_HS_Explorer_ACFTA_853710_RATE_2026.html","f0ac2fad76bfaf8231d17167f809c990928a6394e76193f590aec4813b6c9d53"
"ACFTA","853710","8537104000","- - Motor controllers with output rating of 24 V to 120 V DC and with ampere rating of 300 A to 500 A","0","JKDM_HS_Explorer_ACFTA_853710_RATE_2026.html","f0ac2fad76bfaf8231d17167f809c990928a6394e76193f590aec4813b6c9d53"
"ACFTA","853710","8537109100","- - - Of a kind used in radio equipment or in electric fans","0","JKDM_HS_Explorer_ACFTA_853710_RATE_2026.html","f0ac2fad76bfaf8231d17167f809c990928a6394e76193f590aec4813b6c9d53"
"ACFTA","853710","8537109200","- - - Of a kind suitable for use in distributed control systems","0","JKDM_HS_Explorer_ACFTA_853710_RATE_2026.html","f0ac2fad76bfaf8231d17167f809c990928a6394e76193f590aec4813b6c9d53"
"ACFTA","853710","8537109900","- - - Other","0","JKDM_HS_Explorer_ACFTA_853710_RATE_2026.html","f0ac2fad76bfaf8231d17167f809c990928a6394e76193f590aec4813b6c9d53"
"ACFTA","854430","854430","- Ignition wiring sets and other wiring sets of a kind used in vehicles, aircraft or ships :","","JKDM_HS_Explorer_ACFTA_854430_RATE_2026.html","8bb6dac21fd4bb4b7fed2698d64ed9ded2efae806e1c1199bbe4ee9e3e10c76f"
"ACFTA","854430","8544301200","- - - - Of a kind used for vehicles of heading 87.02, 87.03, 87.04 or 87.11","0","JKDM_HS_Explorer_ACFTA_854430_RATE_2026.html","8bb6dac21fd4bb4b7fed2698d64ed9ded2efae806e1c1199bbe4ee9e3e10c76f"
"ACFTA","854430","8544301300","- - - - Other","0","JKDM_HS_Explorer_ACFTA_854430_RATE_2026.html","8bb6dac21fd4bb4b7fed2698d64ed9ded2efae806e1c1199bbe4ee9e3e10c76f"
"ACFTA","854430","8544301400","- - - - Of a kind used for vehicles of heading 87.02, 87.03, 87.04 or 87.11","0","JKDM_HS_Explorer_ACFTA_854430_RATE_2026.html","8bb6dac21fd4bb4b7fed2698d64ed9ded2efae806e1c1199bbe4ee9e3e10c76f"
"ACFTA","854430","8544301900","- - - - Other","0","JKDM_HS_Explorer_ACFTA_854430_RATE_2026.html","8bb6dac21fd4bb4b7fed2698d64ed9ded2efae806e1c1199bbe4ee9e3e10c76f"
"ACFTA","854430","8544309100","- - - Insulated with rubber or plastics","0","JKDM_HS_Explorer_ACFTA_854430_RATE_2026.html","8bb6dac21fd4bb4b7fed2698d64ed9ded2efae806e1c1199bbe4ee9e3e10c76f"
"ACFTA","854430","8544309900","- - - Other","0","JKDM_HS_Explorer_ACFTA_854430_RATE_2026.html","8bb6dac21fd4bb4b7fed2698d64ed9ded2efae806e1c1199bbe4ee9e3e10c76f"
"ACFTA","870321","870321","- - Of a cylinder capacity not exceeding 1,000 cc :","","JKDM_HS_Explorer_ACFTA_870321_RATE_2026.html","fbdf41219a39a471711967fc47b7743cb91fbd4c17632f561177c6b575006dcd"
"ACFTA","870321","8703211100","- - - - Go-karts","0","JKDM_HS_Explorer_ACFTA_870321_RATE_2026.html","fbdf41219a39a471711967fc47b7743cb91fbd4c17632f561177c6b575006dcd"
"ACFTA","870321","8703211200","- - - - All-Terrain Vehicles (ATV)","5","JKDM_HS_Explorer_ACFTA_870321_RATE_2026.html","fbdf41219a39a471711967fc47b7743cb91fbd4c17632f561177c6b575006dcd"
"ACFTA","870321","8703211300","- - - - Ambulances","0","JKDM_HS_Explorer_ACFTA_870321_RATE_2026.html","fbdf41219a39a471711967fc47b7743cb91fbd4c17632f561177c6b575006dcd"
"ACFTA","870321","8703211400","- - - - Motor-homes","0","JKDM_HS_Explorer_ACFTA_870321_RATE_2026.html","fbdf41219a39a471711967fc47b7743cb91fbd4c17632f561177c6b575006dcd"
"ACFTA","870321","8703211500","- - - - Sedan","10","JKDM_HS_Explorer_ACFTA_870321_RATE_2026.html","fbdf41219a39a471711967fc47b7743cb91fbd4c17632f561177c6b575006dcd"
"ACFTA","870321","8703212100","- - - - - Of four-wheel drive","10","JKDM_HS_Explorer_ACFTA_870321_RATE_2026.html","fbdf41219a39a471711967fc47b7743cb91fbd4c17632f561177c6b575006dcd"
"ACFTA","870321","8703212900","- - - - - Other","10","JKDM_HS_Explorer_ACFTA_870321_RATE_2026.html","fbdf41219a39a471711967fc47b7743cb91fbd4c17632f561177c6b575006dcd"
"ACFTA","870321","8703213100","- - - - - Three-wheeled vehicles","2.5","JKDM_HS_Explorer_ACFTA_870321_RATE_2026.html","fbdf41219a39a471711967fc47b7743cb91fbd4c17632f561177c6b575006dcd"
"ACFTA","870321","8703213900","- - - - - Other","2.5","JKDM_HS_Explorer_ACFTA_870321_RATE_2026.html","fbdf41219a39a471711967fc47b7743cb91fbd4c17632f561177c6b575006dcd"
"ACFTA","870321","8703214100","- - - - Go-karts","0","JKDM_HS_Explorer_ACFTA_870321_RATE_2026.html","fbdf41219a39a471711967fc47b7743cb91fbd4c17632f561177c6b575006dcd"
"ACFTA","870321","8703214200","- - - - All-Terrain Vehicles (ATV)","30","JKDM_HS_Explorer_ACFTA_870321_RATE_2026.html","fbdf41219a39a471711967fc47b7743cb91fbd4c17632f561177c6b575006dcd"
"ACFTA","870321","8703214300","- - - - Ambulances","0","JKDM_HS_Explorer_ACFTA_870321_RATE_2026.html","fbdf41219a39a471711967fc47b7743cb91fbd4c17632f561177c6b575006dcd"
"ACFTA","870321","8703214400","- - - - Motor-homes","0","JKDM_HS_Explorer_ACFTA_870321_RATE_2026.html","fbdf41219a39a471711967fc47b7743cb91fbd4c17632f561177c6b575006dcd"
"ACFTA","870321","8703214500","- - - - Sedan","30","JKDM_HS_Explorer_ACFTA_870321_RATE_2026.html","fbdf41219a39a471711967fc47b7743cb91fbd4c17632f561177c6b575006dcd"
"ACFTA","870321","8703215100","- - - - - Of four-wheel drive","30","JKDM_HS_Explorer_ACFTA_870321_RATE_2026.html","fbdf41219a39a471711967fc47b7743cb91fbd4c17632f561177c6b575006dcd"
"ACFTA","870321","8703215900","- - - - - Other","30","JKDM_HS_Explorer_ACFTA_870321_RATE_2026.html","fbdf41219a39a471711967fc47b7743cb91fbd4c17632f561177c6b575006dcd"
"ACFTA","870321","8703219100","- - - - - Three-wheeled vehicles","30","JKDM_HS_Explorer_ACFTA_870321_RATE_2026.html","fbdf41219a39a471711967fc47b7743cb91fbd4c17632f561177c6b575006dcd"
"ACFTA","870321","8703219900","- - - - - Other","30","JKDM_HS_Explorer_ACFTA_870321_RATE_2026.html","fbdf41219a39a471711967fc47b7743cb91fbd4c17632f561177c6b575006dcd"
"ACFTA","870322","870322","- - Of a cylinder capacity exceeding 1,000 cc but not exceeding 1,500 cc :","","JKDM_HS_Explorer_ACFTA_870322_RATE_2026.html","9b4ce6d3841ee4762c54fd56f53cc53d5e47f0017e7b2eaa1155e4b2ac629843"
"ACFTA","870322","8703221100","- - - - Go-karts","0","JKDM_HS_Explorer_ACFTA_870322_RATE_2026.html","9b4ce6d3841ee4762c54fd56f53cc53d5e47f0017e7b2eaa1155e4b2ac629843"
"ACFTA","870322","8703221200","- - - - All-Terrain Vehicles (ATV)","5","JKDM_HS_Explorer_ACFTA_870322_RATE_2026.html","9b4ce6d3841ee4762c54fd56f53cc53d5e47f0017e7b2eaa1155e4b2ac629843"
"ACFTA","870322","8703221300","- - - - Ambulances","0","JKDM_HS_Explorer_ACFTA_870322_RATE_2026.html","9b4ce6d3841ee4762c54fd56f53cc53d5e47f0017e7b2eaa1155e4b2ac629843"
"ACFTA","870322","8703221400","- - - - Hearses","2.5","JKDM_HS_Explorer_ACFTA_870322_RATE_2026.html","9b4ce6d3841ee4762c54fd56f53cc53d5e47f0017e7b2eaa1155e4b2ac629843"
"ACFTA","870322","8703221500","- - - - Prison vans","2.5","JKDM_HS_Explorer_ACFTA_870322_RATE_2026.html","9b4ce6d3841ee4762c54fd56f53cc53d5e47f0017e7b2eaa1155e4b2ac629843"
"ACFTA","870322","8703221600","- - - - Motor-homes","0","JKDM_HS_Explorer_ACFTA_870322_RATE_2026.html","9b4ce6d3841ee4762c54fd56f53cc53d5e47f0017e7b2eaa1155e4b2ac629843"
"ACFTA","870322","8703221700","- - - - Sedan","10","JKDM_HS_Explorer_ACFTA_870322_RATE_2026.html","9b4ce6d3841ee4762c54fd56f53cc53d5e47f0017e7b2eaa1155e4b2ac629843"
"ACFTA","870322","8703222100","- - - - - Of four-wheel drive","10","JKDM_HS_Explorer_ACFTA_870322_RATE_2026.html","9b4ce6d3841ee4762c54fd56f53cc53d5e47f0017e7b2eaa1155e4b2ac629843"
"ACFTA","870322","8703222900","- - - - - Other","0","JKDM_HS_Explorer_ACFTA_870322_RATE_2026.html","9b4ce6d3841ee4762c54fd56f53cc53d5e47f0017e7b2eaa1155e4b2ac629843"
"ACFTA","870322","8703223000","- - - - Other","2.5","JKDM_HS_Explorer_ACFTA_870322_RATE_2026.html","9b4ce6d3841ee4762c54fd56f53cc53d5e47f0017e7b2eaa1155e4b2ac629843"
"ACFTA","870322","8703224100","- - - - Go-karts","30","JKDM_HS_Explorer_ACFTA_870322_RATE_2026.html","9b4ce6d3841ee4762c54fd56f53cc53d5e47f0017e7b2eaa1155e4b2ac629843"
"ACFTA","870322","8703224200","- - - - All-Terrain Vehicles (ATV)","30","JKDM_HS_Explorer_ACFTA_870322_RATE_2026.html","9b4ce6d3841ee4762c54fd56f53cc53d5e47f0017e7b2eaa1155e4b2ac629843"
"ACFTA","870322","8703224300","- - - - Ambulances","0","JKDM_HS_Explorer_ACFTA_870322_RATE_2026.html","9b4ce6d3841ee4762c54fd56f53cc53d5e47f0017e7b2eaa1155e4b2ac629843"
"ACFTA","870322","8703224400","- - - - Hearses","30","JKDM_HS_Explorer_ACFTA_870322_RATE_2026.html","9b4ce6d3841ee4762c54fd56f53cc53d5e47f0017e7b2eaa1155e4b2ac629843"
"ACFTA","870322","8703224500","- - - - Prison vans","30","JKDM_HS_Explorer_ACFTA_870322_RATE_2026.html","9b4ce6d3841ee4762c54fd56f53cc53d5e47f0017e7b2eaa1155e4b2ac629843"
"ACFTA","870322","8703224600","- - - - Motor-homes","0","JKDM_HS_Explorer_ACFTA_870322_RATE_2026.html","9b4ce6d3841ee4762c54fd56f53cc53d5e47f0017e7b2eaa1155e4b2ac629843"
"ACFTA","870322","8703224700","- - - - Sedan","30","JKDM_HS_Explorer_ACFTA_870322_RATE_2026.html","9b4ce6d3841ee4762c54fd56f53cc53d5e47f0017e7b2eaa1155e4b2ac629843"
"ACFTA","870322","8703225100","- - - - - Of four-wheel drive","30","JKDM_HS_Explorer_ACFTA_870322_RATE_2026.html","9b4ce6d3841ee4762c54fd56f53cc53d5e47f0017e7b2eaa1155e4b2ac629843"
"ACFTA","870322","8703225900","- - - - - Other","30","JKDM_HS_Explorer_ACFTA_870322_RATE_2026.html","9b4ce6d3841ee4762c54fd56f53cc53d5e47f0017e7b2eaa1155e4b2ac629843"
"ACFTA","870322","8703229000","- - - - Other","30","JKDM_HS_Explorer_ACFTA_870322_RATE_2026.html","9b4ce6d3841ee4762c54fd56f53cc53d5e47f0017e7b2eaa1155e4b2ac629843"
"ACFTA","870323","870323","- - Of a cylinder capacity exceeding 1,500 cc but not exceeding 3,000 cc :","","JKDM_HS_Explorer_ACFTA_870323_RATE_2026.html","a53419ecf546eda4bd5b6af6dbf6947dcb08fc9dd3d78a43bb26ca425016d63a"
"ACFTA","870323","8703231100","- - - - Ambulances","0","JKDM_HS_Explorer_ACFTA_870323_RATE_2026.html","a53419ecf546eda4bd5b6af6dbf6947dcb08fc9dd3d78a43bb26ca425016d63a"
"ACFTA","870323","8703231200","- - - - Hearses","5","JKDM_HS_Explorer_ACFTA_870323_RATE_2026.html","a53419ecf546eda4bd5b6af6dbf6947dcb08fc9dd3d78a43bb26ca425016d63a"
"ACFTA","870323","8703231300","- - - - Prison vans","5","JKDM_HS_Explorer_ACFTA_870323_RATE_2026.html","a53419ecf546eda4bd5b6af6dbf6947dcb08fc9dd3d78a43bb26ca425016d63a"
"ACFTA","870323","8703231400","- - - - Motor-homes","0","JKDM_HS_Explorer_ACFTA_870323_RATE_2026.html","a53419ecf546eda4bd5b6af6dbf6947dcb08fc9dd3d78a43bb26ca425016d63a"
"ACFTA","870323","8703232100","- - - - - Of a cylinder capacity exceeding 1,500 cc but not exceeding 1,800 cc","5","JKDM_HS_Explorer_ACFTA_870323_RATE_2026.html","a53419ecf546eda4bd5b6af6dbf6947dcb08fc9dd3d78a43bb26ca425016d63a"
"ACFTA","870323","8703232200","- - - - - Of a cylinder capacity exceeding 1,800 cc but not exceeding 2,000 cc","5","JKDM_HS_Explorer_ACFTA_870323_RATE_2026.html","a53419ecf546eda4bd5b6af6dbf6947dcb08fc9dd3d78a43bb26ca425016d63a"
"ACFTA","870323","8703232300","- - - - - Of a cylinder capacity exceeding 2,000 cc but not exceeding 2,500 cc","5","JKDM_HS_Explorer_ACFTA_870323_RATE_2026.html","a53419ecf546eda4bd5b6af6dbf6947dcb08fc9dd3d78a43bb26ca425016d63a"
"ACFTA","870323","8703232400","- - - - - Of a cylinder capacity exceeding 2,500 cc","5","JKDM_HS_Explorer_ACFTA_870323_RATE_2026.html","a53419ecf546eda4bd5b6af6dbf6947dcb08fc9dd3d78a43bb26ca425016d63a"
"ACFTA","870323","8703233100","- - - - - Of a cylinder capacity exceeding 1,500 cc but not exceeding 1,800 cc","5","JKDM_HS_Explorer_ACFTA_870323_RATE_2026.html","a53419ecf546eda4bd5b6af6dbf6947dcb08fc9dd3d78a43bb26ca425016d63a"
"ACFTA","870323","8703233200","- - - - - Of a cylinder capacity exceeding 1,800 cc but not exceeding 2,000 cc","5","JKDM_HS_Explorer_ACFTA_870323_RATE_2026.html","a53419ecf546eda4bd5b6af6dbf6947dcb08fc9dd3d78a43bb26ca425016d63a"
"ACFTA","870323","8703233300","- - - - - Of a cylinder capacity exceeding 2,000 cc but not exceeding 2,500 cc","5","JKDM_HS_Explorer_ACFTA_870323_RATE_2026.html","a53419ecf546eda4bd5b6af6dbf6947dcb08fc9dd3d78a43bb26ca425016d63a"
"ACFTA","870323","8703233400","- - - - - Of a cylinder capacity exceeding 2,500 cc","5","JKDM_HS_Explorer_ACFTA_870323_RATE_2026.html","a53419ecf546eda4bd5b6af6dbf6947dcb08fc9dd3d78a43bb26ca425016d63a"
"ACFTA","870323","8703233500","- - - - - Of a cylinder capacity exceeding 1,500 cc but not exceeding 2,000 cc","5","JKDM_HS_Explorer_ACFTA_870323_RATE_2026.html","a53419ecf546eda4bd5b6af6dbf6947dcb08fc9dd3d78a43bb26ca425016d63a"
"ACFTA","870323","8703233600","- - - - - Of a cylinder capacity exceeding 2,000 cc","5","JKDM_HS_Explorer_ACFTA_870323_RATE_2026.html","a53419ecf546eda4bd5b6af6dbf6947dcb08fc9dd3d78a43bb26ca425016d63a"
"ACFTA","870323","8703234100","- - - - - Of a cylinder capacity exceeding 1,500 cc but not exceeding 2,000 cc","5","JKDM_HS_Explorer_ACFTA_870323_RATE_2026.html","a53419ecf546eda4bd5b6af6dbf6947dcb08fc9dd3d78a43bb26ca425016d63a"
"ACFTA","870323","8703234200","- - - - - Of a cylinder capacity exceeding 2,000 cc","5","JKDM_HS_Explorer_ACFTA_870323_RATE_2026.html","a53419ecf546eda4bd5b6af6dbf6947dcb08fc9dd3d78a43bb26ca425016d63a"
"ACFTA","870323","8703235100","- - - - Ambulances","0","JKDM_HS_Explorer_ACFTA_870323_RATE_2026.html","a53419ecf546eda4bd5b6af6dbf6947dcb08fc9dd3d78a43bb26ca425016d63a"
"ACFTA","870323","8703235200","- - - - Hearses","30","JKDM_HS_Explorer_ACFTA_870323_RATE_2026.html","a53419ecf546eda4bd5b6af6dbf6947dcb08fc9dd3d78a43bb26ca425016d63a"
"ACFTA","870323","8703235300","- - - - Prison vans","30","JKDM_HS_Explorer_ACFTA_870323_RATE_2026.html","a53419ecf546eda4bd5b6af6dbf6947dcb08fc9dd3d78a43bb26ca425016d63a"
"ACFTA","870323","8703235400","- - - - Motor-homes","0","JKDM_HS_Explorer_ACFTA_870323_RATE_2026.html","a53419ecf546eda4bd5b6af6dbf6947dcb08fc9dd3d78a43bb26ca425016d63a"
"ACFTA","870323","8703235500","- - - - - Of a cylinder capacity exceeding 1,500 cc but not exceeding 1,800 cc","30","JKDM_HS_Explorer_ACFTA_870323_RATE_2026.html","a53419ecf546eda4bd5b6af6dbf6947dcb08fc9dd3d78a43bb26ca425016d63a"
"ACFTA","870323","8703235600","- - - - - Of a cylinder capacity exceeding 1,800 cc but not exceeding 2,000 cc","30","JKDM_HS_Explorer_ACFTA_870323_RATE_2026.html","a53419ecf546eda4bd5b6af6dbf6947dcb08fc9dd3d78a43bb26ca425016d63a"
"ACFTA","870323","8703235700","- - - - - Of a cylinder capacity exceeding 2,000 cc but not exceeding 2,500 cc","30","JKDM_HS_Explorer_ACFTA_870323_RATE_2026.html","a53419ecf546eda4bd5b6af6dbf6947dcb08fc9dd3d78a43bb26ca425016d63a"
"ACFTA","870323","8703235800","- - - - - Of a cylinder capacity exceeding 2,500 cc","30","JKDM_HS_Explorer_ACFTA_870323_RATE_2026.html","a53419ecf546eda4bd5b6af6dbf6947dcb08fc9dd3d78a43bb26ca425016d63a"
"ACFTA","870323","8703236100","- - - - - Of a cylinder capacity exceeding 1,500 cc but not exceeding 1,800 cc","30","JKDM_HS_Explorer_ACFTA_870323_RATE_2026.html","a53419ecf546eda4bd5b6af6dbf6947dcb08fc9dd3d78a43bb26ca425016d63a"
"ACFTA","870323","8703236200","- - - - - Of a cylinder capacity exceeding 1,800 cc but not exceeding 2,000 cc","30","JKDM_HS_Explorer_ACFTA_870323_RATE_2026.html","a53419ecf546eda4bd5b6af6dbf6947dcb08fc9dd3d78a43bb26ca425016d63a"
"ACFTA","870323","8703236300","- - - - - Of a cylinder capacity exceeding 2,000 cc but not exceeding 2,500 cc","30","JKDM_HS_Explorer_ACFTA_870323_RATE_2026.html","a53419ecf546eda4bd5b6af6dbf6947dcb08fc9dd3d78a43bb26ca425016d63a"
"ACFTA","870323","8703236400","- - - - - Of a cylinder capacity exceeding 2,500 cc","30","JKDM_HS_Explorer_ACFTA_870323_RATE_2026.html","a53419ecf546eda4bd5b6af6dbf6947dcb08fc9dd3d78a43bb26ca425016d63a"
"ACFTA","870323","8703236500","- - - - - Of a cylinder capacity exceeding 1,500 cc but not exceeding 1,800 cc","30","JKDM_HS_Explorer_ACFTA_870323_RATE_2026.html","a53419ecf546eda4bd5b6af6dbf6947dcb08fc9dd3d78a43bb26ca425016d63a"
"ACFTA","870323","8703236600","- - - - - Of a cylinder capacity exceeding 1,800 cc but not exceeding 2,000 cc","30","JKDM_HS_Explorer_ACFTA_870323_RATE_2026.html","a53419ecf546eda4bd5b6af6dbf6947dcb08fc9dd3d78a43bb26ca425016d63a"
"ACFTA","870323","8703236700","- - - - - Of a cylinder capacity exceeding 2,000 cc but not exceeding 2,500 cc","30","JKDM_HS_Explorer_ACFTA_870323_RATE_2026.html","a53419ecf546eda4bd5b6af6dbf6947dcb08fc9dd3d78a43bb26ca425016d63a"
"ACFTA","870323","8703236800","- - - - - Of a cylinder capacity exceeding 2,500 cc","30","JKDM_HS_Explorer_ACFTA_870323_RATE_2026.html","a53419ecf546eda4bd5b6af6dbf6947dcb08fc9dd3d78a43bb26ca425016d63a"
"ACFTA","870323","8703237100","- - - - - Of a cylinder capacity exceeding 1,500 cc but not exceeding 1,800 cc","30","JKDM_HS_Explorer_ACFTA_870323_RATE_2026.html","a53419ecf546eda4bd5b6af6dbf6947dcb08fc9dd3d78a43bb26ca425016d63a"
"ACFTA","870323","8703237200","- - - - - Of a cylinder capacity exceeding 1,800 cc but not exceeding 2,000 cc","30","JKDM_HS_Explorer_ACFTA_870323_RATE_2026.html","a53419ecf546eda4bd5b6af6dbf6947dcb08fc9dd3d78a43bb26ca425016d63a"
"ACFTA","870323","8703237300","- - - - - Of a cylinder capacity exceeding 2,000 cc but not exceeding 2,500 cc","30","JKDM_HS_Explorer_ACFTA_870323_RATE_2026.html","a53419ecf546eda4bd5b6af6dbf6947dcb08fc9dd3d78a43bb26ca425016d63a"
"ACFTA","870323","8703237400","- - - - - Of a cylinder capacity exceeding 2,500 cc","30","JKDM_HS_Explorer_ACFTA_870323_RATE_2026.html","a53419ecf546eda4bd5b6af6dbf6947dcb08fc9dd3d78a43bb26ca425016d63a"
"ACFTA","870324","870324","- - Of a cylinder capacity exceeding 3,000 cc :","","JKDM_HS_Explorer_ACFTA_870324_RATE_2026.html","3e1693b5b708f61b5f65654b7f04fca8e901601226c55a984df61bddc1a51cfa"
"ACFTA","870324","8703241100","- - - - Ambulances","0","JKDM_HS_Explorer_ACFTA_870324_RATE_2026.html","3e1693b5b708f61b5f65654b7f04fca8e901601226c55a984df61bddc1a51cfa"
"ACFTA","870324","8703241200","- - - - Hearses","5","JKDM_HS_Explorer_ACFTA_870324_RATE_2026.html","3e1693b5b708f61b5f65654b7f04fca8e901601226c55a984df61bddc1a51cfa"
"ACFTA","870324","8703241300","- - - - Prison vans","5","JKDM_HS_Explorer_ACFTA_870324_RATE_2026.html","3e1693b5b708f61b5f65654b7f04fca8e901601226c55a984df61bddc1a51cfa"
"ACFTA","870324","8703241400","- - - - Motor-homes","0","JKDM_HS_Explorer_ACFTA_870324_RATE_2026.html","3e1693b5b708f61b5f65654b7f04fca8e901601226c55a984df61bddc1a51cfa"
"ACFTA","870324","8703241500","- - - - Sedan","5","JKDM_HS_Explorer_ACFTA_870324_RATE_2026.html","3e1693b5b708f61b5f65654b7f04fca8e901601226c55a984df61bddc1a51cfa"
"ACFTA","870324","8703242100","- - - - - Of four-wheel drive","5","JKDM_HS_Explorer_ACFTA_870324_RATE_2026.html","3e1693b5b708f61b5f65654b7f04fca8e901601226c55a984df61bddc1a51cfa"
"ACFTA","870324","8703242900","- - - - - Other","5","JKDM_HS_Explorer_ACFTA_870324_RATE_2026.html","3e1693b5b708f61b5f65654b7f04fca8e901601226c55a984df61bddc1a51cfa"
"ACFTA","870324","8703243000","- - - - Other","5","JKDM_HS_Explorer_ACFTA_870324_RATE_2026.html","3e1693b5b708f61b5f65654b7f04fca8e901601226c55a984df61bddc1a51cfa"
"ACFTA","870324","8703244100","- - - - Ambulances","0","JKDM_HS_Explorer_ACFTA_870324_RATE_2026.html","3e1693b5b708f61b5f65654b7f04fca8e901601226c55a984df61bddc1a51cfa"
"ACFTA","870324","8703244200","- - - - Hearses","30","JKDM_HS_Explorer_ACFTA_870324_RATE_2026.html","3e1693b5b708f61b5f65654b7f04fca8e901601226c55a984df61bddc1a51cfa"
"ACFTA","870324","8703244300","- - - - Prison vans","30","JKDM_HS_Explorer_ACFTA_870324_RATE_2026.html","3e1693b5b708f61b5f65654b7f04fca8e901601226c55a984df61bddc1a51cfa"
"ACFTA","870324","8703244400","- - - - Motor-homes","0","JKDM_HS_Explorer_ACFTA_870324_RATE_2026.html","3e1693b5b708f61b5f65654b7f04fca8e901601226c55a984df61bddc1a51cfa"
"ACFTA","870324","8703244500","- - - - - Of four-wheel drive","30","JKDM_HS_Explorer_ACFTA_870324_RATE_2026.html","3e1693b5b708f61b5f65654b7f04fca8e901601226c55a984df61bddc1a51cfa"
"ACFTA","870324","8703244900","- - - - - Other","30","JKDM_HS_Explorer_ACFTA_870324_RATE_2026.html","3e1693b5b708f61b5f65654b7f04fca8e901601226c55a984df61bddc1a51cfa"
"ACFTA","870324","8703245100","- - - - - Of four-wheel drive","30","JKDM_HS_Explorer_ACFTA_870324_RATE_2026.html","3e1693b5b708f61b5f65654b7f04fca8e901601226c55a984df61bddc1a51cfa"
"ACFTA","870324","8703245900","- - - - - Other","30","JKDM_HS_Explorer_ACFTA_870324_RATE_2026.html","3e1693b5b708f61b5f65654b7f04fca8e901601226c55a984df61bddc1a51cfa"
"ACFTA","870324","8703246100","- - - - - Of four-wheel drive","30","JKDM_HS_Explorer_ACFTA_870324_RATE_2026.html","3e1693b5b708f61b5f65654b7f04fca8e901601226c55a984df61bddc1a51cfa"
"ACFTA","870324","8703246900","- - - - - Other","30","JKDM_HS_Explorer_ACFTA_870324_RATE_2026.html","3e1693b5b708f61b5f65654b7f04fca8e901601226c55a984df61bddc1a51cfa"
"ACFTA","870331","870331","- - Of a cylinder capacity not exceeding 1,500 cc :","","JKDM_HS_Explorer_ACFTA_870331_RATE_2026.html","e2274ab151d11d67dd5e2fa60f8536ac2683d9cfdacdc653a8187c7dbe37436c"
"ACFTA","870331","8703311100","- - - - Go-karts","5","JKDM_HS_Explorer_ACFTA_870331_RATE_2026.html","e2274ab151d11d67dd5e2fa60f8536ac2683d9cfdacdc653a8187c7dbe37436c"
"ACFTA","870331","8703311200","- - - - All-Terrain Vehicles (ATV)","5","JKDM_HS_Explorer_ACFTA_870331_RATE_2026.html","e2274ab151d11d67dd5e2fa60f8536ac2683d9cfdacdc653a8187c7dbe37436c"
"ACFTA","870331","8703311300","- - - - Ambulances","0","JKDM_HS_Explorer_ACFTA_870331_RATE_2026.html","e2274ab151d11d67dd5e2fa60f8536ac2683d9cfdacdc653a8187c7dbe37436c"
"ACFTA","870331","8703311400","- - - - Hearses","2.5","JKDM_HS_Explorer_ACFTA_870331_RATE_2026.html","e2274ab151d11d67dd5e2fa60f8536ac2683d9cfdacdc653a8187c7dbe37436c"
"ACFTA","870331","8703311500","- - - - Prison vans","2.5","JKDM_HS_Explorer_ACFTA_870331_RATE_2026.html","e2274ab151d11d67dd5e2fa60f8536ac2683d9cfdacdc653a8187c7dbe37436c"
"ACFTA","870331","8703311600","- - - - Motor-homes","0","JKDM_HS_Explorer_ACFTA_870331_RATE_2026.html","e2274ab151d11d67dd5e2fa60f8536ac2683d9cfdacdc653a8187c7dbe37436c"
"ACFTA","870331","8703311700","- - - - Sedan","5","JKDM_HS_Explorer_ACFTA_870331_RATE_2026.html","e2274ab151d11d67dd5e2fa60f8536ac2683d9cfdacdc653a8187c7dbe37436c"
"ACFTA","870331","8703312100","- - - - - Of four-wheel drive","5","JKDM_HS_Explorer_ACFTA_870331_RATE_2026.html","e2274ab151d11d67dd5e2fa60f8536ac2683d9cfdacdc653a8187c7dbe37436c"
"ACFTA","870331","8703312900","- - - - - Other","5","JKDM_HS_Explorer_ACFTA_870331_RATE_2026.html","e2274ab151d11d67dd5e2fa60f8536ac2683d9cfdacdc653a8187c7dbe37436c"
"ACFTA","870331","8703313100","- - - - - Three-wheeled vehicles","2.5","JKDM_HS_Explorer_ACFTA_870331_RATE_2026.html","e2274ab151d11d67dd5e2fa60f8536ac2683d9cfdacdc653a8187c7dbe37436c"
"ACFTA","870331","8703313900","- - - - - Other","2.5","JKDM_HS_Explorer_ACFTA_870331_RATE_2026.html","e2274ab151d11d67dd5e2fa60f8536ac2683d9cfdacdc653a8187c7dbe37436c"
"ACFTA","870331","8703314100","- - - - Go-karts","30","JKDM_HS_Explorer_ACFTA_870331_RATE_2026.html","e2274ab151d11d67dd5e2fa60f8536ac2683d9cfdacdc653a8187c7dbe37436c"
"ACFTA","870331","8703314200","- - - - All-Terrain Vehicles (ATV)","30","JKDM_HS_Explorer_ACFTA_870331_RATE_2026.html","e2274ab151d11d67dd5e2fa60f8536ac2683d9cfdacdc653a8187c7dbe37436c"
"ACFTA","870331","8703314300","- - - - Ambulances","0","JKDM_HS_Explorer_ACFTA_870331_RATE_2026.html","e2274ab151d11d67dd5e2fa60f8536ac2683d9cfdacdc653a8187c7dbe37436c"
"ACFTA","870331","8703314400","- - - - Hearses","30","JKDM_HS_Explorer_ACFTA_870331_RATE_2026.html","e2274ab151d11d67dd5e2fa60f8536ac2683d9cfdacdc653a8187c7dbe37436c"
"ACFTA","870331","8703314500","- - - - Prison vans","30","JKDM_HS_Explorer_ACFTA_870331_RATE_2026.html","e2274ab151d11d67dd5e2fa60f8536ac2683d9cfdacdc653a8187c7dbe37436c"
"ACFTA","870331","8703314600","- - - - Motor-homes","0","JKDM_HS_Explorer_ACFTA_870331_RATE_2026.html","e2274ab151d11d67dd5e2fa60f8536ac2683d9cfdacdc653a8187c7dbe37436c"
"ACFTA","870331","8703314700","- - - - Sedan","30","JKDM_HS_Explorer_ACFTA_870331_RATE_2026.html","e2274ab151d11d67dd5e2fa60f8536ac2683d9cfdacdc653a8187c7dbe37436c"
"ACFTA","870331","8703315100","- - - - - Of four-wheel drive","30","JKDM_HS_Explorer_ACFTA_870331_RATE_2026.html","e2274ab151d11d67dd5e2fa60f8536ac2683d9cfdacdc653a8187c7dbe37436c"
"ACFTA","870331","8703315900","- - - - - Other","30","JKDM_HS_Explorer_ACFTA_870331_RATE_2026.html","e2274ab151d11d67dd5e2fa60f8536ac2683d9cfdacdc653a8187c7dbe37436c"
"ACFTA","870331","8703319100","- - - - - Three-wheeled vehicles","30","JKDM_HS_Explorer_ACFTA_870331_RATE_2026.html","e2274ab151d11d67dd5e2fa60f8536ac2683d9cfdacdc653a8187c7dbe37436c"
"ACFTA","870331","8703319900","- - - - - Other","30","JKDM_HS_Explorer_ACFTA_870331_RATE_2026.html","e2274ab151d11d67dd5e2fa60f8536ac2683d9cfdacdc653a8187c7dbe37436c"
"ACFTA","870332","870332","- - Of a cylinder capacity exceeding 1,500 cc but not exceeding 2,500 cc :","","JKDM_HS_Explorer_ACFTA_870332_RATE_2026.html","44e6a53b729dae711a6f0f13354e920886feb80779c6115e6b3cad078613b0f6"
"ACFTA","870332","8703321100","- - - - Ambulances","0","JKDM_HS_Explorer_ACFTA_870332_RATE_2026.html","44e6a53b729dae711a6f0f13354e920886feb80779c6115e6b3cad078613b0f6"
"ACFTA","870332","8703321200","- - - - Hearses","5","JKDM_HS_Explorer_ACFTA_870332_RATE_2026.html","44e6a53b729dae711a6f0f13354e920886feb80779c6115e6b3cad078613b0f6"
"ACFTA","870332","8703321300","- - - - Prison vans","5","JKDM_HS_Explorer_ACFTA_870332_RATE_2026.html","44e6a53b729dae711a6f0f13354e920886feb80779c6115e6b3cad078613b0f6"
"ACFTA","870332","8703321400","- - - - Motor-homes","0","JKDM_HS_Explorer_ACFTA_870332_RATE_2026.html","44e6a53b729dae711a6f0f13354e920886feb80779c6115e6b3cad078613b0f6"
"ACFTA","870332","8703322100","- - - - - Of a cylinder capacity exceeding 1,500 cc but not exceeding 1,800 cc","5","JKDM_HS_Explorer_ACFTA_870332_RATE_2026.html","44e6a53b729dae711a6f0f13354e920886feb80779c6115e6b3cad078613b0f6"
"ACFTA","870332","8703322200","- - - - - Of a cylinder capacity exceeding 1,800 cc but not exceeding 2,000 cc","5","JKDM_HS_Explorer_ACFTA_870332_RATE_2026.html","44e6a53b729dae711a6f0f13354e920886feb80779c6115e6b3cad078613b0f6"
"ACFTA","870332","8703322300","- - - - - Of a cylinder capacity exceeding 2,000 cc","5","JKDM_HS_Explorer_ACFTA_870332_RATE_2026.html","44e6a53b729dae711a6f0f13354e920886feb80779c6115e6b3cad078613b0f6"
"ACFTA","870332","8703323100","- - - - - Of a cylinder capacity exceeding 1,500 cc but not exceeding 1,800 cc","5","JKDM_HS_Explorer_ACFTA_870332_RATE_2026.html","44e6a53b729dae711a6f0f13354e920886feb80779c6115e6b3cad078613b0f6"
"ACFTA","870332","8703323200","- - - - - Of a cylinder capacity exceeding 1,800 cc but not exceeding 2,000 cc","5","JKDM_HS_Explorer_ACFTA_870332_RATE_2026.html","44e6a53b729dae711a6f0f13354e920886feb80779c6115e6b3cad078613b0f6"
"ACFTA","870332","8703323300","- - - - - Of a cylinder capacity exceeding 2,000 cc","5","JKDM_HS_Explorer_ACFTA_870332_RATE_2026.html","44e6a53b729dae711a6f0f13354e920886feb80779c6115e6b3cad078613b0f6"
"ACFTA","870332","8703323400","- - - - - Of a cylinder capacity exceeding 1,500 cc but not exceeding 1,800 cc","5","JKDM_HS_Explorer_ACFTA_870332_RATE_2026.html","44e6a53b729dae711a6f0f13354e920886feb80779c6115e6b3cad078613b0f6"
"ACFTA","870332","8703323500","- - - - - Of a cylinder capacity exceeding 1,800 cc but not exceeding 2,000 cc","5","JKDM_HS_Explorer_ACFTA_870332_RATE_2026.html","44e6a53b729dae711a6f0f13354e920886feb80779c6115e6b3cad078613b0f6"
"ACFTA","870332","8703323600","- - - - - Of a cylinder capacity exceeding 2,000 cc","5","JKDM_HS_Explorer_ACFTA_870332_RATE_2026.html","44e6a53b729dae711a6f0f13354e920886feb80779c6115e6b3cad078613b0f6"
"ACFTA","870332","8703324100","- - - - - Of a cylinder capacity exceeding 1,500 cc but not exceeding 1,800 cc","5","JKDM_HS_Explorer_ACFTA_870332_RATE_2026.html","44e6a53b729dae711a6f0f13354e920886feb80779c6115e6b3cad078613b0f6"
"ACFTA","870332","8703324200","- - - - - Of a cylinder capacity exceeding 1,800 cc but not exceeding 2,000 cc","5","JKDM_HS_Explorer_ACFTA_870332_RATE_2026.html","44e6a53b729dae711a6f0f13354e920886feb80779c6115e6b3cad078613b0f6"
"ACFTA","870332","8703324300","- - - - - Of a cylinder capacity exceeding 2,000 cc","5","JKDM_HS_Explorer_ACFTA_870332_RATE_2026.html","44e6a53b729dae711a6f0f13354e920886feb80779c6115e6b3cad078613b0f6"
"ACFTA","870332","8703325100","- - - - Ambulances","0","JKDM_HS_Explorer_ACFTA_870332_RATE_2026.html","44e6a53b729dae711a6f0f13354e920886feb80779c6115e6b3cad078613b0f6"
"ACFTA","870332","8703325200","- - - - Hearses","30","JKDM_HS_Explorer_ACFTA_870332_RATE_2026.html","44e6a53b729dae711a6f0f13354e920886feb80779c6115e6b3cad078613b0f6"
"ACFTA","870332","8703325300","- - - - Prison vans","30","JKDM_HS_Explorer_ACFTA_870332_RATE_2026.html","44e6a53b729dae711a6f0f13354e920886feb80779c6115e6b3cad078613b0f6"
"ACFTA","870332","8703325400","- - - - Motor-homes","0","JKDM_HS_Explorer_ACFTA_870332_RATE_2026.html","44e6a53b729dae711a6f0f13354e920886feb80779c6115e6b3cad078613b0f6"
"ACFTA","870332","8703326100","- - - - - Of a cylinder capacity exceeding 1,500 cc but not exceeding 1,800 cc","30","JKDM_HS_Explorer_ACFTA_870332_RATE_2026.html","44e6a53b729dae711a6f0f13354e920886feb80779c6115e6b3cad078613b0f6"
"ACFTA","870332","8703326200","- - - - - Of a cylinder capacity exceeding 1,800 cc but not exceeding 2,000 cc","30","JKDM_HS_Explorer_ACFTA_870332_RATE_2026.html","44e6a53b729dae711a6f0f13354e920886feb80779c6115e6b3cad078613b0f6"
"ACFTA","870332","8703326300","- - - - - Of a cylinder capacity exceeding 2,000 cc","30","JKDM_HS_Explorer_ACFTA_870332_RATE_2026.html","44e6a53b729dae711a6f0f13354e920886feb80779c6115e6b3cad078613b0f6"
"ACFTA","870332","8703327100","- - - - - Of a cylinder capacity exceeding 1,500 cc but not exceeding 1,800 cc :","30","JKDM_HS_Explorer_ACFTA_870332_RATE_2026.html","44e6a53b729dae711a6f0f13354e920886feb80779c6115e6b3cad078613b0f6"
"ACFTA","870332","8703327200","- - - - - Of a cylinder capacity exceeding 1,800 cc but not exceeding 2,000 cc","30","JKDM_HS_Explorer_ACFTA_870332_RATE_2026.html","44e6a53b729dae711a6f0f13354e920886feb80779c6115e6b3cad078613b0f6"
"ACFTA","870332","8703327300","- - - - - Of a cylinder capacity exceeding 2,000 cc","30","JKDM_HS_Explorer_ACFTA_870332_RATE_2026.html","44e6a53b729dae711a6f0f13354e920886feb80779c6115e6b3cad078613b0f6"
"ACFTA","870332","8703327400","- - - - - Of a cylinder capacity exceeding 1,500 cc but not exceeding 1,800 cc","30","JKDM_HS_Explorer_ACFTA_870332_RATE_2026.html","44e6a53b729dae711a6f0f13354e920886feb80779c6115e6b3cad078613b0f6"
"ACFTA","870332","8703327500","- - - - - Of a cylinder capacity exceeding 1,800 cc but not exceeding 2,000 cc","30","JKDM_HS_Explorer_ACFTA_870332_RATE_2026.html","44e6a53b729dae711a6f0f13354e920886feb80779c6115e6b3cad078613b0f6"
"ACFTA","870332","8703327600","- - - - - Of a cylinder capacity exceeding 2,000 cc","30","JKDM_HS_Explorer_ACFTA_870332_RATE_2026.html","44e6a53b729dae711a6f0f13354e920886feb80779c6115e6b3cad078613b0f6"
"ACFTA","870332","8703328100","- - - - - Of a cylinder capacity exceeding 1,500 cc but not exceeding 1,800 cc","30","JKDM_HS_Explorer_ACFTA_870332_RATE_2026.html","44e6a53b729dae711a6f0f13354e920886feb80779c6115e6b3cad078613b0f6"
"ACFTA","870332","8703328200","- - - - - Of a cylinder capacity exceeding 1,800 cc but not exceeding 2,000 cc","30","JKDM_HS_Explorer_ACFTA_870332_RATE_2026.html","44e6a53b729dae711a6f0f13354e920886feb80779c6115e6b3cad078613b0f6"
"ACFTA","870332","8703328300","- - - - - Of a cylinder capacity exceeding 2,000 cc","30","JKDM_HS_Explorer_ACFTA_870332_RATE_2026.html","44e6a53b729dae711a6f0f13354e920886feb80779c6115e6b3cad078613b0f6"
"ACFTA","870333","870333","- - Of a cylinder capacity exceeding 2,500 cc :","","JKDM_HS_Explorer_ACFTA_870333_RATE_2026.html","071fb562546f3852ab8123682e22b3c125d4fe789d4fa670980bca9806b41a7b"
"ACFTA","870333","8703331100","- - - - Ambulances","0","JKDM_HS_Explorer_ACFTA_870333_RATE_2026.html","071fb562546f3852ab8123682e22b3c125d4fe789d4fa670980bca9806b41a7b"
"ACFTA","870333","8703331200","- - - - Hearses","5","JKDM_HS_Explorer_ACFTA_870333_RATE_2026.html","071fb562546f3852ab8123682e22b3c125d4fe789d4fa670980bca9806b41a7b"
"ACFTA","870333","8703331300","- - - - Prison vans","5","JKDM_HS_Explorer_ACFTA_870333_RATE_2026.html","071fb562546f3852ab8123682e22b3c125d4fe789d4fa670980bca9806b41a7b"
"ACFTA","870333","8703331400","- - - - Motor-homes","0","JKDM_HS_Explorer_ACFTA_870333_RATE_2026.html","071fb562546f3852ab8123682e22b3c125d4fe789d4fa670980bca9806b41a7b"
"ACFTA","870333","8703332100","- - - - - Of a cylinder capacity exceeding 2,500 cc but not exceeding 3,000 cc","5","JKDM_HS_Explorer_ACFTA_870333_RATE_2026.html","071fb562546f3852ab8123682e22b3c125d4fe789d4fa670980bca9806b41a7b"
"ACFTA","870333","8703332200","- - - - - Of a cylinder capacity exceeding 3,000 cc","5","JKDM_HS_Explorer_ACFTA_870333_RATE_2026.html","071fb562546f3852ab8123682e22b3c125d4fe789d4fa670980bca9806b41a7b"
"ACFTA","870333","8703333100","- - - - - Of a cylinder capacity exceeding 2,500 cc but not exceeding 3,000 cc","5","JKDM_HS_Explorer_ACFTA_870333_RATE_2026.html","071fb562546f3852ab8123682e22b3c125d4fe789d4fa670980bca9806b41a7b"
"ACFTA","870333","8703333200","- - - - - Of a cylinder capacity exceeding 3,000 cc","5","JKDM_HS_Explorer_ACFTA_870333_RATE_2026.html","071fb562546f3852ab8123682e22b3c125d4fe789d4fa670980bca9806b41a7b"
"ACFTA","870333","8703333300","- - - - - Of a cylinder capacity exceeding 2,500 cc but not exceeding 3,000 cc","5","JKDM_HS_Explorer_ACFTA_870333_RATE_2026.html","071fb562546f3852ab8123682e22b3c125d4fe789d4fa670980bca9806b41a7b"
"ACFTA","870333","8703333400","- - - - - Of a cylinder capacity exceeding 3,000 cc","5","JKDM_HS_Explorer_ACFTA_870333_RATE_2026.html","071fb562546f3852ab8123682e22b3c125d4fe789d4fa670980bca9806b41a7b"
"ACFTA","870333","8703334000","- - - - Other","5","JKDM_HS_Explorer_ACFTA_870333_RATE_2026.html","071fb562546f3852ab8123682e22b3c125d4fe789d4fa670980bca9806b41a7b"
"ACFTA","870333","8703335100","- - - - Ambulances","0","JKDM_HS_Explorer_ACFTA_870333_RATE_2026.html","071fb562546f3852ab8123682e22b3c125d4fe789d4fa670980bca9806b41a7b"
"ACFTA","870333","8703335200","- - - - Hearses","30","JKDM_HS_Explorer_ACFTA_870333_RATE_2026.html","071fb562546f3852ab8123682e22b3c125d4fe789d4fa670980bca9806b41a7b"
"ACFTA","870333","8703335300","- - - - Prison vans","30","JKDM_HS_Explorer_ACFTA_870333_RATE_2026.html","071fb562546f3852ab8123682e22b3c125d4fe789d4fa670980bca9806b41a7b"
"ACFTA","870333","8703335400","- - - - Motor-homes","0","JKDM_HS_Explorer_ACFTA_870333_RATE_2026.html","071fb562546f3852ab8123682e22b3c125d4fe789d4fa670980bca9806b41a7b"
"ACFTA","870333","8703336100","- - - - - Of a cylinder capacity exceeding 2,500 cc but not exceeding 3,000 cc","30","JKDM_HS_Explorer_ACFTA_870333_RATE_2026.html","071fb562546f3852ab8123682e22b3c125d4fe789d4fa670980bca9806b41a7b"
"ACFTA","870333","8703336200","- - - - - Of a cylinder capacity exceeding 3,000 cc","30","JKDM_HS_Explorer_ACFTA_870333_RATE_2026.html","071fb562546f3852ab8123682e22b3c125d4fe789d4fa670980bca9806b41a7b"
"ACFTA","870333","8703337100","- - - - - Of a cylinder capacity exceeding 2,500 cc but not exceeding 3,000 cc","30","JKDM_HS_Explorer_ACFTA_870333_RATE_2026.html","071fb562546f3852ab8123682e22b3c125d4fe789d4fa670980bca9806b41a7b"
"ACFTA","870333","8703337200","- - - - - Of a cylinder capacity exceeding 3,000 cc","30","JKDM_HS_Explorer_ACFTA_870333_RATE_2026.html","071fb562546f3852ab8123682e22b3c125d4fe789d4fa670980bca9806b41a7b"
"ACFTA","870333","8703338000","- - - - Other motor cars (including station wagons and sports cars, but not including vans), not of four-wheel-drive","30","JKDM_HS_Explorer_ACFTA_870333_RATE_2026.html","071fb562546f3852ab8123682e22b3c125d4fe789d4fa670980bca9806b41a7b"
"ACFTA","870333","8703339000","- - - - Other","30","JKDM_HS_Explorer_ACFTA_870333_RATE_2026.html","071fb562546f3852ab8123682e22b3c125d4fe789d4fa670980bca9806b41a7b"
"ACFTA","870340","870340","- Other vehicles, with both spark-ignition internal combustion piston engine and electric motor as motors for propulsion, other than those capable of being charged by plugging to external source of electric power :","","JKDM_HS_Explorer_ACFTA_870340_RATE_2026.html","15f2228735247cef0dbed2b83fa9a7d4cdac975bb1d6aff203aa9b4a6d160207"
"ACFTA","870340","8703401100","- - - Go-karts","0","JKDM_HS_Explorer_ACFTA_870340_RATE_2026.html","15f2228735247cef0dbed2b83fa9a7d4cdac975bb1d6aff203aa9b4a6d160207"
"ACFTA","870340","8703401200","- - - All-Terrain Vehicles (ATV)","5","JKDM_HS_Explorer_ACFTA_870340_RATE_2026.html","15f2228735247cef0dbed2b83fa9a7d4cdac975bb1d6aff203aa9b4a6d160207"
"ACFTA","870340","8703401300","- - - Ambulances","0","JKDM_HS_Explorer_ACFTA_870340_RATE_2026.html","15f2228735247cef0dbed2b83fa9a7d4cdac975bb1d6aff203aa9b4a6d160207"
"ACFTA","870340","8703401400","- - - Hearses","5","JKDM_HS_Explorer_ACFTA_870340_RATE_2026.html","15f2228735247cef0dbed2b83fa9a7d4cdac975bb1d6aff203aa9b4a6d160207"
"ACFTA","870340","8703401500","- - - Prison vans","5","JKDM_HS_Explorer_ACFTA_870340_RATE_2026.html","15f2228735247cef0dbed2b83fa9a7d4cdac975bb1d6aff203aa9b4a6d160207"
"ACFTA","870340","8703401600","- - - - Of a cylinder capacity not exceeding 2,000 cc","0","JKDM_HS_Explorer_ACFTA_870340_RATE_2026.html","15f2228735247cef0dbed2b83fa9a7d4cdac975bb1d6aff203aa9b4a6d160207"
"ACFTA","870340","8703401700","- - - - Of a cylinder capacity exceeding 2,000 cc","5","JKDM_HS_Explorer_ACFTA_870340_RATE_2026.html","15f2228735247cef0dbed2b83fa9a7d4cdac975bb1d6aff203aa9b4a6d160207"
"ACFTA","870340","8703401800","- - - - Of a cylinder capacity not exceeding 1,500 cc","10","JKDM_HS_Explorer_ACFTA_870340_RATE_2026.html","15f2228735247cef0dbed2b83fa9a7d4cdac975bb1d6aff203aa9b4a6d160207"
"ACFTA","870340","8703401900","- - - - Of a cylinder capacity exceeding 1,500 cc but not exceeding 2,000 cc","5","JKDM_HS_Explorer_ACFTA_870340_RATE_2026.html","15f2228735247cef0dbed2b83fa9a7d4cdac975bb1d6aff203aa9b4a6d160207"
"ACFTA","870340","8703402100","- - - - Of a cylinder capacity exceeding 2,000 cc","5","JKDM_HS_Explorer_ACFTA_870340_RATE_2026.html","15f2228735247cef0dbed2b83fa9a7d4cdac975bb1d6aff203aa9b4a6d160207"
"ACFTA","870340","8703402200","- - - - Of a cylinder capacity not exceeding 1,500 cc","10","JKDM_HS_Explorer_ACFTA_870340_RATE_2026.html","15f2228735247cef0dbed2b83fa9a7d4cdac975bb1d6aff203aa9b4a6d160207"
"ACFTA","870340","8703402300","- - - - Of a cylinder capacity exceeding 1,500 cc but not exceeding 2,000 cc","5","JKDM_HS_Explorer_ACFTA_870340_RATE_2026.html","15f2228735247cef0dbed2b83fa9a7d4cdac975bb1d6aff203aa9b4a6d160207"
"ACFTA","870340","8703402400","- - - - Of a cylinder capacity exceeding 2,000 cc","5","JKDM_HS_Explorer_ACFTA_870340_RATE_2026.html","15f2228735247cef0dbed2b83fa9a7d4cdac975bb1d6aff203aa9b4a6d160207"
"ACFTA","870340","8703402500","- - - - Of a cylinder capacity not exceeding 2,000 cc","7.5","JKDM_HS_Explorer_ACFTA_870340_RATE_2026.html","15f2228735247cef0dbed2b83fa9a7d4cdac975bb1d6aff203aa9b4a6d160207"
"ACFTA","870340","8703402600","- - - - Of a cylinder capacity exceeding 2,000 cc","5","JKDM_HS_Explorer_ACFTA_870340_RATE_2026.html","15f2228735247cef0dbed2b83fa9a7d4cdac975bb1d6aff203aa9b4a6d160207"
"ACFTA","870340","8703402700","- - - - Of a cylinder capacity not exceeding 2,000 cc","3.5","JKDM_HS_Explorer_ACFTA_870340_RATE_2026.html","15f2228735247cef0dbed2b83fa9a7d4cdac975bb1d6aff203aa9b4a6d160207"
"ACFTA","870340","8703402800","- - - - Of a cylinder capacity exceeding 2,000 cc","5","JKDM_HS_Explorer_ACFTA_870340_RATE_2026.html","15f2228735247cef0dbed2b83fa9a7d4cdac975bb1d6aff203aa9b4a6d160207"
"ACFTA","870340","8703403100","- - - Go-karts","0","JKDM_HS_Explorer_ACFTA_870340_RATE_2026.html","15f2228735247cef0dbed2b83fa9a7d4cdac975bb1d6aff203aa9b4a6d160207"
"ACFTA","870340","8703403200","- - - - Of a cylinder capacity not exceeding 1,000 cc","30","JKDM_HS_Explorer_ACFTA_870340_RATE_2026.html","15f2228735247cef0dbed2b83fa9a7d4cdac975bb1d6aff203aa9b4a6d160207"
"ACFTA","870340","8703403300","- - - - Of a cylinder capacity exceeding 1,000 cc","30","JKDM_HS_Explorer_ACFTA_870340_RATE_2026.html","15f2228735247cef0dbed2b83fa9a7d4cdac975bb1d6aff203aa9b4a6d160207"
"ACFTA","870340","8703403400","- - - - Of a cylinder capacity exceeding 1,000 cc but not exceeding 1,500 cc","0","JKDM_HS_Explorer_ACFTA_870340_RATE_2026.html","15f2228735247cef0dbed2b83fa9a7d4cdac975bb1d6aff203aa9b4a6d160207"
"ACFTA","870340","8703403500","- - - - Of a cylinder capacity exceeding 1,500 cc but not exceeding 3,000 cc","0","JKDM_HS_Explorer_ACFTA_870340_RATE_2026.html","15f2228735247cef0dbed2b83fa9a7d4cdac975bb1d6aff203aa9b4a6d160207"
"ACFTA","870340","8703403600","- - - - Other","0","JKDM_HS_Explorer_ACFTA_870340_RATE_2026.html","15f2228735247cef0dbed2b83fa9a7d4cdac975bb1d6aff203aa9b4a6d160207"
"ACFTA","870340","8703404100","- - - - Of a cylinder capacity not exceeding 1,000 cc","30","JKDM_HS_Explorer_ACFTA_870340_RATE_2026.html","15f2228735247cef0dbed2b83fa9a7d4cdac975bb1d6aff203aa9b4a6d160207"
"ACFTA","870340","8703404200","- - - - Of a cylinder capacity exceeding 1,000 cc but not exceeding 1,500 cc","30","JKDM_HS_Explorer_ACFTA_870340_RATE_2026.html","15f2228735247cef0dbed2b83fa9a7d4cdac975bb1d6aff203aa9b4a6d160207"
"ACFTA","870340","8703404300","- - - - Of a cylinder capacity exceeding 1,500 cc but not exceeding 1,800 cc","30","JKDM_HS_Explorer_ACFTA_870340_RATE_2026.html","15f2228735247cef0dbed2b83fa9a7d4cdac975bb1d6aff203aa9b4a6d160207"
"ACFTA","870340","8703404400","- - - - Of a cylinder capacity exceeding 1,800 cc but not exceeding 2,000 cc","30","JKDM_HS_Explorer_ACFTA_870340_RATE_2026.html","15f2228735247cef0dbed2b83fa9a7d4cdac975bb1d6aff203aa9b4a6d160207"
"ACFTA","870340","8703404500","- - - - Of a cylinder capacity exceeding 2,000 cc but not exceeding 2,500 cc","30","JKDM_HS_Explorer_ACFTA_870340_RATE_2026.html","15f2228735247cef0dbed2b83fa9a7d4cdac975bb1d6aff203aa9b4a6d160207"
"ACFTA","870340","8703404600","- - - - Of a cylinder capacity exceeding 2,500 cc but not exceeding 3,000 cc","30","JKDM_HS_Explorer_ACFTA_870340_RATE_2026.html","15f2228735247cef0dbed2b83fa9a7d4cdac975bb1d6aff203aa9b4a6d160207"
"ACFTA","870340","8703404700","- - - - Of a cylinder capacity exceeding 3,000 cc","30","JKDM_HS_Explorer_ACFTA_870340_RATE_2026.html","15f2228735247cef0dbed2b83fa9a7d4cdac975bb1d6aff203aa9b4a6d160207"
"ACFTA","870340","8703405100","- - - - Of a cylinder capacity not exceeding 1,000 cc","30","JKDM_HS_Explorer_ACFTA_870340_RATE_2026.html","15f2228735247cef0dbed2b83fa9a7d4cdac975bb1d6aff203aa9b4a6d160207"
"ACFTA","870340","8703405200","- - - - Of a cylinder capacity exceeding 1,000 cc but not exceeding 1,500 cc","30","JKDM_HS_Explorer_ACFTA_870340_RATE_2026.html","15f2228735247cef0dbed2b83fa9a7d4cdac975bb1d6aff203aa9b4a6d160207"
"ACFTA","870340","8703405300","- - - - Of a cylinder capacity exceeding 1,500 cc but not exceeding 1,800 cc","30","JKDM_HS_Explorer_ACFTA_870340_RATE_2026.html","15f2228735247cef0dbed2b83fa9a7d4cdac975bb1d6aff203aa9b4a6d160207"
"ACFTA","870340","8703405400","- - - - Of a cylinder capacity exceeding 1,800 cc but not exceeding 3,000 cc","30","JKDM_HS_Explorer_ACFTA_870340_RATE_2026.html","15f2228735247cef0dbed2b83fa9a7d4cdac975bb1d6aff203aa9b4a6d160207"
"ACFTA","870340","8703405500","- - - - Of a cylinder capacity exceeding 3,000 cc","30","JKDM_HS_Explorer_ACFTA_870340_RATE_2026.html","15f2228735247cef0dbed2b83fa9a7d4cdac975bb1d6aff203aa9b4a6d160207"
"ACFTA","870340","8703405600","- - - - Of a cylinder capacity not exceeding 1,500 cc","0","JKDM_HS_Explorer_ACFTA_870340_RATE_2026.html","15f2228735247cef0dbed2b83fa9a7d4cdac975bb1d6aff203aa9b4a6d160207"
"ACFTA","870340","8703405700","- - - - Of a cylinder capacity exceeding 1,500 cc but not exceeding 2,000 cc","0","JKDM_HS_Explorer_ACFTA_870340_RATE_2026.html","15f2228735247cef0dbed2b83fa9a7d4cdac975bb1d6aff203aa9b4a6d160207"
"ACFTA","870340","8703405800","- - - - Of a cylinder capacity exceeding 2,000 cc","0","JKDM_HS_Explorer_ACFTA_870340_RATE_2026.html","15f2228735247cef0dbed2b83fa9a7d4cdac975bb1d6aff203aa9b4a6d160207"
"ACFTA","870340","8703406100","- - - - Of a cylinder capacity not exceeding 1,000 cc","30","JKDM_HS_Explorer_ACFTA_870340_RATE_2026.html","15f2228735247cef0dbed2b83fa9a7d4cdac975bb1d6aff203aa9b4a6d160207"
"ACFTA","870340","8703406200","- - - - Of a cylinder capacity exceeding 1,000 cc but not exceeding 1,500 cc","30","JKDM_HS_Explorer_ACFTA_870340_RATE_2026.html","15f2228735247cef0dbed2b83fa9a7d4cdac975bb1d6aff203aa9b4a6d160207"
"ACFTA","870340","8703406300","- - - - Of a cylinder capacity exceeding 1,500 cc but not exceeding 1,800 cc","30","JKDM_HS_Explorer_ACFTA_870340_RATE_2026.html","15f2228735247cef0dbed2b83fa9a7d4cdac975bb1d6aff203aa9b4a6d160207"
"ACFTA","870340","8703406400","- - - - Of a cylinder capacity exceeding 1,800 cc but not exceeding 2,000 cc","30","JKDM_HS_Explorer_ACFTA_870340_RATE_2026.html","15f2228735247cef0dbed2b83fa9a7d4cdac975bb1d6aff203aa9b4a6d160207"
"ACFTA","870340","8703406500","- - - - Of a cylinder capacity exceeding 2,000 cc but not exceeding 2,500 cc","30","JKDM_HS_Explorer_ACFTA_870340_RATE_2026.html","15f2228735247cef0dbed2b83fa9a7d4cdac975bb1d6aff203aa9b4a6d160207"
"ACFTA","870340","8703406600","- - - - Of a cylinder capacity exceeding 2,500 cc but not exceeding 3,000 cc","30","JKDM_HS_Explorer_ACFTA_870340_RATE_2026.html","15f2228735247cef0dbed2b83fa9a7d4cdac975bb1d6aff203aa9b4a6d160207"
"ACFTA","870340","8703406700","- - - - Of a cylinder capacity exceeding 3,000 cc, of four-wheel drive","30","JKDM_HS_Explorer_ACFTA_870340_RATE_2026.html","15f2228735247cef0dbed2b83fa9a7d4cdac975bb1d6aff203aa9b4a6d160207"
"ACFTA","870340","8703406800","- - - - Of a cylinder capacity exceeding 3,000 cc, not of four-wheel drive","30","JKDM_HS_Explorer_ACFTA_870340_RATE_2026.html","15f2228735247cef0dbed2b83fa9a7d4cdac975bb1d6aff203aa9b4a6d160207"
"ACFTA","870340","8703407100","- - - - Of a cylinder capacity not exceeding 1,000 cc","30","JKDM_HS_Explorer_ACFTA_870340_RATE_2026.html","15f2228735247cef0dbed2b83fa9a7d4cdac975bb1d6aff203aa9b4a6d160207"
"ACFTA","870340","8703407200","- - - - Of a cylinder capacity exceeding 1,000 cc but not exceeding 1,500 cc","30","JKDM_HS_Explorer_ACFTA_870340_RATE_2026.html","15f2228735247cef0dbed2b83fa9a7d4cdac975bb1d6aff203aa9b4a6d160207"
"ACFTA","870340","8703407300","- - - - Of a cylinder capacity exceeding 1,500 cc but not exceeding 1,800 cc","30","JKDM_HS_Explorer_ACFTA_870340_RATE_2026.html","15f2228735247cef0dbed2b83fa9a7d4cdac975bb1d6aff203aa9b4a6d160207"
"ACFTA","870340","8703407400","- - - - Of a cylinder capacity exceeding 1,800 cc but not exceeding 2,000 cc","30","JKDM_HS_Explorer_ACFTA_870340_RATE_2026.html","15f2228735247cef0dbed2b83fa9a7d4cdac975bb1d6aff203aa9b4a6d160207"
"ACFTA","870340","8703407500","- - - - Of a cylinder capacity exceeding 2,000 cc but not exceeding 2,500 cc","30","JKDM_HS_Explorer_ACFTA_870340_RATE_2026.html","15f2228735247cef0dbed2b83fa9a7d4cdac975bb1d6aff203aa9b4a6d160207"
"ACFTA","870340","8703407600","- - - - Of a cylinder capacity exceeding 2,500 cc but not exceeding 3,000 cc","30","JKDM_HS_Explorer_ACFTA_870340_RATE_2026.html","15f2228735247cef0dbed2b83fa9a7d4cdac975bb1d6aff203aa9b4a6d160207"
"ACFTA","870340","8703407700","- - - - Of a cylinder capacity exceeding 3,000 cc","30","JKDM_HS_Explorer_ACFTA_870340_RATE_2026.html","15f2228735247cef0dbed2b83fa9a7d4cdac975bb1d6aff203aa9b4a6d160207"
"ACFTA","870340","8703408100","- - - - Of a cylinder capacity not exceeding 1,000 cc","30","JKDM_HS_Explorer_ACFTA_870340_RATE_2026.html","15f2228735247cef0dbed2b83fa9a7d4cdac975bb1d6aff203aa9b4a6d160207"
"ACFTA","870340","8703408200","- - - - Of a cylinder capacity exceeding 1,000 cc but not exceeding 1,500 cc","30","JKDM_HS_Explorer_ACFTA_870340_RATE_2026.html","15f2228735247cef0dbed2b83fa9a7d4cdac975bb1d6aff203aa9b4a6d160207"
"ACFTA","870340","8703408300","- - - - Of a cylinder capacity exceeding 1,500 cc but not exceeding 1,800 cc","30","JKDM_HS_Explorer_ACFTA_870340_RATE_2026.html","15f2228735247cef0dbed2b83fa9a7d4cdac975bb1d6aff203aa9b4a6d160207"
"ACFTA","870340","8703408400","- - - - Of a cylinder capacity exceeding 1,800 cc but not exceeding 2,000 cc","30","JKDM_HS_Explorer_ACFTA_870340_RATE_2026.html","15f2228735247cef0dbed2b83fa9a7d4cdac975bb1d6aff203aa9b4a6d160207"
"ACFTA","870340","8703408500","- - - - Of a cylinder capacity exceeding 2,000 cc but not exceeding 2,500 cc","30","JKDM_HS_Explorer_ACFTA_870340_RATE_2026.html","15f2228735247cef0dbed2b83fa9a7d4cdac975bb1d6aff203aa9b4a6d160207"
"ACFTA","870340","8703408600","- - - - Of a cylinder capacity exceeding 2,500 cc but not exceeding 3,000 cc","30","JKDM_HS_Explorer_ACFTA_870340_RATE_2026.html","15f2228735247cef0dbed2b83fa9a7d4cdac975bb1d6aff203aa9b4a6d160207"
"ACFTA","870340","8703408700","- - - - Of a cylinder capacity exceeding 3,000 cc","30","JKDM_HS_Explorer_ACFTA_870340_RATE_2026.html","15f2228735247cef0dbed2b83fa9a7d4cdac975bb1d6aff203aa9b4a6d160207"
"ACFTA","870340","8703409100","- - - - Of a cylinder capacity not exceeding 1,000 cc","30","JKDM_HS_Explorer_ACFTA_870340_RATE_2026.html","15f2228735247cef0dbed2b83fa9a7d4cdac975bb1d6aff203aa9b4a6d160207"
"ACFTA","870340","8703409200","- - - - Of a cylinder capacity exceeding 1,000 cc but not exceeding 1,500 cc","30","JKDM_HS_Explorer_ACFTA_870340_RATE_2026.html","15f2228735247cef0dbed2b83fa9a7d4cdac975bb1d6aff203aa9b4a6d160207"
"ACFTA","870340","8703409300","- - - - Of a cylinder capacity exceeding 1,500 cc but not exceeding 1,800 cc","30","JKDM_HS_Explorer_ACFTA_870340_RATE_2026.html","15f2228735247cef0dbed2b83fa9a7d4cdac975bb1d6aff203aa9b4a6d160207"
"ACFTA","870340","8703409400","- - - - Of a cylinder capacity exceeding 1,800 cc but not exceeding 2,000 cc","30","JKDM_HS_Explorer_ACFTA_870340_RATE_2026.html","15f2228735247cef0dbed2b83fa9a7d4cdac975bb1d6aff203aa9b4a6d160207"
"ACFTA","870340","8703409500","- - - - Of a cylinder capacity exceeding 2,000 cc but not exceeding 2,500 cc","30","JKDM_HS_Explorer_ACFTA_870340_RATE_2026.html","15f2228735247cef0dbed2b83fa9a7d4cdac975bb1d6aff203aa9b4a6d160207"
"ACFTA","870340","8703409600","- - - - Of a cylinder capacity exceeding 2,500 cc but not exceeding 3,000 cc","30","JKDM_HS_Explorer_ACFTA_870340_RATE_2026.html","15f2228735247cef0dbed2b83fa9a7d4cdac975bb1d6aff203aa9b4a6d160207"
"ACFTA","870340","8703409700","- - - - Of a cylinder capacity exceeding 3,000 cc, of four-wheel drive","30","JKDM_HS_Explorer_ACFTA_870340_RATE_2026.html","15f2228735247cef0dbed2b83fa9a7d4cdac975bb1d6aff203aa9b4a6d160207"
"ACFTA","870340","8703409800","- - - - Of a cylinder capacity exceeding 3,000 cc, not of four-wheel drive","30","JKDM_HS_Explorer_ACFTA_870340_RATE_2026.html","15f2228735247cef0dbed2b83fa9a7d4cdac975bb1d6aff203aa9b4a6d160207"
"ACFTA","870350","870350","- Other vehicles, with both compression-ignition internal combustion piston engine (diesel or semi-diesel) and electric motor as motors for propulsion, other than those capable of being charged by plugging to external source of electric power :","","JKDM_HS_Explorer_ACFTA_870350_RATE_2026.html","c190e61c7a8e55c65b36c160fe3c794c2bab278b4509abdcf9155858367a35a3"
"ACFTA","870350","8703501100","- - - Go-karts","2.5","JKDM_HS_Explorer_ACFTA_870350_RATE_2026.html","c190e61c7a8e55c65b36c160fe3c794c2bab278b4509abdcf9155858367a35a3"
"ACFTA","870350","8703501200","- - - All-Terrain Vehicles (ATV)","5","JKDM_HS_Explorer_ACFTA_870350_RATE_2026.html","c190e61c7a8e55c65b36c160fe3c794c2bab278b4509abdcf9155858367a35a3"
"ACFTA","870350","8703501300","- - - Ambulances","0","JKDM_HS_Explorer_ACFTA_870350_RATE_2026.html","c190e61c7a8e55c65b36c160fe3c794c2bab278b4509abdcf9155858367a35a3"
"ACFTA","870350","8703501400","- - - Hearses","5","JKDM_HS_Explorer_ACFTA_870350_RATE_2026.html","c190e61c7a8e55c65b36c160fe3c794c2bab278b4509abdcf9155858367a35a3"
"ACFTA","870350","8703501500","- - - Prison vans","5","JKDM_HS_Explorer_ACFTA_870350_RATE_2026.html","c190e61c7a8e55c65b36c160fe3c794c2bab278b4509abdcf9155858367a35a3"
"ACFTA","870350","8703501600","- - - - Of a cylinder capacity not exceeding 2,000 cc","0","JKDM_HS_Explorer_ACFTA_870350_RATE_2026.html","c190e61c7a8e55c65b36c160fe3c794c2bab278b4509abdcf9155858367a35a3"
"ACFTA","870350","8703501700","- - - - Of a cylinder capacity exceeding 2,000 cc","0","JKDM_HS_Explorer_ACFTA_870350_RATE_2026.html","c190e61c7a8e55c65b36c160fe3c794c2bab278b4509abdcf9155858367a35a3"
"ACFTA","870350","8703501800","- - - - Of a cylinder capacity not exceeding 1,500 cc","5","JKDM_HS_Explorer_ACFTA_870350_RATE_2026.html","c190e61c7a8e55c65b36c160fe3c794c2bab278b4509abdcf9155858367a35a3"
"ACFTA","870350","8703501900","- - - - Of a cylinder capacity exceeding 1,500 cc but not exceeding 2,000 cc","5","JKDM_HS_Explorer_ACFTA_870350_RATE_2026.html","c190e61c7a8e55c65b36c160fe3c794c2bab278b4509abdcf9155858367a35a3"
"ACFTA","870350","8703502100","- - - - Of a cylinder capacity exceeding 2,000 cc","5","JKDM_HS_Explorer_ACFTA_870350_RATE_2026.html","c190e61c7a8e55c65b36c160fe3c794c2bab278b4509abdcf9155858367a35a3"
"ACFTA","870350","8703502200","- - - - Of a cylinder capacity not exceeding 1,500 cc","5","JKDM_HS_Explorer_ACFTA_870350_RATE_2026.html","c190e61c7a8e55c65b36c160fe3c794c2bab278b4509abdcf9155858367a35a3"
"ACFTA","870350","8703502300","- - - - Of a cylinder capacity exceeding 1,500 cc but not exceeding 2,000 cc","5","JKDM_HS_Explorer_ACFTA_870350_RATE_2026.html","c190e61c7a8e55c65b36c160fe3c794c2bab278b4509abdcf9155858367a35a3"
"ACFTA","870350","8703502400","- - - - Of a cylinder capacity exceeding 2,000 cc","5","JKDM_HS_Explorer_ACFTA_870350_RATE_2026.html","c190e61c7a8e55c65b36c160fe3c794c2bab278b4509abdcf9155858367a35a3"
"ACFTA","870350","8703502500","- - - - Of a cylinder capacity not exceeding 2,000 cc","5","JKDM_HS_Explorer_ACFTA_870350_RATE_2026.html","c190e61c7a8e55c65b36c160fe3c794c2bab278b4509abdcf9155858367a35a3"
"ACFTA","870350","8703502600","- - - - Of a cylinder capacity exceeding 2,000 cc","5","JKDM_HS_Explorer_ACFTA_870350_RATE_2026.html","c190e61c7a8e55c65b36c160fe3c794c2bab278b4509abdcf9155858367a35a3"
"ACFTA","870350","8703502700","- - - - Of a cylinder capacity not exceeding 2,000 cc","5","JKDM_HS_Explorer_ACFTA_870350_RATE_2026.html","c190e61c7a8e55c65b36c160fe3c794c2bab278b4509abdcf9155858367a35a3"
"ACFTA","870350","8703502800","- - - - Of a cylinder capacity exceeding 2,000 cc","5","JKDM_HS_Explorer_ACFTA_870350_RATE_2026.html","c190e61c7a8e55c65b36c160fe3c794c2bab278b4509abdcf9155858367a35a3"
"ACFTA","870350","8703503100","- - - Go-karts","30","JKDM_HS_Explorer_ACFTA_870350_RATE_2026.html","c190e61c7a8e55c65b36c160fe3c794c2bab278b4509abdcf9155858367a35a3"
"ACFTA","870350","8703503200","- - - - Of a cylinder capacity not exceeding 1,000 cc","30","JKDM_HS_Explorer_ACFTA_870350_RATE_2026.html","c190e61c7a8e55c65b36c160fe3c794c2bab278b4509abdcf9155858367a35a3"
"ACFTA","870350","8703503300","- - - - Of a cylinder capacity exceeding 1,000 cc","30","JKDM_HS_Explorer_ACFTA_870350_RATE_2026.html","c190e61c7a8e55c65b36c160fe3c794c2bab278b4509abdcf9155858367a35a3"
"ACFTA","870350","8703503400","- - - - Of a cylinder capacity not exceeding 1,500 cc","0","JKDM_HS_Explorer_ACFTA_870350_RATE_2026.html","c190e61c7a8e55c65b36c160fe3c794c2bab278b4509abdcf9155858367a35a3"
"ACFTA","870350","8703503500","- - - - Of a cylinder capacity exceeding 1,500 cc but not exceeding 2,500 cc","0","JKDM_HS_Explorer_ACFTA_870350_RATE_2026.html","c190e61c7a8e55c65b36c160fe3c794c2bab278b4509abdcf9155858367a35a3"
"ACFTA","870350","8703503600","- - - - Of a cylinder capacity exceeding 2,500 cc","0","JKDM_HS_Explorer_ACFTA_870350_RATE_2026.html","c190e61c7a8e55c65b36c160fe3c794c2bab278b4509abdcf9155858367a35a3"
"ACFTA","870350","8703504100","- - - - Of a cylinder capacity not exceeding 1,000 cc","30","JKDM_HS_Explorer_ACFTA_870350_RATE_2026.html","c190e61c7a8e55c65b36c160fe3c794c2bab278b4509abdcf9155858367a35a3"
"ACFTA","870350","8703504200","- - - - Of a cylinder capacity exceeding 1,000 cc but not exceeding 1,500 cc","30","JKDM_HS_Explorer_ACFTA_870350_RATE_2026.html","c190e61c7a8e55c65b36c160fe3c794c2bab278b4509abdcf9155858367a35a3"
"ACFTA","870350","8703504300","- - - - Of a cylinder capacity exceeding 1,500 cc but not exceeding 1,800 cc","30","JKDM_HS_Explorer_ACFTA_870350_RATE_2026.html","c190e61c7a8e55c65b36c160fe3c794c2bab278b4509abdcf9155858367a35a3"
"ACFTA","870350","8703504400","- - - - Of a cylinder capacity exceeding 1,800 cc but not exceeding 2,000 cc","30","JKDM_HS_Explorer_ACFTA_870350_RATE_2026.html","c190e61c7a8e55c65b36c160fe3c794c2bab278b4509abdcf9155858367a35a3"
"ACFTA","870350","8703504500","- - - - Of a cylinder capacity exceeding 2,000 cc but not exceeding 2,500 cc","30","JKDM_HS_Explorer_ACFTA_870350_RATE_2026.html","c190e61c7a8e55c65b36c160fe3c794c2bab278b4509abdcf9155858367a35a3"
"ACFTA","870350","8703504600","- - - - Of a cylinder capacity exceeding 2,500 cc but not exceeding 3,000 cc","30","JKDM_HS_Explorer_ACFTA_870350_RATE_2026.html","c190e61c7a8e55c65b36c160fe3c794c2bab278b4509abdcf9155858367a35a3"
"ACFTA","870350","8703504700","- - - - Of a cylinder capacity exceeding 3,000 cc","30","JKDM_HS_Explorer_ACFTA_870350_RATE_2026.html","c190e61c7a8e55c65b36c160fe3c794c2bab278b4509abdcf9155858367a35a3"
"ACFTA","870350","8703505100","- - - - Of a cylinder capacity not exceeding 1,000 cc","30","JKDM_HS_Explorer_ACFTA_870350_RATE_2026.html","c190e61c7a8e55c65b36c160fe3c794c2bab278b4509abdcf9155858367a35a3"
"ACFTA","870350","8703505200","- - - - Of a cylinder capacity exceeding 1,000 cc but not exceeding 1,500 cc","30","JKDM_HS_Explorer_ACFTA_870350_RATE_2026.html","c190e61c7a8e55c65b36c160fe3c794c2bab278b4509abdcf9155858367a35a3"
"ACFTA","870350","8703505300","- - - - Of a cylinder capacity exceeding 1,500 cc but not exceeding 1,800 cc","30","JKDM_HS_Explorer_ACFTA_870350_RATE_2026.html","c190e61c7a8e55c65b36c160fe3c794c2bab278b4509abdcf9155858367a35a3"
"ACFTA","870350","8703505400","- - - - Of a cylinder capacity exceeding 1,800 cc but not exceeding 2,500 cc","30","JKDM_HS_Explorer_ACFTA_870350_RATE_2026.html","c190e61c7a8e55c65b36c160fe3c794c2bab278b4509abdcf9155858367a35a3"
"ACFTA","870350","8703505500","- - - - Of a cylinder capacity exceeding 2,500 cc","30","JKDM_HS_Explorer_ACFTA_870350_RATE_2026.html","c190e61c7a8e55c65b36c160fe3c794c2bab278b4509abdcf9155858367a35a3"
"ACFTA","870350","8703505600","- - - - Of a cylinder capacity not exceeding 1,500 cc","0","JKDM_HS_Explorer_ACFTA_870350_RATE_2026.html","c190e61c7a8e55c65b36c160fe3c794c2bab278b4509abdcf9155858367a35a3"
"ACFTA","870350","8703505700","- - - - Of a cylinder capacity exceeding 1,500 cc but not exceeding 2,000 cc","0","JKDM_HS_Explorer_ACFTA_870350_RATE_2026.html","c190e61c7a8e55c65b36c160fe3c794c2bab278b4509abdcf9155858367a35a3"
"ACFTA","870350","8703505800","- - - - Of a cylinder capacity exceeding 2,000 cc","0","JKDM_HS_Explorer_ACFTA_870350_RATE_2026.html","c190e61c7a8e55c65b36c160fe3c794c2bab278b4509abdcf9155858367a35a3"
"ACFTA","870350","8703506100","- - - - Of a cylinder capacity not exceeding 1,000 cc","30","JKDM_HS_Explorer_ACFTA_870350_RATE_2026.html","c190e61c7a8e55c65b36c160fe3c794c2bab278b4509abdcf9155858367a35a3"
"ACFTA","870350","8703506200","- - - - Of a cylinder capacity exceeding 1,000 cc but not exceeding 1,500 cc","30","JKDM_HS_Explorer_ACFTA_870350_RATE_2026.html","c190e61c7a8e55c65b36c160fe3c794c2bab278b4509abdcf9155858367a35a3"
"ACFTA","870350","8703506300","- - - - Of a cylinder capacity exceeding 1,500 cc but not exceeding 1,800 cc","30","JKDM_HS_Explorer_ACFTA_870350_RATE_2026.html","c190e61c7a8e55c65b36c160fe3c794c2bab278b4509abdcf9155858367a35a3"
"ACFTA","870350","8703506400","- - - - Of a cylinder capacity exceeding 1,800 cc but not exceeding 2,000 cc","30","JKDM_HS_Explorer_ACFTA_870350_RATE_2026.html","c190e61c7a8e55c65b36c160fe3c794c2bab278b4509abdcf9155858367a35a3"
"ACFTA","870350","8703506500","- - - - Of a cylinder capacity exceeding 2,000 cc but not exceeding 2,500 cc","30","JKDM_HS_Explorer_ACFTA_870350_RATE_2026.html","c190e61c7a8e55c65b36c160fe3c794c2bab278b4509abdcf9155858367a35a3"
"ACFTA","870350","8703506600","- - - - Of a cylinder capacity exceeding 2,500 cc but not exceeding 3,000 cc","30","JKDM_HS_Explorer_ACFTA_870350_RATE_2026.html","c190e61c7a8e55c65b36c160fe3c794c2bab278b4509abdcf9155858367a35a3"
"ACFTA","870350","8703506700","- - - - Of a cylinder capacity exceeding 3,000 cc","30","JKDM_HS_Explorer_ACFTA_870350_RATE_2026.html","c190e61c7a8e55c65b36c160fe3c794c2bab278b4509abdcf9155858367a35a3"
"ACFTA","870350","8703507100","- - - - Of a cylinder capacity not exceeding 1,000 cc","30","JKDM_HS_Explorer_ACFTA_870350_RATE_2026.html","c190e61c7a8e55c65b36c160fe3c794c2bab278b4509abdcf9155858367a35a3"
"ACFTA","870350","8703507200","- - - - Of a cylinder capacity exceeding 1,000 cc but not exceeding 1,500 cc","30","JKDM_HS_Explorer_ACFTA_870350_RATE_2026.html","c190e61c7a8e55c65b36c160fe3c794c2bab278b4509abdcf9155858367a35a3"
"ACFTA","870350","8703507300","- - - - Of a cylinder capacity exceeding 1,500 cc but not exceeding 1,800 cc","30","JKDM_HS_Explorer_ACFTA_870350_RATE_2026.html","c190e61c7a8e55c65b36c160fe3c794c2bab278b4509abdcf9155858367a35a3"
"ACFTA","870350","8703507400","- - - - Of a cylinder capacity exceeding 1,800 cc but not exceeding 2,000 cc","30","JKDM_HS_Explorer_ACFTA_870350_RATE_2026.html","c190e61c7a8e55c65b36c160fe3c794c2bab278b4509abdcf9155858367a35a3"
"ACFTA","870350","8703507500","- - - - Of a cylinder capacity exceeding 2,000 cc but not exceeding 2,500 cc","30","JKDM_HS_Explorer_ACFTA_870350_RATE_2026.html","c190e61c7a8e55c65b36c160fe3c794c2bab278b4509abdcf9155858367a35a3"
"ACFTA","870350","8703507600","- - - - Of a cylinder capacity exceeding 2,500 cc but not exceeding 3,000 cc","30","JKDM_HS_Explorer_ACFTA_870350_RATE_2026.html","c190e61c7a8e55c65b36c160fe3c794c2bab278b4509abdcf9155858367a35a3"
"ACFTA","870350","8703507700","- - - - Of a cylinder capacity exceeding 3,000 cc","30","JKDM_HS_Explorer_ACFTA_870350_RATE_2026.html","c190e61c7a8e55c65b36c160fe3c794c2bab278b4509abdcf9155858367a35a3"
"ACFTA","870350","8703508100","- - - - Of a cylinder capacity not exceeding 1,000 cc","30","JKDM_HS_Explorer_ACFTA_870350_RATE_2026.html","c190e61c7a8e55c65b36c160fe3c794c2bab278b4509abdcf9155858367a35a3"
"ACFTA","870350","8703508200","- - - - Of a cylinder capacity exceeding 1,000 cc but not exceeding 1,500 cc","30","JKDM_HS_Explorer_ACFTA_870350_RATE_2026.html","c190e61c7a8e55c65b36c160fe3c794c2bab278b4509abdcf9155858367a35a3"
"ACFTA","870350","8703508300","- - - - Of a cylinder capacity exceeding 1,500 cc but not exceeding 1,800 cc","30","JKDM_HS_Explorer_ACFTA_870350_RATE_2026.html","c190e61c7a8e55c65b36c160fe3c794c2bab278b4509abdcf9155858367a35a3"
"ACFTA","870350","8703508400","- - - - Of a cylinder capacity exceeding 1,800 cc but not exceeding 2,000 cc","30","JKDM_HS_Explorer_ACFTA_870350_RATE_2026.html","c190e61c7a8e55c65b36c160fe3c794c2bab278b4509abdcf9155858367a35a3"
"ACFTA","870350","8703508500","- - - - Of a cylinder capacity exceeding 2,000 cc but not exceeding 2,500 cc","30","JKDM_HS_Explorer_ACFTA_870350_RATE_2026.html","c190e61c7a8e55c65b36c160fe3c794c2bab278b4509abdcf9155858367a35a3"
"ACFTA","870350","8703508600","- - - - Of a cylinder capacity exceeding 2,500 cc but not exceeding 3,000 cc","30","JKDM_HS_Explorer_ACFTA_870350_RATE_2026.html","c190e61c7a8e55c65b36c160fe3c794c2bab278b4509abdcf9155858367a35a3"
"ACFTA","870350","8703508700","- - - - Of a cylinder capacity exceeding 3,000 cc","30","JKDM_HS_Explorer_ACFTA_870350_RATE_2026.html","c190e61c7a8e55c65b36c160fe3c794c2bab278b4509abdcf9155858367a35a3"
"ACFTA","870350","8703509100","- - - - Of a cylinder capacity not exceeding 1,000 cc","30","JKDM_HS_Explorer_ACFTA_870350_RATE_2026.html","c190e61c7a8e55c65b36c160fe3c794c2bab278b4509abdcf9155858367a35a3"
"ACFTA","870350","8703509200","- - - - Of a cylinder capacity exceeding 1,000 cc but not exceeding 1,500 cc","30","JKDM_HS_Explorer_ACFTA_870350_RATE_2026.html","c190e61c7a8e55c65b36c160fe3c794c2bab278b4509abdcf9155858367a35a3"
"ACFTA","870350","8703509300","- - - - Of a cylinder capacity exceeding 1,500 cc but not exceeding 1,800 cc","30","JKDM_HS_Explorer_ACFTA_870350_RATE_2026.html","c190e61c7a8e55c65b36c160fe3c794c2bab278b4509abdcf9155858367a35a3"
"ACFTA","870350","8703509400","- - - - Of a cylinder capacity exceeding 1,800 cc but not exceeding 2,000 cc","30","JKDM_HS_Explorer_ACFTA_870350_RATE_2026.html","c190e61c7a8e55c65b36c160fe3c794c2bab278b4509abdcf9155858367a35a3"
"ACFTA","870350","8703509500","- - - - Of a cylinder capacity exceeding 2,000 cc but not exceeding 2,500 cc","30","JKDM_HS_Explorer_ACFTA_870350_RATE_2026.html","c190e61c7a8e55c65b36c160fe3c794c2bab278b4509abdcf9155858367a35a3"
"ACFTA","870350","8703509600","- - - - Of a cylinder capacity exceeding 2,500 cc but not exceeding 3,000 cc","30","JKDM_HS_Explorer_ACFTA_870350_RATE_2026.html","c190e61c7a8e55c65b36c160fe3c794c2bab278b4509abdcf9155858367a35a3"
"ACFTA","870350","8703509700","- - - - Of a cylinder capacity exceeding 3,000 cc","30","JKDM_HS_Explorer_ACFTA_870350_RATE_2026.html","c190e61c7a8e55c65b36c160fe3c794c2bab278b4509abdcf9155858367a35a3"
"ACFTA","870360","870360","- Other vehicles, with both spark-ignition internal combustion piston engine and electric motor as motors for propulsion, capable of being charged by plugging to external source of electric power :","","JKDM_HS_Explorer_ACFTA_870360_RATE_2026.html","c80ca2d2c2f9b1ec92cc5caa0ca9cd751328e6206399986d2dd05e24f8c1e6e6"
"ACFTA","870360","8703601100","- - - Go-karts","0","JKDM_HS_Explorer_ACFTA_870360_RATE_2026.html","c80ca2d2c2f9b1ec92cc5caa0ca9cd751328e6206399986d2dd05e24f8c1e6e6"
"ACFTA","870360","8703601200","- - - All-Terrain Vehicles (ATV)","5","JKDM_HS_Explorer_ACFTA_870360_RATE_2026.html","c80ca2d2c2f9b1ec92cc5caa0ca9cd751328e6206399986d2dd05e24f8c1e6e6"
"ACFTA","870360","8703601300","- - - Ambulances","0","JKDM_HS_Explorer_ACFTA_870360_RATE_2026.html","c80ca2d2c2f9b1ec92cc5caa0ca9cd751328e6206399986d2dd05e24f8c1e6e6"
"ACFTA","870360","8703601400","- - - Hearses","5","JKDM_HS_Explorer_ACFTA_870360_RATE_2026.html","c80ca2d2c2f9b1ec92cc5caa0ca9cd751328e6206399986d2dd05e24f8c1e6e6"
"ACFTA","870360","8703601500","- - - Prison vans","5","JKDM_HS_Explorer_ACFTA_870360_RATE_2026.html","c80ca2d2c2f9b1ec92cc5caa0ca9cd751328e6206399986d2dd05e24f8c1e6e6"
"ACFTA","870360","8703601600","- - - - Of a cylinder capacity not exceeding 2,000 cc","0","JKDM_HS_Explorer_ACFTA_870360_RATE_2026.html","c80ca2d2c2f9b1ec92cc5caa0ca9cd751328e6206399986d2dd05e24f8c1e6e6"
"ACFTA","870360","8703601700","- - - - Of a cylinder capacity exceeding 2,000 cc","0","JKDM_HS_Explorer_ACFTA_870360_RATE_2026.html","c80ca2d2c2f9b1ec92cc5caa0ca9cd751328e6206399986d2dd05e24f8c1e6e6"
"ACFTA","870360","8703601800","- - - - Of a cylinder capacity not exceeding 1,500 cc","10","JKDM_HS_Explorer_ACFTA_870360_RATE_2026.html","c80ca2d2c2f9b1ec92cc5caa0ca9cd751328e6206399986d2dd05e24f8c1e6e6"
"ACFTA","870360","8703601900","- - - - Of a cylinder capacity exceeding 1,500 cc but not exceeding 2,000 cc","5","JKDM_HS_Explorer_ACFTA_870360_RATE_2026.html","c80ca2d2c2f9b1ec92cc5caa0ca9cd751328e6206399986d2dd05e24f8c1e6e6"
"ACFTA","870360","8703602100","- - - - Of a cylinder capacity exceeding 2,000 cc","5","JKDM_HS_Explorer_ACFTA_870360_RATE_2026.html","c80ca2d2c2f9b1ec92cc5caa0ca9cd751328e6206399986d2dd05e24f8c1e6e6"
"ACFTA","870360","8703602200","- - - - Of a cylinder capacity not exceeding 1,500 cc","10","JKDM_HS_Explorer_ACFTA_870360_RATE_2026.html","c80ca2d2c2f9b1ec92cc5caa0ca9cd751328e6206399986d2dd05e24f8c1e6e6"
"ACFTA","870360","8703602300","- - - - Of a cylinder capacity exceeding 1,500 cc but not exceeding 2,000 cc","5","JKDM_HS_Explorer_ACFTA_870360_RATE_2026.html","c80ca2d2c2f9b1ec92cc5caa0ca9cd751328e6206399986d2dd05e24f8c1e6e6"
"ACFTA","870360","8703602400","- - - - Of a cylinder capacity exceeding 2,000 cc","5","JKDM_HS_Explorer_ACFTA_870360_RATE_2026.html","c80ca2d2c2f9b1ec92cc5caa0ca9cd751328e6206399986d2dd05e24f8c1e6e6"
"ACFTA","870360","8703602500","- - - - Of a cylinder capacity not exceeding 2,000 cc","5","JKDM_HS_Explorer_ACFTA_870360_RATE_2026.html","c80ca2d2c2f9b1ec92cc5caa0ca9cd751328e6206399986d2dd05e24f8c1e6e6"
"ACFTA","870360","8703602600","- - - - Of a cylinder capacity exceeding 2,000 cc","10","JKDM_HS_Explorer_ACFTA_870360_RATE_2026.html","c80ca2d2c2f9b1ec92cc5caa0ca9cd751328e6206399986d2dd05e24f8c1e6e6"
"ACFTA","870360","8703602700","- - - - Of a cylinder capacity not exceeding 2,000 cc","5","JKDM_HS_Explorer_ACFTA_870360_RATE_2026.html","c80ca2d2c2f9b1ec92cc5caa0ca9cd751328e6206399986d2dd05e24f8c1e6e6"
"ACFTA","870360","8703602800","- - - - Of a cylinder capacity exceeding 2,000 cc","5","JKDM_HS_Explorer_ACFTA_870360_RATE_2026.html","c80ca2d2c2f9b1ec92cc5caa0ca9cd751328e6206399986d2dd05e24f8c1e6e6"
"ACFTA","870360","8703603100","- - - Go-karts","0","JKDM_HS_Explorer_ACFTA_870360_RATE_2026.html","c80ca2d2c2f9b1ec92cc5caa0ca9cd751328e6206399986d2dd05e24f8c1e6e6"
"ACFTA","870360","8703603200","- - - - Of a cylinder capacity not exceeding 1,000 cc","30","JKDM_HS_Explorer_ACFTA_870360_RATE_2026.html","c80ca2d2c2f9b1ec92cc5caa0ca9cd751328e6206399986d2dd05e24f8c1e6e6"
"ACFTA","870360","8703603300","- - - - Of a cylinder capacity exceeding 1,000 cc","30","JKDM_HS_Explorer_ACFTA_870360_RATE_2026.html","c80ca2d2c2f9b1ec92cc5caa0ca9cd751328e6206399986d2dd05e24f8c1e6e6"
"ACFTA","870360","8703603400","- - - - Of a cylinder capacity exceeding 1,000 cc but not exceeding 1,500 cc","0","JKDM_HS_Explorer_ACFTA_870360_RATE_2026.html","c80ca2d2c2f9b1ec92cc5caa0ca9cd751328e6206399986d2dd05e24f8c1e6e6"
"ACFTA","870360","8703603500","- - - - Of a cylinder capacity exceeding 1,500 cc but not exceeding 3,000 cc","0","JKDM_HS_Explorer_ACFTA_870360_RATE_2026.html","c80ca2d2c2f9b1ec92cc5caa0ca9cd751328e6206399986d2dd05e24f8c1e6e6"
"ACFTA","870360","8703603600","- - - - Other","0","JKDM_HS_Explorer_ACFTA_870360_RATE_2026.html","c80ca2d2c2f9b1ec92cc5caa0ca9cd751328e6206399986d2dd05e24f8c1e6e6"
"ACFTA","870360","8703604100","- - - - Of a cylinder capacity not exceeding 1,000 cc","30","JKDM_HS_Explorer_ACFTA_870360_RATE_2026.html","c80ca2d2c2f9b1ec92cc5caa0ca9cd751328e6206399986d2dd05e24f8c1e6e6"
"ACFTA","870360","8703604200","- - - - Of a cylinder capacity exceeding 1,000 cc but not exceeding 1,500 cc","30","JKDM_HS_Explorer_ACFTA_870360_RATE_2026.html","c80ca2d2c2f9b1ec92cc5caa0ca9cd751328e6206399986d2dd05e24f8c1e6e6"
"ACFTA","870360","8703604300","- - - - Of a cylinder capacity exceeding 1,500 cc but not exceeding 1,800 cc","30","JKDM_HS_Explorer_ACFTA_870360_RATE_2026.html","c80ca2d2c2f9b1ec92cc5caa0ca9cd751328e6206399986d2dd05e24f8c1e6e6"
"ACFTA","870360","8703604400","- - - - Of a cylinder capacity exceeding 1,800 cc but not exceeding 2,000 cc","30","JKDM_HS_Explorer_ACFTA_870360_RATE_2026.html","c80ca2d2c2f9b1ec92cc5caa0ca9cd751328e6206399986d2dd05e24f8c1e6e6"
"ACFTA","870360","8703604500","- - - - Of a cylinder capacity exceeding 2,000 cc but not exceeding 2,500 cc","30","JKDM_HS_Explorer_ACFTA_870360_RATE_2026.html","c80ca2d2c2f9b1ec92cc5caa0ca9cd751328e6206399986d2dd05e24f8c1e6e6"
"ACFTA","870360","8703604600","- - - - Of a cylinder capacity exceeding 2,500 cc but not exceeding 3,000 cc","30","JKDM_HS_Explorer_ACFTA_870360_RATE_2026.html","c80ca2d2c2f9b1ec92cc5caa0ca9cd751328e6206399986d2dd05e24f8c1e6e6"
"ACFTA","870360","8703604700","- - - - Of a cylinder capacity exceeding 3,000 cc","30","JKDM_HS_Explorer_ACFTA_870360_RATE_2026.html","c80ca2d2c2f9b1ec92cc5caa0ca9cd751328e6206399986d2dd05e24f8c1e6e6"
"ACFTA","870360","8703605100","- - - - Of a cylinder capacity not exceeding 1,000 cc","30","JKDM_HS_Explorer_ACFTA_870360_RATE_2026.html","c80ca2d2c2f9b1ec92cc5caa0ca9cd751328e6206399986d2dd05e24f8c1e6e6"
"ACFTA","870360","8703605200","- - - - Of a cylinder capacity exceeding 1,000 cc but not exceeding 1,500 cc","30","JKDM_HS_Explorer_ACFTA_870360_RATE_2026.html","c80ca2d2c2f9b1ec92cc5caa0ca9cd751328e6206399986d2dd05e24f8c1e6e6"
"ACFTA","870360","8703605300","- - - - Of a cylinder capacity exceeding 1,500 cc but not exceeding 1,800 cc","30","JKDM_HS_Explorer_ACFTA_870360_RATE_2026.html","c80ca2d2c2f9b1ec92cc5caa0ca9cd751328e6206399986d2dd05e24f8c1e6e6"
"ACFTA","870360","8703605400","- - - - Of a cylinder capacity exceeding 1,800 cc but not exceeding 3,000 cc","30","JKDM_HS_Explorer_ACFTA_870360_RATE_2026.html","c80ca2d2c2f9b1ec92cc5caa0ca9cd751328e6206399986d2dd05e24f8c1e6e6"
"ACFTA","870360","8703605500","- - - - Of a cylinder capacity exceeding 3,000 cc","30","JKDM_HS_Explorer_ACFTA_870360_RATE_2026.html","c80ca2d2c2f9b1ec92cc5caa0ca9cd751328e6206399986d2dd05e24f8c1e6e6"
"ACFTA","870360","8703605600","- - - - Of a cylinder capacity not exceeding 1,500 cc","0","JKDM_HS_Explorer_ACFTA_870360_RATE_2026.html","c80ca2d2c2f9b1ec92cc5caa0ca9cd751328e6206399986d2dd05e24f8c1e6e6"
"ACFTA","870360","8703605700","- - - - Of a cylinder capacity exceeding 1,500 cc but not exceeding 2,000 cc","0","JKDM_HS_Explorer_ACFTA_870360_RATE_2026.html","c80ca2d2c2f9b1ec92cc5caa0ca9cd751328e6206399986d2dd05e24f8c1e6e6"
"ACFTA","870360","8703605800","- - - - Of a cylinder capacity exceeding 2,000 cc","0","JKDM_HS_Explorer_ACFTA_870360_RATE_2026.html","c80ca2d2c2f9b1ec92cc5caa0ca9cd751328e6206399986d2dd05e24f8c1e6e6"
"ACFTA","870360","8703606100","- - - - Of a cylinder capacity not exceeding 1,000 cc","30","JKDM_HS_Explorer_ACFTA_870360_RATE_2026.html","c80ca2d2c2f9b1ec92cc5caa0ca9cd751328e6206399986d2dd05e24f8c1e6e6"
"ACFTA","870360","8703606200","- - - - Of a cylinder capacity exceeding 1,000 cc but not exceeding 1,500 cc","30","JKDM_HS_Explorer_ACFTA_870360_RATE_2026.html","c80ca2d2c2f9b1ec92cc5caa0ca9cd751328e6206399986d2dd05e24f8c1e6e6"
"ACFTA","870360","8703606300","- - - - Of a cylinder capacity exceeding 1,500 cc but not exceeding 1,800 cc","30","JKDM_HS_Explorer_ACFTA_870360_RATE_2026.html","c80ca2d2c2f9b1ec92cc5caa0ca9cd751328e6206399986d2dd05e24f8c1e6e6"
"ACFTA","870360","8703606400","- - - - Of a cylinder capacity exceeding 1,800 cc but not exceeding 2,000 cc","30","JKDM_HS_Explorer_ACFTA_870360_RATE_2026.html","c80ca2d2c2f9b1ec92cc5caa0ca9cd751328e6206399986d2dd05e24f8c1e6e6"
"ACFTA","870360","8703606500","- - - - Of a cylinder capacity exceeding 2,000 cc but not exceeding 2,500 cc","30","JKDM_HS_Explorer_ACFTA_870360_RATE_2026.html","c80ca2d2c2f9b1ec92cc5caa0ca9cd751328e6206399986d2dd05e24f8c1e6e6"
"ACFTA","870360","8703606600","- - - - Of a cylinder capacity exceeding 2,500 cc but not exceeding 3,000 cc","30","JKDM_HS_Explorer_ACFTA_870360_RATE_2026.html","c80ca2d2c2f9b1ec92cc5caa0ca9cd751328e6206399986d2dd05e24f8c1e6e6"
"ACFTA","870360","8703606700","- - - - Of a cylinder capacity exceeding 3,000 cc, of four-wheel drive","30","JKDM_HS_Explorer_ACFTA_870360_RATE_2026.html","c80ca2d2c2f9b1ec92cc5caa0ca9cd751328e6206399986d2dd05e24f8c1e6e6"
"ACFTA","870360","8703606800","- - - - Of a cylinder capacity exceeding 3,000 cc, not of four-wheel drive","30","JKDM_HS_Explorer_ACFTA_870360_RATE_2026.html","c80ca2d2c2f9b1ec92cc5caa0ca9cd751328e6206399986d2dd05e24f8c1e6e6"
"ACFTA","870360","8703607100","- - - - Of a cylinder capacity not exceeding 1,000 cc","30","JKDM_HS_Explorer_ACFTA_870360_RATE_2026.html","c80ca2d2c2f9b1ec92cc5caa0ca9cd751328e6206399986d2dd05e24f8c1e6e6"
"ACFTA","870360","8703607200","- - - - Of a cylinder capacity exceeding 1,000 cc but not exceeding 1,500 cc","30","JKDM_HS_Explorer_ACFTA_870360_RATE_2026.html","c80ca2d2c2f9b1ec92cc5caa0ca9cd751328e6206399986d2dd05e24f8c1e6e6"
"ACFTA","870360","8703607300","- - - - Of a cylinder capacity exceeding 1,500 cc but not exceeding 1,800 cc","30","JKDM_HS_Explorer_ACFTA_870360_RATE_2026.html","c80ca2d2c2f9b1ec92cc5caa0ca9cd751328e6206399986d2dd05e24f8c1e6e6"
"ACFTA","870360","8703607400","- - - - Of a cylinder capacity exceeding 1,800 cc but not exceeding 2,000 cc","30","JKDM_HS_Explorer_ACFTA_870360_RATE_2026.html","c80ca2d2c2f9b1ec92cc5caa0ca9cd751328e6206399986d2dd05e24f8c1e6e6"
"ACFTA","870360","8703607500","- - - - Of a cylinder capacity exceeding 2,000 cc but not exceeding 2,500 cc","30","JKDM_HS_Explorer_ACFTA_870360_RATE_2026.html","c80ca2d2c2f9b1ec92cc5caa0ca9cd751328e6206399986d2dd05e24f8c1e6e6"
"ACFTA","870360","8703607600","- - - - Of a cylinder capacity exceeding 2,500 cc but not exceeding 3,000 cc","30","JKDM_HS_Explorer_ACFTA_870360_RATE_2026.html","c80ca2d2c2f9b1ec92cc5caa0ca9cd751328e6206399986d2dd05e24f8c1e6e6"
"ACFTA","870360","8703607700","- - - - Of a cylinder capacity exceeding 3,000 cc","30","JKDM_HS_Explorer_ACFTA_870360_RATE_2026.html","c80ca2d2c2f9b1ec92cc5caa0ca9cd751328e6206399986d2dd05e24f8c1e6e6"
"ACFTA","870360","8703608100","- - - - Of a cylinder capacity not exceeding 1,000 cc","30","JKDM_HS_Explorer_ACFTA_870360_RATE_2026.html","c80ca2d2c2f9b1ec92cc5caa0ca9cd751328e6206399986d2dd05e24f8c1e6e6"
"ACFTA","870360","8703608200","- - - - Of a cylinder capacity exceeding 1,000 cc but not exceeding 1,500 cc","30","JKDM_HS_Explorer_ACFTA_870360_RATE_2026.html","c80ca2d2c2f9b1ec92cc5caa0ca9cd751328e6206399986d2dd05e24f8c1e6e6"
"ACFTA","870360","8703608300","- - - - Of a cylinder capacity exceeding 1,500 cc but not exceeding 1,800 cc","30","JKDM_HS_Explorer_ACFTA_870360_RATE_2026.html","c80ca2d2c2f9b1ec92cc5caa0ca9cd751328e6206399986d2dd05e24f8c1e6e6"
"ACFTA","870360","8703608400","- - - - Of a cylinder capacity exceeding 1,800 cc but not exceeding 2,000 cc","30","JKDM_HS_Explorer_ACFTA_870360_RATE_2026.html","c80ca2d2c2f9b1ec92cc5caa0ca9cd751328e6206399986d2dd05e24f8c1e6e6"
"ACFTA","870360","8703608500","- - - - Of a cylinder capacity exceeding 2,000 cc but not exceeding 2,500 cc","30","JKDM_HS_Explorer_ACFTA_870360_RATE_2026.html","c80ca2d2c2f9b1ec92cc5caa0ca9cd751328e6206399986d2dd05e24f8c1e6e6"
"ACFTA","870360","8703608600","- - - - Of a cylinder capacity exceeding 2,500 cc but not exceeding 3,000 cc","30","JKDM_HS_Explorer_ACFTA_870360_RATE_2026.html","c80ca2d2c2f9b1ec92cc5caa0ca9cd751328e6206399986d2dd05e24f8c1e6e6"
"ACFTA","870360","8703608700","- - - - Of a cylinder capacity exceeding 3,000 cc","30","JKDM_HS_Explorer_ACFTA_870360_RATE_2026.html","c80ca2d2c2f9b1ec92cc5caa0ca9cd751328e6206399986d2dd05e24f8c1e6e6"
"ACFTA","870360","8703609100","- - - - Of a cylinder capacity not exceeding 1,000 cc","30","JKDM_HS_Explorer_ACFTA_870360_RATE_2026.html","c80ca2d2c2f9b1ec92cc5caa0ca9cd751328e6206399986d2dd05e24f8c1e6e6"
"ACFTA","870360","8703609200","- - - - Of a cylinder capacity exceeding 1,000 cc but not exceeding 1,500 cc","30","JKDM_HS_Explorer_ACFTA_870360_RATE_2026.html","c80ca2d2c2f9b1ec92cc5caa0ca9cd751328e6206399986d2dd05e24f8c1e6e6"
"ACFTA","870360","8703609300","- - - - Of a cylinder capacity exceeding 1,500 cc but not exceeding 1,800 cc","30","JKDM_HS_Explorer_ACFTA_870360_RATE_2026.html","c80ca2d2c2f9b1ec92cc5caa0ca9cd751328e6206399986d2dd05e24f8c1e6e6"
"ACFTA","870360","8703609400","- - - - Of a cylinder capacity exceeding 1,800 cc but not exceeding 2,000 cc","30","JKDM_HS_Explorer_ACFTA_870360_RATE_2026.html","c80ca2d2c2f9b1ec92cc5caa0ca9cd751328e6206399986d2dd05e24f8c1e6e6"
"ACFTA","870360","8703609500","- - - - Of a cylinder capacity exceeding 2,000 cc but not exceeding 2,500 cc","30","JKDM_HS_Explorer_ACFTA_870360_RATE_2026.html","c80ca2d2c2f9b1ec92cc5caa0ca9cd751328e6206399986d2dd05e24f8c1e6e6"
"ACFTA","870360","8703609600","- - - - Of a cylinder capacity exceeding 2,500 cc but not exceeding 3,000 cc","30","JKDM_HS_Explorer_ACFTA_870360_RATE_2026.html","c80ca2d2c2f9b1ec92cc5caa0ca9cd751328e6206399986d2dd05e24f8c1e6e6"
"ACFTA","870360","8703609700","- - - - Of a cylinder capacity exceeding 3,000 cc, of four-wheel drive","30","JKDM_HS_Explorer_ACFTA_870360_RATE_2026.html","c80ca2d2c2f9b1ec92cc5caa0ca9cd751328e6206399986d2dd05e24f8c1e6e6"
"ACFTA","870360","8703609800","- - - - Of a cylinder capacity exceeding 3,000 cc, not of four-wheel drive","30","JKDM_HS_Explorer_ACFTA_870360_RATE_2026.html","c80ca2d2c2f9b1ec92cc5caa0ca9cd751328e6206399986d2dd05e24f8c1e6e6"
"ACFTA","870370","870370","- Other vehicles, with both compression-ignition internal combustion piston engine (diesel or semi-diesel) and electric motor as motors for propulsion, capable of being charged by plugging to external source of electric power :","","JKDM_HS_Explorer_ACFTA_870370_RATE_2026.html","8a4ac6665d89f6ed75e7c8978e601160c9c6f85b1e5a1e65395e36219739816e"
"ACFTA","870370","8703701100","- - - Go-karts","5","JKDM_HS_Explorer_ACFTA_870370_RATE_2026.html","8a4ac6665d89f6ed75e7c8978e601160c9c6f85b1e5a1e65395e36219739816e"
"ACFTA","870370","8703701200","- - - All-Terrain Vehicles (ATV)","5","JKDM_HS_Explorer_ACFTA_870370_RATE_2026.html","8a4ac6665d89f6ed75e7c8978e601160c9c6f85b1e5a1e65395e36219739816e"
"ACFTA","870370","8703701300","- - - Ambulances","0","JKDM_HS_Explorer_ACFTA_870370_RATE_2026.html","8a4ac6665d89f6ed75e7c8978e601160c9c6f85b1e5a1e65395e36219739816e"
"ACFTA","870370","8703701400","- - - Hearses","5","JKDM_HS_Explorer_ACFTA_870370_RATE_2026.html","8a4ac6665d89f6ed75e7c8978e601160c9c6f85b1e5a1e65395e36219739816e"
"ACFTA","870370","8703701500","- - - Prison vans","5","JKDM_HS_Explorer_ACFTA_870370_RATE_2026.html","8a4ac6665d89f6ed75e7c8978e601160c9c6f85b1e5a1e65395e36219739816e"
"ACFTA","870370","8703701600","- - - - Of a cylinder capacity not exceeding 2,000 cc","0","JKDM_HS_Explorer_ACFTA_870370_RATE_2026.html","8a4ac6665d89f6ed75e7c8978e601160c9c6f85b1e5a1e65395e36219739816e"
"ACFTA","870370","8703701700","- - - - Of a cylinder capacity exceeding 2,000 cc","0","JKDM_HS_Explorer_ACFTA_870370_RATE_2026.html","8a4ac6665d89f6ed75e7c8978e601160c9c6f85b1e5a1e65395e36219739816e"
"ACFTA","870370","8703701800","- - - - Of a cylinder capacity not exceeding 1,500 cc","5","JKDM_HS_Explorer_ACFTA_870370_RATE_2026.html","8a4ac6665d89f6ed75e7c8978e601160c9c6f85b1e5a1e65395e36219739816e"
"ACFTA","870370","8703701900","- - - - Of a cylinder capacity exceeding 1,500 cc but not exceeding 2,000 cc","5","JKDM_HS_Explorer_ACFTA_870370_RATE_2026.html","8a4ac6665d89f6ed75e7c8978e601160c9c6f85b1e5a1e65395e36219739816e"
"ACFTA","870370","8703702100","- - - - Of a cylinder capacity exceeding 2,000 cc","5","JKDM_HS_Explorer_ACFTA_870370_RATE_2026.html","8a4ac6665d89f6ed75e7c8978e601160c9c6f85b1e5a1e65395e36219739816e"
"ACFTA","870370","8703702200","- - - - Of a cylinder capacity not exceeding 1,500 cc","5","JKDM_HS_Explorer_ACFTA_870370_RATE_2026.html","8a4ac6665d89f6ed75e7c8978e601160c9c6f85b1e5a1e65395e36219739816e"
"ACFTA","870370","8703702300","- - - - Of a cylinder capacity exceeding 1,500 cc but not exceeding 2,000 cc","5","JKDM_HS_Explorer_ACFTA_870370_RATE_2026.html","8a4ac6665d89f6ed75e7c8978e601160c9c6f85b1e5a1e65395e36219739816e"
"ACFTA","870370","8703702400","- - - - Of a cylinder capacity exceeding 2,000 cc","5","JKDM_HS_Explorer_ACFTA_870370_RATE_2026.html","8a4ac6665d89f6ed75e7c8978e601160c9c6f85b1e5a1e65395e36219739816e"
"ACFTA","870370","8703702500","- - - - Of a cylinder capacity not exceeding 2,000 cc","5","JKDM_HS_Explorer_ACFTA_870370_RATE_2026.html","8a4ac6665d89f6ed75e7c8978e601160c9c6f85b1e5a1e65395e36219739816e"
"ACFTA","870370","8703702600","- - - - Of a cylinder capacity exceeding 2,000 cc","5","JKDM_HS_Explorer_ACFTA_870370_RATE_2026.html","8a4ac6665d89f6ed75e7c8978e601160c9c6f85b1e5a1e65395e36219739816e"
"ACFTA","870370","8703702700","- - - - Of a cylinder capacity not exceeding 2,000 cc","5","JKDM_HS_Explorer_ACFTA_870370_RATE_2026.html","8a4ac6665d89f6ed75e7c8978e601160c9c6f85b1e5a1e65395e36219739816e"
"ACFTA","870370","8703702800","- - - - Of a cylinder capacity exceeding 2,000 cc","5","JKDM_HS_Explorer_ACFTA_870370_RATE_2026.html","8a4ac6665d89f6ed75e7c8978e601160c9c6f85b1e5a1e65395e36219739816e"
"ACFTA","870370","8703703100","- - - Go-karts","30","JKDM_HS_Explorer_ACFTA_870370_RATE_2026.html","8a4ac6665d89f6ed75e7c8978e601160c9c6f85b1e5a1e65395e36219739816e"
"ACFTA","870370","8703703200","- - - - Of a cylinder capacity not exceeding 1,000 cc","30","JKDM_HS_Explorer_ACFTA_870370_RATE_2026.html","8a4ac6665d89f6ed75e7c8978e601160c9c6f85b1e5a1e65395e36219739816e"
"ACFTA","870370","8703703300","- - - - Of a cylinder capacity exceeding 1,000 cc","30","JKDM_HS_Explorer_ACFTA_870370_RATE_2026.html","8a4ac6665d89f6ed75e7c8978e601160c9c6f85b1e5a1e65395e36219739816e"
"ACFTA","870370","8703703400","- - - - Of a cylinder capacity not exceeding 1,500 cc","0","JKDM_HS_Explorer_ACFTA_870370_RATE_2026.html","8a4ac6665d89f6ed75e7c8978e601160c9c6f85b1e5a1e65395e36219739816e"
"ACFTA","870370","8703703500","- - - - Of a cylinder capacity exceeding 1,500 cc but not exceeding 2,500 cc","0","JKDM_HS_Explorer_ACFTA_870370_RATE_2026.html","8a4ac6665d89f6ed75e7c8978e601160c9c6f85b1e5a1e65395e36219739816e"
"ACFTA","870370","8703703600","- - - - Of a cylinder capacity exceeding 2,500 cc","0","JKDM_HS_Explorer_ACFTA_870370_RATE_2026.html","8a4ac6665d89f6ed75e7c8978e601160c9c6f85b1e5a1e65395e36219739816e"
"ACFTA","870370","8703704100","- - - - Of a cylinder capacity not exceeding 1,000 cc","30","JKDM_HS_Explorer_ACFTA_870370_RATE_2026.html","8a4ac6665d89f6ed75e7c8978e601160c9c6f85b1e5a1e65395e36219739816e"
"ACFTA","870370","8703704200","- - - - Of a cylinder capacity exceeding 1,000 cc but not exceeding 1,500 cc","30","JKDM_HS_Explorer_ACFTA_870370_RATE_2026.html","8a4ac6665d89f6ed75e7c8978e601160c9c6f85b1e5a1e65395e36219739816e"
"ACFTA","870370","8703704300","- - - - Of a cylinder capacity exceeding 1,500 cc but not exceeding 1,800 cc","30","JKDM_HS_Explorer_ACFTA_870370_RATE_2026.html","8a4ac6665d89f6ed75e7c8978e601160c9c6f85b1e5a1e65395e36219739816e"
"ACFTA","870370","8703704400","- - - - Of a cylinder capacity exceeding 1,800 cc but not exceeding 2,000 cc","30","JKDM_HS_Explorer_ACFTA_870370_RATE_2026.html","8a4ac6665d89f6ed75e7c8978e601160c9c6f85b1e5a1e65395e36219739816e"
"ACFTA","870370","8703704500","- - - - Of a cylinder capacity exceeding 2,000 cc but not exceeding 2,500 cc","30","JKDM_HS_Explorer_ACFTA_870370_RATE_2026.html","8a4ac6665d89f6ed75e7c8978e601160c9c6f85b1e5a1e65395e36219739816e"
"ACFTA","870370","8703704600","- - - - Of a cylinder capacity exceeding 2,500 cc but not exceeding 3,000 cc","30","JKDM_HS_Explorer_ACFTA_870370_RATE_2026.html","8a4ac6665d89f6ed75e7c8978e601160c9c6f85b1e5a1e65395e36219739816e"
"ACFTA","870370","8703704700","- - - - Of a cylinder capacity exceeding 3,000 cc","30","JKDM_HS_Explorer_ACFTA_870370_RATE_2026.html","8a4ac6665d89f6ed75e7c8978e601160c9c6f85b1e5a1e65395e36219739816e"
"ACFTA","870370","8703705100","- - - - Of a cylinder capacity not exceeding 1,000 cc","30","JKDM_HS_Explorer_ACFTA_870370_RATE_2026.html","8a4ac6665d89f6ed75e7c8978e601160c9c6f85b1e5a1e65395e36219739816e"
"ACFTA","870370","8703705200","- - - - Of a cylinder capacity exceeding 1,000 cc but not exceeding 1,500 cc","30","JKDM_HS_Explorer_ACFTA_870370_RATE_2026.html","8a4ac6665d89f6ed75e7c8978e601160c9c6f85b1e5a1e65395e36219739816e"
"ACFTA","870370","8703705300","- - - - Of a cylinder capacity exceeding 1,500 cc but not exceeding 1,800 cc","30","JKDM_HS_Explorer_ACFTA_870370_RATE_2026.html","8a4ac6665d89f6ed75e7c8978e601160c9c6f85b1e5a1e65395e36219739816e"
"ACFTA","870370","8703705400","- - - - Of a cylinder capacity exceeding 1,800 cc but not exceeding 2,500 cc","30","JKDM_HS_Explorer_ACFTA_870370_RATE_2026.html","8a4ac6665d89f6ed75e7c8978e601160c9c6f85b1e5a1e65395e36219739816e"
"ACFTA","870370","8703705500","- - - - Of a cylinder capacity exceeding 2,500 cc","30","JKDM_HS_Explorer_ACFTA_870370_RATE_2026.html","8a4ac6665d89f6ed75e7c8978e601160c9c6f85b1e5a1e65395e36219739816e"
"ACFTA","870370","8703705600","- - - - Of a cylinder capacity not exceeding 1,500 cc","0","JKDM_HS_Explorer_ACFTA_870370_RATE_2026.html","8a4ac6665d89f6ed75e7c8978e601160c9c6f85b1e5a1e65395e36219739816e"
"ACFTA","870370","8703705700","- - - - Of a cylinder capacity exceeding 1,500 cc but not exceeding 2,000 cc","0","JKDM_HS_Explorer_ACFTA_870370_RATE_2026.html","8a4ac6665d89f6ed75e7c8978e601160c9c6f85b1e5a1e65395e36219739816e"
"ACFTA","870370","8703705800","- - - - Of a cylinder capacity exceeding 2,000 cc","0","JKDM_HS_Explorer_ACFTA_870370_RATE_2026.html","8a4ac6665d89f6ed75e7c8978e601160c9c6f85b1e5a1e65395e36219739816e"
"ACFTA","870370","8703706100","- - - - Of a cylinder capacity not exceeding 1,000 cc","30","JKDM_HS_Explorer_ACFTA_870370_RATE_2026.html","8a4ac6665d89f6ed75e7c8978e601160c9c6f85b1e5a1e65395e36219739816e"
"ACFTA","870370","8703706200","- - - - Of a cylinder capacity exceeding 1,000 cc but not exceeding 1,500 cc","30","JKDM_HS_Explorer_ACFTA_870370_RATE_2026.html","8a4ac6665d89f6ed75e7c8978e601160c9c6f85b1e5a1e65395e36219739816e"
"ACFTA","870370","8703706300","- - - - Of a cylinder capacity exceeding 1,500 cc but not exceeding 1,800 cc","30","JKDM_HS_Explorer_ACFTA_870370_RATE_2026.html","8a4ac6665d89f6ed75e7c8978e601160c9c6f85b1e5a1e65395e36219739816e"
"ACFTA","870370","8703706400","- - - - Of a cylinder capacity exceeding 1,800 cc but not exceeding 2,000 cc","30","JKDM_HS_Explorer_ACFTA_870370_RATE_2026.html","8a4ac6665d89f6ed75e7c8978e601160c9c6f85b1e5a1e65395e36219739816e"
"ACFTA","870370","8703706500","- - - - Of a cylinder capacity exceeding 2,000 cc but not exceeding 2,500 cc","30","JKDM_HS_Explorer_ACFTA_870370_RATE_2026.html","8a4ac6665d89f6ed75e7c8978e601160c9c6f85b1e5a1e65395e36219739816e"
"ACFTA","870370","8703706600","- - - - Of a cylinder capacity exceeding 2,500 cc but not exceeding 3,000 cc","30","JKDM_HS_Explorer_ACFTA_870370_RATE_2026.html","8a4ac6665d89f6ed75e7c8978e601160c9c6f85b1e5a1e65395e36219739816e"
"ACFTA","870370","8703706700","- - - - Of a cylinder capacity exceeding 3,000 cc","30","JKDM_HS_Explorer_ACFTA_870370_RATE_2026.html","8a4ac6665d89f6ed75e7c8978e601160c9c6f85b1e5a1e65395e36219739816e"
"ACFTA","870370","8703707100","- - - - Of a cylinder capacity not exceeding 1,000 cc","30","JKDM_HS_Explorer_ACFTA_870370_RATE_2026.html","8a4ac6665d89f6ed75e7c8978e601160c9c6f85b1e5a1e65395e36219739816e"
"ACFTA","870370","8703707200","- - - - Of a cylinder capacity exceeding 1,000 cc but not exceeding 1,500 cc","30","JKDM_HS_Explorer_ACFTA_870370_RATE_2026.html","8a4ac6665d89f6ed75e7c8978e601160c9c6f85b1e5a1e65395e36219739816e"
"ACFTA","870370","8703707300","- - - - Of a cylinder capacity exceeding 1,500 cc but not exceeding 1,800 cc","30","JKDM_HS_Explorer_ACFTA_870370_RATE_2026.html","8a4ac6665d89f6ed75e7c8978e601160c9c6f85b1e5a1e65395e36219739816e"
"ACFTA","870370","8703707400","- - - - Of a cylinder capacity exceeding 1,800 cc but not exceeding 2,000 cc","30","JKDM_HS_Explorer_ACFTA_870370_RATE_2026.html","8a4ac6665d89f6ed75e7c8978e601160c9c6f85b1e5a1e65395e36219739816e"
"ACFTA","870370","8703707500","- - - - Of a cylinder capacity exceeding 2,000 cc but not exceeding 2,500 cc","30","JKDM_HS_Explorer_ACFTA_870370_RATE_2026.html","8a4ac6665d89f6ed75e7c8978e601160c9c6f85b1e5a1e65395e36219739816e"
"ACFTA","870370","8703707600","- - - - Of a cylinder capacity exceeding 2,500 cc but not exceeding 3,000 cc","30","JKDM_HS_Explorer_ACFTA_870370_RATE_2026.html","8a4ac6665d89f6ed75e7c8978e601160c9c6f85b1e5a1e65395e36219739816e"
"ACFTA","870370","8703707700","- - - - Of a cylinder capacity exceeding 3,000 cc","30","JKDM_HS_Explorer_ACFTA_870370_RATE_2026.html","8a4ac6665d89f6ed75e7c8978e601160c9c6f85b1e5a1e65395e36219739816e"
"ACFTA","870370","8703708100","- - - - Of a cylinder capacity not exceeding 1,000 cc","30","JKDM_HS_Explorer_ACFTA_870370_RATE_2026.html","8a4ac6665d89f6ed75e7c8978e601160c9c6f85b1e5a1e65395e36219739816e"
"ACFTA","870370","8703708200","- - - - Of a cylinder capacity exceeding 1,000 cc but not exceeding 1,500 cc","30","JKDM_HS_Explorer_ACFTA_870370_RATE_2026.html","8a4ac6665d89f6ed75e7c8978e601160c9c6f85b1e5a1e65395e36219739816e"
"ACFTA","870370","8703708300","- - - - Of a cylinder capacity exceeding 1,500 cc but not exceeding 1,800 cc","30","JKDM_HS_Explorer_ACFTA_870370_RATE_2026.html","8a4ac6665d89f6ed75e7c8978e601160c9c6f85b1e5a1e65395e36219739816e"
"ACFTA","870370","8703708400","- - - - Of a cylinder capacity exceeding 1,800 cc but not exceeding 2,000 cc","30","JKDM_HS_Explorer_ACFTA_870370_RATE_2026.html","8a4ac6665d89f6ed75e7c8978e601160c9c6f85b1e5a1e65395e36219739816e"
"ACFTA","870370","8703708500","- - - - Of a cylinder capacity exceeding 2,000 cc but not exceeding 2,500 cc","30","JKDM_HS_Explorer_ACFTA_870370_RATE_2026.html","8a4ac6665d89f6ed75e7c8978e601160c9c6f85b1e5a1e65395e36219739816e"
"ACFTA","870370","8703708600","- - - - Of a cylinder capacity exceeding 2,500 cc but not exceeding 3,000 cc","30","JKDM_HS_Explorer_ACFTA_870370_RATE_2026.html","8a4ac6665d89f6ed75e7c8978e601160c9c6f85b1e5a1e65395e36219739816e"
"ACFTA","870370","8703708700","- - - - Of a cylinder capacity exceeding 3,000 cc","30","JKDM_HS_Explorer_ACFTA_870370_RATE_2026.html","8a4ac6665d89f6ed75e7c8978e601160c9c6f85b1e5a1e65395e36219739816e"
"ACFTA","870370","8703709100","- - - - Of a cylinder capacity not exceeding 1,000 cc","30","JKDM_HS_Explorer_ACFTA_870370_RATE_2026.html","8a4ac6665d89f6ed75e7c8978e601160c9c6f85b1e5a1e65395e36219739816e"
"ACFTA","870370","8703709200","- - - - Of a cylinder capacity exceeding 1,000 cc but not exceeding 1,500 cc","30","JKDM_HS_Explorer_ACFTA_870370_RATE_2026.html","8a4ac6665d89f6ed75e7c8978e601160c9c6f85b1e5a1e65395e36219739816e"
"ACFTA","870370","8703709300","- - - - Of a cylinder capacity exceeding 1,500 cc but not exceeding 1,800 cc","30","JKDM_HS_Explorer_ACFTA_870370_RATE_2026.html","8a4ac6665d89f6ed75e7c8978e601160c9c6f85b1e5a1e65395e36219739816e"
"ACFTA","870370","8703709400","- - - - Of a cylinder capacity exceeding 1,800 cc but not exceeding 2,000 cc","30","JKDM_HS_Explorer_ACFTA_870370_RATE_2026.html","8a4ac6665d89f6ed75e7c8978e601160c9c6f85b1e5a1e65395e36219739816e"
"ACFTA","870370","8703709500","- - - - Of a cylinder capacity exceeding 2,000 cc but not exceeding 2,500 cc","30","JKDM_HS_Explorer_ACFTA_870370_RATE_2026.html","8a4ac6665d89f6ed75e7c8978e601160c9c6f85b1e5a1e65395e36219739816e"
"ACFTA","870370","8703709600","- - - - Of a cylinder capacity exceeding 2,500 cc but not exceeding 3,000 cc","30","JKDM_HS_Explorer_ACFTA_870370_RATE_2026.html","8a4ac6665d89f6ed75e7c8978e601160c9c6f85b1e5a1e65395e36219739816e"
"ACFTA","870370","8703709700","- - - - Of a cylinder capacity exceeding 3,000 cc","30","JKDM_HS_Explorer_ACFTA_870370_RATE_2026.html","8a4ac6665d89f6ed75e7c8978e601160c9c6f85b1e5a1e65395e36219739816e"
"ACFTA","870380","870380","- Other vehicles, with only electric motor for propulsion :","","JKDM_HS_Explorer_ACFTA_870380_RATE_2026.html","bfa394c87f5c548abd0197bdfcc3989ad4402230dc4e37229b9504db124342f8"
"ACFTA","870380","8703801100","- - - Go-karts","0","JKDM_HS_Explorer_ACFTA_870380_RATE_2026.html","bfa394c87f5c548abd0197bdfcc3989ad4402230dc4e37229b9504db124342f8"
"ACFTA","870380","8703801200","- - - All-Terrain Vehicles (ATV)","5","JKDM_HS_Explorer_ACFTA_870380_RATE_2026.html","bfa394c87f5c548abd0197bdfcc3989ad4402230dc4e37229b9504db124342f8"
"ACFTA","870380","8703801300","- - - Ambulances","0","JKDM_HS_Explorer_ACFTA_870380_RATE_2026.html","bfa394c87f5c548abd0197bdfcc3989ad4402230dc4e37229b9504db124342f8"
"ACFTA","870380","8703801400","- - - Hearses","5","JKDM_HS_Explorer_ACFTA_870380_RATE_2026.html","bfa394c87f5c548abd0197bdfcc3989ad4402230dc4e37229b9504db124342f8"
"ACFTA","870380","8703801500","- - - Prison vans","5","JKDM_HS_Explorer_ACFTA_870380_RATE_2026.html","bfa394c87f5c548abd0197bdfcc3989ad4402230dc4e37229b9504db124342f8"
"ACFTA","870380","8703801600","- - - Motor-homes","5","JKDM_HS_Explorer_ACFTA_870380_RATE_2026.html","bfa394c87f5c548abd0197bdfcc3989ad4402230dc4e37229b9504db124342f8"
"ACFTA","870380","8703801700","- - - Sedan","5","JKDM_HS_Explorer_ACFTA_870380_RATE_2026.html","bfa394c87f5c548abd0197bdfcc3989ad4402230dc4e37229b9504db124342f8"
"ACFTA","870380","8703801800","- - - Other motor cars (including station wagons and sports cars, but not including vans)","5","JKDM_HS_Explorer_ACFTA_870380_RATE_2026.html","bfa394c87f5c548abd0197bdfcc3989ad4402230dc4e37229b9504db124342f8"
"ACFTA","870380","8703801900","- - - Other","5","JKDM_HS_Explorer_ACFTA_870380_RATE_2026.html","bfa394c87f5c548abd0197bdfcc3989ad4402230dc4e37229b9504db124342f8"
"ACFTA","870380","8703809100","- - - Go-karts","0","JKDM_HS_Explorer_ACFTA_870380_RATE_2026.html","bfa394c87f5c548abd0197bdfcc3989ad4402230dc4e37229b9504db124342f8"
"ACFTA","870380","8703809200","- - - All-Terrain Vehicles (ATV)","5","JKDM_HS_Explorer_ACFTA_870380_RATE_2026.html","bfa394c87f5c548abd0197bdfcc3989ad4402230dc4e37229b9504db124342f8"
"ACFTA","870380","8703809300","- - - Ambulances","0","JKDM_HS_Explorer_ACFTA_870380_RATE_2026.html","bfa394c87f5c548abd0197bdfcc3989ad4402230dc4e37229b9504db124342f8"
"ACFTA","870380","8703809400","- - - Hearses","5","JKDM_HS_Explorer_ACFTA_870380_RATE_2026.html","bfa394c87f5c548abd0197bdfcc3989ad4402230dc4e37229b9504db124342f8"
"ACFTA","870380","8703809500","- - - Prison vans","5","JKDM_HS_Explorer_ACFTA_870380_RATE_2026.html","bfa394c87f5c548abd0197bdfcc3989ad4402230dc4e37229b9504db124342f8"
"ACFTA","870380","8703809600","- - - Motor-homes","5","JKDM_HS_Explorer_ACFTA_870380_RATE_2026.html","bfa394c87f5c548abd0197bdfcc3989ad4402230dc4e37229b9504db124342f8"
"ACFTA","870380","8703809700","- - - Sedan","5","JKDM_HS_Explorer_ACFTA_870380_RATE_2026.html","bfa394c87f5c548abd0197bdfcc3989ad4402230dc4e37229b9504db124342f8"
"ACFTA","870380","8703809800","- - - Other motor cars (including station wagons and sports cars, but not including vans)","5","JKDM_HS_Explorer_ACFTA_870380_RATE_2026.html","bfa394c87f5c548abd0197bdfcc3989ad4402230dc4e37229b9504db124342f8"
"ACFTA","870380","8703809900","- - - Other","5","JKDM_HS_Explorer_ACFTA_870380_RATE_2026.html","bfa394c87f5c548abd0197bdfcc3989ad4402230dc4e37229b9504db124342f8"
"ACFTA","870390","870390","- Other :","","JKDM_HS_Explorer_ACFTA_870390_RATE_2026.html","05c53256212b453ceebc12e7de136ff763433109e522fcc46c80dcf9c1cb304b"
"ACFTA","870390","8703901100","- - - Go-karts","5","JKDM_HS_Explorer_ACFTA_870390_RATE_2026.html","05c53256212b453ceebc12e7de136ff763433109e522fcc46c80dcf9c1cb304b"
"ACFTA","870390","8703901200","- - - All-Terrain Vehicles (ATV)","5","JKDM_HS_Explorer_ACFTA_870390_RATE_2026.html","05c53256212b453ceebc12e7de136ff763433109e522fcc46c80dcf9c1cb304b"
"ACFTA","870390","8703901300","- - - Ambulances","5","JKDM_HS_Explorer_ACFTA_870390_RATE_2026.html","05c53256212b453ceebc12e7de136ff763433109e522fcc46c80dcf9c1cb304b"
"ACFTA","870390","8703901400","- - - Hearses","5","JKDM_HS_Explorer_ACFTA_870390_RATE_2026.html","05c53256212b453ceebc12e7de136ff763433109e522fcc46c80dcf9c1cb304b"
"ACFTA","870390","8703901500","- - - Prison vans","5","JKDM_HS_Explorer_ACFTA_870390_RATE_2026.html","05c53256212b453ceebc12e7de136ff763433109e522fcc46c80dcf9c1cb304b"
"ACFTA","870390","8703901600","- - - Motor-homes","5","JKDM_HS_Explorer_ACFTA_870390_RATE_2026.html","05c53256212b453ceebc12e7de136ff763433109e522fcc46c80dcf9c1cb304b"
"ACFTA","870390","8703901700","- - - Sedan","5","JKDM_HS_Explorer_ACFTA_870390_RATE_2026.html","05c53256212b453ceebc12e7de136ff763433109e522fcc46c80dcf9c1cb304b"
"ACFTA","870390","8703901800","- - - Other motor cars (including station wagons and sports cars, but not including vans)","5","JKDM_HS_Explorer_ACFTA_870390_RATE_2026.html","05c53256212b453ceebc12e7de136ff763433109e522fcc46c80dcf9c1cb304b"
"ACFTA","870390","8703901900","- - - Other","5","JKDM_HS_Explorer_ACFTA_870390_RATE_2026.html","05c53256212b453ceebc12e7de136ff763433109e522fcc46c80dcf9c1cb304b"
"ACFTA","870390","8703909100","- - - Go-karts","30","JKDM_HS_Explorer_ACFTA_870390_RATE_2026.html","05c53256212b453ceebc12e7de136ff763433109e522fcc46c80dcf9c1cb304b"
"ACFTA","870390","8703909200","- - - All-Terrain Vehicles (ATV)","30","JKDM_HS_Explorer_ACFTA_870390_RATE_2026.html","05c53256212b453ceebc12e7de136ff763433109e522fcc46c80dcf9c1cb304b"
"ACFTA","870390","8703909300","- - - Ambulances","30","JKDM_HS_Explorer_ACFTA_870390_RATE_2026.html","05c53256212b453ceebc12e7de136ff763433109e522fcc46c80dcf9c1cb304b"
"ACFTA","870390","8703909400","- - - Hearses","30","JKDM_HS_Explorer_ACFTA_870390_RATE_2026.html","05c53256212b453ceebc12e7de136ff763433109e522fcc46c80dcf9c1cb304b"
"ACFTA","870390","8703909500","- - - Prison vans","30","JKDM_HS_Explorer_ACFTA_870390_RATE_2026.html","05c53256212b453ceebc12e7de136ff763433109e522fcc46c80dcf9c1cb304b"
"ACFTA","870390","8703909600","- - - Motor-homes","30","JKDM_HS_Explorer_ACFTA_870390_RATE_2026.html","05c53256212b453ceebc12e7de136ff763433109e522fcc46c80dcf9c1cb304b"
"ACFTA","870390","8703909700","- - - Sedan","30","JKDM_HS_Explorer_ACFTA_870390_RATE_2026.html","05c53256212b453ceebc12e7de136ff763433109e522fcc46c80dcf9c1cb304b"
"ACFTA","870390","8703909800","- - - Other motor cars (including station wagons and sports cars, but not including vans)","30","JKDM_HS_Explorer_ACFTA_870390_RATE_2026.html","05c53256212b453ceebc12e7de136ff763433109e522fcc46c80dcf9c1cb304b"
"ACFTA","870390","8703909900","- - - Other","30","JKDM_HS_Explorer_ACFTA_870390_RATE_2026.html","05c53256212b453ceebc12e7de136ff763433109e522fcc46c80dcf9c1cb304b"
"ACFTA","870710","870710","- For the vehicles of heading 87.03 :","","JKDM_HS_Explorer_ACFTA_870710_RATE_2026.html","21e8d4fe33db51dd5c3ddff3007c79b22fa379f14b5427dc4a66cd230676b9b2"
"ACFTA","870710","8707101000","- - For go-karts and golf cars (including golf buggies) and similar vehicles","0","JKDM_HS_Explorer_ACFTA_870710_RATE_2026.html","21e8d4fe33db51dd5c3ddff3007c79b22fa379f14b5427dc4a66cd230676b9b2"
"ACFTA","870710","8707102000","- - For ambulances","0","JKDM_HS_Explorer_ACFTA_870710_RATE_2026.html","21e8d4fe33db51dd5c3ddff3007c79b22fa379f14b5427dc4a66cd230676b9b2"
"ACFTA","870710","8707103000","- - For vehicles specially designed for travelling on snow","0","JKDM_HS_Explorer_ACFTA_870710_RATE_2026.html","21e8d4fe33db51dd5c3ddff3007c79b22fa379f14b5427dc4a66cd230676b9b2"
"ACFTA","870710","8707109000","- - Other","0","JKDM_HS_Explorer_ACFTA_870710_RATE_2026.html","21e8d4fe33db51dd5c3ddff3007c79b22fa379f14b5427dc4a66cd230676b9b2"
"ACFTA","870810","870810","- Bumpers and parts thereof:","","JKDM_HS_Explorer_ACFTA_870810_RATE_2026.html","7e1c6f416316e34c12758cebd8c5e7e60806f4b84161fd03f4e48a447aa5dbfc"
"ACFTA","870810","8708101000","- - For vehicles of heading 87.01","0","JKDM_HS_Explorer_ACFTA_870810_RATE_2026.html","7e1c6f416316e34c12758cebd8c5e7e60806f4b84161fd03f4e48a447aa5dbfc"
"ACFTA","870810","8708109000","- - Other","0","JKDM_HS_Explorer_ACFTA_870810_RATE_2026.html","7e1c6f416316e34c12758cebd8c5e7e60806f4b84161fd03f4e48a447aa5dbfc"
"ACFTA","870821","8708210000","- - Safety seat belts","0","JKDM_HS_Explorer_ACFTA_870821_RATE_2026.html","ad9ec4d1d53a3fa8ee9aec18ea42a6e44ee9332a7b34d472e41e5974cc78577b"
"ACFTA","870829","870829","- - Other :","","JKDM_HS_Explorer_ACFTA_870829_RATE_2026.html","7d126408d93bbc7a7a9af7878576b9d5295cfd17418c1677355f8dbc47a20295"
"ACFTA","870829","8708291100","- - - - For vehicles of heading 87.01","0","JKDM_HS_Explorer_ACFTA_870829_RATE_2026.html","7d126408d93bbc7a7a9af7878576b9d5295cfd17418c1677355f8dbc47a20295"
"ACFTA","870829","8708291500","- - - - Door armrests for vehicles of heading 87.03","0","JKDM_HS_Explorer_ACFTA_870829_RATE_2026.html","7d126408d93bbc7a7a9af7878576b9d5295cfd17418c1677355f8dbc47a20295"
"ACFTA","870829","8708291600","- - - - Other, for vehicles of heading 87.03","0","JKDM_HS_Explorer_ACFTA_870829_RATE_2026.html","7d126408d93bbc7a7a9af7878576b9d5295cfd17418c1677355f8dbc47a20295"
"ACFTA","870829","8708291700","- - - - For vehicles of subheading 8704.10","0","JKDM_HS_Explorer_ACFTA_870829_RATE_2026.html","7d126408d93bbc7a7a9af7878576b9d5295cfd17418c1677355f8dbc47a20295"
"ACFTA","870829","8708291800","- - - - For vehicles of heading 87.02 or other vehicles of heading 87.04","0","JKDM_HS_Explorer_ACFTA_870829_RATE_2026.html","7d126408d93bbc7a7a9af7878576b9d5295cfd17418c1677355f8dbc47a20295"
"ACFTA","870829","8708291900","- - - - Other","0","JKDM_HS_Explorer_ACFTA_870829_RATE_2026.html","7d126408d93bbc7a7a9af7878576b9d5295cfd17418c1677355f8dbc47a20295"
"ACFTA","870829","8708292000","- - - Parts of safety seat belts","0","JKDM_HS_Explorer_ACFTA_870829_RATE_2026.html","7d126408d93bbc7a7a9af7878576b9d5295cfd17418c1677355f8dbc47a20295"
"ACFTA","870829","8708299200","- - - - For vehicles of heading 87.01","0","JKDM_HS_Explorer_ACFTA_870829_RATE_2026.html","7d126408d93bbc7a7a9af7878576b9d5295cfd17418c1677355f8dbc47a20295"
"ACFTA","870829","8708299300","- - - - - Interior trim fittings; mudguards","0","JKDM_HS_Explorer_ACFTA_870829_RATE_2026.html","7d126408d93bbc7a7a9af7878576b9d5295cfd17418c1677355f8dbc47a20295"
"ACFTA","870829","8708299400","- - - - - Hood rods","0","JKDM_HS_Explorer_ACFTA_870829_RATE_2026.html","7d126408d93bbc7a7a9af7878576b9d5295cfd17418c1677355f8dbc47a20295"
"ACFTA","870829","8708299500","- - - - - Other","0","JKDM_HS_Explorer_ACFTA_870829_RATE_2026.html","7d126408d93bbc7a7a9af7878576b9d5295cfd17418c1677355f8dbc47a20295"
"ACFTA","870829","8708299600","- - - - - Interior trim fittings; mudguards","0","JKDM_HS_Explorer_ACFTA_870829_RATE_2026.html","7d126408d93bbc7a7a9af7878576b9d5295cfd17418c1677355f8dbc47a20295"
"ACFTA","870829","8708299700","- - - - - Hood rods","0","JKDM_HS_Explorer_ACFTA_870829_RATE_2026.html","7d126408d93bbc7a7a9af7878576b9d5295cfd17418c1677355f8dbc47a20295"
"ACFTA","870829","8708299800","- - - - - Other","0","JKDM_HS_Explorer_ACFTA_870829_RATE_2026.html","7d126408d93bbc7a7a9af7878576b9d5295cfd17418c1677355f8dbc47a20295"
"ACFTA","870829","8708299900","- - - - Other","0","JKDM_HS_Explorer_ACFTA_870829_RATE_2026.html","7d126408d93bbc7a7a9af7878576b9d5295cfd17418c1677355f8dbc47a20295"
"ACFTA","870830","870830","- Brakes and servo-brakes; parts thereof :","","JKDM_HS_Explorer_ACFTA_870830_RATE_2026.html","e21edd3788950172e5728bc227618586bb0beeaf247a63222039e0a4a01b4351"
"ACFTA","870830","8708301000","- - For vehicles of heading 87.01","0","JKDM_HS_Explorer_ACFTA_870830_RATE_2026.html","e21edd3788950172e5728bc227618586bb0beeaf247a63222039e0a4a01b4351"
"ACFTA","870830","8708302100","- - - Brake drums, brake discs or brake pipes","0","JKDM_HS_Explorer_ACFTA_870830_RATE_2026.html","e21edd3788950172e5728bc227618586bb0beeaf247a63222039e0a4a01b4351"
"ACFTA","870830","8708302900","- - - Other","0","JKDM_HS_Explorer_ACFTA_870830_RATE_2026.html","e21edd3788950172e5728bc227618586bb0beeaf247a63222039e0a4a01b4351"
"ACFTA","870830","8708303000","- - Brake drums, brake discs or brake pipes for vehicles of heading 87.02 or 87.04","0","JKDM_HS_Explorer_ACFTA_870830_RATE_2026.html","e21edd3788950172e5728bc227618586bb0beeaf247a63222039e0a4a01b4351"
"ACFTA","870830","8708309000","- - Other","0","JKDM_HS_Explorer_ACFTA_870830_RATE_2026.html","e21edd3788950172e5728bc227618586bb0beeaf247a63222039e0a4a01b4351"
"ACFTA","870840","870840","- Gear boxes and parts thereof :","","JKDM_HS_Explorer_ACFTA_870840_RATE_2026.html","89bbbc14d6c2c7478e950e6589150478f5d07bd600ce4c961d41e47af68c6e7a"
"ACFTA","870840","8708401100","- - - For vehicles of heading 87.03","0","JKDM_HS_Explorer_ACFTA_870840_RATE_2026.html","89bbbc14d6c2c7478e950e6589150478f5d07bd600ce4c961d41e47af68c6e7a"
"ACFTA","870840","8708401300","- - - For vehicles of heading 87.04 or 87.05","0","JKDM_HS_Explorer_ACFTA_870840_RATE_2026.html","89bbbc14d6c2c7478e950e6589150478f5d07bd600ce4c961d41e47af68c6e7a"
"ACFTA","870840","8708401400","- - - For vehicles of heading 87.01","0","JKDM_HS_Explorer_ACFTA_870840_RATE_2026.html","89bbbc14d6c2c7478e950e6589150478f5d07bd600ce4c961d41e47af68c6e7a"
"ACFTA","870840","8708401900","- - - Other","0","JKDM_HS_Explorer_ACFTA_870840_RATE_2026.html","89bbbc14d6c2c7478e950e6589150478f5d07bd600ce4c961d41e47af68c6e7a"
"ACFTA","870840","8708402500","- - - For vehicles of heading 87.01","0","JKDM_HS_Explorer_ACFTA_870840_RATE_2026.html","89bbbc14d6c2c7478e950e6589150478f5d07bd600ce4c961d41e47af68c6e7a"
"ACFTA","870840","8708402600","- - - For vehicles of heading 87.03","0","JKDM_HS_Explorer_ACFTA_870840_RATE_2026.html","89bbbc14d6c2c7478e950e6589150478f5d07bd600ce4c961d41e47af68c6e7a"
"ACFTA","870840","8708402700","- - - For vehicles of heading 87.04 or 87.05","0","JKDM_HS_Explorer_ACFTA_870840_RATE_2026.html","89bbbc14d6c2c7478e950e6589150478f5d07bd600ce4c961d41e47af68c6e7a"
"ACFTA","870840","8708402900","- - - Other","0","JKDM_HS_Explorer_ACFTA_870840_RATE_2026.html","89bbbc14d6c2c7478e950e6589150478f5d07bd600ce4c961d41e47af68c6e7a"
"ACFTA","870840","8708409100","- - - For vehicles of heading 87.01","0","JKDM_HS_Explorer_ACFTA_870840_RATE_2026.html","89bbbc14d6c2c7478e950e6589150478f5d07bd600ce4c961d41e47af68c6e7a"
"ACFTA","870840","8708409200","- - - For vehicles of heading 87.03","0","JKDM_HS_Explorer_ACFTA_870840_RATE_2026.html","89bbbc14d6c2c7478e950e6589150478f5d07bd600ce4c961d41e47af68c6e7a"
"ACFTA","870840","8708409900","- - - Other","0","JKDM_HS_Explorer_ACFTA_870840_RATE_2026.html","89bbbc14d6c2c7478e950e6589150478f5d07bd600ce4c961d41e47af68c6e7a"
"ACFTA","870850","870850","- Drive-axles with differential, whether or not provided with other transmission components, and non-driving axles; parts thereof :","","JKDM_HS_Explorer_ACFTA_870850_RATE_2026.html","dcef9d5c0db98d8985b0883264c86300c442658384f883c724e2d37b04d57b7b"
"ACFTA","870850","8708501100","- - - For vehicles of heading 87.03","0","JKDM_HS_Explorer_ACFTA_870850_RATE_2026.html","dcef9d5c0db98d8985b0883264c86300c442658384f883c724e2d37b04d57b7b"
"ACFTA","870850","8708501300","- - - For vehicles of heading 87.04 or 87.05","0","JKDM_HS_Explorer_ACFTA_870850_RATE_2026.html","dcef9d5c0db98d8985b0883264c86300c442658384f883c724e2d37b04d57b7b"
"ACFTA","870850","8708501500","- - - For vehicles of heading 87.01","0","JKDM_HS_Explorer_ACFTA_870850_RATE_2026.html","dcef9d5c0db98d8985b0883264c86300c442658384f883c724e2d37b04d57b7b"
"ACFTA","870850","8708501900","- - - Other","0","JKDM_HS_Explorer_ACFTA_870850_RATE_2026.html","dcef9d5c0db98d8985b0883264c86300c442658384f883c724e2d37b04d57b7b"
"ACFTA","870850","8708502500","- - - For vehicles of heading 87.01","0","JKDM_HS_Explorer_ACFTA_870850_RATE_2026.html","dcef9d5c0db98d8985b0883264c86300c442658384f883c724e2d37b04d57b7b"
"ACFTA","870850","8708502600","- - - For vehicles of heading 87.03","0","JKDM_HS_Explorer_ACFTA_870850_RATE_2026.html","dcef9d5c0db98d8985b0883264c86300c442658384f883c724e2d37b04d57b7b"
"ACFTA","870850","8708502700","- - - For vehicles of heading 87.04 or 87.05","0","JKDM_HS_Explorer_ACFTA_870850_RATE_2026.html","dcef9d5c0db98d8985b0883264c86300c442658384f883c724e2d37b04d57b7b"
"ACFTA","870850","8708502900","- - - Other","0","JKDM_HS_Explorer_ACFTA_870850_RATE_2026.html","dcef9d5c0db98d8985b0883264c86300c442658384f883c724e2d37b04d57b7b"
"ACFTA","870850","8708509100","- - - - Crown wheels and pinions","0","JKDM_HS_Explorer_ACFTA_870850_RATE_2026.html","dcef9d5c0db98d8985b0883264c86300c442658384f883c724e2d37b04d57b7b"
"ACFTA","870850","8708509200","- - - - Other","0","JKDM_HS_Explorer_ACFTA_870850_RATE_2026.html","dcef9d5c0db98d8985b0883264c86300c442658384f883c724e2d37b04d57b7b"
"ACFTA","870850","8708509400","- - - - Crown wheels and pinions","0","JKDM_HS_Explorer_ACFTA_870850_RATE_2026.html","dcef9d5c0db98d8985b0883264c86300c442658384f883c724e2d37b04d57b7b"
"ACFTA","870850","8708509500","- - - - Other","0","JKDM_HS_Explorer_ACFTA_870850_RATE_2026.html","dcef9d5c0db98d8985b0883264c86300c442658384f883c724e2d37b04d57b7b"
"ACFTA","870850","8708509600","- - - - Crown wheels and pinions","0","JKDM_HS_Explorer_ACFTA_870850_RATE_2026.html","dcef9d5c0db98d8985b0883264c86300c442658384f883c724e2d37b04d57b7b"
"ACFTA","870850","8708509900","- - - - Other","0","JKDM_HS_Explorer_ACFTA_870850_RATE_2026.html","dcef9d5c0db98d8985b0883264c86300c442658384f883c724e2d37b04d57b7b"
"ACFTA","870870","870870","- Road wheels and parts and accessories thereof :","","JKDM_HS_Explorer_ACFTA_870870_RATE_2026.html","2fa5c40b515aa588cdafc1f396a682f07e969e1d2b1df722f46c66c33727505e"
"ACFTA","870870","8708701500","- - - For vehicles of heading 87.01","0","JKDM_HS_Explorer_ACFTA_870870_RATE_2026.html","2fa5c40b515aa588cdafc1f396a682f07e969e1d2b1df722f46c66c33727505e"
"ACFTA","870870","8708701600","- - - For vehicles of heading 87.03","0","JKDM_HS_Explorer_ACFTA_870870_RATE_2026.html","2fa5c40b515aa588cdafc1f396a682f07e969e1d2b1df722f46c66c33727505e"
"ACFTA","870870","8708701700","- - - - For vehicles of subheading 8704.10","0","JKDM_HS_Explorer_ACFTA_870870_RATE_2026.html","2fa5c40b515aa588cdafc1f396a682f07e969e1d2b1df722f46c66c33727505e"
"ACFTA","870870","8708701800","- - - - Other","0","JKDM_HS_Explorer_ACFTA_870870_RATE_2026.html","2fa5c40b515aa588cdafc1f396a682f07e969e1d2b1df722f46c66c33727505e"
"ACFTA","870870","8708701900","- - - Other","0","JKDM_HS_Explorer_ACFTA_870870_RATE_2026.html","2fa5c40b515aa588cdafc1f396a682f07e969e1d2b1df722f46c66c33727505e"
"ACFTA","870870","8708702100","- - - For vehicles of heading 87.01","0","JKDM_HS_Explorer_ACFTA_870870_RATE_2026.html","2fa5c40b515aa588cdafc1f396a682f07e969e1d2b1df722f46c66c33727505e"
"ACFTA","870870","8708702200","- - - For vehicles of heading 87.03","0","JKDM_HS_Explorer_ACFTA_870870_RATE_2026.html","2fa5c40b515aa588cdafc1f396a682f07e969e1d2b1df722f46c66c33727505e"
"ACFTA","870870","8708702300","- - - For vehicles of heading 87.02 or 87.04 (excluding subheading 8704.10)","0","JKDM_HS_Explorer_ACFTA_870870_RATE_2026.html","2fa5c40b515aa588cdafc1f396a682f07e969e1d2b1df722f46c66c33727505e"
"ACFTA","870870","8708702900","- - - Other","0","JKDM_HS_Explorer_ACFTA_870870_RATE_2026.html","2fa5c40b515aa588cdafc1f396a682f07e969e1d2b1df722f46c66c33727505e"
"ACFTA","870870","8708703100","- - - For vehicles of heading 87.01","0","JKDM_HS_Explorer_ACFTA_870870_RATE_2026.html","2fa5c40b515aa588cdafc1f396a682f07e969e1d2b1df722f46c66c33727505e"
"ACFTA","870870","8708703200","- - - For vehicles of heading 87.03","0","JKDM_HS_Explorer_ACFTA_870870_RATE_2026.html","2fa5c40b515aa588cdafc1f396a682f07e969e1d2b1df722f46c66c33727505e"
"ACFTA","870870","8708703300","- - - For dumpers designed for off-highway use with g.v.w. exceeding 45 t","0","JKDM_HS_Explorer_ACFTA_870870_RATE_2026.html","2fa5c40b515aa588cdafc1f396a682f07e969e1d2b1df722f46c66c33727505e"
"ACFTA","870870","8708703400","- - - For vehicles of heading 87.02 or other vehicles of heading 87.04","0","JKDM_HS_Explorer_ACFTA_870870_RATE_2026.html","2fa5c40b515aa588cdafc1f396a682f07e969e1d2b1df722f46c66c33727505e"
"ACFTA","870870","8708703900","- - - Other","0","JKDM_HS_Explorer_ACFTA_870870_RATE_2026.html","2fa5c40b515aa588cdafc1f396a682f07e969e1d2b1df722f46c66c33727505e"
"ACFTA","870870","8708709500","- - - For vehicles of heading 87.01","0","JKDM_HS_Explorer_ACFTA_870870_RATE_2026.html","2fa5c40b515aa588cdafc1f396a682f07e969e1d2b1df722f46c66c33727505e"
"ACFTA","870870","8708709600","- - - For vehicles of heading 87.02 or 87.04","0","JKDM_HS_Explorer_ACFTA_870870_RATE_2026.html","2fa5c40b515aa588cdafc1f396a682f07e969e1d2b1df722f46c66c33727505e"
"ACFTA","870870","8708709700","- - - For vehicles of heading 87.03","0","JKDM_HS_Explorer_ACFTA_870870_RATE_2026.html","2fa5c40b515aa588cdafc1f396a682f07e969e1d2b1df722f46c66c33727505e"
"ACFTA","870870","8708709900","- - - Other","0","JKDM_HS_Explorer_ACFTA_870870_RATE_2026.html","2fa5c40b515aa588cdafc1f396a682f07e969e1d2b1df722f46c66c33727505e"
"ACFTA","870880","870880","- Suspension systems and parts thereof (including shock- absorbers) :","","JKDM_HS_Explorer_ACFTA_870880_RATE_2026.html","ef612ecfa42aef5d1bfe9a43d376792b1cf1694d2ba0120351385d76109141aa"
"ACFTA","870880","8708801500","- - - For vehicles of heading 87.01","0","JKDM_HS_Explorer_ACFTA_870880_RATE_2026.html","ef612ecfa42aef5d1bfe9a43d376792b1cf1694d2ba0120351385d76109141aa"
"ACFTA","870880","8708801600","- - - For vehicles of heading 87.03","0","JKDM_HS_Explorer_ACFTA_870880_RATE_2026.html","ef612ecfa42aef5d1bfe9a43d376792b1cf1694d2ba0120351385d76109141aa"
"ACFTA","870880","8708801700","- - - For vehicles of subheading 8704.10 or heading 87.05","0","JKDM_HS_Explorer_ACFTA_870880_RATE_2026.html","ef612ecfa42aef5d1bfe9a43d376792b1cf1694d2ba0120351385d76109141aa"
"ACFTA","870880","8708801900","- - - Other","0","JKDM_HS_Explorer_ACFTA_870880_RATE_2026.html","ef612ecfa42aef5d1bfe9a43d376792b1cf1694d2ba0120351385d76109141aa"
"ACFTA","870880","8708809100","- - - For vehicles of heading 87.01","0","JKDM_HS_Explorer_ACFTA_870880_RATE_2026.html","ef612ecfa42aef5d1bfe9a43d376792b1cf1694d2ba0120351385d76109141aa"
"ACFTA","870880","8708809200","- - - For vehicles of heading 87.03","0","JKDM_HS_Explorer_ACFTA_870880_RATE_2026.html","ef612ecfa42aef5d1bfe9a43d376792b1cf1694d2ba0120351385d76109141aa"
"ACFTA","870880","8708809900","- - - Other","0","JKDM_HS_Explorer_ACFTA_870880_RATE_2026.html","ef612ecfa42aef5d1bfe9a43d376792b1cf1694d2ba0120351385d76109141aa"
"ACFTA","870891","870891","- - Radiators and parts thereof :","","JKDM_HS_Explorer_ACFTA_870891_RATE_2026.html","146d98fcbae2be8c7d6c73c6cd33ea83f5b2cd5eef62cd423efaf4915bd6ccd2"
"ACFTA","870891","8708911500","- - - - For vehicles of heading 87.01","0","JKDM_HS_Explorer_ACFTA_870891_RATE_2026.html","146d98fcbae2be8c7d6c73c6cd33ea83f5b2cd5eef62cd423efaf4915bd6ccd2"
"ACFTA","870891","8708911600","- - - - For vehicles of heading 87.03","0","JKDM_HS_Explorer_ACFTA_870891_RATE_2026.html","146d98fcbae2be8c7d6c73c6cd33ea83f5b2cd5eef62cd423efaf4915bd6ccd2"
"ACFTA","870891","8708911700","- - - - - For vehicles of subheading 8704.10","0","JKDM_HS_Explorer_ACFTA_870891_RATE_2026.html","146d98fcbae2be8c7d6c73c6cd33ea83f5b2cd5eef62cd423efaf4915bd6ccd2"
"ACFTA","870891","8708911800","- - - - - Other","0","JKDM_HS_Explorer_ACFTA_870891_RATE_2026.html","146d98fcbae2be8c7d6c73c6cd33ea83f5b2cd5eef62cd423efaf4915bd6ccd2"
"ACFTA","870891","8708911900","- - - - Other","0","JKDM_HS_Explorer_ACFTA_870891_RATE_2026.html","146d98fcbae2be8c7d6c73c6cd33ea83f5b2cd5eef62cd423efaf4915bd6ccd2"
"ACFTA","870891","8708919100","- - - - For vehicles of heading 87.01","0","JKDM_HS_Explorer_ACFTA_870891_RATE_2026.html","146d98fcbae2be8c7d6c73c6cd33ea83f5b2cd5eef62cd423efaf4915bd6ccd2"
"ACFTA","870891","8708919300","- - - - Drain plugs, for vehicles of heading 87.03","0","JKDM_HS_Explorer_ACFTA_870891_RATE_2026.html","146d98fcbae2be8c7d6c73c6cd33ea83f5b2cd5eef62cd423efaf4915bd6ccd2"
"ACFTA","870891","8708919400","- - - - Drain plugs, for vehicles of heading 87.02 or 87.04 (excluding subheading 8704.10)","0","JKDM_HS_Explorer_ACFTA_870891_RATE_2026.html","146d98fcbae2be8c7d6c73c6cd33ea83f5b2cd5eef62cd423efaf4915bd6ccd2"
"ACFTA","870891","8708919500","- - - - Other, for vehicles of heading 87.03","0","JKDM_HS_Explorer_ACFTA_870891_RATE_2026.html","146d98fcbae2be8c7d6c73c6cd33ea83f5b2cd5eef62cd423efaf4915bd6ccd2"
"ACFTA","870891","8708919900","- - - - Other","0","JKDM_HS_Explorer_ACFTA_870891_RATE_2026.html","146d98fcbae2be8c7d6c73c6cd33ea83f5b2cd5eef62cd423efaf4915bd6ccd2"
"ACFTA","870892","870892","- - Silencers (mufflers) and exhaust pipes; parts thereof :","","JKDM_HS_Explorer_ACFTA_870892_RATE_2026.html","0b7147704ee5f777dc7c6e0e52290c2d435935eed08e824b4e8e7c80ea75070d"
"ACFTA","870892","8708921000","- - - For vehicles of heading 87.01","0","JKDM_HS_Explorer_ACFTA_870892_RATE_2026.html","0b7147704ee5f777dc7c6e0e52290c2d435935eed08e824b4e8e7c80ea75070d"
"ACFTA","870892","8708922000","- - - For vehicles of heading 87.03","0","JKDM_HS_Explorer_ACFTA_870892_RATE_2026.html","0b7147704ee5f777dc7c6e0e52290c2d435935eed08e824b4e8e7c80ea75070d"
"ACFTA","870892","8708925100","- - - - Silencers (mufflers) and exhaust pipes","0","JKDM_HS_Explorer_ACFTA_870892_RATE_2026.html","0b7147704ee5f777dc7c6e0e52290c2d435935eed08e824b4e8e7c80ea75070d"
"ACFTA","870892","8708925200","- - - - Parts","0","JKDM_HS_Explorer_ACFTA_870892_RATE_2026.html","0b7147704ee5f777dc7c6e0e52290c2d435935eed08e824b4e8e7c80ea75070d"
"ACFTA","870892","8708926100","- - - - Silencers (mufflers) and exhaust pipes","0","JKDM_HS_Explorer_ACFTA_870892_RATE_2026.html","0b7147704ee5f777dc7c6e0e52290c2d435935eed08e824b4e8e7c80ea75070d"
"ACFTA","870892","8708926200","- - - - Parts","0","JKDM_HS_Explorer_ACFTA_870892_RATE_2026.html","0b7147704ee5f777dc7c6e0e52290c2d435935eed08e824b4e8e7c80ea75070d"
"ACFTA","870892","8708929000","- - - Other","0","JKDM_HS_Explorer_ACFTA_870892_RATE_2026.html","0b7147704ee5f777dc7c6e0e52290c2d435935eed08e824b4e8e7c80ea75070d"
"ACFTA","870893","870893","- - Clutches and parts thereof :","","JKDM_HS_Explorer_ACFTA_870893_RATE_2026.html","78aeebedd87f36f2c57882ce9585395175f8da6dc5a4039ef4ee52efa68b4c54"
"ACFTA","870893","8708935000","- - - For vehicles of heading 87.01","0","JKDM_HS_Explorer_ACFTA_870893_RATE_2026.html","78aeebedd87f36f2c57882ce9585395175f8da6dc5a4039ef4ee52efa68b4c54"
"ACFTA","870893","8708936000","- - - For vehicles of heading 87.03","0","JKDM_HS_Explorer_ACFTA_870893_RATE_2026.html","78aeebedd87f36f2c57882ce9585395175f8da6dc5a4039ef4ee52efa68b4c54"
"ACFTA","870893","8708937000","- - - For vehicles of heading 87.04 or 87.05","0","JKDM_HS_Explorer_ACFTA_870893_RATE_2026.html","78aeebedd87f36f2c57882ce9585395175f8da6dc5a4039ef4ee52efa68b4c54"
"ACFTA","870893","8708939000","- - - Other","0","JKDM_HS_Explorer_ACFTA_870893_RATE_2026.html","78aeebedd87f36f2c57882ce9585395175f8da6dc5a4039ef4ee52efa68b4c54"
"ACFTA","870894","870894","- - Steering wheels, steering columns and steering boxes; parts thereof :","","JKDM_HS_Explorer_ACFTA_870894_RATE_2026.html","fd195eea2aa05d377d1c11c21ffa08f36083e328e7f8361a2357b1387ae46907"
"ACFTA","870894","8708941100","- - - - For vehicles of heading 87.01","0","JKDM_HS_Explorer_ACFTA_870894_RATE_2026.html","fd195eea2aa05d377d1c11c21ffa08f36083e328e7f8361a2357b1387ae46907"
"ACFTA","870894","8708941900","- - - - Other","0","JKDM_HS_Explorer_ACFTA_870894_RATE_2026.html","fd195eea2aa05d377d1c11c21ffa08f36083e328e7f8361a2357b1387ae46907"
"ACFTA","870894","8708949400","- - - - For vehicles of heading 87.01","0","JKDM_HS_Explorer_ACFTA_870894_RATE_2026.html","fd195eea2aa05d377d1c11c21ffa08f36083e328e7f8361a2357b1387ae46907"
"ACFTA","870894","8708949500","- - - - For vehicles of heading 87.03","0","JKDM_HS_Explorer_ACFTA_870894_RATE_2026.html","fd195eea2aa05d377d1c11c21ffa08f36083e328e7f8361a2357b1387ae46907"
"ACFTA","870894","8708949900","- - - - Other","0","JKDM_HS_Explorer_ACFTA_870894_RATE_2026.html","fd195eea2aa05d377d1c11c21ffa08f36083e328e7f8361a2357b1387ae46907"
"ACFTA","870895","870895","- - Safety airbags with inflater system; parts thereof :","","JKDM_HS_Explorer_ACFTA_870895_RATE_2026.html","715186a68d2b24fd4d350dfc747f6eb73c42511d1861430d72515ad0cb0af4e7"
"ACFTA","870895","8708951000","- - - Safety airbags with inflater system","0","JKDM_HS_Explorer_ACFTA_870895_RATE_2026.html","715186a68d2b24fd4d350dfc747f6eb73c42511d1861430d72515ad0cb0af4e7"
"ACFTA","870895","8708959000","- - - Parts","0","JKDM_HS_Explorer_ACFTA_870895_RATE_2026.html","715186a68d2b24fd4d350dfc747f6eb73c42511d1861430d72515ad0cb0af4e7"
"ACFTA","870899","870899","- - Other :","","JKDM_HS_Explorer_ACFTA_870899_RATE_2026.html","61f55e68029088da60bc154d253c47081a4f0b4e9f66222aff9445c46571bd77"
"ACFTA","870899","8708991100","- - - - Unassembled fuel tanks; engine brackets","0","JKDM_HS_Explorer_ACFTA_870899_RATE_2026.html","61f55e68029088da60bc154d253c47081a4f0b4e9f66222aff9445c46571bd77"
"ACFTA","870899","8708991900","- - - - Other","0","JKDM_HS_Explorer_ACFTA_870899_RATE_2026.html","61f55e68029088da60bc154d253c47081a4f0b4e9f66222aff9445c46571bd77"
"ACFTA","870899","8708992100","- - - - - Fuel tanks","0","JKDM_HS_Explorer_ACFTA_870899_RATE_2026.html","61f55e68029088da60bc154d253c47081a4f0b4e9f66222aff9445c46571bd77"
"ACFTA","870899","8708992400","- - - - - Lower half of the fuel tank; fuel caps; filler pipes; filler hose assembly; fuel tank bands","0","JKDM_HS_Explorer_ACFTA_870899_RATE_2026.html","61f55e68029088da60bc154d253c47081a4f0b4e9f66222aff9445c46571bd77"
"ACFTA","870899","8708992500","- - - - - Other parts","0","JKDM_HS_Explorer_ACFTA_870899_RATE_2026.html","61f55e68029088da60bc154d253c47081a4f0b4e9f66222aff9445c46571bd77"
"ACFTA","870899","8708993000","- - - - Accelerator, brake or clutch pedals","0","JKDM_HS_Explorer_ACFTA_870899_RATE_2026.html","61f55e68029088da60bc154d253c47081a4f0b4e9f66222aff9445c46571bd77"
"ACFTA","870899","8708994000","- - - - Battery carriers or trays and brackets therefor","0","JKDM_HS_Explorer_ACFTA_870899_RATE_2026.html","61f55e68029088da60bc154d253c47081a4f0b4e9f66222aff9445c46571bd77"
"ACFTA","870899","8708995000","- - - - Radiator shrouds","0","JKDM_HS_Explorer_ACFTA_870899_RATE_2026.html","61f55e68029088da60bc154d253c47081a4f0b4e9f66222aff9445c46571bd77"
"ACFTA","870899","8708996100","- - - - - For vehicles of heading 87.02","0","JKDM_HS_Explorer_ACFTA_870899_RATE_2026.html","61f55e68029088da60bc154d253c47081a4f0b4e9f66222aff9445c46571bd77"
"ACFTA","870899","8708996200","- - - - - For vehicles of heading 87.03","0","JKDM_HS_Explorer_ACFTA_870899_RATE_2026.html","61f55e68029088da60bc154d253c47081a4f0b4e9f66222aff9445c46571bd77"
"ACFTA","870899","8708996300","- - - - - For vehicles of heading 87.04","0","JKDM_HS_Explorer_ACFTA_870899_RATE_2026.html","61f55e68029088da60bc154d253c47081a4f0b4e9f66222aff9445c46571bd77"
"ACFTA","870899","8708997000","- - - - Engine brackets","0","JKDM_HS_Explorer_ACFTA_870899_RATE_2026.html","61f55e68029088da60bc154d253c47081a4f0b4e9f66222aff9445c46571bd77"
"ACFTA","870899","8708998000","- - - - Other","0","JKDM_HS_Explorer_ACFTA_870899_RATE_2026.html","61f55e68029088da60bc154d253c47081a4f0b4e9f66222aff9445c46571bd77"
"ACFTA","870899","8708999100","- - - - Unassembled fuel tanks; engine brackets","0","JKDM_HS_Explorer_ACFTA_870899_RATE_2026.html","61f55e68029088da60bc154d253c47081a4f0b4e9f66222aff9445c46571bd77"
"ACFTA","870899","8708999900","- - - - Other","0","JKDM_HS_Explorer_ACFTA_870899_RATE_2026.html","61f55e68029088da60bc154d253c47081a4f0b4e9f66222aff9445c46571bd77"
"ACFTA","902920","902920","- Speed indicators and tachometers; stroboscopes :","","JKDM_HS_Explorer_ACFTA_902920_RATE_2026.html","63061daac95b40352e238ead996e25e9404a4271ba7ead5c7f80a60e861c99ca"
"ACFTA","902920","9029201000","- - Speedometers for motor vehicles","0","JKDM_HS_Explorer_ACFTA_902920_RATE_2026.html","63061daac95b40352e238ead996e25e9404a4271ba7ead5c7f80a60e861c99ca"
"ACFTA","902920","9029202000","- - Tachometers for motor vehicles","0","JKDM_HS_Explorer_ACFTA_902920_RATE_2026.html","63061daac95b40352e238ead996e25e9404a4271ba7ead5c7f80a60e861c99ca"
"ACFTA","902920","9029209000","- - Other","0","JKDM_HS_Explorer_ACFTA_902920_RATE_2026.html","63061daac95b40352e238ead996e25e9404a4271ba7ead5c7f80a60e861c99ca"
"ACFTA","903289","903289","- - Other :","","JKDM_HS_Explorer_ACFTA_903289_RATE_2026.html","facd11b888058b29518391a24b0ad6e4e98f8551c8ae5f641d1442667fb56944"
"ACFTA","903289","9032891000","- - - Instruments and apparatus incorporating or working in conjunction with an automatic data processing machine, for automatically regulating or controlling the propulsion, ballast or cargo handling systems of ships","0","JKDM_HS_Explorer_ACFTA_903289_RATE_2026.html","facd11b888058b29518391a24b0ad6e4e98f8551c8ae5f641d1442667fb56944"
"ACFTA","903289","9032892000","- - - Automatic instruments and apparatus for regulating or controlling chemical or electrochemical solutions in the manufacture of printed circuit boards/printed wiring boards or printed circuit assemblies","0","JKDM_HS_Explorer_ACFTA_903289_RATE_2026.html","facd11b888058b29518391a24b0ad6e4e98f8551c8ae5f641d1442667fb56944"
"ACFTA","903289","9032893100","- - - - Automatic regulating voltage units (stabilisers)","0","JKDM_HS_Explorer_ACFTA_903289_RATE_2026.html","facd11b888058b29518391a24b0ad6e4e98f8551c8ae5f641d1442667fb56944"
"ACFTA","903289","9032893900","- - - - Other","0","JKDM_HS_Explorer_ACFTA_903289_RATE_2026.html","facd11b888058b29518391a24b0ad6e4e98f8551c8ae5f641d1442667fb56944"
"ACFTA","903289","9032899000","- - - Other","0","JKDM_HS_Explorer_ACFTA_903289_RATE_2026.html","facd11b888058b29518391a24b0ad6e4e98f8551c8ae5f641d1442667fb56944"
"ACFTA","940120","940120","- Seats of a kind used for motor vehicles :","","JKDM_HS_Explorer_ACFTA_940120_RATE_2026.html","49183c8e0ef109fa8e308f37d3add2438138fb2f0ed5057befb3b8d7f231ea66"
"ACFTA","940120","9401201000","- - Of a kind used for vehicles of heading 87.02, 87.03 or 87.04","0","JKDM_HS_Explorer_ACFTA_940120_RATE_2026.html","49183c8e0ef109fa8e308f37d3add2438138fb2f0ed5057befb3b8d7f231ea66"
"ACFTA","940120","9401209000","- - Other","0","JKDM_HS_Explorer_ACFTA_940120_RATE_2026.html","49183c8e0ef109fa8e308f37d3add2438138fb2f0ed5057befb3b8d7f231ea66"
"RCEP","400932","4009321000","- - - Mining slurry suction and discharge hoses","30.0%","JKDM_HS_Explorer_RCEP_400932_RATE_2026.html","9ff5f5fd3e657a1d78c54a2ba78c0cf7bcbdecf306f85ff874b6a0acb1d54fb0"
"RCEP","400932","4009322000","- - - Rubber hose of a kind used for gas stove","30.0%","JKDM_HS_Explorer_RCEP_400932_RATE_2026.html","9ff5f5fd3e657a1d78c54a2ba78c0cf7bcbdecf306f85ff874b6a0acb1d54fb0"
"RCEP","400932","4009329000","- - - Other","30.0%","JKDM_HS_Explorer_RCEP_400932_RATE_2026.html","9ff5f5fd3e657a1d78c54a2ba78c0cf7bcbdecf306f85ff874b6a0acb1d54fb0"
"RCEP","401110","4011100000","- Of a kind used on motor cars (including station","40.0%","JKDM_HS_Explorer_RCEP_401110_RATE_2026.html","6fdd2aeb50542de7179a673251a3cb99bcf316465188f9cdf7cc21e5d696d82a"
"RCEP","681381","6813810000","- - Brake linings and pads","30.0%","JKDM_HS_Explorer_RCEP_681381_RATE_2026.html","71c1d0e76fa94c49fcecbec02d2cd54d29c181b5eed9d1678f934b5a705c2b44"
"RCEP","700721","7007211000","- - - Suitable for vehicles of Chapter 87","30.0%","JKDM_HS_Explorer_RCEP_700721_RATE_2026.html","8307c20ef81d23062d85acbc61f2ff52e9043b0ce61df4e64ace01474b6993fa"
"RCEP","700721","7007212000","- - - Suitable for aircraft or spacecraft of Chapt","30.0%","JKDM_HS_Explorer_RCEP_700721_RATE_2026.html","8307c20ef81d23062d85acbc61f2ff52e9043b0ce61df4e64ace01474b6993fa"
"RCEP","700721","7007213000","- - - Suitable for railway or tramway locomotives","30.0%","JKDM_HS_Explorer_RCEP_700721_RATE_2026.html","8307c20ef81d23062d85acbc61f2ff52e9043b0ce61df4e64ace01474b6993fa"
"RCEP","700721","7007214000","- - - Suitable for vessels of Chapter 89","30.0%","JKDM_HS_Explorer_RCEP_700721_RATE_2026.html","8307c20ef81d23062d85acbc61f2ff52e9043b0ce61df4e64ace01474b6993fa"
"RCEP","700910","7009100000","- Rear-view mirrors for vehicles","0.0%","JKDM_HS_Explorer_RCEP_700910_RATE_2026.html","b50c51d4dfc90f6be6031ee60dff26354306e37d6295e5a3c4a10798b592683f"
"RCEP","732010","7320101100","- - - Suitable for use on motor vehicles of headin","4.5%","JKDM_HS_Explorer_RCEP_732010_RATE_2026.html","13a728508969d5f1120940ca5797e547515cdaca4f75a235ecff2c157f311d1b"
"RCEP","732010","7320101200","- - - Suitable for use on other motor vehicles","4.5%","JKDM_HS_Explorer_RCEP_732010_RATE_2026.html","13a728508969d5f1120940ca5797e547515cdaca4f75a235ecff2c157f311d1b"
"RCEP","732010","7320101900","- - - Other","4.5%","JKDM_HS_Explorer_RCEP_732010_RATE_2026.html","13a728508969d5f1120940ca5797e547515cdaca4f75a235ecff2c157f311d1b"
"RCEP","732010","7320109000","- - Other","4.5%","JKDM_HS_Explorer_RCEP_732010_RATE_2026.html","13a728508969d5f1120940ca5797e547515cdaca4f75a235ecff2c157f311d1b"
"RCEP","732020","7320201100","- - - For motor vehicles","4.5%","JKDM_HS_Explorer_RCEP_732020_RATE_2026.html","3f1691daa99782c8f000b8c64daf7e9283647854e28c2d0f46982587aed9d7af"
"RCEP","732020","7320201200","- - - For earth-moving machinery","4.5%","JKDM_HS_Explorer_RCEP_732020_RATE_2026.html","3f1691daa99782c8f000b8c64daf7e9283647854e28c2d0f46982587aed9d7af"
"RCEP","732020","7320201900","- - - Other","4.5%","JKDM_HS_Explorer_RCEP_732020_RATE_2026.html","3f1691daa99782c8f000b8c64daf7e9283647854e28c2d0f46982587aed9d7af"
"RCEP","732020","7320209000","- - Other","4.5%","JKDM_HS_Explorer_RCEP_732020_RATE_2026.html","3f1691daa99782c8f000b8c64daf7e9283647854e28c2d0f46982587aed9d7af"
"RCEP","840734","8407344000","- - - - For pedestrian controlled tractors, of a c","0.0%","JKDM_HS_Explorer_RCEP_840734_RATE_2026.html","76988ee76043883d457bb60d2030ba48c546218b190a965e409edfb61f1cc244"
"RCEP","840734","8407345000","- - - - For other vehicles of heading 87.01","0.0%","JKDM_HS_Explorer_RCEP_840734_RATE_2026.html","76988ee76043883d457bb60d2030ba48c546218b190a965e409edfb61f1cc244"
"RCEP","840734","8407346000","- - - - For vehicles of heading 87.11","0.0%","JKDM_HS_Explorer_RCEP_840734_RATE_2026.html","76988ee76043883d457bb60d2030ba48c546218b190a965e409edfb61f1cc244"
"RCEP","840734","8407347100","- - - - - Of a cylinder capacity not exceeding 2,0","0.0%","JKDM_HS_Explorer_RCEP_840734_RATE_2026.html","76988ee76043883d457bb60d2030ba48c546218b190a965e409edfb61f1cc244"
"RCEP","840734","8407347200","- - - - - Of a cylinder capacity exceeding 2,000 c","0.0%","JKDM_HS_Explorer_RCEP_840734_RATE_2026.html","76988ee76043883d457bb60d2030ba48c546218b190a965e409edfb61f1cc244"
"RCEP","840734","8407347300","- - - - - Of a cylinder capacity exceeding 3,000 c","0.0%","JKDM_HS_Explorer_RCEP_840734_RATE_2026.html","76988ee76043883d457bb60d2030ba48c546218b190a965e409edfb61f1cc244"
"RCEP","840734","8407349100","- - - - For pedestrian controlled tractors, of a c","0.0%","JKDM_HS_Explorer_RCEP_840734_RATE_2026.html","76988ee76043883d457bb60d2030ba48c546218b190a965e409edfb61f1cc244"
"RCEP","840734","8407349200","- - - - For other vehicles of heading 87.01","0.0%","JKDM_HS_Explorer_RCEP_840734_RATE_2026.html","76988ee76043883d457bb60d2030ba48c546218b190a965e409edfb61f1cc244"
"RCEP","840734","8407349300","- - - - For vehicles of heading 87.11","0.0%","JKDM_HS_Explorer_RCEP_840734_RATE_2026.html","76988ee76043883d457bb60d2030ba48c546218b190a965e409edfb61f1cc244"
"RCEP","840734","8407349400","- - - - - Of a cylinder capacity not exceeding 2,0","0.0%","JKDM_HS_Explorer_RCEP_840734_RATE_2026.html","76988ee76043883d457bb60d2030ba48c546218b190a965e409edfb61f1cc244"
"RCEP","840734","8407349500","- - - - - Of a cylinder capacity exceeding 2,000 c","0.0%","JKDM_HS_Explorer_RCEP_840734_RATE_2026.html","76988ee76043883d457bb60d2030ba48c546218b190a965e409edfb61f1cc244"
"RCEP","840734","8407349900","- - - - - Of a cylinder capacity exceeding 3,000 c","0.0%","JKDM_HS_Explorer_RCEP_840734_RATE_2026.html","76988ee76043883d457bb60d2030ba48c546218b190a965e409edfb61f1cc244"
"RCEP","840820","8408201000","- - - For vehicles of subheading 8701.10","0.0%","JKDM_HS_Explorer_RCEP_840820_RATE_2026.html","c007859a3cdd949a3fe9be7a2df9caf8c8d37b1a12e6f45b132eabdc5181bfc0"
"RCEP","840820","8408202100","- - - - Of a cylinder capacity not exceeding 2,00","0.0%","JKDM_HS_Explorer_RCEP_840820_RATE_2026.html","c007859a3cdd949a3fe9be7a2df9caf8c8d37b1a12e6f45b132eabdc5181bfc0"
"RCEP","840820","8408202200","- - - - Of a cylinder capacity exceeding 2,000 cc","0.0%","JKDM_HS_Explorer_RCEP_840820_RATE_2026.html","c007859a3cdd949a3fe9be7a2df9caf8c8d37b1a12e6f45b132eabdc5181bfc0"
"RCEP","840820","8408202300","- - - - Of a cylinder capacity exceeding 3,500 cc","0.0%","JKDM_HS_Explorer_RCEP_840820_RATE_2026.html","c007859a3cdd949a3fe9be7a2df9caf8c8d37b1a12e6f45b132eabdc5181bfc0"
"RCEP","840820","8408209300","- - - For the vehicles of subheading 8701.10","0.0%","JKDM_HS_Explorer_RCEP_840820_RATE_2026.html","c007859a3cdd949a3fe9be7a2df9caf8c8d37b1a12e6f45b132eabdc5181bfc0"
"RCEP","840820","8408209400","- - - - Of a cylinder capacity not exceeding 2,00","0.0%","JKDM_HS_Explorer_RCEP_840820_RATE_2026.html","c007859a3cdd949a3fe9be7a2df9caf8c8d37b1a12e6f45b132eabdc5181bfc0"
"RCEP","840820","8408209500","- - - - Of a cylinder capacity exceeding 2,000 cc","0.0%","JKDM_HS_Explorer_RCEP_840820_RATE_2026.html","c007859a3cdd949a3fe9be7a2df9caf8c8d37b1a12e6f45b132eabdc5181bfc0"
"RCEP","840820","8408209600","- - - - Of a cylinder capacity exceeding 3,500 cc","0.0%","JKDM_HS_Explorer_RCEP_840820_RATE_2026.html","c007859a3cdd949a3fe9be7a2df9caf8c8d37b1a12e6f45b132eabdc5181bfc0"
"RCEP","840991","8409911100","- - - - Carburettors and parts thereof","2.5%","JKDM_HS_Explorer_RCEP_840991_RATE_2026.html","e7703727a4a7f9a873e45efd8dba41a1ba5240c7b87083f1fe86735d643c65f7"
"RCEP","840991","8409911200","- - - - Cylinder blocks; crank cases","0.0%","JKDM_HS_Explorer_RCEP_840991_RATE_2026.html","e7703727a4a7f9a873e45efd8dba41a1ba5240c7b87083f1fe86735d643c65f7"
"RCEP","840991","8409911300","- - - - Cylinder liners, with an internal diameter","15.0%","JKDM_HS_Explorer_RCEP_840991_RATE_2026.html","e7703727a4a7f9a873e45efd8dba41a1ba5240c7b87083f1fe86735d643c65f7"
"RCEP","840991","8409911400","- - - - Other cylinder liners","2.5%","JKDM_HS_Explorer_RCEP_840991_RATE_2026.html","e7703727a4a7f9a873e45efd8dba41a1ba5240c7b87083f1fe86735d643c65f7"
"RCEP","840991","8409911500","- - - - Cylinder heads and head covers","2.5%","JKDM_HS_Explorer_RCEP_840991_RATE_2026.html","e7703727a4a7f9a873e45efd8dba41a1ba5240c7b87083f1fe86735d643c65f7"
"RCEP","840991","8409911600","- - - - Pistons, with an external diameter of 50 m","15.0%","JKDM_HS_Explorer_RCEP_840991_RATE_2026.html","e7703727a4a7f9a873e45efd8dba41a1ba5240c7b87083f1fe86735d643c65f7"
"RCEP","840991","8409911700","- - - - Other pistons","2.5%","JKDM_HS_Explorer_RCEP_840991_RATE_2026.html","e7703727a4a7f9a873e45efd8dba41a1ba5240c7b87083f1fe86735d643c65f7"
"RCEP","840991","8409911800","- - - - Piston rings and gudgeon pins","2.5%","JKDM_HS_Explorer_RCEP_840991_RATE_2026.html","e7703727a4a7f9a873e45efd8dba41a1ba5240c7b87083f1fe86735d643c65f7"
"RCEP","840991","8409911900","- - - - Other","2.5%","JKDM_HS_Explorer_RCEP_840991_RATE_2026.html","e7703727a4a7f9a873e45efd8dba41a1ba5240c7b87083f1fe86735d643c65f7"
"RCEP","840991","8409912100","- - - - Carburettors and parts thereof","2.5%","JKDM_HS_Explorer_RCEP_840991_RATE_2026.html","e7703727a4a7f9a873e45efd8dba41a1ba5240c7b87083f1fe86735d643c65f7"
"RCEP","840991","8409912200","- - - - Cylinder blocks; crank cases","0.0%","JKDM_HS_Explorer_RCEP_840991_RATE_2026.html","e7703727a4a7f9a873e45efd8dba41a1ba5240c7b87083f1fe86735d643c65f7"
"RCEP","840991","8409912300","- - - - Cylinder liners, with an internal diameter","15.0%","JKDM_HS_Explorer_RCEP_840991_RATE_2026.html","e7703727a4a7f9a873e45efd8dba41a1ba5240c7b87083f1fe86735d643c65f7"
"RCEP","840991","8409912400","- - - - Other cylinder liners","2.5%","JKDM_HS_Explorer_RCEP_840991_RATE_2026.html","e7703727a4a7f9a873e45efd8dba41a1ba5240c7b87083f1fe86735d643c65f7"
"RCEP","840991","8409912600","- - - - Pistons, with an external diameter of 50 m","15.0%","JKDM_HS_Explorer_RCEP_840991_RATE_2026.html","e7703727a4a7f9a873e45efd8dba41a1ba5240c7b87083f1fe86735d643c65f7"
"RCEP","840991","8409912800","- - - - Piston rings and gudgeon pins","2.5%","JKDM_HS_Explorer_RCEP_840991_RATE_2026.html","e7703727a4a7f9a873e45efd8dba41a1ba5240c7b87083f1fe86735d643c65f7"
"RCEP","840991","8409912900","- - - - Other","2.5%","JKDM_HS_Explorer_RCEP_840991_RATE_2026.html","e7703727a4a7f9a873e45efd8dba41a1ba5240c7b87083f1fe86735d643c65f7"
"RCEP","840991","8409913100","- - - - Carburettors and parts thereof","15.0%","JKDM_HS_Explorer_RCEP_840991_RATE_2026.html","e7703727a4a7f9a873e45efd8dba41a1ba5240c7b87083f1fe86735d643c65f7"
"RCEP","840991","8409913200","- - - - Cylinder blocks; crank cases","15.0%","JKDM_HS_Explorer_RCEP_840991_RATE_2026.html","e7703727a4a7f9a873e45efd8dba41a1ba5240c7b87083f1fe86735d643c65f7"
"RCEP","840991","8409913400","- - - - Cylinder liners","15.0%","JKDM_HS_Explorer_RCEP_840991_RATE_2026.html","e7703727a4a7f9a873e45efd8dba41a1ba5240c7b87083f1fe86735d643c65f7"
"RCEP","840991","8409913500","- - - - Cylinder heads and head covers","15.0%","JKDM_HS_Explorer_RCEP_840991_RATE_2026.html","e7703727a4a7f9a873e45efd8dba41a1ba5240c7b87083f1fe86735d643c65f7"
"RCEP","840991","8409913700","- - - - Pistons","15.0%","JKDM_HS_Explorer_RCEP_840991_RATE_2026.html","e7703727a4a7f9a873e45efd8dba41a1ba5240c7b87083f1fe86735d643c65f7"
"RCEP","840991","8409913800","- - - - Piston rings and gudgeon pins","15.0%","JKDM_HS_Explorer_RCEP_840991_RATE_2026.html","e7703727a4a7f9a873e45efd8dba41a1ba5240c7b87083f1fe86735d643c65f7"
"RCEP","840991","8409913900","- - - - Other","15.0%","JKDM_HS_Explorer_RCEP_840991_RATE_2026.html","e7703727a4a7f9a873e45efd8dba41a1ba5240c7b87083f1fe86735d643c65f7"
"RCEP","840991","8409914100","- - - - Carburettors and parts thereof","2.5%","JKDM_HS_Explorer_RCEP_840991_RATE_2026.html","e7703727a4a7f9a873e45efd8dba41a1ba5240c7b87083f1fe86735d643c65f7"
"RCEP","840991","8409914200","- - - - Cylinder blocks; crank cases","0.0%","JKDM_HS_Explorer_RCEP_840991_RATE_2026.html","e7703727a4a7f9a873e45efd8dba41a1ba5240c7b87083f1fe86735d643c65f7"
"RCEP","840991","8409914300","- - - - Cylinder liners, with an internal diameter","15.0%","JKDM_HS_Explorer_RCEP_840991_RATE_2026.html","e7703727a4a7f9a873e45efd8dba41a1ba5240c7b87083f1fe86735d643c65f7"
"RCEP","840991","8409914400","- - - - Other cylinder liners","2.5%","JKDM_HS_Explorer_RCEP_840991_RATE_2026.html","e7703727a4a7f9a873e45efd8dba41a1ba5240c7b87083f1fe86735d643c65f7"
"RCEP","840991","8409914500","- - - - Cylinder heads and head covers","2.5%","JKDM_HS_Explorer_RCEP_840991_RATE_2026.html","e7703727a4a7f9a873e45efd8dba41a1ba5240c7b87083f1fe86735d643c65f7"
"RCEP","840991","8409914600","- - - - Pistons, with an external diameter of 50 m","15.0%","JKDM_HS_Explorer_RCEP_840991_RATE_2026.html","e7703727a4a7f9a873e45efd8dba41a1ba5240c7b87083f1fe86735d643c65f7"
"RCEP","840991","8409914700","- - - - Other pistons","2.5%","JKDM_HS_Explorer_RCEP_840991_RATE_2026.html","e7703727a4a7f9a873e45efd8dba41a1ba5240c7b87083f1fe86735d643c65f7"
"RCEP","840991","8409914800","- - - - Piston rings and gudgeon pins","2.5%","JKDM_HS_Explorer_RCEP_840991_RATE_2026.html","e7703727a4a7f9a873e45efd8dba41a1ba5240c7b87083f1fe86735d643c65f7"
"RCEP","840991","8409914900","- - - - Other","2.5%","JKDM_HS_Explorer_RCEP_840991_RATE_2026.html","e7703727a4a7f9a873e45efd8dba41a1ba5240c7b87083f1fe86735d643c65f7"
"RCEP","840991","8409915100","- - - - - Cylinder blocks; crank cases","0.0%","JKDM_HS_Explorer_RCEP_840991_RATE_2026.html","e7703727a4a7f9a873e45efd8dba41a1ba5240c7b87083f1fe86735d643c65f7"
"RCEP","840991","8409915200","- - - - - Cylinder liners, with an internal diamet","15.0%","JKDM_HS_Explorer_RCEP_840991_RATE_2026.html","e7703727a4a7f9a873e45efd8dba41a1ba5240c7b87083f1fe86735d643c65f7"
"RCEP","840991","8409915300","- - - - - Other cylinder liners","2.5%","JKDM_HS_Explorer_RCEP_840991_RATE_2026.html","e7703727a4a7f9a873e45efd8dba41a1ba5240c7b87083f1fe86735d643c65f7"
"RCEP","840991","8409915400","- - - - - Pistons, with an external diameter of 50","15.0%","JKDM_HS_Explorer_RCEP_840991_RATE_2026.html","e7703727a4a7f9a873e45efd8dba41a1ba5240c7b87083f1fe86735d643c65f7"
"RCEP","840991","8409915500","- - - - - Other pistons","2.5%","JKDM_HS_Explorer_RCEP_840991_RATE_2026.html","e7703727a4a7f9a873e45efd8dba41a1ba5240c7b87083f1fe86735d643c65f7"
"RCEP","840991","8409915900","- - - - - Other","2.5%","JKDM_HS_Explorer_RCEP_840991_RATE_2026.html","e7703727a4a7f9a873e45efd8dba41a1ba5240c7b87083f1fe86735d643c65f7"
"RCEP","840991","8409916100","- - - - - Cylinder blocks; crank cases","0.0%","JKDM_HS_Explorer_RCEP_840991_RATE_2026.html","e7703727a4a7f9a873e45efd8dba41a1ba5240c7b87083f1fe86735d643c65f7"
"RCEP","840991","8409916200","- - - - - Cylinder liners, with an internal diamet","15.0%","JKDM_HS_Explorer_RCEP_840991_RATE_2026.html","e7703727a4a7f9a873e45efd8dba41a1ba5240c7b87083f1fe86735d643c65f7"
"RCEP","840991","8409916300","- - - - - Other cylinder liners","2.5%","JKDM_HS_Explorer_RCEP_840991_RATE_2026.html","e7703727a4a7f9a873e45efd8dba41a1ba5240c7b87083f1fe86735d643c65f7"
"RCEP","840991","8409916400","- - - - - Pistons, with an external diameter of 50","15.0%","JKDM_HS_Explorer_RCEP_840991_RATE_2026.html","e7703727a4a7f9a873e45efd8dba41a1ba5240c7b87083f1fe86735d643c65f7"
"RCEP","840991","8409916900","- - - - - Other","2.5%","JKDM_HS_Explorer_RCEP_840991_RATE_2026.html","e7703727a4a7f9a873e45efd8dba41a1ba5240c7b87083f1fe86735d643c65f7"
"RCEP","840991","8409917100","- - - - Carburettors and parts thereof","2.5%","JKDM_HS_Explorer_RCEP_840991_RATE_2026.html","e7703727a4a7f9a873e45efd8dba41a1ba5240c7b87083f1fe86735d643c65f7"
"RCEP","840991","8409917200","- - - - Cylinder blocks; crank cases","0.0%","JKDM_HS_Explorer_RCEP_840991_RATE_2026.html","e7703727a4a7f9a873e45efd8dba41a1ba5240c7b87083f1fe86735d643c65f7"
"RCEP","840991","8409917300","- - - - Cylinder liners, with an internal diameter","15.0%","JKDM_HS_Explorer_RCEP_840991_RATE_2026.html","e7703727a4a7f9a873e45efd8dba41a1ba5240c7b87083f1fe86735d643c65f7"
"RCEP","840991","8409917400","- - - - Other cylinder liners","2.5%","JKDM_HS_Explorer_RCEP_840991_RATE_2026.html","e7703727a4a7f9a873e45efd8dba41a1ba5240c7b87083f1fe86735d643c65f7"
"RCEP","840991","8409917600","- - - - Pistons, with an external diameter of 50 m","15.0%","JKDM_HS_Explorer_RCEP_840991_RATE_2026.html","e7703727a4a7f9a873e45efd8dba41a1ba5240c7b87083f1fe86735d643c65f7"
"RCEP","840991","8409917700","- - - - Other pistons","2.5%","JKDM_HS_Explorer_RCEP_840991_RATE_2026.html","e7703727a4a7f9a873e45efd8dba41a1ba5240c7b87083f1fe86735d643c65f7"
"RCEP","840991","8409917800","- - - - Pistons rings and gudgeon pins","2.5%","JKDM_HS_Explorer_RCEP_840991_RATE_2026.html","e7703727a4a7f9a873e45efd8dba41a1ba5240c7b87083f1fe86735d643c65f7"
"RCEP","840991","8409917900","- - - - Other","2.5%","JKDM_HS_Explorer_RCEP_840991_RATE_2026.html","e7703727a4a7f9a873e45efd8dba41a1ba5240c7b87083f1fe86735d643c65f7"
"RCEP","840999","8409991100","- - - - Carburettors and parts thereof","2.5%","JKDM_HS_Explorer_RCEP_840999_RATE_2026.html","a0e755730ace2b88f86425223dd9b2bdcf4775e62e78cf853ea509ddfffd1144"
"RCEP","840999","8409991200","- - - - Cylinder blocks; crank cases","0.0%","JKDM_HS_Explorer_RCEP_840999_RATE_2026.html","a0e755730ace2b88f86425223dd9b2bdcf4775e62e78cf853ea509ddfffd1144"
"RCEP","840999","8409991300","- - - - Cylinder liners, with an internal diameter","15.0%","JKDM_HS_Explorer_RCEP_840999_RATE_2026.html","a0e755730ace2b88f86425223dd9b2bdcf4775e62e78cf853ea509ddfffd1144"
"RCEP","840999","8409991400","- - - - Other cylinder liners","0.0%","JKDM_HS_Explorer_RCEP_840999_RATE_2026.html","a0e755730ace2b88f86425223dd9b2bdcf4775e62e78cf853ea509ddfffd1144"
"RCEP","840999","8409991500","- - - - Cylinder heads and head covers","2.5%","JKDM_HS_Explorer_RCEP_840999_RATE_2026.html","a0e755730ace2b88f86425223dd9b2bdcf4775e62e78cf853ea509ddfffd1144"
"RCEP","840999","8409991600","- - - - Pistons, with an external diameter of 50 m","15.0%","JKDM_HS_Explorer_RCEP_840999_RATE_2026.html","a0e755730ace2b88f86425223dd9b2bdcf4775e62e78cf853ea509ddfffd1144"
"RCEP","840999","8409991700","- - - - Other pistons","0.0%","JKDM_HS_Explorer_RCEP_840999_RATE_2026.html","a0e755730ace2b88f86425223dd9b2bdcf4775e62e78cf853ea509ddfffd1144"
"RCEP","840999","8409991800","- - - - Piston rings and gudgeon pins","2.5%","JKDM_HS_Explorer_RCEP_840999_RATE_2026.html","a0e755730ace2b88f86425223dd9b2bdcf4775e62e78cf853ea509ddfffd1144"
"RCEP","840999","8409991900","- - - - Other","2.5%","JKDM_HS_Explorer_RCEP_840999_RATE_2026.html","a0e755730ace2b88f86425223dd9b2bdcf4775e62e78cf853ea509ddfffd1144"
"RCEP","840999","8409992100","- - - - Carburettors and parts thereof","2.5%","JKDM_HS_Explorer_RCEP_840999_RATE_2026.html","a0e755730ace2b88f86425223dd9b2bdcf4775e62e78cf853ea509ddfffd1144"
"RCEP","840999","8409992200","- - - - Cylinder blocks; crank cases","0.0%","JKDM_HS_Explorer_RCEP_840999_RATE_2026.html","a0e755730ace2b88f86425223dd9b2bdcf4775e62e78cf853ea509ddfffd1144"
"RCEP","840999","8409992300","- - - - Cylinder liners, with an internal diameter","15.0%","JKDM_HS_Explorer_RCEP_840999_RATE_2026.html","a0e755730ace2b88f86425223dd9b2bdcf4775e62e78cf853ea509ddfffd1144"
"RCEP","840999","8409992400","- - - - Other cylinder liners","0.0%","JKDM_HS_Explorer_RCEP_840999_RATE_2026.html","a0e755730ace2b88f86425223dd9b2bdcf4775e62e78cf853ea509ddfffd1144"
"RCEP","840999","8409992500","- - - - Cylinder heads and head covers","2.5%","JKDM_HS_Explorer_RCEP_840999_RATE_2026.html","a0e755730ace2b88f86425223dd9b2bdcf4775e62e78cf853ea509ddfffd1144"
"RCEP","840999","8409992600","- - - - Pistons, with an external diameter of 50 m","15.0%","JKDM_HS_Explorer_RCEP_840999_RATE_2026.html","a0e755730ace2b88f86425223dd9b2bdcf4775e62e78cf853ea509ddfffd1144"
"RCEP","840999","8409992700","- - - - Other pistons","0.0%","JKDM_HS_Explorer_RCEP_840999_RATE_2026.html","a0e755730ace2b88f86425223dd9b2bdcf4775e62e78cf853ea509ddfffd1144"
"RCEP","840999","8409992800","- - - - Piston rings and gudgeon pins","2.5%","JKDM_HS_Explorer_RCEP_840999_RATE_2026.html","a0e755730ace2b88f86425223dd9b2bdcf4775e62e78cf853ea509ddfffd1144"
"RCEP","840999","8409992900","- - - - Other","2.5%","JKDM_HS_Explorer_RCEP_840999_RATE_2026.html","a0e755730ace2b88f86425223dd9b2bdcf4775e62e78cf853ea509ddfffd1144"
"RCEP","840999","8409993100","- - - - Carburettors and parts thereof","2.5%","JKDM_HS_Explorer_RCEP_840999_RATE_2026.html","a0e755730ace2b88f86425223dd9b2bdcf4775e62e78cf853ea509ddfffd1144"
"RCEP","840999","8409993200","- - - - Cylinder blocks; crank cases","0.0%","JKDM_HS_Explorer_RCEP_840999_RATE_2026.html","a0e755730ace2b88f86425223dd9b2bdcf4775e62e78cf853ea509ddfffd1144"
"RCEP","840999","8409993310","- - - - - Cylinder liners, with an internal diamet","15.0%","JKDM_HS_Explorer_RCEP_840999_RATE_2026.html","a0e755730ace2b88f86425223dd9b2bdcf4775e62e78cf853ea509ddfffd1144"
"RCEP","840999","8409993390","- - - - - Other","0.0%","JKDM_HS_Explorer_RCEP_840999_RATE_2026.html","a0e755730ace2b88f86425223dd9b2bdcf4775e62e78cf853ea509ddfffd1144"
"RCEP","840999","8409993400","- - - - Cylinder heads and head covers","2.5%","JKDM_HS_Explorer_RCEP_840999_RATE_2026.html","a0e755730ace2b88f86425223dd9b2bdcf4775e62e78cf853ea509ddfffd1144"
"RCEP","840999","8409993510","- - - - - Pistons, with an external diameter of 50","15.0%","JKDM_HS_Explorer_RCEP_840999_RATE_2026.html","a0e755730ace2b88f86425223dd9b2bdcf4775e62e78cf853ea509ddfffd1144"
"RCEP","840999","8409993590","- - - - - Other","0.0%","JKDM_HS_Explorer_RCEP_840999_RATE_2026.html","a0e755730ace2b88f86425223dd9b2bdcf4775e62e78cf853ea509ddfffd1144"
"RCEP","840999","8409993600","- - - - Piston rings and gudgeon pins","2.5%","JKDM_HS_Explorer_RCEP_840999_RATE_2026.html","a0e755730ace2b88f86425223dd9b2bdcf4775e62e78cf853ea509ddfffd1144"
"RCEP","840999","8409993900","- - - - Other","2.5%","JKDM_HS_Explorer_RCEP_840999_RATE_2026.html","a0e755730ace2b88f86425223dd9b2bdcf4775e62e78cf853ea509ddfffd1144"
"RCEP","840999","8409994100","- - - - Carburettors and parts thereof","2.5%","JKDM_HS_Explorer_RCEP_840999_RATE_2026.html","a0e755730ace2b88f86425223dd9b2bdcf4775e62e78cf853ea509ddfffd1144"
"RCEP","840999","8409994200","- - - - Cylinder blocks; crank cases","0.0%","JKDM_HS_Explorer_RCEP_840999_RATE_2026.html","a0e755730ace2b88f86425223dd9b2bdcf4775e62e78cf853ea509ddfffd1144"
"RCEP","840999","8409994300","- - - - Cylinder liners, with an internal diameter","15.0%","JKDM_HS_Explorer_RCEP_840999_RATE_2026.html","a0e755730ace2b88f86425223dd9b2bdcf4775e62e78cf853ea509ddfffd1144"
"RCEP","840999","8409994400","- - - - Other cylinder liners","0.0%","JKDM_HS_Explorer_RCEP_840999_RATE_2026.html","a0e755730ace2b88f86425223dd9b2bdcf4775e62e78cf853ea509ddfffd1144"
"RCEP","840999","8409994500","- - - - Cylinder heads and head covers","2.5%","JKDM_HS_Explorer_RCEP_840999_RATE_2026.html","a0e755730ace2b88f86425223dd9b2bdcf4775e62e78cf853ea509ddfffd1144"
"RCEP","840999","8409994600","- - - - Pistons, with an external diameter of 50 m","15.0%","JKDM_HS_Explorer_RCEP_840999_RATE_2026.html","a0e755730ace2b88f86425223dd9b2bdcf4775e62e78cf853ea509ddfffd1144"
"RCEP","840999","8409994700","- - - - Other pistons","0.0%","JKDM_HS_Explorer_RCEP_840999_RATE_2026.html","a0e755730ace2b88f86425223dd9b2bdcf4775e62e78cf853ea509ddfffd1144"
"RCEP","840999","8409994800","- - - - Piston rings and gudgeon pins","2.5%","JKDM_HS_Explorer_RCEP_840999_RATE_2026.html","a0e755730ace2b88f86425223dd9b2bdcf4775e62e78cf853ea509ddfffd1144"
"RCEP","840999","8409994900","- - - - Other","2.5%","JKDM_HS_Explorer_RCEP_840999_RATE_2026.html","a0e755730ace2b88f86425223dd9b2bdcf4775e62e78cf853ea509ddfffd1144"
"RCEP","840999","8409995100","- - - - - Cylinder blocks; crank cases","0.0%","JKDM_HS_Explorer_RCEP_840999_RATE_2026.html","a0e755730ace2b88f86425223dd9b2bdcf4775e62e78cf853ea509ddfffd1144"
"RCEP","840999","8409995200","- - - - - Cylinder liners, with an internal diamet","15.0%","JKDM_HS_Explorer_RCEP_840999_RATE_2026.html","a0e755730ace2b88f86425223dd9b2bdcf4775e62e78cf853ea509ddfffd1144"
"RCEP","840999","8409995300","- - - - - Other cylinder liners","0.0%","JKDM_HS_Explorer_RCEP_840999_RATE_2026.html","a0e755730ace2b88f86425223dd9b2bdcf4775e62e78cf853ea509ddfffd1144"
"RCEP","840999","8409995400","- - - - - Pistons, with an external diameter of 50","15.0%","JKDM_HS_Explorer_RCEP_840999_RATE_2026.html","a0e755730ace2b88f86425223dd9b2bdcf4775e62e78cf853ea509ddfffd1144"
"RCEP","840999","8409995500","- - - - - Other pistons","0.0%","JKDM_HS_Explorer_RCEP_840999_RATE_2026.html","a0e755730ace2b88f86425223dd9b2bdcf4775e62e78cf853ea509ddfffd1144"
"RCEP","840999","8409995900","- - - - - Other","2.5%","JKDM_HS_Explorer_RCEP_840999_RATE_2026.html","a0e755730ace2b88f86425223dd9b2bdcf4775e62e78cf853ea509ddfffd1144"
"RCEP","840999","8409996100","- - - - - Cylinder blocks; crank cases","0.0%","JKDM_HS_Explorer_RCEP_840999_RATE_2026.html","a0e755730ace2b88f86425223dd9b2bdcf4775e62e78cf853ea509ddfffd1144"
"RCEP","840999","8409996200","- - - - - Cylinder liners, with an internal diamet","15.0%","JKDM_HS_Explorer_RCEP_840999_RATE_2026.html","a0e755730ace2b88f86425223dd9b2bdcf4775e62e78cf853ea509ddfffd1144"
"RCEP","840999","8409996300","- - - - - Other cylinder liners","0.0%","JKDM_HS_Explorer_RCEP_840999_RATE_2026.html","a0e755730ace2b88f86425223dd9b2bdcf4775e62e78cf853ea509ddfffd1144"
"RCEP","840999","8409996400","- - - - - Pistons, with an external diameter of 50","15.0%","JKDM_HS_Explorer_RCEP_840999_RATE_2026.html","a0e755730ace2b88f86425223dd9b2bdcf4775e62e78cf853ea509ddfffd1144"
"RCEP","840999","8409996500","- - - - - Other pistons","0.0%","JKDM_HS_Explorer_RCEP_840999_RATE_2026.html","a0e755730ace2b88f86425223dd9b2bdcf4775e62e78cf853ea509ddfffd1144"
"RCEP","840999","8409996900","- - - - - Other","2.5%","JKDM_HS_Explorer_RCEP_840999_RATE_2026.html","a0e755730ace2b88f86425223dd9b2bdcf4775e62e78cf853ea509ddfffd1144"
"RCEP","840999","8409997100","- - - - Carburettors and parts thereof","2.5%","JKDM_HS_Explorer_RCEP_840999_RATE_2026.html","a0e755730ace2b88f86425223dd9b2bdcf4775e62e78cf853ea509ddfffd1144"
"RCEP","840999","8409997200","- - - - Cylinder blocks; crank cases","0.0%","JKDM_HS_Explorer_RCEP_840999_RATE_2026.html","a0e755730ace2b88f86425223dd9b2bdcf4775e62e78cf853ea509ddfffd1144"
"RCEP","840999","8409997300","- - - - Cylinder liners, with an internal diameter","15.0%","JKDM_HS_Explorer_RCEP_840999_RATE_2026.html","a0e755730ace2b88f86425223dd9b2bdcf4775e62e78cf853ea509ddfffd1144"
"RCEP","840999","8409997400","- - - - Other cylinder liners","0.0%","JKDM_HS_Explorer_RCEP_840999_RATE_2026.html","a0e755730ace2b88f86425223dd9b2bdcf4775e62e78cf853ea509ddfffd1144"
"RCEP","840999","8409997500","- - - - Cylinder heads and head covers","2.5%","JKDM_HS_Explorer_RCEP_840999_RATE_2026.html","a0e755730ace2b88f86425223dd9b2bdcf4775e62e78cf853ea509ddfffd1144"
"RCEP","840999","8409997600","- - - - Pistons, with an external diameter of 50 m","15.0%","JKDM_HS_Explorer_RCEP_840999_RATE_2026.html","a0e755730ace2b88f86425223dd9b2bdcf4775e62e78cf853ea509ddfffd1144"
"RCEP","840999","8409997700","- - - - Other pistons","0.0%","JKDM_HS_Explorer_RCEP_840999_RATE_2026.html","a0e755730ace2b88f86425223dd9b2bdcf4775e62e78cf853ea509ddfffd1144"
"RCEP","840999","8409997800","- - - - Piston rings and gudgeon pins","2.5%","JKDM_HS_Explorer_RCEP_840999_RATE_2026.html","a0e755730ace2b88f86425223dd9b2bdcf4775e62e78cf853ea509ddfffd1144"
"RCEP","840999","8409997900","- - - - Other","2.5%","JKDM_HS_Explorer_RCEP_840999_RATE_2026.html","a0e755730ace2b88f86425223dd9b2bdcf4775e62e78cf853ea509ddfffd1144"
"RCEP","841330","8413303000","- - Fuel pumps of a kind used for engines of motor","0.0%","JKDM_HS_Explorer_RCEP_841330_RATE_2026.html","fce0c073a92810df8ffc46f5633df5e5adf4d77fb757b8464599dd46a31b163d"
"RCEP","841330","8413304000","- - Water pumps of a kind used for engines of moto","12.5%","JKDM_HS_Explorer_RCEP_841330_RATE_2026.html","fce0c073a92810df8ffc46f5633df5e5adf4d77fb757b8464599dd46a31b163d"
"RCEP","841330","8413305100","- - - With an inlet diameter not exceeding 200 mm","12.5%","JKDM_HS_Explorer_RCEP_841330_RATE_2026.html","fce0c073a92810df8ffc46f5633df5e5adf4d77fb757b8464599dd46a31b163d"
"RCEP","841330","8413305200","- - - With an inlet diameter exceeding 200 mm","10.0%","JKDM_HS_Explorer_RCEP_841330_RATE_2026.html","fce0c073a92810df8ffc46f5633df5e5adf4d77fb757b8464599dd46a31b163d"
"RCEP","841330","8413309000","- - Other","2.5%","JKDM_HS_Explorer_RCEP_841330_RATE_2026.html","fce0c073a92810df8ffc46f5633df5e5adf4d77fb757b8464599dd46a31b163d"
"RCEP","841381","8413811300","- - - Water pumps with a flow rate not exceeding 8","0.0%","JKDM_HS_Explorer_RCEP_841381_RATE_2026.html","1a342cd730e8bc199085da927991e7e97eadf33bb53cb9198632893c03a6ad07"
"RCEP","841381","8413811400","- - - Water pumps with a flow rate not exceeding 8","0.0%","JKDM_HS_Explorer_RCEP_841381_RATE_2026.html","1a342cd730e8bc199085da927991e7e97eadf33bb53cb9198632893c03a6ad07"
"RCEP","841381","8413811500","- - - Water pumps, with a flow rate exceeding 8,00","0.0%","JKDM_HS_Explorer_RCEP_841381_RATE_2026.html","1a342cd730e8bc199085da927991e7e97eadf33bb53cb9198632893c03a6ad07"
"RCEP","841381","8413811900","- - - Other","0.0%","JKDM_HS_Explorer_RCEP_841381_RATE_2026.html","1a342cd730e8bc199085da927991e7e97eadf33bb53cb9198632893c03a6ad07"
"RCEP","841430","8414304000","- - With a refrigeration capacity exceeding 21.10","0.0%","JKDM_HS_Explorer_RCEP_841430_RATE_2026.html","0b2038245ead1c76d27e08714a5923a70ed15780dde548e7a39eb2038acc2f52"
"RCEP","841430","8414309000","- - Other","0.0%","JKDM_HS_Explorer_RCEP_841430_RATE_2026.html","0b2038245ead1c76d27e08714a5923a70ed15780dde548e7a39eb2038acc2f52"
"RCEP","841520","8415201000","- - Of a cooling capacity not exceeding 26.38 kW","15.0%","JKDM_HS_Explorer_RCEP_841520_RATE_2026.html","5afedcb0e6835a2ae7abba23608960f0902d347b816afbd5c86a1855608a37ea"
"RCEP","841520","8415209000","- - Other","15.0%","JKDM_HS_Explorer_RCEP_841520_RATE_2026.html","5afedcb0e6835a2ae7abba23608960f0902d347b816afbd5c86a1855608a37ea"
"RCEP","842123","8421231100","- - - - Oil filters","12.5%","JKDM_HS_Explorer_RCEP_842123_RATE_2026.html","fc3b7a8752b2e9dc2e535b577aaaabd6bceae6fb5f763bbfde12358250444840"
"RCEP","842123","8421231900","- - - - Other","0.0%","JKDM_HS_Explorer_RCEP_842123_RATE_2026.html","fc3b7a8752b2e9dc2e535b577aaaabd6bceae6fb5f763bbfde12358250444840"
"RCEP","842123","8421232100","- - - - Oil filters","12.5%","JKDM_HS_Explorer_RCEP_842123_RATE_2026.html","fc3b7a8752b2e9dc2e535b577aaaabd6bceae6fb5f763bbfde12358250444840"
"RCEP","842123","8421232900","- - - - Other","0.0%","JKDM_HS_Explorer_RCEP_842123_RATE_2026.html","fc3b7a8752b2e9dc2e535b577aaaabd6bceae6fb5f763bbfde12358250444840"
"RCEP","842123","8421239100","- - - - Oil filters","12.5%","JKDM_HS_Explorer_RCEP_842123_RATE_2026.html","fc3b7a8752b2e9dc2e535b577aaaabd6bceae6fb5f763bbfde12358250444840"
"RCEP","842123","8421239900","- - - - Other","0.0%","JKDM_HS_Explorer_RCEP_842123_RATE_2026.html","fc3b7a8752b2e9dc2e535b577aaaabd6bceae6fb5f763bbfde12358250444840"
"RCEP","842131","8421311000","- - - For machinery of heading 84.29 or 84.30","12.5%","JKDM_HS_Explorer_RCEP_842131_RATE_2026.html","87febbdafbc19703bcbdbfbb978108286f52f678fe69389caabcf3df9b12bc46"
"RCEP","842131","8421312000","- - - For motor vehicles of Chapter 87","12.5%","JKDM_HS_Explorer_RCEP_842131_RATE_2026.html","87febbdafbc19703bcbdbfbb978108286f52f678fe69389caabcf3df9b12bc46"
"RCEP","842131","8421319000","- - - Other","12.5%","JKDM_HS_Explorer_RCEP_842131_RATE_2026.html","87febbdafbc19703bcbdbfbb978108286f52f678fe69389caabcf3df9b12bc46"
"RCEP","842139","8421392000","- - - Air purifiers","4.5%","JKDM_HS_Explorer_RCEP_842139_RATE_2026.html","80ffec955f40796b301bec2d3a8a8cf16ac6fa4b9d55ad0ee526e23698f2dad4"
"RCEP","842139","8421399010","""- - - - With stainless steel housing, and with i","12.5%","JKDM_HS_Explorer_RCEP_842139_RATE_2026.html","80ffec955f40796b301bec2d3a8a8cf16ac6fa4b9d55ad0ee526e23698f2dad4"
"RCEP","842139","8421399090","- - - - Other","12.5%","JKDM_HS_Explorer_RCEP_842139_RATE_2026.html","80ffec955f40796b301bec2d3a8a8cf16ac6fa4b9d55ad0ee526e23698f2dad4"
"RCEP","850131","8501313000","- - - Motors of a kind used for the goods of headi","0.0%","JKDM_HS_Explorer_RCEP_850131_RATE_2026.html","096c859b15fd598bc661c16ac7848aab4bce5264773ac808e41f52517ca3045b"
"RCEP","850131","8501314000","- - - Other motors","0.0%","JKDM_HS_Explorer_RCEP_850131_RATE_2026.html","096c859b15fd598bc661c16ac7848aab4bce5264773ac808e41f52517ca3045b"
"RCEP","850131","8501315000","- - - Generators","0.0%","JKDM_HS_Explorer_RCEP_850131_RATE_2026.html","096c859b15fd598bc661c16ac7848aab4bce5264773ac808e41f52517ca3045b"
"RCEP","850152","8501521100","- - - - Of a kind used for the goods of heading 84","13.6%","JKDM_HS_Explorer_RCEP_850152_RATE_2026.html","344e54ae63e4fe52f1a525bfa5551f318328ad0be35b88366f2d76c99360b4c3"
"RCEP","850152","8501521900","- - - - Other","13.6%","JKDM_HS_Explorer_RCEP_850152_RATE_2026.html","344e54ae63e4fe52f1a525bfa5551f318328ad0be35b88366f2d76c99360b4c3"
"RCEP","850152","8501522100","- - - - Of a kind used for the goods of heading 84","13.6%","JKDM_HS_Explorer_RCEP_850152_RATE_2026.html","344e54ae63e4fe52f1a525bfa5551f318328ad0be35b88366f2d76c99360b4c3"
"RCEP","850152","8501522900","- - - - Other","13.6%","JKDM_HS_Explorer_RCEP_850152_RATE_2026.html","344e54ae63e4fe52f1a525bfa5551f318328ad0be35b88366f2d76c99360b4c3"
"RCEP","850152","8501523100","- - - - Of a kind used for the goods of heading 84","13.6%","JKDM_HS_Explorer_RCEP_850152_RATE_2026.html","344e54ae63e4fe52f1a525bfa5551f318328ad0be35b88366f2d76c99360b4c3"
"RCEP","850152","8501523900","- - - - Other","13.6%","JKDM_HS_Explorer_RCEP_850152_RATE_2026.html","344e54ae63e4fe52f1a525bfa5551f318328ad0be35b88366f2d76c99360b4c3"
"RCEP","850153","8501530000","- - Of an output exceeding 75 kW","0.0%","JKDM_HS_Explorer_RCEP_850153_RATE_2026.html","6b5c3833d073e2a800b309f3d2c1ecc631b12b5c5530bac4463d19d8642086d7"
"RCEP","850440","8504401100","- - - Uninterruptible power supplies (UPS)","0.0%","JKDM_HS_Explorer_RCEP_850440_RATE_2026.html","5ca1eb31b7159401e2c08a6f724fee5e5ca4ccf8b42af2a587825bfc57c05ae2"
"RCEP","850440","8504401900","- - - Other","0.0%","JKDM_HS_Explorer_RCEP_850440_RATE_2026.html","5ca1eb31b7159401e2c08a6f724fee5e5ca4ccf8b42af2a587825bfc57c05ae2"
"RCEP","850440","8504402000","- - Battery chargers having a rating exceeding 100","0.0%","JKDM_HS_Explorer_RCEP_850440_RATE_2026.html","5ca1eb31b7159401e2c08a6f724fee5e5ca4ccf8b42af2a587825bfc57c05ae2"
"RCEP","850440","8504403000","- - Other rectifiers","0.0%","JKDM_HS_Explorer_RCEP_850440_RATE_2026.html","5ca1eb31b7159401e2c08a6f724fee5e5ca4ccf8b42af2a587825bfc57c05ae2"
"RCEP","850440","8504404000","- - Inverters","0.0%","JKDM_HS_Explorer_RCEP_850440_RATE_2026.html","5ca1eb31b7159401e2c08a6f724fee5e5ca4ccf8b42af2a587825bfc57c05ae2"
"RCEP","850440","8504409000","- - Other","0.0%","JKDM_HS_Explorer_RCEP_850440_RATE_2026.html","5ca1eb31b7159401e2c08a6f724fee5e5ca4ccf8b42af2a587825bfc57c05ae2"
"RCEP","850760","8507601000","- - Of a kind used for laptops including notebooks","0.0%","JKDM_HS_Explorer_RCEP_850760_RATE_2026.html","9330cb5249bbbac63a2a0da31bde960e4cd987459157958cc296416cdbd39d90"
"RCEP","850760","8507602000","- - - Of a kind used for aircraft","0.0%","JKDM_HS_Explorer_RCEP_850760_RATE_2026.html","9330cb5249bbbac63a2a0da31bde960e4cd987459157958cc296416cdbd39d90"
"RCEP","850760","8507609000","- - - Other","20.0%","JKDM_HS_Explorer_RCEP_850760_RATE_2026.html","9330cb5249bbbac63a2a0da31bde960e4cd987459157958cc296416cdbd39d90"
"RCEP","851110","8511101000","- - Of a kind suitable for aircraft engines","5.0%","JKDM_HS_Explorer_RCEP_851110_RATE_2026.html","5b59ec8bed275e3cd5814394fdfe90177530f37fa0698a6b18e5d3779991f67b"
"RCEP","851110","8511102000","- - Of a kind suitable for motor vehicle engines","5.0%","JKDM_HS_Explorer_RCEP_851110_RATE_2026.html","5b59ec8bed275e3cd5814394fdfe90177530f37fa0698a6b18e5d3779991f67b"
"RCEP","851110","8511109000","- - Other","5.0%","JKDM_HS_Explorer_RCEP_851110_RATE_2026.html","5b59ec8bed275e3cd5814394fdfe90177530f37fa0698a6b18e5d3779991f67b"
"RCEP","851130","8511303000","- - Of a kind suitable for aircraft engines","0.0%","JKDM_HS_Explorer_RCEP_851130_RATE_2026.html","729cb39d0961d4cb34305fd15f2d6a2ca9bcded548327e9d91199b03cd9cdde6"
"RCEP","851130","8511304100","- - - Unassembled","0.0%","JKDM_HS_Explorer_RCEP_851130_RATE_2026.html","729cb39d0961d4cb34305fd15f2d6a2ca9bcded548327e9d91199b03cd9cdde6"
"RCEP","851130","8511304900","- - - Other","0.0%","JKDM_HS_Explorer_RCEP_851130_RATE_2026.html","729cb39d0961d4cb34305fd15f2d6a2ca9bcded548327e9d91199b03cd9cdde6"
"RCEP","851130","8511309100","- - - Unassembled","0.0%","JKDM_HS_Explorer_RCEP_851130_RATE_2026.html","729cb39d0961d4cb34305fd15f2d6a2ca9bcded548327e9d91199b03cd9cdde6"
"RCEP","851130","8511309900","- - - Other","0.0%","JKDM_HS_Explorer_RCEP_851130_RATE_2026.html","729cb39d0961d4cb34305fd15f2d6a2ca9bcded548327e9d91199b03cd9cdde6"
"RCEP","851140","8511401000","- - Of a kind used for aircraft engines","0.0%","JKDM_HS_Explorer_RCEP_851140_RATE_2026.html","2aa160130717bc71e05a98534e2a34438de39c911f7c642e4c723e6130b23550"
"RCEP","851140","8511402100","- - - For engines of vehicles of heading 87.02, 87","0.0%","JKDM_HS_Explorer_RCEP_851140_RATE_2026.html","2aa160130717bc71e05a98534e2a34438de39c911f7c642e4c723e6130b23550"
"RCEP","851140","8511402900","- - - Other","0.0%","JKDM_HS_Explorer_RCEP_851140_RATE_2026.html","2aa160130717bc71e05a98534e2a34438de39c911f7c642e4c723e6130b23550"
"RCEP","851140","8511403100","- - - For engines of vehicles of heading 87.01","0.0%","JKDM_HS_Explorer_RCEP_851140_RATE_2026.html","2aa160130717bc71e05a98534e2a34438de39c911f7c642e4c723e6130b23550"
"RCEP","851140","8511403200","- - - For engines of vehicles of heading 87.02, 87","0.0%","JKDM_HS_Explorer_RCEP_851140_RATE_2026.html","2aa160130717bc71e05a98534e2a34438de39c911f7c642e4c723e6130b23550"
"RCEP","851140","8511403300","- - - For engines of vehicles of heading 87.05","0.0%","JKDM_HS_Explorer_RCEP_851140_RATE_2026.html","2aa160130717bc71e05a98534e2a34438de39c911f7c642e4c723e6130b23550"
"RCEP","851140","8511409100","- - - For engines of vehicles of heading 87.02, 87","0.0%","JKDM_HS_Explorer_RCEP_851140_RATE_2026.html","2aa160130717bc71e05a98534e2a34438de39c911f7c642e4c723e6130b23550"
"RCEP","851140","8511409900","- - - Other","0.0%","JKDM_HS_Explorer_RCEP_851140_RATE_2026.html","2aa160130717bc71e05a98534e2a34438de39c911f7c642e4c723e6130b23550"
"RCEP","851150","8511501000","- - Of a kind used for aircraft engines","0.0%","JKDM_HS_Explorer_RCEP_851150_RATE_2026.html","0dcf5283d48799f4e6fcf80545c3d757df16af234b043858e5ffd400e3183112"
"RCEP","851150","8511502100","- - - For engines of vehicles of heading 87.02, 87","0.0%","JKDM_HS_Explorer_RCEP_851150_RATE_2026.html","0dcf5283d48799f4e6fcf80545c3d757df16af234b043858e5ffd400e3183112"
"RCEP","851150","8511502900","- - - Other","0.0%","JKDM_HS_Explorer_RCEP_851150_RATE_2026.html","0dcf5283d48799f4e6fcf80545c3d757df16af234b043858e5ffd400e3183112"
"RCEP","851150","8511503100","- - - For engines of vehicles of heading 87.01","0.0%","JKDM_HS_Explorer_RCEP_851150_RATE_2026.html","0dcf5283d48799f4e6fcf80545c3d757df16af234b043858e5ffd400e3183112"
"RCEP","851150","8511503200","- - - For engines of vehicles of heading 87.02, 87","0.0%","JKDM_HS_Explorer_RCEP_851150_RATE_2026.html","0dcf5283d48799f4e6fcf80545c3d757df16af234b043858e5ffd400e3183112"
"RCEP","851150","8511503300","- - - For engines of vehicles of heading 87.05","0.0%","JKDM_HS_Explorer_RCEP_851150_RATE_2026.html","0dcf5283d48799f4e6fcf80545c3d757df16af234b043858e5ffd400e3183112"
"RCEP","851150","8511509100","- - - For engines of vehicles of heading 87.02, 87","0.0%","JKDM_HS_Explorer_RCEP_851150_RATE_2026.html","0dcf5283d48799f4e6fcf80545c3d757df16af234b043858e5ffd400e3183112"
"RCEP","851150","8511509900","- - - Other","0.0%","JKDM_HS_Explorer_RCEP_851150_RATE_2026.html","0dcf5283d48799f4e6fcf80545c3d757df16af234b043858e5ffd400e3183112"
"RCEP","851220","8512202000","- - Unassembled lighting or visual signalling equi","0.0%","JKDM_HS_Explorer_RCEP_851220_RATE_2026.html","48bdc51a7dc94e3d6f65842bd04874dffa7dda2d194c31739fb474e57fa44a6b"
"RCEP","851220","8512209100","- - - For motorcycles","0.0%","JKDM_HS_Explorer_RCEP_851220_RATE_2026.html","48bdc51a7dc94e3d6f65842bd04874dffa7dda2d194c31739fb474e57fa44a6b"
"RCEP","851220","8512209900","- - - Other","0.0%","JKDM_HS_Explorer_RCEP_851220_RATE_2026.html","48bdc51a7dc94e3d6f65842bd04874dffa7dda2d194c31739fb474e57fa44a6b"
"RCEP","851230","8512301000","- - Horns and sirens, assembled","0.0%","JKDM_HS_Explorer_RCEP_851230_RATE_2026.html","c9f539ad3cd7967b2483eca539cc17ff046992ae865a4263f762bd617ad9476d"
"RCEP","851230","8512302000","- - Unassembled sound signalling equipment","0.0%","JKDM_HS_Explorer_RCEP_851230_RATE_2026.html","c9f539ad3cd7967b2483eca539cc17ff046992ae865a4263f762bd617ad9476d"
"RCEP","851230","8512309100","- - - Obstacle detection (warning) devices for veh","0.0%","JKDM_HS_Explorer_RCEP_851230_RATE_2026.html","c9f539ad3cd7967b2483eca539cc17ff046992ae865a4263f762bd617ad9476d"
"RCEP","851230","8512309900","- - - Other","0.0%","JKDM_HS_Explorer_RCEP_851230_RATE_2026.html","c9f539ad3cd7967b2483eca539cc17ff046992ae865a4263f762bd617ad9476d"
"RCEP","851240","8512400000","- Windscreen wipers, defrosters and demisters","0.0%","JKDM_HS_Explorer_RCEP_851240_RATE_2026.html","db6713bddce61d4f5470eb97d7422a1fe0183c300e223ee7de0cf9fed82357cf"
"RCEP","851829","8518292000","- - - Loudspeakers, without enclosure, having a fr","0.0%","JKDM_HS_Explorer_RCEP_851829_RATE_2026.html","c3f9c51a21a8877832c8ba10a914dec01171064e3d4c078c0b46e8ee7927a8eb"
"RCEP","851829","8518299000","- - - Other","0.0%","JKDM_HS_Explorer_RCEP_851829_RATE_2026.html","c3f9c51a21a8877832c8ba10a914dec01171064e3d4c078c0b46e8ee7927a8eb"
"RCEP","852721","8527210010","- - - Capable of receiving and decoding digital ra","10.0%","JKDM_HS_Explorer_RCEP_852721_RATE_2026.html","60092e8aacf34cf443428190692f04414c6d69997bc1fe8337a4418172809c9e"
"RCEP","852721","8527210090","- - - Other","10.0%","JKDM_HS_Explorer_RCEP_852721_RATE_2026.html","60092e8aacf34cf443428190692f04414c6d69997bc1fe8337a4418172809c9e"
"RCEP","853120","8531200000","- Indicator panels incorporating liquid crystal de","0.0%","JKDM_HS_Explorer_RCEP_853120_RATE_2026.html","ca4b9f136b0b9d36fe66ed4a2457f4e078dc3579e52a36e11ef2544d545f34c2"
"RCEP","853710","8537101100","- - - Control panels of a kind suitable for use in","10.7%","JKDM_HS_Explorer_RCEP_853710_RATE_2026.html","5ed1aec5b26658728061306dd066301dfbb50f5159ab4a170ab0c56818f82880"
"RCEP","853710","8537101200","- - - Control panels fitted with a programmable pr","10.7%","JKDM_HS_Explorer_RCEP_853710_RATE_2026.html","5ed1aec5b26658728061306dd066301dfbb50f5159ab4a170ab0c56818f82880"
"RCEP","853710","8537101300","- - - Other control panels of a kind suitable for","10.7%","JKDM_HS_Explorer_RCEP_853710_RATE_2026.html","5ed1aec5b26658728061306dd066301dfbb50f5159ab4a170ab0c56818f82880"
"RCEP","853710","8537101900","- - - Other","10.7%","JKDM_HS_Explorer_RCEP_853710_RATE_2026.html","5ed1aec5b26658728061306dd066301dfbb50f5159ab4a170ab0c56818f82880"
"RCEP","853710","8537102000","- - Distribution boards (including back panels and","10.7%","JKDM_HS_Explorer_RCEP_853710_RATE_2026.html","5ed1aec5b26658728061306dd066301dfbb50f5159ab4a170ab0c56818f82880"
"RCEP","853710","8537103000","- - Programmable logic controllers for automated m","10.7%","JKDM_HS_Explorer_RCEP_853710_RATE_2026.html","5ed1aec5b26658728061306dd066301dfbb50f5159ab4a170ab0c56818f82880"
"RCEP","853710","8537109100","- - - Of a kind used in radio equipment or in elec","0.0%","JKDM_HS_Explorer_RCEP_853710_RATE_2026.html","5ed1aec5b26658728061306dd066301dfbb50f5159ab4a170ab0c56818f82880"
"RCEP","853710","8537109200","- - - Of a kind suitable for use in distributed co","10.7%","JKDM_HS_Explorer_RCEP_853710_RATE_2026.html","5ed1aec5b26658728061306dd066301dfbb50f5159ab4a170ab0c56818f82880"
"RCEP","853710","8537109900","- - - Other","10.7%","JKDM_HS_Explorer_RCEP_853710_RATE_2026.html","5ed1aec5b26658728061306dd066301dfbb50f5159ab4a170ab0c56818f82880"
"RCEP","854430","8544301200","- - - - Of a kind use for vehicles of heading 87.0","30.0%","JKDM_HS_Explorer_RCEP_854430_RATE_2026.html","c0a6ed732b07cfeac4aff8db0da3cba620a3df850a2f4186bea30113046614e2"
"RCEP","854430","8544301300","- - - - Other","30.0%","JKDM_HS_Explorer_RCEP_854430_RATE_2026.html","c0a6ed732b07cfeac4aff8db0da3cba620a3df850a2f4186bea30113046614e2"
"RCEP","854430","8544301400","- - - - Of a kind used for vehicles of heading 87.","3.6%","JKDM_HS_Explorer_RCEP_854430_RATE_2026.html","c0a6ed732b07cfeac4aff8db0da3cba620a3df850a2f4186bea30113046614e2"
"RCEP","854430","8544301900","- - - - Other","3.6%","JKDM_HS_Explorer_RCEP_854430_RATE_2026.html","c0a6ed732b07cfeac4aff8db0da3cba620a3df850a2f4186bea30113046614e2"
"RCEP","854430","8544309100","- - - Insulated with rubber or plastics","30.0%","JKDM_HS_Explorer_RCEP_854430_RATE_2026.html","c0a6ed732b07cfeac4aff8db0da3cba620a3df850a2f4186bea30113046614e2"
"RCEP","854430","8544309900","- - - Other","3.6%","JKDM_HS_Explorer_RCEP_854430_RATE_2026.html","c0a6ed732b07cfeac4aff8db0da3cba620a3df850a2f4186bea30113046614e2"
"RCEP","870321","8703211100","- - - - Go-karts","0.0%","JKDM_HS_Explorer_RCEP_870321_RATE_2026.html","12c94ad6b1f0a80854c272ada8d3c41967431df7ff55074df5e8a0fc22ed70af"
"RCEP","870321","8703211200","- - - - All-Terrain Vehicles (ATV)","0.0%","JKDM_HS_Explorer_RCEP_870321_RATE_2026.html","12c94ad6b1f0a80854c272ada8d3c41967431df7ff55074df5e8a0fc22ed70af"
"RCEP","870321","8703211300","- - - - Ambulances","4.5%","JKDM_HS_Explorer_RCEP_870321_RATE_2026.html","12c94ad6b1f0a80854c272ada8d3c41967431df7ff55074df5e8a0fc22ed70af"
"RCEP","870321","8703211400","- - - - Motor-homes","31.8%","JKDM_HS_Explorer_RCEP_870321_RATE_2026.html","12c94ad6b1f0a80854c272ada8d3c41967431df7ff55074df5e8a0fc22ed70af"
"RCEP","870321","8703211500","- - - - Sedan","10.0%","JKDM_HS_Explorer_RCEP_870321_RATE_2026.html","12c94ad6b1f0a80854c272ada8d3c41967431df7ff55074df5e8a0fc22ed70af"
"RCEP","870321","8703212100","- - - - - Of four-wheel drive","10.0%","JKDM_HS_Explorer_RCEP_870321_RATE_2026.html","12c94ad6b1f0a80854c272ada8d3c41967431df7ff55074df5e8a0fc22ed70af"
"RCEP","870321","8703212900","- - - - - Other","10.0%","JKDM_HS_Explorer_RCEP_870321_RATE_2026.html","12c94ad6b1f0a80854c272ada8d3c41967431df7ff55074df5e8a0fc22ed70af"
"RCEP","870321","8703213000","- - - - Other","0.0%","JKDM_HS_Explorer_RCEP_870321_RATE_2026.html","12c94ad6b1f0a80854c272ada8d3c41967431df7ff55074df5e8a0fc22ed70af"
"RCEP","870321","8703214100","- - - - Go-karts","0.0%","JKDM_HS_Explorer_RCEP_870321_RATE_2026.html","12c94ad6b1f0a80854c272ada8d3c41967431df7ff55074df5e8a0fc22ed70af"
"RCEP","870321","8703214200","- - - - All-Terrain Vehicles (ATV)","30.0%","JKDM_HS_Explorer_RCEP_870321_RATE_2026.html","12c94ad6b1f0a80854c272ada8d3c41967431df7ff55074df5e8a0fc22ed70af"
"RCEP","870321","8703214300","- - - - Ambulances","4.5%","JKDM_HS_Explorer_RCEP_870321_RATE_2026.html","12c94ad6b1f0a80854c272ada8d3c41967431df7ff55074df5e8a0fc22ed70af"
"RCEP","870321","8703214400","- - - - Motor-homes","31.8%","JKDM_HS_Explorer_RCEP_870321_RATE_2026.html","12c94ad6b1f0a80854c272ada8d3c41967431df7ff55074df5e8a0fc22ed70af"
"RCEP","870321","8703214510","- - - - - New","30.0%","JKDM_HS_Explorer_RCEP_870321_RATE_2026.html","12c94ad6b1f0a80854c272ada8d3c41967431df7ff55074df5e8a0fc22ed70af"
"RCEP","870321","8703214590","- - - - - Other","30.0%","JKDM_HS_Explorer_RCEP_870321_RATE_2026.html","12c94ad6b1f0a80854c272ada8d3c41967431df7ff55074df5e8a0fc22ed70af"
"RCEP","870321","8703215110","- - - - - - New","30.0%","JKDM_HS_Explorer_RCEP_870321_RATE_2026.html","12c94ad6b1f0a80854c272ada8d3c41967431df7ff55074df5e8a0fc22ed70af"
"RCEP","870321","8703215190","- - - - - - Other","30.0%","JKDM_HS_Explorer_RCEP_870321_RATE_2026.html","12c94ad6b1f0a80854c272ada8d3c41967431df7ff55074df5e8a0fc22ed70af"
"RCEP","870321","8703215910","- - - - - - New","30.0%","JKDM_HS_Explorer_RCEP_870321_RATE_2026.html","12c94ad6b1f0a80854c272ada8d3c41967431df7ff55074df5e8a0fc22ed70af"
"RCEP","870321","8703215990","- - - - - - Other","30.0%","JKDM_HS_Explorer_RCEP_870321_RATE_2026.html","12c94ad6b1f0a80854c272ada8d3c41967431df7ff55074df5e8a0fc22ed70af"
"RCEP","870321","8703219010","- - - - - - New","30.0%","JKDM_HS_Explorer_RCEP_870321_RATE_2026.html","12c94ad6b1f0a80854c272ada8d3c41967431df7ff55074df5e8a0fc22ed70af"
"RCEP","870321","8703219090","- - - - - - Other","30.0%","JKDM_HS_Explorer_RCEP_870321_RATE_2026.html","12c94ad6b1f0a80854c272ada8d3c41967431df7ff55074df5e8a0fc22ed70af"
"RCEP","870322","8703221100","- - - - Go-karts","0.0%","JKDM_HS_Explorer_RCEP_870322_RATE_2026.html","9bad96bbfa4600f892c9089a6becd0599348757cd2d635c243d3acf80c2a483c"
"RCEP","870322","8703221200","- - - - All-Terrain Vehicles (ATV)","0.0%","JKDM_HS_Explorer_RCEP_870322_RATE_2026.html","9bad96bbfa4600f892c9089a6becd0599348757cd2d635c243d3acf80c2a483c"
"RCEP","870322","8703221300","- - - - Ambulances","4.5%","JKDM_HS_Explorer_RCEP_870322_RATE_2026.html","9bad96bbfa4600f892c9089a6becd0599348757cd2d635c243d3acf80c2a483c"
"RCEP","870322","8703221400","- - - - Hearses","0.0%","JKDM_HS_Explorer_RCEP_870322_RATE_2026.html","9bad96bbfa4600f892c9089a6becd0599348757cd2d635c243d3acf80c2a483c"
"RCEP","870322","8703221500","- - - - Prison vans","0.0%","JKDM_HS_Explorer_RCEP_870322_RATE_2026.html","9bad96bbfa4600f892c9089a6becd0599348757cd2d635c243d3acf80c2a483c"
"RCEP","870322","8703221600","- - - - Motor-homes","31.8%","JKDM_HS_Explorer_RCEP_870322_RATE_2026.html","9bad96bbfa4600f892c9089a6becd0599348757cd2d635c243d3acf80c2a483c"
"RCEP","870322","8703221700","- - - - Sedan","10.0%","JKDM_HS_Explorer_RCEP_870322_RATE_2026.html","9bad96bbfa4600f892c9089a6becd0599348757cd2d635c243d3acf80c2a483c"
"RCEP","870322","8703222100","- - - - - Of four-wheel drive","10.0%","JKDM_HS_Explorer_RCEP_870322_RATE_2026.html","9bad96bbfa4600f892c9089a6becd0599348757cd2d635c243d3acf80c2a483c"
"RCEP","870322","8703222900","- - - - - Other","10.0%","JKDM_HS_Explorer_RCEP_870322_RATE_2026.html","9bad96bbfa4600f892c9089a6becd0599348757cd2d635c243d3acf80c2a483c"
"RCEP","870322","8703223000","- - - - Other","0.0%","JKDM_HS_Explorer_RCEP_870322_RATE_2026.html","9bad96bbfa4600f892c9089a6becd0599348757cd2d635c243d3acf80c2a483c"
"RCEP","870322","8703224100","- - - - Go-karts","30.0%","JKDM_HS_Explorer_RCEP_870322_RATE_2026.html","9bad96bbfa4600f892c9089a6becd0599348757cd2d635c243d3acf80c2a483c"
"RCEP","870322","8703224200","- - - - All-Terrain Vehicles (ATV)","30.0%","JKDM_HS_Explorer_RCEP_870322_RATE_2026.html","9bad96bbfa4600f892c9089a6becd0599348757cd2d635c243d3acf80c2a483c"
"RCEP","870322","8703224300","- - - - Ambulances","4.5%","JKDM_HS_Explorer_RCEP_870322_RATE_2026.html","9bad96bbfa4600f892c9089a6becd0599348757cd2d635c243d3acf80c2a483c"
"RCEP","870322","8703224400","- - - - Hearses","30.0%","JKDM_HS_Explorer_RCEP_870322_RATE_2026.html","9bad96bbfa4600f892c9089a6becd0599348757cd2d635c243d3acf80c2a483c"
"RCEP","870322","8703224500","- - - - Prison vans","30.0%","JKDM_HS_Explorer_RCEP_870322_RATE_2026.html","9bad96bbfa4600f892c9089a6becd0599348757cd2d635c243d3acf80c2a483c"
"RCEP","870322","8703224600","- - - - Motor-homes","31.8%","JKDM_HS_Explorer_RCEP_870322_RATE_2026.html","9bad96bbfa4600f892c9089a6becd0599348757cd2d635c243d3acf80c2a483c"
"RCEP","870322","8703224710","- - - - - New","30.0%","JKDM_HS_Explorer_RCEP_870322_RATE_2026.html","9bad96bbfa4600f892c9089a6becd0599348757cd2d635c243d3acf80c2a483c"
"RCEP","870322","8703224790","- - - - - Other","30.0%","JKDM_HS_Explorer_RCEP_870322_RATE_2026.html","9bad96bbfa4600f892c9089a6becd0599348757cd2d635c243d3acf80c2a483c"
"RCEP","870322","8703225110","- - - - - New","30.0%","JKDM_HS_Explorer_RCEP_870322_RATE_2026.html","9bad96bbfa4600f892c9089a6becd0599348757cd2d635c243d3acf80c2a483c"
"RCEP","870322","8703225190","- - - - - Other","30.0%","JKDM_HS_Explorer_RCEP_870322_RATE_2026.html","9bad96bbfa4600f892c9089a6becd0599348757cd2d635c243d3acf80c2a483c"
"RCEP","870322","8703225910","- - - - - New","30.0%","JKDM_HS_Explorer_RCEP_870322_RATE_2026.html","9bad96bbfa4600f892c9089a6becd0599348757cd2d635c243d3acf80c2a483c"
"RCEP","870322","8703225990","- - - - - Other","30.0%","JKDM_HS_Explorer_RCEP_870322_RATE_2026.html","9bad96bbfa4600f892c9089a6becd0599348757cd2d635c243d3acf80c2a483c"
"RCEP","870322","8703229010","- - - - - New","30.0%","JKDM_HS_Explorer_RCEP_870322_RATE_2026.html","9bad96bbfa4600f892c9089a6becd0599348757cd2d635c243d3acf80c2a483c"
"RCEP","870322","8703229090","- - - - - Other","30.0%","JKDM_HS_Explorer_RCEP_870322_RATE_2026.html","9bad96bbfa4600f892c9089a6becd0599348757cd2d635c243d3acf80c2a483c"
"RCEP","870323","8703231100","- - - - Ambulances","4.5%","JKDM_HS_Explorer_RCEP_870323_RATE_2026.html","8f71e09a6012f5c2ed10231add552e6a4549942f0c93bc8a001b1feba59d3136"
"RCEP","870323","8703231200","- - - - Hearses","10.0%","JKDM_HS_Explorer_RCEP_870323_RATE_2026.html","8f71e09a6012f5c2ed10231add552e6a4549942f0c93bc8a001b1feba59d3136"
"RCEP","870323","8703231300","- - - - Prison vans","10.0%","JKDM_HS_Explorer_RCEP_870323_RATE_2026.html","8f71e09a6012f5c2ed10231add552e6a4549942f0c93bc8a001b1feba59d3136"
"RCEP","870323","8703231400","- - - - Motor-homes","31.8%","JKDM_HS_Explorer_RCEP_870323_RATE_2026.html","8f71e09a6012f5c2ed10231add552e6a4549942f0c93bc8a001b1feba59d3136"
"RCEP","870323","8703232100","- - - - - Of a cylinder capacity exceeding 1,500 c","10.0%","JKDM_HS_Explorer_RCEP_870323_RATE_2026.html","8f71e09a6012f5c2ed10231add552e6a4549942f0c93bc8a001b1feba59d3136"
"RCEP","870323","8703232200","- - - - - Of a cylinder capacity exceeding 1,800 c","10.0%","JKDM_HS_Explorer_RCEP_870323_RATE_2026.html","8f71e09a6012f5c2ed10231add552e6a4549942f0c93bc8a001b1feba59d3136"
"RCEP","870323","8703232300","- - - - - Of a cylinder capacity exceeding 2,000 c","9.1%","JKDM_HS_Explorer_RCEP_870323_RATE_2026.html","8f71e09a6012f5c2ed10231add552e6a4549942f0c93bc8a001b1feba59d3136"
"RCEP","870323","8703232400","- - - - - Of a cylinder capacity exceeding 2,500 c","9.1%","JKDM_HS_Explorer_RCEP_870323_RATE_2026.html","8f71e09a6012f5c2ed10231add552e6a4549942f0c93bc8a001b1feba59d3136"
"RCEP","870323","8703233100","- - - - - Of a cylinder capacity exceeding 1,500 c","10.0%","JKDM_HS_Explorer_RCEP_870323_RATE_2026.html","8f71e09a6012f5c2ed10231add552e6a4549942f0c93bc8a001b1feba59d3136"
"RCEP","870323","8703233200","- - - - - Of a cylinder capacity exceeding 1,800 c","10.0%","JKDM_HS_Explorer_RCEP_870323_RATE_2026.html","8f71e09a6012f5c2ed10231add552e6a4549942f0c93bc8a001b1feba59d3136"
"RCEP","870323","8703233300","- - - - - Of a cylinder capacity exceeding 2,000 c","9.1%","JKDM_HS_Explorer_RCEP_870323_RATE_2026.html","8f71e09a6012f5c2ed10231add552e6a4549942f0c93bc8a001b1feba59d3136"
"RCEP","870323","8703233400","- - - - - Of a cylinder capacity exceeding 2,500 c","9.1%","JKDM_HS_Explorer_RCEP_870323_RATE_2026.html","8f71e09a6012f5c2ed10231add552e6a4549942f0c93bc8a001b1feba59d3136"
"RCEP","870323","8703233500","- - - - - Of a cylinder capacity exceeding 1,500 c","10.0%","JKDM_HS_Explorer_RCEP_870323_RATE_2026.html","8f71e09a6012f5c2ed10231add552e6a4549942f0c93bc8a001b1feba59d3136"
"RCEP","870323","8703233600","- - - - - Of a cylinder capacity exceeding 2,000 c","9.1%","JKDM_HS_Explorer_RCEP_870323_RATE_2026.html","8f71e09a6012f5c2ed10231add552e6a4549942f0c93bc8a001b1feba59d3136"
"RCEP","870323","8703234100","- - - - - Of a cylinder capacity exceeding 1,500 c","10.0%","JKDM_HS_Explorer_RCEP_870323_RATE_2026.html","8f71e09a6012f5c2ed10231add552e6a4549942f0c93bc8a001b1feba59d3136"
"RCEP","870323","8703234200","- - - - - Of a cylinder capacity exceeding 2,000 c","9.1%","JKDM_HS_Explorer_RCEP_870323_RATE_2026.html","8f71e09a6012f5c2ed10231add552e6a4549942f0c93bc8a001b1feba59d3136"
"RCEP","870323","8703235100","- - - - Ambulances","4.5%","JKDM_HS_Explorer_RCEP_870323_RATE_2026.html","8f71e09a6012f5c2ed10231add552e6a4549942f0c93bc8a001b1feba59d3136"
"RCEP","870323","8703235210","- - - - - Of a cylinder capacity exceeding 1,500 c","30.0%","JKDM_HS_Explorer_RCEP_870323_RATE_2026.html","8f71e09a6012f5c2ed10231add552e6a4549942f0c93bc8a001b1feba59d3136"
"RCEP","870323","8703235220","- - - - - Of a cylinder capacity exceeding 1,800 c","30.0%","JKDM_HS_Explorer_RCEP_870323_RATE_2026.html","8f71e09a6012f5c2ed10231add552e6a4549942f0c93bc8a001b1feba59d3136"
"RCEP","870323","8703235230","- - - - - Of a cylinder capacity exceeding 2,000 c","27.3%","JKDM_HS_Explorer_RCEP_870323_RATE_2026.html","8f71e09a6012f5c2ed10231add552e6a4549942f0c93bc8a001b1feba59d3136"
"RCEP","870323","8703235240","- - - - - Of a cylinder capacity exceeding 2,500 c","27.3%","JKDM_HS_Explorer_RCEP_870323_RATE_2026.html","8f71e09a6012f5c2ed10231add552e6a4549942f0c93bc8a001b1feba59d3136"
"RCEP","870323","8703235310","- - - - - Of a cylinder capacity exceeding 1,500 c","30.0%","JKDM_HS_Explorer_RCEP_870323_RATE_2026.html","8f71e09a6012f5c2ed10231add552e6a4549942f0c93bc8a001b1feba59d3136"
"RCEP","870323","8703235320","- - - - - Of a cylinder capacity exceeding 1,800 c","30.0%","JKDM_HS_Explorer_RCEP_870323_RATE_2026.html","8f71e09a6012f5c2ed10231add552e6a4549942f0c93bc8a001b1feba59d3136"
"RCEP","870323","8703235330","- - - - - Of a cylinder capacity exceeding 2,000 c","27.3%","JKDM_HS_Explorer_RCEP_870323_RATE_2026.html","8f71e09a6012f5c2ed10231add552e6a4549942f0c93bc8a001b1feba59d3136"
"RCEP","870323","8703235340","- - - - - Of a cylinder capacity exceeding 2,500 c","27.3%","JKDM_HS_Explorer_RCEP_870323_RATE_2026.html","8f71e09a6012f5c2ed10231add552e6a4549942f0c93bc8a001b1feba59d3136"
"RCEP","870323","8703235400","- - - - Motor-homes","31.8%","JKDM_HS_Explorer_RCEP_870323_RATE_2026.html","8f71e09a6012f5c2ed10231add552e6a4549942f0c93bc8a001b1feba59d3136"
"RCEP","870323","8703235510","- - - - - - New","30.0%","JKDM_HS_Explorer_RCEP_870323_RATE_2026.html","8f71e09a6012f5c2ed10231add552e6a4549942f0c93bc8a001b1feba59d3136"
"RCEP","870323","8703235590","- - - - - - Other","30.0%","JKDM_HS_Explorer_RCEP_870323_RATE_2026.html","8f71e09a6012f5c2ed10231add552e6a4549942f0c93bc8a001b1feba59d3136"
"RCEP","870323","8703235610","- - - - - - New","30.0%","JKDM_HS_Explorer_RCEP_870323_RATE_2026.html","8f71e09a6012f5c2ed10231add552e6a4549942f0c93bc8a001b1feba59d3136"
"RCEP","870323","8703235690","- - - - - - Other","30.0%","JKDM_HS_Explorer_RCEP_870323_RATE_2026.html","8f71e09a6012f5c2ed10231add552e6a4549942f0c93bc8a001b1feba59d3136"
"RCEP","870323","8703235710","- - - - - - New","27.3%","JKDM_HS_Explorer_RCEP_870323_RATE_2026.html","8f71e09a6012f5c2ed10231add552e6a4549942f0c93bc8a001b1feba59d3136"
"RCEP","870323","8703235790","- - - - - - Other","27.3%","JKDM_HS_Explorer_RCEP_870323_RATE_2026.html","8f71e09a6012f5c2ed10231add552e6a4549942f0c93bc8a001b1feba59d3136"
"RCEP","870323","8703235810","- - - - - - New","27.3%","JKDM_HS_Explorer_RCEP_870323_RATE_2026.html","8f71e09a6012f5c2ed10231add552e6a4549942f0c93bc8a001b1feba59d3136"
"RCEP","870323","8703235890","- - - - - - Other","27.3%","JKDM_HS_Explorer_RCEP_870323_RATE_2026.html","8f71e09a6012f5c2ed10231add552e6a4549942f0c93bc8a001b1feba59d3136"
"RCEP","870323","8703236110","- - - - - - New","30.0%","JKDM_HS_Explorer_RCEP_870323_RATE_2026.html","8f71e09a6012f5c2ed10231add552e6a4549942f0c93bc8a001b1feba59d3136"
"RCEP","870323","8703236190","- - - - - - Other","30.0%","JKDM_HS_Explorer_RCEP_870323_RATE_2026.html","8f71e09a6012f5c2ed10231add552e6a4549942f0c93bc8a001b1feba59d3136"
"RCEP","870323","8703236210","- - - - - - New","30.0%","JKDM_HS_Explorer_RCEP_870323_RATE_2026.html","8f71e09a6012f5c2ed10231add552e6a4549942f0c93bc8a001b1feba59d3136"
"RCEP","870323","8703236290","- - - - - - Other","30.0%","JKDM_HS_Explorer_RCEP_870323_RATE_2026.html","8f71e09a6012f5c2ed10231add552e6a4549942f0c93bc8a001b1feba59d3136"
"RCEP","870323","8703236310","- - - - - - New","27.3%","JKDM_HS_Explorer_RCEP_870323_RATE_2026.html","8f71e09a6012f5c2ed10231add552e6a4549942f0c93bc8a001b1feba59d3136"
"RCEP","870323","8703236390","- - - - - - Other","27.3%","JKDM_HS_Explorer_RCEP_870323_RATE_2026.html","8f71e09a6012f5c2ed10231add552e6a4549942f0c93bc8a001b1feba59d3136"
"RCEP","870323","8703236410","- - - - - - New","27.3%","JKDM_HS_Explorer_RCEP_870323_RATE_2026.html","8f71e09a6012f5c2ed10231add552e6a4549942f0c93bc8a001b1feba59d3136"
"RCEP","870323","8703236490","- - - - - - Other","27.3%","JKDM_HS_Explorer_RCEP_870323_RATE_2026.html","8f71e09a6012f5c2ed10231add552e6a4549942f0c93bc8a001b1feba59d3136"
"RCEP","870323","8703236510","- - - - - - New","30.0%","JKDM_HS_Explorer_RCEP_870323_RATE_2026.html","8f71e09a6012f5c2ed10231add552e6a4549942f0c93bc8a001b1feba59d3136"
"RCEP","870323","8703236590","- - - - - - Other","30.0%","JKDM_HS_Explorer_RCEP_870323_RATE_2026.html","8f71e09a6012f5c2ed10231add552e6a4549942f0c93bc8a001b1feba59d3136"
"RCEP","870323","8703236610","- - - - - - New","30.0%","JKDM_HS_Explorer_RCEP_870323_RATE_2026.html","8f71e09a6012f5c2ed10231add552e6a4549942f0c93bc8a001b1feba59d3136"
"RCEP","870323","8703236690","- - - - - - Other","30.0%","JKDM_HS_Explorer_RCEP_870323_RATE_2026.html","8f71e09a6012f5c2ed10231add552e6a4549942f0c93bc8a001b1feba59d3136"
"RCEP","870323","8703236710","- - - - - - New","27.3%","JKDM_HS_Explorer_RCEP_870323_RATE_2026.html","8f71e09a6012f5c2ed10231add552e6a4549942f0c93bc8a001b1feba59d3136"
"RCEP","870323","8703236790","- - - - - - Other","27.3%","JKDM_HS_Explorer_RCEP_870323_RATE_2026.html","8f71e09a6012f5c2ed10231add552e6a4549942f0c93bc8a001b1feba59d3136"
"RCEP","870323","8703236810","- - - - - - New","27.3%","JKDM_HS_Explorer_RCEP_870323_RATE_2026.html","8f71e09a6012f5c2ed10231add552e6a4549942f0c93bc8a001b1feba59d3136"
"RCEP","870323","8703236890","- - - - - - Other","27.3%","JKDM_HS_Explorer_RCEP_870323_RATE_2026.html","8f71e09a6012f5c2ed10231add552e6a4549942f0c93bc8a001b1feba59d3136"
"RCEP","870323","8703237110","- - - - - - New","30.0%","JKDM_HS_Explorer_RCEP_870323_RATE_2026.html","8f71e09a6012f5c2ed10231add552e6a4549942f0c93bc8a001b1feba59d3136"
"RCEP","870323","8703237190","- - - - - - Other","30.0%","JKDM_HS_Explorer_RCEP_870323_RATE_2026.html","8f71e09a6012f5c2ed10231add552e6a4549942f0c93bc8a001b1feba59d3136"
"RCEP","870323","8703237210","- - - - - - New","30.0%","JKDM_HS_Explorer_RCEP_870323_RATE_2026.html","8f71e09a6012f5c2ed10231add552e6a4549942f0c93bc8a001b1feba59d3136"
"RCEP","870323","8703237290","- - - - - - Other","30.0%","JKDM_HS_Explorer_RCEP_870323_RATE_2026.html","8f71e09a6012f5c2ed10231add552e6a4549942f0c93bc8a001b1feba59d3136"
"RCEP","870323","8703237310","- - - - - - New","27.3%","JKDM_HS_Explorer_RCEP_870323_RATE_2026.html","8f71e09a6012f5c2ed10231add552e6a4549942f0c93bc8a001b1feba59d3136"
"RCEP","870323","8703237390","- - - - - - Other","27.3%","JKDM_HS_Explorer_RCEP_870323_RATE_2026.html","8f71e09a6012f5c2ed10231add552e6a4549942f0c93bc8a001b1feba59d3136"
"RCEP","870323","8703237410","- - - - - - New","27.3%","JKDM_HS_Explorer_RCEP_870323_RATE_2026.html","8f71e09a6012f5c2ed10231add552e6a4549942f0c93bc8a001b1feba59d3136"
"RCEP","870323","8703237490","- - - - - - Other","27.3%","JKDM_HS_Explorer_RCEP_870323_RATE_2026.html","8f71e09a6012f5c2ed10231add552e6a4549942f0c93bc8a001b1feba59d3136"
"RCEP","870324","8703241100","- - - - Ambulances","4.5%","JKDM_HS_Explorer_RCEP_870324_RATE_2026.html","93060e81a4f58aeb818b62ce6c4eacc8d0f05668008cae2431f7d6da9c864cca"
"RCEP","870324","8703241200","- - - - Hearses","9.1%","JKDM_HS_Explorer_RCEP_870324_RATE_2026.html","93060e81a4f58aeb818b62ce6c4eacc8d0f05668008cae2431f7d6da9c864cca"
"RCEP","870324","8703241300","- - - - Prison vans","9.1%","JKDM_HS_Explorer_RCEP_870324_RATE_2026.html","93060e81a4f58aeb818b62ce6c4eacc8d0f05668008cae2431f7d6da9c864cca"
"RCEP","870324","8703241400","- - - - Motor-homes","31.8%","JKDM_HS_Explorer_RCEP_870324_RATE_2026.html","93060e81a4f58aeb818b62ce6c4eacc8d0f05668008cae2431f7d6da9c864cca"
"RCEP","870324","8703241500","- - - - Sedan","9.1%","JKDM_HS_Explorer_RCEP_870324_RATE_2026.html","93060e81a4f58aeb818b62ce6c4eacc8d0f05668008cae2431f7d6da9c864cca"
"RCEP","870324","8703242100","- - - - - Of four-wheel drive","9.1%","JKDM_HS_Explorer_RCEP_870324_RATE_2026.html","93060e81a4f58aeb818b62ce6c4eacc8d0f05668008cae2431f7d6da9c864cca"
"RCEP","870324","8703242900","- - - - - Other","9.1%","JKDM_HS_Explorer_RCEP_870324_RATE_2026.html","93060e81a4f58aeb818b62ce6c4eacc8d0f05668008cae2431f7d6da9c864cca"
"RCEP","870324","8703243000","- - - - Other","9.1%","JKDM_HS_Explorer_RCEP_870324_RATE_2026.html","93060e81a4f58aeb818b62ce6c4eacc8d0f05668008cae2431f7d6da9c864cca"
"RCEP","870324","8703244100","- - - - Ambulances","4.5%","JKDM_HS_Explorer_RCEP_870324_RATE_2026.html","93060e81a4f58aeb818b62ce6c4eacc8d0f05668008cae2431f7d6da9c864cca"
"RCEP","870324","8703244200","- - - - Hearses","27.3%","JKDM_HS_Explorer_RCEP_870324_RATE_2026.html","93060e81a4f58aeb818b62ce6c4eacc8d0f05668008cae2431f7d6da9c864cca"
"RCEP","870324","8703244300","- - - - Prison vans","27.3%","JKDM_HS_Explorer_RCEP_870324_RATE_2026.html","93060e81a4f58aeb818b62ce6c4eacc8d0f05668008cae2431f7d6da9c864cca"
"RCEP","870324","8703244400","- - - - Motor-homes","31.8%","JKDM_HS_Explorer_RCEP_870324_RATE_2026.html","93060e81a4f58aeb818b62ce6c4eacc8d0f05668008cae2431f7d6da9c864cca"
"RCEP","870324","8703244510","- - - - - - New","27.3%","JKDM_HS_Explorer_RCEP_870324_RATE_2026.html","93060e81a4f58aeb818b62ce6c4eacc8d0f05668008cae2431f7d6da9c864cca"
"RCEP","870324","8703244590","- - - - - - Other","27.3%","JKDM_HS_Explorer_RCEP_870324_RATE_2026.html","93060e81a4f58aeb818b62ce6c4eacc8d0f05668008cae2431f7d6da9c864cca"
"RCEP","870324","8703244910","- - - - - - New","27.3%","JKDM_HS_Explorer_RCEP_870324_RATE_2026.html","93060e81a4f58aeb818b62ce6c4eacc8d0f05668008cae2431f7d6da9c864cca"
"RCEP","870324","8703244990","- - - - - - Other","27.3%","JKDM_HS_Explorer_RCEP_870324_RATE_2026.html","93060e81a4f58aeb818b62ce6c4eacc8d0f05668008cae2431f7d6da9c864cca"
"RCEP","870324","8703245110","- - - - - - New","27.3%","JKDM_HS_Explorer_RCEP_870324_RATE_2026.html","93060e81a4f58aeb818b62ce6c4eacc8d0f05668008cae2431f7d6da9c864cca"
"RCEP","870324","8703245190","- - - - - - Other","27.3%","JKDM_HS_Explorer_RCEP_870324_RATE_2026.html","93060e81a4f58aeb818b62ce6c4eacc8d0f05668008cae2431f7d6da9c864cca"
"RCEP","870324","8703245910","- - - - - - New","27.3%","JKDM_HS_Explorer_RCEP_870324_RATE_2026.html","93060e81a4f58aeb818b62ce6c4eacc8d0f05668008cae2431f7d6da9c864cca"
"RCEP","870324","8703245990","- - - - - - Other","27.3%","JKDM_HS_Explorer_RCEP_870324_RATE_2026.html","93060e81a4f58aeb818b62ce6c4eacc8d0f05668008cae2431f7d6da9c864cca"
"RCEP","870324","8703246110","- - - - - - New","27.3%","JKDM_HS_Explorer_RCEP_870324_RATE_2026.html","93060e81a4f58aeb818b62ce6c4eacc8d0f05668008cae2431f7d6da9c864cca"
"RCEP","870324","8703246190","- - - - - - Other","27.3%","JKDM_HS_Explorer_RCEP_870324_RATE_2026.html","93060e81a4f58aeb818b62ce6c4eacc8d0f05668008cae2431f7d6da9c864cca"
"RCEP","870324","8703246910","- - - - - - New","27.3%","JKDM_HS_Explorer_RCEP_870324_RATE_2026.html","93060e81a4f58aeb818b62ce6c4eacc8d0f05668008cae2431f7d6da9c864cca"
"RCEP","870324","8703246990","- - - - - - Other","27.3%","JKDM_HS_Explorer_RCEP_870324_RATE_2026.html","93060e81a4f58aeb818b62ce6c4eacc8d0f05668008cae2431f7d6da9c864cca"
"RCEP","870331","8703311100","- - - - Go-karts","0.0%","JKDM_HS_Explorer_RCEP_870331_RATE_2026.html","e6cf51321019b3242e4944d7c580a12ff7281c1618846ccf4d2d820c1f2ddfea"
"RCEP","870331","8703311200","- - - - All-Terrain Vehicles (ATV)","0.0%","JKDM_HS_Explorer_RCEP_870331_RATE_2026.html","e6cf51321019b3242e4944d7c580a12ff7281c1618846ccf4d2d820c1f2ddfea"
"RCEP","870331","8703311300","- - - - Ambulances","4.5%","JKDM_HS_Explorer_RCEP_870331_RATE_2026.html","e6cf51321019b3242e4944d7c580a12ff7281c1618846ccf4d2d820c1f2ddfea"
"RCEP","870331","8703311400","- - - - Hearses","0.0%","JKDM_HS_Explorer_RCEP_870331_RATE_2026.html","e6cf51321019b3242e4944d7c580a12ff7281c1618846ccf4d2d820c1f2ddfea"
"RCEP","870331","8703311500","- - - - Prison vans","0.0%","JKDM_HS_Explorer_RCEP_870331_RATE_2026.html","e6cf51321019b3242e4944d7c580a12ff7281c1618846ccf4d2d820c1f2ddfea"
"RCEP","870331","8703311600","- - - - Motor-homes","31.8%","JKDM_HS_Explorer_RCEP_870331_RATE_2026.html","e6cf51321019b3242e4944d7c580a12ff7281c1618846ccf4d2d820c1f2ddfea"
"RCEP","870331","8703311700","- - - - Sedan","10.0%","JKDM_HS_Explorer_RCEP_870331_RATE_2026.html","e6cf51321019b3242e4944d7c580a12ff7281c1618846ccf4d2d820c1f2ddfea"
"RCEP","870331","8703312100","- - - - - Of four-wheel drive","10.0%","JKDM_HS_Explorer_RCEP_870331_RATE_2026.html","e6cf51321019b3242e4944d7c580a12ff7281c1618846ccf4d2d820c1f2ddfea"
"RCEP","870331","8703312900","- - - - - Other","10.0%","JKDM_HS_Explorer_RCEP_870331_RATE_2026.html","e6cf51321019b3242e4944d7c580a12ff7281c1618846ccf4d2d820c1f2ddfea"
"RCEP","870331","8703313000","- - - - Other","0.0%","JKDM_HS_Explorer_RCEP_870331_RATE_2026.html","e6cf51321019b3242e4944d7c580a12ff7281c1618846ccf4d2d820c1f2ddfea"
"RCEP","870331","8703314100","- - - - Go-karts","30.0%","JKDM_HS_Explorer_RCEP_870331_RATE_2026.html","e6cf51321019b3242e4944d7c580a12ff7281c1618846ccf4d2d820c1f2ddfea"
"RCEP","870331","8703314200","- - - - All-Terrain Vehicles (ATV)","30.0%","JKDM_HS_Explorer_RCEP_870331_RATE_2026.html","e6cf51321019b3242e4944d7c580a12ff7281c1618846ccf4d2d820c1f2ddfea"
"RCEP","870331","8703314300","- - - - Ambulances","4.5%","JKDM_HS_Explorer_RCEP_870331_RATE_2026.html","e6cf51321019b3242e4944d7c580a12ff7281c1618846ccf4d2d820c1f2ddfea"
"RCEP","870331","8703314400","- - - - Hearses","30.0%","JKDM_HS_Explorer_RCEP_870331_RATE_2026.html","e6cf51321019b3242e4944d7c580a12ff7281c1618846ccf4d2d820c1f2ddfea"
"RCEP","870331","8703314500","- - - - Prison vans","30.0%","JKDM_HS_Explorer_RCEP_870331_RATE_2026.html","e6cf51321019b3242e4944d7c580a12ff7281c1618846ccf4d2d820c1f2ddfea"
"RCEP","870331","8703314600","- - - - Motor-homes","31.8%","JKDM_HS_Explorer_RCEP_870331_RATE_2026.html","e6cf51321019b3242e4944d7c580a12ff7281c1618846ccf4d2d820c1f2ddfea"
"RCEP","870331","8703314710","- - - - - New","30.0%","JKDM_HS_Explorer_RCEP_870331_RATE_2026.html","e6cf51321019b3242e4944d7c580a12ff7281c1618846ccf4d2d820c1f2ddfea"
"RCEP","870331","8703314790","- - - - - Other","30.0%","JKDM_HS_Explorer_RCEP_870331_RATE_2026.html","e6cf51321019b3242e4944d7c580a12ff7281c1618846ccf4d2d820c1f2ddfea"
"RCEP","870331","8703315110","- - - - - - New","30.0%","JKDM_HS_Explorer_RCEP_870331_RATE_2026.html","e6cf51321019b3242e4944d7c580a12ff7281c1618846ccf4d2d820c1f2ddfea"
"RCEP","870331","8703315190","- - - - - - Other","30.0%","JKDM_HS_Explorer_RCEP_870331_RATE_2026.html","e6cf51321019b3242e4944d7c580a12ff7281c1618846ccf4d2d820c1f2ddfea"
"RCEP","870331","8703315910","- - - - - - New","30.0%","JKDM_HS_Explorer_RCEP_870331_RATE_2026.html","e6cf51321019b3242e4944d7c580a12ff7281c1618846ccf4d2d820c1f2ddfea"
"RCEP","870331","8703315990","- - - - - - Other","30.0%","JKDM_HS_Explorer_RCEP_870331_RATE_2026.html","e6cf51321019b3242e4944d7c580a12ff7281c1618846ccf4d2d820c1f2ddfea"
"RCEP","870331","8703319010","- - - - - New","30.0%","JKDM_HS_Explorer_RCEP_870331_RATE_2026.html","e6cf51321019b3242e4944d7c580a12ff7281c1618846ccf4d2d820c1f2ddfea"
"RCEP","870331","8703319090","- - - - - Other","30.0%","JKDM_HS_Explorer_RCEP_870331_RATE_2026.html","e6cf51321019b3242e4944d7c580a12ff7281c1618846ccf4d2d820c1f2ddfea"
"RCEP","870332","8703321100","- - - - Ambulances","4.5%","JKDM_HS_Explorer_RCEP_870332_RATE_2026.html","35fe39406f5d225a408e9d01fd4c1c8c76a47540110784595f9a5f70d7fb9b7d"
"RCEP","870332","8703321200","- - - - Hearses","10.0%","JKDM_HS_Explorer_RCEP_870332_RATE_2026.html","35fe39406f5d225a408e9d01fd4c1c8c76a47540110784595f9a5f70d7fb9b7d"
"RCEP","870332","8703321300","- - - - Prison vans","10.0%","JKDM_HS_Explorer_RCEP_870332_RATE_2026.html","35fe39406f5d225a408e9d01fd4c1c8c76a47540110784595f9a5f70d7fb9b7d"
"RCEP","870332","8703321400","- - - - Motor-homes","31.8%","JKDM_HS_Explorer_RCEP_870332_RATE_2026.html","35fe39406f5d225a408e9d01fd4c1c8c76a47540110784595f9a5f70d7fb9b7d"
"RCEP","870332","8703322100","- - - - - Of a cylinder capacity exceeding 1,500 c","10.0%","JKDM_HS_Explorer_RCEP_870332_RATE_2026.html","35fe39406f5d225a408e9d01fd4c1c8c76a47540110784595f9a5f70d7fb9b7d"
"RCEP","870332","8703322200","- - - - - Of a cylinder capacity exceeding 1,800 c","10.0%","JKDM_HS_Explorer_RCEP_870332_RATE_2026.html","35fe39406f5d225a408e9d01fd4c1c8c76a47540110784595f9a5f70d7fb9b7d"
"RCEP","870332","8703322300","- - - - - Of a cylinder capacity exceeding 2,000 c","9.1%","JKDM_HS_Explorer_RCEP_870332_RATE_2026.html","35fe39406f5d225a408e9d01fd4c1c8c76a47540110784595f9a5f70d7fb9b7d"
"RCEP","870332","8703323100","- - - - - Of a cylinder capacity exceeding 1,500 c","10.0%","JKDM_HS_Explorer_RCEP_870332_RATE_2026.html","35fe39406f5d225a408e9d01fd4c1c8c76a47540110784595f9a5f70d7fb9b7d"
"RCEP","870332","8703323200","- - - - - Of a cylinder capacity exceeding 1,800 c","10.0%","JKDM_HS_Explorer_RCEP_870332_RATE_2026.html","35fe39406f5d225a408e9d01fd4c1c8c76a47540110784595f9a5f70d7fb9b7d"
"RCEP","870332","8703323300","- - - - - Of a cylinder capacity exceeding 2,000 c","9.1%","JKDM_HS_Explorer_RCEP_870332_RATE_2026.html","35fe39406f5d225a408e9d01fd4c1c8c76a47540110784595f9a5f70d7fb9b7d"
"RCEP","870332","8703323400","- - - - - Of a cylinder capacity exceeding 1,500 c","10.0%","JKDM_HS_Explorer_RCEP_870332_RATE_2026.html","35fe39406f5d225a408e9d01fd4c1c8c76a47540110784595f9a5f70d7fb9b7d"
"RCEP","870332","8703323500","- - - - - Of a cylinder capacity exceeding 1,800 c","10.0%","JKDM_HS_Explorer_RCEP_870332_RATE_2026.html","35fe39406f5d225a408e9d01fd4c1c8c76a47540110784595f9a5f70d7fb9b7d"
"RCEP","870332","8703323600","- - - - - Of a cylinder capacity exceeding 2,000 c","9.1%","JKDM_HS_Explorer_RCEP_870332_RATE_2026.html","35fe39406f5d225a408e9d01fd4c1c8c76a47540110784595f9a5f70d7fb9b7d"
"RCEP","870332","8703324100","- - - - - Of a cylinder capacity exceeding 1,500 c","10.0%","JKDM_HS_Explorer_RCEP_870332_RATE_2026.html","35fe39406f5d225a408e9d01fd4c1c8c76a47540110784595f9a5f70d7fb9b7d"
"RCEP","870332","8703324200","- - - - - Of a cylinder capacity exceeding 1,800 c","10.0%","JKDM_HS_Explorer_RCEP_870332_RATE_2026.html","35fe39406f5d225a408e9d01fd4c1c8c76a47540110784595f9a5f70d7fb9b7d"
"RCEP","870332","8703324300","- - - - - Of a cylinder capacity exceeding 2,000 c","9.1%","JKDM_HS_Explorer_RCEP_870332_RATE_2026.html","35fe39406f5d225a408e9d01fd4c1c8c76a47540110784595f9a5f70d7fb9b7d"
"RCEP","870332","8703325100","- - - - Ambulances","4.5%","JKDM_HS_Explorer_RCEP_870332_RATE_2026.html","35fe39406f5d225a408e9d01fd4c1c8c76a47540110784595f9a5f70d7fb9b7d"
"RCEP","870332","8703325200","- - - - Hearses","30.0%","JKDM_HS_Explorer_RCEP_870332_RATE_2026.html","35fe39406f5d225a408e9d01fd4c1c8c76a47540110784595f9a5f70d7fb9b7d"
"RCEP","870332","8703325300","- - - - Prison vans","30.0%","JKDM_HS_Explorer_RCEP_870332_RATE_2026.html","35fe39406f5d225a408e9d01fd4c1c8c76a47540110784595f9a5f70d7fb9b7d"
"RCEP","870332","8703325400","- - - - Motor-homes","31.8%","JKDM_HS_Explorer_RCEP_870332_RATE_2026.html","35fe39406f5d225a408e9d01fd4c1c8c76a47540110784595f9a5f70d7fb9b7d"
"RCEP","870332","8703326110","- - - - - - New","30.0%","JKDM_HS_Explorer_RCEP_870332_RATE_2026.html","35fe39406f5d225a408e9d01fd4c1c8c76a47540110784595f9a5f70d7fb9b7d"
"RCEP","870332","8703326190","- - - - - - Other","30.0%","JKDM_HS_Explorer_RCEP_870332_RATE_2026.html","35fe39406f5d225a408e9d01fd4c1c8c76a47540110784595f9a5f70d7fb9b7d"
"RCEP","870332","8703326210","- - - - - - New","30.0%","JKDM_HS_Explorer_RCEP_870332_RATE_2026.html","35fe39406f5d225a408e9d01fd4c1c8c76a47540110784595f9a5f70d7fb9b7d"
"RCEP","870332","8703326290","- - - - - - Other","30.0%","JKDM_HS_Explorer_RCEP_870332_RATE_2026.html","35fe39406f5d225a408e9d01fd4c1c8c76a47540110784595f9a5f70d7fb9b7d"
"RCEP","870332","8703326310","- - - - - - New","30.0%","JKDM_HS_Explorer_RCEP_870332_RATE_2026.html","35fe39406f5d225a408e9d01fd4c1c8c76a47540110784595f9a5f70d7fb9b7d"
"RCEP","870332","8703326390","- - - - - - Other","27.3%","JKDM_HS_Explorer_RCEP_870332_RATE_2026.html","35fe39406f5d225a408e9d01fd4c1c8c76a47540110784595f9a5f70d7fb9b7d"
"RCEP","870332","8703327110","- - - - - - New","30.0%","JKDM_HS_Explorer_RCEP_870332_RATE_2026.html","35fe39406f5d225a408e9d01fd4c1c8c76a47540110784595f9a5f70d7fb9b7d"
"RCEP","870332","8703327190","- - - - - - Other","30.0%","JKDM_HS_Explorer_RCEP_870332_RATE_2026.html","35fe39406f5d225a408e9d01fd4c1c8c76a47540110784595f9a5f70d7fb9b7d"
"RCEP","870332","8703327210","- - - - - - New","30.0%","JKDM_HS_Explorer_RCEP_870332_RATE_2026.html","35fe39406f5d225a408e9d01fd4c1c8c76a47540110784595f9a5f70d7fb9b7d"
"RCEP","870332","8703327290","- - - - - - Other","30.0%","JKDM_HS_Explorer_RCEP_870332_RATE_2026.html","35fe39406f5d225a408e9d01fd4c1c8c76a47540110784595f9a5f70d7fb9b7d"
"RCEP","870332","8703327310","- - - - - - New","30.0%","JKDM_HS_Explorer_RCEP_870332_RATE_2026.html","35fe39406f5d225a408e9d01fd4c1c8c76a47540110784595f9a5f70d7fb9b7d"
"RCEP","870332","8703327390","- - - - - - Other","27.3%","JKDM_HS_Explorer_RCEP_870332_RATE_2026.html","35fe39406f5d225a408e9d01fd4c1c8c76a47540110784595f9a5f70d7fb9b7d"
"RCEP","870332","8703327410","- - - - - - New","30.0%","JKDM_HS_Explorer_RCEP_870332_RATE_2026.html","35fe39406f5d225a408e9d01fd4c1c8c76a47540110784595f9a5f70d7fb9b7d"
"RCEP","870332","8703327490","- - - - - - Other","30.0%","JKDM_HS_Explorer_RCEP_870332_RATE_2026.html","35fe39406f5d225a408e9d01fd4c1c8c76a47540110784595f9a5f70d7fb9b7d"
"RCEP","870332","8703327510","- - - - - - New","30.0%","JKDM_HS_Explorer_RCEP_870332_RATE_2026.html","35fe39406f5d225a408e9d01fd4c1c8c76a47540110784595f9a5f70d7fb9b7d"
"RCEP","870332","8703327590","- - - - - - Other","30.0%","JKDM_HS_Explorer_RCEP_870332_RATE_2026.html","35fe39406f5d225a408e9d01fd4c1c8c76a47540110784595f9a5f70d7fb9b7d"
"RCEP","870332","8703327610","- - - - - - New","27.3%","JKDM_HS_Explorer_RCEP_870332_RATE_2026.html","35fe39406f5d225a408e9d01fd4c1c8c76a47540110784595f9a5f70d7fb9b7d"
"RCEP","870332","8703327690","- - - - - - Other","27.3%","JKDM_HS_Explorer_RCEP_870332_RATE_2026.html","35fe39406f5d225a408e9d01fd4c1c8c76a47540110784595f9a5f70d7fb9b7d"
"RCEP","870332","8703328110","- - - - - - New","30.0%","JKDM_HS_Explorer_RCEP_870332_RATE_2026.html","35fe39406f5d225a408e9d01fd4c1c8c76a47540110784595f9a5f70d7fb9b7d"
"RCEP","870332","8703328190","- - - - - - Other","30.0%","JKDM_HS_Explorer_RCEP_870332_RATE_2026.html","35fe39406f5d225a408e9d01fd4c1c8c76a47540110784595f9a5f70d7fb9b7d"
"RCEP","870332","8703328210","- - - - - - New","30.0%","JKDM_HS_Explorer_RCEP_870332_RATE_2026.html","35fe39406f5d225a408e9d01fd4c1c8c76a47540110784595f9a5f70d7fb9b7d"
"RCEP","870332","8703328290","- - - - - - Other","30.0%","JKDM_HS_Explorer_RCEP_870332_RATE_2026.html","35fe39406f5d225a408e9d01fd4c1c8c76a47540110784595f9a5f70d7fb9b7d"
"RCEP","870332","8703328310","- - - - - - New","30.0%","JKDM_HS_Explorer_RCEP_870332_RATE_2026.html","35fe39406f5d225a408e9d01fd4c1c8c76a47540110784595f9a5f70d7fb9b7d"
"RCEP","870332","8703328390","- - - - - - Other","27.3%","JKDM_HS_Explorer_RCEP_870332_RATE_2026.html","35fe39406f5d225a408e9d01fd4c1c8c76a47540110784595f9a5f70d7fb9b7d"
"RCEP","870333","8703331100","- - - - Ambulances","4.5%","JKDM_HS_Explorer_RCEP_870333_RATE_2026.html","c27b117e8b3382c11e017cd3ea6b1a8074b8bebc69f0c11a7efc0da8e4c7ccd6"
"RCEP","870333","8703331200","- - - - Hearses","9.1%","JKDM_HS_Explorer_RCEP_870333_RATE_2026.html","c27b117e8b3382c11e017cd3ea6b1a8074b8bebc69f0c11a7efc0da8e4c7ccd6"
"RCEP","870333","8703331300","- - - - Prison vans","9.1%","JKDM_HS_Explorer_RCEP_870333_RATE_2026.html","c27b117e8b3382c11e017cd3ea6b1a8074b8bebc69f0c11a7efc0da8e4c7ccd6"
"RCEP","870333","8703331400","- - - - Motor-homes","31.8%","JKDM_HS_Explorer_RCEP_870333_RATE_2026.html","c27b117e8b3382c11e017cd3ea6b1a8074b8bebc69f0c11a7efc0da8e4c7ccd6"
"RCEP","870333","8703332100","- - - - - Of a cylinder capacity exceeding 2,500 c","9.1%","JKDM_HS_Explorer_RCEP_870333_RATE_2026.html","c27b117e8b3382c11e017cd3ea6b1a8074b8bebc69f0c11a7efc0da8e4c7ccd6"
"RCEP","870333","8703332200","- - - - - Of a cylinder capacity exceeding 3,000 c","9.1%","JKDM_HS_Explorer_RCEP_870333_RATE_2026.html","c27b117e8b3382c11e017cd3ea6b1a8074b8bebc69f0c11a7efc0da8e4c7ccd6"
"RCEP","870333","8703333100","- - - - - Of a cylinder capacity exceeding 2,500 c","9.1%","JKDM_HS_Explorer_RCEP_870333_RATE_2026.html","c27b117e8b3382c11e017cd3ea6b1a8074b8bebc69f0c11a7efc0da8e4c7ccd6"
"RCEP","870333","8703333200","- - - - - Of a cylinder capacity exceeding 3,000 c","9.1%","JKDM_HS_Explorer_RCEP_870333_RATE_2026.html","c27b117e8b3382c11e017cd3ea6b1a8074b8bebc69f0c11a7efc0da8e4c7ccd6"
"RCEP","870333","8703333300","- - - - - Of a cylinder capacity exceeding 2,500 c","9.1%","JKDM_HS_Explorer_RCEP_870333_RATE_2026.html","c27b117e8b3382c11e017cd3ea6b1a8074b8bebc69f0c11a7efc0da8e4c7ccd6"
"RCEP","870333","8703333400","- - - - - Of a cylinder capacity exceeding 3,000 c","9.1%","JKDM_HS_Explorer_RCEP_870333_RATE_2026.html","c27b117e8b3382c11e017cd3ea6b1a8074b8bebc69f0c11a7efc0da8e4c7ccd6"
"RCEP","870333","8703334000","- - - - Other","9.1%","JKDM_HS_Explorer_RCEP_870333_RATE_2026.html","c27b117e8b3382c11e017cd3ea6b1a8074b8bebc69f0c11a7efc0da8e4c7ccd6"
"RCEP","870333","8703335100","- - - - Ambulances","4.5%","JKDM_HS_Explorer_RCEP_870333_RATE_2026.html","c27b117e8b3382c11e017cd3ea6b1a8074b8bebc69f0c11a7efc0da8e4c7ccd6"
"RCEP","870333","8703335200","- - - - Hearses","27.3%","JKDM_HS_Explorer_RCEP_870333_RATE_2026.html","c27b117e8b3382c11e017cd3ea6b1a8074b8bebc69f0c11a7efc0da8e4c7ccd6"
"RCEP","870333","8703335300","- - - - Prison vans","27.3%","JKDM_HS_Explorer_RCEP_870333_RATE_2026.html","c27b117e8b3382c11e017cd3ea6b1a8074b8bebc69f0c11a7efc0da8e4c7ccd6"
"RCEP","870333","8703335400","- - - - Motor-homes","31.8%","JKDM_HS_Explorer_RCEP_870333_RATE_2026.html","c27b117e8b3382c11e017cd3ea6b1a8074b8bebc69f0c11a7efc0da8e4c7ccd6"
"RCEP","870333","8703336110","- - - - - - New","27.3%","JKDM_HS_Explorer_RCEP_870333_RATE_2026.html","c27b117e8b3382c11e017cd3ea6b1a8074b8bebc69f0c11a7efc0da8e4c7ccd6"
"RCEP","870333","8703336190","- - - - - - Other","27.3%","JKDM_HS_Explorer_RCEP_870333_RATE_2026.html","c27b117e8b3382c11e017cd3ea6b1a8074b8bebc69f0c11a7efc0da8e4c7ccd6"
"RCEP","870333","8703336210","- - - - - - New","27.3%","JKDM_HS_Explorer_RCEP_870333_RATE_2026.html","c27b117e8b3382c11e017cd3ea6b1a8074b8bebc69f0c11a7efc0da8e4c7ccd6"
"RCEP","870333","8703336290","- - - - - - Other","27.3%","JKDM_HS_Explorer_RCEP_870333_RATE_2026.html","c27b117e8b3382c11e017cd3ea6b1a8074b8bebc69f0c11a7efc0da8e4c7ccd6"
"RCEP","870333","8703337110","- - - - - - New","27.3%","JKDM_HS_Explorer_RCEP_870333_RATE_2026.html","c27b117e8b3382c11e017cd3ea6b1a8074b8bebc69f0c11a7efc0da8e4c7ccd6"
"RCEP","870333","8703337190","- - - - - - Other","27.3%","JKDM_HS_Explorer_RCEP_870333_RATE_2026.html","c27b117e8b3382c11e017cd3ea6b1a8074b8bebc69f0c11a7efc0da8e4c7ccd6"
"RCEP","870333","8703337210","- - - - - - New","27.3%","JKDM_HS_Explorer_RCEP_870333_RATE_2026.html","c27b117e8b3382c11e017cd3ea6b1a8074b8bebc69f0c11a7efc0da8e4c7ccd6"
"RCEP","870333","8703337290","- - - - - - Other","27.3%","JKDM_HS_Explorer_RCEP_870333_RATE_2026.html","c27b117e8b3382c11e017cd3ea6b1a8074b8bebc69f0c11a7efc0da8e4c7ccd6"
"RCEP","870333","8703338010","- - - - - New","27.3%","JKDM_HS_Explorer_RCEP_870333_RATE_2026.html","c27b117e8b3382c11e017cd3ea6b1a8074b8bebc69f0c11a7efc0da8e4c7ccd6"
"RCEP","870333","8703338090","- - - - - Other","27.3%","JKDM_HS_Explorer_RCEP_870333_RATE_2026.html","c27b117e8b3382c11e017cd3ea6b1a8074b8bebc69f0c11a7efc0da8e4c7ccd6"
"RCEP","870333","8703339010","- - - - - New","27.3%","JKDM_HS_Explorer_RCEP_870333_RATE_2026.html","c27b117e8b3382c11e017cd3ea6b1a8074b8bebc69f0c11a7efc0da8e4c7ccd6"
"RCEP","870333","8703339090","- - - - - Other","27.3%","JKDM_HS_Explorer_RCEP_870333_RATE_2026.html","c27b117e8b3382c11e017cd3ea6b1a8074b8bebc69f0c11a7efc0da8e4c7ccd6"
"RCEP","870340","8703401100","- - - Go-karts","0.0%","JKDM_HS_Explorer_RCEP_870340_RATE_2026.html","525264bf435f1f93363dc03dbde95ceca87b8c7873ac97c3f23c4142ce7959a8"
"RCEP","870340","8703401200","- - - All-Terrain Vehicles (ATV)","0.0%","JKDM_HS_Explorer_RCEP_870340_RATE_2026.html","525264bf435f1f93363dc03dbde95ceca87b8c7873ac97c3f23c4142ce7959a8"
"RCEP","870340","8703401300","- - - Ambulances","4.5%","JKDM_HS_Explorer_RCEP_870340_RATE_2026.html","525264bf435f1f93363dc03dbde95ceca87b8c7873ac97c3f23c4142ce7959a8"
"RCEP","870340","8703401400","- - - Hearses","0.0%","JKDM_HS_Explorer_RCEP_870340_RATE_2026.html","525264bf435f1f93363dc03dbde95ceca87b8c7873ac97c3f23c4142ce7959a8"
"RCEP","870340","8703401500","- - - Prison vans","0.0%","JKDM_HS_Explorer_RCEP_870340_RATE_2026.html","525264bf435f1f93363dc03dbde95ceca87b8c7873ac97c3f23c4142ce7959a8"
"RCEP","870340","8703401600","- - - - Of a cylinder capacity not exceeding 2,000","31.8%","JKDM_HS_Explorer_RCEP_870340_RATE_2026.html","525264bf435f1f93363dc03dbde95ceca87b8c7873ac97c3f23c4142ce7959a8"
"RCEP","870340","8703401700","- - - - Of a cylinder capacity exceeding 2,000 cc","31.8%","JKDM_HS_Explorer_RCEP_870340_RATE_2026.html","525264bf435f1f93363dc03dbde95ceca87b8c7873ac97c3f23c4142ce7959a8"
"RCEP","870340","8703401800","- - - - Of a cylinder capacity not exceeding 1,500","10.0%","JKDM_HS_Explorer_RCEP_870340_RATE_2026.html","525264bf435f1f93363dc03dbde95ceca87b8c7873ac97c3f23c4142ce7959a8"
"RCEP","870340","8703401900","- - - - Of a cylinder capacity exceeding 1,500 cc","10.0%","JKDM_HS_Explorer_RCEP_870340_RATE_2026.html","525264bf435f1f93363dc03dbde95ceca87b8c7873ac97c3f23c4142ce7959a8"
"RCEP","870340","8703402100","- - - - Of a cylinder capacity exceeding 2,000 cc","9.1%","JKDM_HS_Explorer_RCEP_870340_RATE_2026.html","525264bf435f1f93363dc03dbde95ceca87b8c7873ac97c3f23c4142ce7959a8"
"RCEP","870340","8703402200","- - - - Of a cylinder capacity not exceeding 1,500","10.0%","JKDM_HS_Explorer_RCEP_870340_RATE_2026.html","525264bf435f1f93363dc03dbde95ceca87b8c7873ac97c3f23c4142ce7959a8"
"RCEP","870340","8703402300","- - - - Of a cylinder capacity exceeding 1,500 cc","10.0%","JKDM_HS_Explorer_RCEP_870340_RATE_2026.html","525264bf435f1f93363dc03dbde95ceca87b8c7873ac97c3f23c4142ce7959a8"
"RCEP","870340","8703402400","- - - - Of a cylinder capacity exceeding 2,000 cc","9.1%","JKDM_HS_Explorer_RCEP_870340_RATE_2026.html","525264bf435f1f93363dc03dbde95ceca87b8c7873ac97c3f23c4142ce7959a8"
"RCEP","870340","8703402500","- - - - Of a cylinder capacity not exceeding 2,000","10.0%","JKDM_HS_Explorer_RCEP_870340_RATE_2026.html","525264bf435f1f93363dc03dbde95ceca87b8c7873ac97c3f23c4142ce7959a8"
"RCEP","870340","8703402600","- - - - Of a cylinder capacity exceeding 2,000 cc","9.1%","JKDM_HS_Explorer_RCEP_870340_RATE_2026.html","525264bf435f1f93363dc03dbde95ceca87b8c7873ac97c3f23c4142ce7959a8"
"RCEP","870340","8703402700","- - - - Of a cylinder capacity not exceeding 2,000","0.0%","JKDM_HS_Explorer_RCEP_870340_RATE_2026.html","525264bf435f1f93363dc03dbde95ceca87b8c7873ac97c3f23c4142ce7959a8"
"RCEP","870340","8703402800","- - - - Of a cylinder capacity exceeding 2,000 cc","9.1%","JKDM_HS_Explorer_RCEP_870340_RATE_2026.html","525264bf435f1f93363dc03dbde95ceca87b8c7873ac97c3f23c4142ce7959a8"
"RCEP","870340","8703403100","- - - Go-karts","0.0%","JKDM_HS_Explorer_RCEP_870340_RATE_2026.html","525264bf435f1f93363dc03dbde95ceca87b8c7873ac97c3f23c4142ce7959a8"
"RCEP","870340","8703403200","- - - - Of a cylinder capacity not exceeding 1,000","30.0%","JKDM_HS_Explorer_RCEP_870340_RATE_2026.html","525264bf435f1f93363dc03dbde95ceca87b8c7873ac97c3f23c4142ce7959a8"
"RCEP","870340","8703403300","- - - - Of a cylinder capacity exceeding 1,000 cc","30.0%","JKDM_HS_Explorer_RCEP_870340_RATE_2026.html","525264bf435f1f93363dc03dbde95ceca87b8c7873ac97c3f23c4142ce7959a8"
"RCEP","870340","8703403400","- - - - Of a cylinder capacity exceeding 1,000 cc","4.5%","JKDM_HS_Explorer_RCEP_870340_RATE_2026.html","525264bf435f1f93363dc03dbde95ceca87b8c7873ac97c3f23c4142ce7959a8"
"RCEP","870340","8703403500","- - - - Of a cylinder capacity exceeding 1,500 cc","4.5%","JKDM_HS_Explorer_RCEP_870340_RATE_2026.html","525264bf435f1f93363dc03dbde95ceca87b8c7873ac97c3f23c4142ce7959a8"
"RCEP","870340","8703403600","- - - - Other","4.5%","JKDM_HS_Explorer_RCEP_870340_RATE_2026.html","525264bf435f1f93363dc03dbde95ceca87b8c7873ac97c3f23c4142ce7959a8"
"RCEP","870340","8703404100","- - - - Of a cylinder capacity not exceeding 1,000","30.0%","JKDM_HS_Explorer_RCEP_870340_RATE_2026.html","525264bf435f1f93363dc03dbde95ceca87b8c7873ac97c3f23c4142ce7959a8"
"RCEP","870340","8703404200","- - - - Of a cylinder capacity exceeding 1,000 cc","30.0%","JKDM_HS_Explorer_RCEP_870340_RATE_2026.html","525264bf435f1f93363dc03dbde95ceca87b8c7873ac97c3f23c4142ce7959a8"
"RCEP","870340","8703404300","- - - - Of a cylinder capacity exceeding 1,500 cc","30.0%","JKDM_HS_Explorer_RCEP_870340_RATE_2026.html","525264bf435f1f93363dc03dbde95ceca87b8c7873ac97c3f23c4142ce7959a8"
"RCEP","870340","8703404400","- - - - Of a cylinder capacity exceeding 1,800 cc","30.0%","JKDM_HS_Explorer_RCEP_870340_RATE_2026.html","525264bf435f1f93363dc03dbde95ceca87b8c7873ac97c3f23c4142ce7959a8"
"RCEP","870340","8703404500","- - - - Of a cylinder capacity exceeding 2,000 cc","27.3%","JKDM_HS_Explorer_RCEP_870340_RATE_2026.html","525264bf435f1f93363dc03dbde95ceca87b8c7873ac97c3f23c4142ce7959a8"
"RCEP","870340","8703404600","- - - - Of a cylinder capacity exceeding 2,500 cc","27.3%","JKDM_HS_Explorer_RCEP_870340_RATE_2026.html","525264bf435f1f93363dc03dbde95ceca87b8c7873ac97c3f23c4142ce7959a8"
"RCEP","870340","8703404700","- - - - Of a cylinder capacity exceeding 3,000 cc","27.3%","JKDM_HS_Explorer_RCEP_870340_RATE_2026.html","525264bf435f1f93363dc03dbde95ceca87b8c7873ac97c3f23c4142ce7959a8"
"RCEP","870340","8703405100","- - - - Of a cylinder capacity not exceeding 1,000","30.0%","JKDM_HS_Explorer_RCEP_870340_RATE_2026.html","525264bf435f1f93363dc03dbde95ceca87b8c7873ac97c3f23c4142ce7959a8"
"RCEP","870340","8703405200","- - - - Of a cylinder capacity exceeding 1,000 cc","30.0%","JKDM_HS_Explorer_RCEP_870340_RATE_2026.html","525264bf435f1f93363dc03dbde95ceca87b8c7873ac97c3f23c4142ce7959a8"
"RCEP","870340","8703405300","- - - - Of a cylinder capacity exceeding 1,500 cc","30.0%","JKDM_HS_Explorer_RCEP_870340_RATE_2026.html","525264bf435f1f93363dc03dbde95ceca87b8c7873ac97c3f23c4142ce7959a8"
"RCEP","870340","8703405400","- - - - Of a cylinder capacity exceeding 1,800 cc","30.0%","JKDM_HS_Explorer_RCEP_870340_RATE_2026.html","525264bf435f1f93363dc03dbde95ceca87b8c7873ac97c3f23c4142ce7959a8"
"RCEP","870340","8703405500","- - - - Of a cylinder capacity exceeding 3,000 cc","27.3%","JKDM_HS_Explorer_RCEP_870340_RATE_2026.html","525264bf435f1f93363dc03dbde95ceca87b8c7873ac97c3f23c4142ce7959a8"
"RCEP","870340","8703405600","- - - - Of a cylinder capacity not exceeding 1,500","31.8%","JKDM_HS_Explorer_RCEP_870340_RATE_2026.html","525264bf435f1f93363dc03dbde95ceca87b8c7873ac97c3f23c4142ce7959a8"
"RCEP","870340","8703405700","- - - - Of a cylinder capacity exceeding 1,500 cc","31.8%","JKDM_HS_Explorer_RCEP_870340_RATE_2026.html","525264bf435f1f93363dc03dbde95ceca87b8c7873ac97c3f23c4142ce7959a8"
"RCEP","870340","8703405800","- - - - Of a cylinder capacity exceeding 2,000 cc","31.8%","JKDM_HS_Explorer_RCEP_870340_RATE_2026.html","525264bf435f1f93363dc03dbde95ceca87b8c7873ac97c3f23c4142ce7959a8"
"RCEP","870340","8703406110","- - - - - New","30.0%","JKDM_HS_Explorer_RCEP_870340_RATE_2026.html","525264bf435f1f93363dc03dbde95ceca87b8c7873ac97c3f23c4142ce7959a8"
"RCEP","870340","8703406190","- - - - - Other","30.0%","JKDM_HS_Explorer_RCEP_870340_RATE_2026.html","525264bf435f1f93363dc03dbde95ceca87b8c7873ac97c3f23c4142ce7959a8"
"RCEP","870340","8703406210","- - - - - New","30.0%","JKDM_HS_Explorer_RCEP_870340_RATE_2026.html","525264bf435f1f93363dc03dbde95ceca87b8c7873ac97c3f23c4142ce7959a8"
"RCEP","870340","8703406290","- - - - - Other","30.0%","JKDM_HS_Explorer_RCEP_870340_RATE_2026.html","525264bf435f1f93363dc03dbde95ceca87b8c7873ac97c3f23c4142ce7959a8"
"RCEP","870340","8703406310","- - - - - New","30.0%","JKDM_HS_Explorer_RCEP_870340_RATE_2026.html","525264bf435f1f93363dc03dbde95ceca87b8c7873ac97c3f23c4142ce7959a8"
"RCEP","870340","8703406390","- - - - - Other","30.0%","JKDM_HS_Explorer_RCEP_870340_RATE_2026.html","525264bf435f1f93363dc03dbde95ceca87b8c7873ac97c3f23c4142ce7959a8"
"RCEP","870340","8703406410","- - - - - New","30.0%","JKDM_HS_Explorer_RCEP_870340_RATE_2026.html","525264bf435f1f93363dc03dbde95ceca87b8c7873ac97c3f23c4142ce7959a8"
"RCEP","870340","8703406490","- - - - - Other","30.0%","JKDM_HS_Explorer_RCEP_870340_RATE_2026.html","525264bf435f1f93363dc03dbde95ceca87b8c7873ac97c3f23c4142ce7959a8"
"RCEP","870340","8703406510","- - - - - New","27.3%","JKDM_HS_Explorer_RCEP_870340_RATE_2026.html","525264bf435f1f93363dc03dbde95ceca87b8c7873ac97c3f23c4142ce7959a8"
"RCEP","870340","8703406590","- - - - - Other","27.3%","JKDM_HS_Explorer_RCEP_870340_RATE_2026.html","525264bf435f1f93363dc03dbde95ceca87b8c7873ac97c3f23c4142ce7959a8"
"RCEP","870340","8703406610","- - - - - New","27.3%","JKDM_HS_Explorer_RCEP_870340_RATE_2026.html","525264bf435f1f93363dc03dbde95ceca87b8c7873ac97c3f23c4142ce7959a8"
"RCEP","870340","8703406690","- - - - - Other","27.3%","JKDM_HS_Explorer_RCEP_870340_RATE_2026.html","525264bf435f1f93363dc03dbde95ceca87b8c7873ac97c3f23c4142ce7959a8"
"RCEP","870340","8703406710","- - - - - New","27.3%","JKDM_HS_Explorer_RCEP_870340_RATE_2026.html","525264bf435f1f93363dc03dbde95ceca87b8c7873ac97c3f23c4142ce7959a8"
"RCEP","870340","8703406790","- - - - - Other","27.3%","JKDM_HS_Explorer_RCEP_870340_RATE_2026.html","525264bf435f1f93363dc03dbde95ceca87b8c7873ac97c3f23c4142ce7959a8"
"RCEP","870340","8703406810","- - - - - New","27.3%","JKDM_HS_Explorer_RCEP_870340_RATE_2026.html","525264bf435f1f93363dc03dbde95ceca87b8c7873ac97c3f23c4142ce7959a8"
"RCEP","870340","8703406890","- - - - - Other","27.3%","JKDM_HS_Explorer_RCEP_870340_RATE_2026.html","525264bf435f1f93363dc03dbde95ceca87b8c7873ac97c3f23c4142ce7959a8"
"RCEP","870340","8703407110","- - - - - New","30.0%","JKDM_HS_Explorer_RCEP_870340_RATE_2026.html","525264bf435f1f93363dc03dbde95ceca87b8c7873ac97c3f23c4142ce7959a8"
"RCEP","870340","8703407190","- - - - - Other","30.0%","JKDM_HS_Explorer_RCEP_870340_RATE_2026.html","525264bf435f1f93363dc03dbde95ceca87b8c7873ac97c3f23c4142ce7959a8"
"RCEP","870340","8703407210","- - - - - New","30.0%","JKDM_HS_Explorer_RCEP_870340_RATE_2026.html","525264bf435f1f93363dc03dbde95ceca87b8c7873ac97c3f23c4142ce7959a8"
"RCEP","870340","8703407290","- - - - - Other","30.0%","JKDM_HS_Explorer_RCEP_870340_RATE_2026.html","525264bf435f1f93363dc03dbde95ceca87b8c7873ac97c3f23c4142ce7959a8"
"RCEP","870340","8703407310","- - - - - New","30.0%","JKDM_HS_Explorer_RCEP_870340_RATE_2026.html","525264bf435f1f93363dc03dbde95ceca87b8c7873ac97c3f23c4142ce7959a8"
"RCEP","870340","8703407390","- - - - - Other","30.0%","JKDM_HS_Explorer_RCEP_870340_RATE_2026.html","525264bf435f1f93363dc03dbde95ceca87b8c7873ac97c3f23c4142ce7959a8"
"RCEP","870340","8703407410","- - - - - New","30.0%","JKDM_HS_Explorer_RCEP_870340_RATE_2026.html","525264bf435f1f93363dc03dbde95ceca87b8c7873ac97c3f23c4142ce7959a8"
"RCEP","870340","8703407490","- - - - - Other","30.0%","JKDM_HS_Explorer_RCEP_870340_RATE_2026.html","525264bf435f1f93363dc03dbde95ceca87b8c7873ac97c3f23c4142ce7959a8"
"RCEP","870340","8703407510","- - - - - New","27.3%","JKDM_HS_Explorer_RCEP_870340_RATE_2026.html","525264bf435f1f93363dc03dbde95ceca87b8c7873ac97c3f23c4142ce7959a8"
"RCEP","870340","8703407590","- - - - - Other","27.3%","JKDM_HS_Explorer_RCEP_870340_RATE_2026.html","525264bf435f1f93363dc03dbde95ceca87b8c7873ac97c3f23c4142ce7959a8"
"RCEP","870340","8703407610","- - - - - New","27.3%","JKDM_HS_Explorer_RCEP_870340_RATE_2026.html","525264bf435f1f93363dc03dbde95ceca87b8c7873ac97c3f23c4142ce7959a8"
"RCEP","870340","8703407690","- - - - - Other","27.3%","JKDM_HS_Explorer_RCEP_870340_RATE_2026.html","525264bf435f1f93363dc03dbde95ceca87b8c7873ac97c3f23c4142ce7959a8"
"RCEP","870340","8703407710","- - - - - New","27.3%","JKDM_HS_Explorer_RCEP_870340_RATE_2026.html","525264bf435f1f93363dc03dbde95ceca87b8c7873ac97c3f23c4142ce7959a8"
"RCEP","870340","8703407790","- - - - - Other","27.3%","JKDM_HS_Explorer_RCEP_870340_RATE_2026.html","525264bf435f1f93363dc03dbde95ceca87b8c7873ac97c3f23c4142ce7959a8"
"RCEP","870340","8703408110","- - - - - New","30.0%","JKDM_HS_Explorer_RCEP_870340_RATE_2026.html","525264bf435f1f93363dc03dbde95ceca87b8c7873ac97c3f23c4142ce7959a8"
"RCEP","870340","8703408190","- - - - - Other","30.0%","JKDM_HS_Explorer_RCEP_870340_RATE_2026.html","525264bf435f1f93363dc03dbde95ceca87b8c7873ac97c3f23c4142ce7959a8"
"RCEP","870340","8703408210","- - - - - New","30.0%","JKDM_HS_Explorer_RCEP_870340_RATE_2026.html","525264bf435f1f93363dc03dbde95ceca87b8c7873ac97c3f23c4142ce7959a8"
"RCEP","870340","8703408290","- - - - - Other","30.0%","JKDM_HS_Explorer_RCEP_870340_RATE_2026.html","525264bf435f1f93363dc03dbde95ceca87b8c7873ac97c3f23c4142ce7959a8"
"RCEP","870340","8703408310","- - - - - New","30.0%","JKDM_HS_Explorer_RCEP_870340_RATE_2026.html","525264bf435f1f93363dc03dbde95ceca87b8c7873ac97c3f23c4142ce7959a8"
"RCEP","870340","8703408390","- - - - - Other","30.0%","JKDM_HS_Explorer_RCEP_870340_RATE_2026.html","525264bf435f1f93363dc03dbde95ceca87b8c7873ac97c3f23c4142ce7959a8"
"RCEP","870340","8703408410","- - - - - New","30.0%","JKDM_HS_Explorer_RCEP_870340_RATE_2026.html","525264bf435f1f93363dc03dbde95ceca87b8c7873ac97c3f23c4142ce7959a8"
"RCEP","870340","8703408490","- - - - - Other","30.0%","JKDM_HS_Explorer_RCEP_870340_RATE_2026.html","525264bf435f1f93363dc03dbde95ceca87b8c7873ac97c3f23c4142ce7959a8"
"RCEP","870340","8703408510","- - - - - New","27.3%","JKDM_HS_Explorer_RCEP_870340_RATE_2026.html","525264bf435f1f93363dc03dbde95ceca87b8c7873ac97c3f23c4142ce7959a8"
"RCEP","870340","8703408590","- - - - - Other","27.3%","JKDM_HS_Explorer_RCEP_870340_RATE_2026.html","525264bf435f1f93363dc03dbde95ceca87b8c7873ac97c3f23c4142ce7959a8"
"RCEP","870340","8703408610","- - - - - New","27.3%","JKDM_HS_Explorer_RCEP_870340_RATE_2026.html","525264bf435f1f93363dc03dbde95ceca87b8c7873ac97c3f23c4142ce7959a8"
"RCEP","870340","8703408690","- - - - - Other","27.3%","JKDM_HS_Explorer_RCEP_870340_RATE_2026.html","525264bf435f1f93363dc03dbde95ceca87b8c7873ac97c3f23c4142ce7959a8"
"RCEP","870340","8703408710","- - - - - New","27.3%","JKDM_HS_Explorer_RCEP_870340_RATE_2026.html","525264bf435f1f93363dc03dbde95ceca87b8c7873ac97c3f23c4142ce7959a8"
"RCEP","870340","8703408790","- - - - - Other","27.3%","JKDM_HS_Explorer_RCEP_870340_RATE_2026.html","525264bf435f1f93363dc03dbde95ceca87b8c7873ac97c3f23c4142ce7959a8"
"RCEP","870340","8703409110","- - - - - New","30.0%","JKDM_HS_Explorer_RCEP_870340_RATE_2026.html","525264bf435f1f93363dc03dbde95ceca87b8c7873ac97c3f23c4142ce7959a8"
"RCEP","870340","8703409190","- - - - - Other","30.0%","JKDM_HS_Explorer_RCEP_870340_RATE_2026.html","525264bf435f1f93363dc03dbde95ceca87b8c7873ac97c3f23c4142ce7959a8"
"RCEP","870340","8703409210","- - - - - New","30.0%","JKDM_HS_Explorer_RCEP_870340_RATE_2026.html","525264bf435f1f93363dc03dbde95ceca87b8c7873ac97c3f23c4142ce7959a8"
"RCEP","870340","8703409290","- - - - - Other","30.0%","JKDM_HS_Explorer_RCEP_870340_RATE_2026.html","525264bf435f1f93363dc03dbde95ceca87b8c7873ac97c3f23c4142ce7959a8"
"RCEP","870340","8703409310","- - - - - New","30.0%","JKDM_HS_Explorer_RCEP_870340_RATE_2026.html","525264bf435f1f93363dc03dbde95ceca87b8c7873ac97c3f23c4142ce7959a8"
"RCEP","870340","8703409390","- - - - - Other","30.0%","JKDM_HS_Explorer_RCEP_870340_RATE_2026.html","525264bf435f1f93363dc03dbde95ceca87b8c7873ac97c3f23c4142ce7959a8"
"RCEP","870340","8703409410","- - - - - New","30.0%","JKDM_HS_Explorer_RCEP_870340_RATE_2026.html","525264bf435f1f93363dc03dbde95ceca87b8c7873ac97c3f23c4142ce7959a8"
"RCEP","870340","8703409490","- - - - - Other","30.0%","JKDM_HS_Explorer_RCEP_870340_RATE_2026.html","525264bf435f1f93363dc03dbde95ceca87b8c7873ac97c3f23c4142ce7959a8"
"RCEP","870340","8703409510","- - - - - New","27.3%","JKDM_HS_Explorer_RCEP_870340_RATE_2026.html","525264bf435f1f93363dc03dbde95ceca87b8c7873ac97c3f23c4142ce7959a8"
"RCEP","870340","8703409590","- - - - - Other","27.3%","JKDM_HS_Explorer_RCEP_870340_RATE_2026.html","525264bf435f1f93363dc03dbde95ceca87b8c7873ac97c3f23c4142ce7959a8"
"RCEP","870340","8703409610","- - - - - New","27.3%","JKDM_HS_Explorer_RCEP_870340_RATE_2026.html","525264bf435f1f93363dc03dbde95ceca87b8c7873ac97c3f23c4142ce7959a8"
"RCEP","870340","8703409690","- - - - - Other","27.3%","JKDM_HS_Explorer_RCEP_870340_RATE_2026.html","525264bf435f1f93363dc03dbde95ceca87b8c7873ac97c3f23c4142ce7959a8"
"RCEP","870340","8703409710","- - - - - New","27.3%","JKDM_HS_Explorer_RCEP_870340_RATE_2026.html","525264bf435f1f93363dc03dbde95ceca87b8c7873ac97c3f23c4142ce7959a8"
"RCEP","870340","8703409790","- - - - - Other","27.3%","JKDM_HS_Explorer_RCEP_870340_RATE_2026.html","525264bf435f1f93363dc03dbde95ceca87b8c7873ac97c3f23c4142ce7959a8"
"RCEP","870340","8703409810","- - - - - New","27.3%","JKDM_HS_Explorer_RCEP_870340_RATE_2026.html","525264bf435f1f93363dc03dbde95ceca87b8c7873ac97c3f23c4142ce7959a8"
"RCEP","870340","8703409890","- - - - - Other","27.3%","JKDM_HS_Explorer_RCEP_870340_RATE_2026.html","525264bf435f1f93363dc03dbde95ceca87b8c7873ac97c3f23c4142ce7959a8"
"RCEP","870350","8703501100","- - - Go-karts","0.0%","JKDM_HS_Explorer_RCEP_870350_RATE_2026.html","7e2fea22430a96850dfd4bf3dc82a8b669d5138b3ddb4f9c60b822d867db0d3f"
"RCEP","870350","8703501200","- - - All-Terrain Vehicles (ATV)","0.0%","JKDM_HS_Explorer_RCEP_870350_RATE_2026.html","7e2fea22430a96850dfd4bf3dc82a8b669d5138b3ddb4f9c60b822d867db0d3f"
"RCEP","870350","8703501300","- - - Ambulances","4.5%","JKDM_HS_Explorer_RCEP_870350_RATE_2026.html","7e2fea22430a96850dfd4bf3dc82a8b669d5138b3ddb4f9c60b822d867db0d3f"
"RCEP","870350","8703501400","- - - Hearses","0.0%","JKDM_HS_Explorer_RCEP_870350_RATE_2026.html","7e2fea22430a96850dfd4bf3dc82a8b669d5138b3ddb4f9c60b822d867db0d3f"
"RCEP","870350","8703501500","- - - Prison vans","0.0%","JKDM_HS_Explorer_RCEP_870350_RATE_2026.html","7e2fea22430a96850dfd4bf3dc82a8b669d5138b3ddb4f9c60b822d867db0d3f"
"RCEP","870350","8703501600","- - - - Of a cylinder capacity not exceeding 2,000","31.8%","JKDM_HS_Explorer_RCEP_870350_RATE_2026.html","7e2fea22430a96850dfd4bf3dc82a8b669d5138b3ddb4f9c60b822d867db0d3f"
"RCEP","870350","8703501700","- - - - Of a cylinder capacity exceeding 2,000 cc","31.8%","JKDM_HS_Explorer_RCEP_870350_RATE_2026.html","7e2fea22430a96850dfd4bf3dc82a8b669d5138b3ddb4f9c60b822d867db0d3f"
"RCEP","870350","8703501800","- - - - Of a cylinder capacity not exceeding 1,500","10.0%","JKDM_HS_Explorer_RCEP_870350_RATE_2026.html","7e2fea22430a96850dfd4bf3dc82a8b669d5138b3ddb4f9c60b822d867db0d3f"
"RCEP","870350","8703501900","- - - - Of a cylinder capacity exceeding 1,500 cc","10.0%","JKDM_HS_Explorer_RCEP_870350_RATE_2026.html","7e2fea22430a96850dfd4bf3dc82a8b669d5138b3ddb4f9c60b822d867db0d3f"
"RCEP","870350","8703502100","- - - - Of a cylinder capacity exceeding 2,000 cc","9.1%","JKDM_HS_Explorer_RCEP_870350_RATE_2026.html","7e2fea22430a96850dfd4bf3dc82a8b669d5138b3ddb4f9c60b822d867db0d3f"
"RCEP","870350","8703502200","- - - - Of a cylinder capacity not exceeding 1,500","10.0%","JKDM_HS_Explorer_RCEP_870350_RATE_2026.html","7e2fea22430a96850dfd4bf3dc82a8b669d5138b3ddb4f9c60b822d867db0d3f"
"RCEP","870350","8703502300","- - - - Of a cylinder capacity exceeding 1,500 cc","10.0%","JKDM_HS_Explorer_RCEP_870350_RATE_2026.html","7e2fea22430a96850dfd4bf3dc82a8b669d5138b3ddb4f9c60b822d867db0d3f"
"RCEP","870350","8703502400","- - - - Of a cylinder capacity exceeding 2,000 cc","9.1%","JKDM_HS_Explorer_RCEP_870350_RATE_2026.html","7e2fea22430a96850dfd4bf3dc82a8b669d5138b3ddb4f9c60b822d867db0d3f"
"RCEP","870350","8703502500","- - - - Of a cylinder capacity not exceeding 2,000","10.0%","JKDM_HS_Explorer_RCEP_870350_RATE_2026.html","7e2fea22430a96850dfd4bf3dc82a8b669d5138b3ddb4f9c60b822d867db0d3f"
"RCEP","870350","8703502600","- - - - Of a cylinder capacity exceeding 2,000 cc","9.1%","JKDM_HS_Explorer_RCEP_870350_RATE_2026.html","7e2fea22430a96850dfd4bf3dc82a8b669d5138b3ddb4f9c60b822d867db0d3f"
"RCEP","870350","8703502700","- - - - Of a cylinder capacity not exceeding 2,000","0.0%","JKDM_HS_Explorer_RCEP_870350_RATE_2026.html","7e2fea22430a96850dfd4bf3dc82a8b669d5138b3ddb4f9c60b822d867db0d3f"
"RCEP","870350","8703502800","- - - - Of a cylinder capacity exceeding 2,000 cc","9.1%","JKDM_HS_Explorer_RCEP_870350_RATE_2026.html","7e2fea22430a96850dfd4bf3dc82a8b669d5138b3ddb4f9c60b822d867db0d3f"
"RCEP","870350","8703503100","- - - Go-karts","30.0%","JKDM_HS_Explorer_RCEP_870350_RATE_2026.html","7e2fea22430a96850dfd4bf3dc82a8b669d5138b3ddb4f9c60b822d867db0d3f"
"RCEP","870350","8703503200","- - - - Of a cylinder capacity not exceeding 1,000","30.0%","JKDM_HS_Explorer_RCEP_870350_RATE_2026.html","7e2fea22430a96850dfd4bf3dc82a8b669d5138b3ddb4f9c60b822d867db0d3f"
"RCEP","870350","8703503300","- - - - Of a cylinder capacity exceeding 1,000 cc","30.0%","JKDM_HS_Explorer_RCEP_870350_RATE_2026.html","7e2fea22430a96850dfd4bf3dc82a8b669d5138b3ddb4f9c60b822d867db0d3f"
"RCEP","870350","8703503400","- - - - Of a cylinder capacity not exceeding 1,500","4.5%","JKDM_HS_Explorer_RCEP_870350_RATE_2026.html","7e2fea22430a96850dfd4bf3dc82a8b669d5138b3ddb4f9c60b822d867db0d3f"
"RCEP","870350","8703503500","- - - - Of a cylinder capacity exceeding 1,500 cc","4.5%","JKDM_HS_Explorer_RCEP_870350_RATE_2026.html","7e2fea22430a96850dfd4bf3dc82a8b669d5138b3ddb4f9c60b822d867db0d3f"
"RCEP","870350","8703503600","- - - - Of a cylinder capacity exceeding 2,500 cc","4.5%","JKDM_HS_Explorer_RCEP_870350_RATE_2026.html","7e2fea22430a96850dfd4bf3dc82a8b669d5138b3ddb4f9c60b822d867db0d3f"
"RCEP","870350","8703504100","- - - - Of a cylinder capacity not exceeding 1,000","30.0%","JKDM_HS_Explorer_RCEP_870350_RATE_2026.html","7e2fea22430a96850dfd4bf3dc82a8b669d5138b3ddb4f9c60b822d867db0d3f"
"RCEP","870350","8703504200","- - - - Of a cylinder capacity exceeding 1,000 cc","30.0%","JKDM_HS_Explorer_RCEP_870350_RATE_2026.html","7e2fea22430a96850dfd4bf3dc82a8b669d5138b3ddb4f9c60b822d867db0d3f"
"RCEP","870350","8703504300","- - - - Of a cylinder capacity exceeding 1,500 cc","30.0%","JKDM_HS_Explorer_RCEP_870350_RATE_2026.html","7e2fea22430a96850dfd4bf3dc82a8b669d5138b3ddb4f9c60b822d867db0d3f"
"RCEP","870350","8703504400","- - - - Of a cylinder capacity exceeding 1,800 cc","27.3%","JKDM_HS_Explorer_RCEP_870350_RATE_2026.html","7e2fea22430a96850dfd4bf3dc82a8b669d5138b3ddb4f9c60b822d867db0d3f"
"RCEP","870350","8703504500","- - - - Of a cylinder capacity exceeding 2,000 cc","27.3%","JKDM_HS_Explorer_RCEP_870350_RATE_2026.html","7e2fea22430a96850dfd4bf3dc82a8b669d5138b3ddb4f9c60b822d867db0d3f"
"RCEP","870350","8703504600","- - - - Of a cylinder capacity exceeding 2,500 cc","27.3%","JKDM_HS_Explorer_RCEP_870350_RATE_2026.html","7e2fea22430a96850dfd4bf3dc82a8b669d5138b3ddb4f9c60b822d867db0d3f"
"RCEP","870350","8703504700","- - - - Of a cylinder capacity exceeding 3,000 cc","27.3%","JKDM_HS_Explorer_RCEP_870350_RATE_2026.html","7e2fea22430a96850dfd4bf3dc82a8b669d5138b3ddb4f9c60b822d867db0d3f"
"RCEP","870350","8703505100","- - - - Of a cylinder capacity not exceeding 1,000","30.0%","JKDM_HS_Explorer_RCEP_870350_RATE_2026.html","7e2fea22430a96850dfd4bf3dc82a8b669d5138b3ddb4f9c60b822d867db0d3f"
"RCEP","870350","8703505200","- - - - Of a cylinder capacity exceeding 1,000 cc","30.0%","JKDM_HS_Explorer_RCEP_870350_RATE_2026.html","7e2fea22430a96850dfd4bf3dc82a8b669d5138b3ddb4f9c60b822d867db0d3f"
"RCEP","870350","8703505300","- - - - Of a cylinder capacity exceeding 1,500 cc","30.0%","JKDM_HS_Explorer_RCEP_870350_RATE_2026.html","7e2fea22430a96850dfd4bf3dc82a8b669d5138b3ddb4f9c60b822d867db0d3f"
"RCEP","870350","8703505400","- - - - Of a cylinder capacity exceeding 1,800 cc","27.3%","JKDM_HS_Explorer_RCEP_870350_RATE_2026.html","7e2fea22430a96850dfd4bf3dc82a8b669d5138b3ddb4f9c60b822d867db0d3f"
"RCEP","870350","8703505500","- - - - Of a cylinder capacity exceeding 2,500 cc","27.3%","JKDM_HS_Explorer_RCEP_870350_RATE_2026.html","7e2fea22430a96850dfd4bf3dc82a8b669d5138b3ddb4f9c60b822d867db0d3f"
"RCEP","870350","8703505600","- - - - Of a cylinder capacity not exceeding 1,500","31.8%","JKDM_HS_Explorer_RCEP_870350_RATE_2026.html","7e2fea22430a96850dfd4bf3dc82a8b669d5138b3ddb4f9c60b822d867db0d3f"
"RCEP","870350","8703505700","- - - - Of a cylinder capacity exceeding 1,500 cc","31.8%","JKDM_HS_Explorer_RCEP_870350_RATE_2026.html","7e2fea22430a96850dfd4bf3dc82a8b669d5138b3ddb4f9c60b822d867db0d3f"
"RCEP","870350","8703505800","- - - - Of a cylinder capacity exceeding 2,000 cc","31.8%","JKDM_HS_Explorer_RCEP_870350_RATE_2026.html","7e2fea22430a96850dfd4bf3dc82a8b669d5138b3ddb4f9c60b822d867db0d3f"
"RCEP","870350","8703506110","- - - - - New","30.0%","JKDM_HS_Explorer_RCEP_870350_RATE_2026.html","7e2fea22430a96850dfd4bf3dc82a8b669d5138b3ddb4f9c60b822d867db0d3f"
"RCEP","870350","8703506190","- - - - - Other","30.0%","JKDM_HS_Explorer_RCEP_870350_RATE_2026.html","7e2fea22430a96850dfd4bf3dc82a8b669d5138b3ddb4f9c60b822d867db0d3f"
"RCEP","870350","8703506210","- - - - - New","30.0%","JKDM_HS_Explorer_RCEP_870350_RATE_2026.html","7e2fea22430a96850dfd4bf3dc82a8b669d5138b3ddb4f9c60b822d867db0d3f"
"RCEP","870350","8703506290","- - - - - Other","30.0%","JKDM_HS_Explorer_RCEP_870350_RATE_2026.html","7e2fea22430a96850dfd4bf3dc82a8b669d5138b3ddb4f9c60b822d867db0d3f"
"RCEP","870350","8703506310","- - - - - New","30.0%","JKDM_HS_Explorer_RCEP_870350_RATE_2026.html","7e2fea22430a96850dfd4bf3dc82a8b669d5138b3ddb4f9c60b822d867db0d3f"
"RCEP","870350","8703506390","- - - - - Other","30.0%","JKDM_HS_Explorer_RCEP_870350_RATE_2026.html","7e2fea22430a96850dfd4bf3dc82a8b669d5138b3ddb4f9c60b822d867db0d3f"
"RCEP","870350","8703506410","- - - - - New","30.0%","JKDM_HS_Explorer_RCEP_870350_RATE_2026.html","7e2fea22430a96850dfd4bf3dc82a8b669d5138b3ddb4f9c60b822d867db0d3f"
"RCEP","870350","8703506490","- - - - - Other","30.0%","JKDM_HS_Explorer_RCEP_870350_RATE_2026.html","7e2fea22430a96850dfd4bf3dc82a8b669d5138b3ddb4f9c60b822d867db0d3f"
"RCEP","870350","8703506510","- - - - - New","27.3%","JKDM_HS_Explorer_RCEP_870350_RATE_2026.html","7e2fea22430a96850dfd4bf3dc82a8b669d5138b3ddb4f9c60b822d867db0d3f"
"RCEP","870350","8703506590","- - - - - Other","27.3%","JKDM_HS_Explorer_RCEP_870350_RATE_2026.html","7e2fea22430a96850dfd4bf3dc82a8b669d5138b3ddb4f9c60b822d867db0d3f"
"RCEP","870350","8703506610","- - - - - New","27.3%","JKDM_HS_Explorer_RCEP_870350_RATE_2026.html","7e2fea22430a96850dfd4bf3dc82a8b669d5138b3ddb4f9c60b822d867db0d3f"
"RCEP","870350","8703506690","- - - - - Other","27.3%","JKDM_HS_Explorer_RCEP_870350_RATE_2026.html","7e2fea22430a96850dfd4bf3dc82a8b669d5138b3ddb4f9c60b822d867db0d3f"
"RCEP","870350","8703506710","- - - - - New","27.3%","JKDM_HS_Explorer_RCEP_870350_RATE_2026.html","7e2fea22430a96850dfd4bf3dc82a8b669d5138b3ddb4f9c60b822d867db0d3f"
"RCEP","870350","8703506790","- - - - - Other","27.3%","JKDM_HS_Explorer_RCEP_870350_RATE_2026.html","7e2fea22430a96850dfd4bf3dc82a8b669d5138b3ddb4f9c60b822d867db0d3f"
"RCEP","870350","8703507110","- - - - - New","30.0%","JKDM_HS_Explorer_RCEP_870350_RATE_2026.html","7e2fea22430a96850dfd4bf3dc82a8b669d5138b3ddb4f9c60b822d867db0d3f"
"RCEP","870350","8703507190","- - - - - Other","30.0%","JKDM_HS_Explorer_RCEP_870350_RATE_2026.html","7e2fea22430a96850dfd4bf3dc82a8b669d5138b3ddb4f9c60b822d867db0d3f"
"RCEP","870350","8703507210","- - - - - New","30.0%","JKDM_HS_Explorer_RCEP_870350_RATE_2026.html","7e2fea22430a96850dfd4bf3dc82a8b669d5138b3ddb4f9c60b822d867db0d3f"
"RCEP","870350","8703507290","- - - - - Other","30.0%","JKDM_HS_Explorer_RCEP_870350_RATE_2026.html","7e2fea22430a96850dfd4bf3dc82a8b669d5138b3ddb4f9c60b822d867db0d3f"
"RCEP","870350","8703507310","- - - - - New","30.0%","JKDM_HS_Explorer_RCEP_870350_RATE_2026.html","7e2fea22430a96850dfd4bf3dc82a8b669d5138b3ddb4f9c60b822d867db0d3f"
"RCEP","870350","8703507390","- - - - - Other","30.0%","JKDM_HS_Explorer_RCEP_870350_RATE_2026.html","7e2fea22430a96850dfd4bf3dc82a8b669d5138b3ddb4f9c60b822d867db0d3f"
"RCEP","870350","8703507410","- - - - - New","30.0%","JKDM_HS_Explorer_RCEP_870350_RATE_2026.html","7e2fea22430a96850dfd4bf3dc82a8b669d5138b3ddb4f9c60b822d867db0d3f"
"RCEP","870350","8703507490","- - - - - Other","30.0%","JKDM_HS_Explorer_RCEP_870350_RATE_2026.html","7e2fea22430a96850dfd4bf3dc82a8b669d5138b3ddb4f9c60b822d867db0d3f"
"RCEP","870350","8703507510","- - - - - New","30.0%","JKDM_HS_Explorer_RCEP_870350_RATE_2026.html","7e2fea22430a96850dfd4bf3dc82a8b669d5138b3ddb4f9c60b822d867db0d3f"
"RCEP","870350","8703507590","- - - - - Other","27.3%","JKDM_HS_Explorer_RCEP_870350_RATE_2026.html","7e2fea22430a96850dfd4bf3dc82a8b669d5138b3ddb4f9c60b822d867db0d3f"
"RCEP","870350","8703507610","- - - - - New","27.3%","JKDM_HS_Explorer_RCEP_870350_RATE_2026.html","7e2fea22430a96850dfd4bf3dc82a8b669d5138b3ddb4f9c60b822d867db0d3f"
"RCEP","870350","8703507690","- - - - - Other","27.3%","JKDM_HS_Explorer_RCEP_870350_RATE_2026.html","7e2fea22430a96850dfd4bf3dc82a8b669d5138b3ddb4f9c60b822d867db0d3f"
"RCEP","870350","8703507710","- - - - - New","27.3%","JKDM_HS_Explorer_RCEP_870350_RATE_2026.html","7e2fea22430a96850dfd4bf3dc82a8b669d5138b3ddb4f9c60b822d867db0d3f"
"RCEP","870350","8703507790","- - - - - Other","27.3%","JKDM_HS_Explorer_RCEP_870350_RATE_2026.html","7e2fea22430a96850dfd4bf3dc82a8b669d5138b3ddb4f9c60b822d867db0d3f"
"RCEP","870350","8703508110","- - - - - New","30.0%","JKDM_HS_Explorer_RCEP_870350_RATE_2026.html","7e2fea22430a96850dfd4bf3dc82a8b669d5138b3ddb4f9c60b822d867db0d3f"
"RCEP","870350","8703508190","- - - - - Other","30.0%","JKDM_HS_Explorer_RCEP_870350_RATE_2026.html","7e2fea22430a96850dfd4bf3dc82a8b669d5138b3ddb4f9c60b822d867db0d3f"
"RCEP","870350","8703508210","- - - - - New","30.0%","JKDM_HS_Explorer_RCEP_870350_RATE_2026.html","7e2fea22430a96850dfd4bf3dc82a8b669d5138b3ddb4f9c60b822d867db0d3f"
"RCEP","870350","8703508290","- - - - - Other","30.0%","JKDM_HS_Explorer_RCEP_870350_RATE_2026.html","7e2fea22430a96850dfd4bf3dc82a8b669d5138b3ddb4f9c60b822d867db0d3f"
"RCEP","870350","8703508310","- - - - - New","30.0%","JKDM_HS_Explorer_RCEP_870350_RATE_2026.html","7e2fea22430a96850dfd4bf3dc82a8b669d5138b3ddb4f9c60b822d867db0d3f"
"RCEP","870350","8703508390","- - - - - Other","30.0%","JKDM_HS_Explorer_RCEP_870350_RATE_2026.html","7e2fea22430a96850dfd4bf3dc82a8b669d5138b3ddb4f9c60b822d867db0d3f"
"RCEP","870350","8703508410","- - - - - New","30.0%","JKDM_HS_Explorer_RCEP_870350_RATE_2026.html","7e2fea22430a96850dfd4bf3dc82a8b669d5138b3ddb4f9c60b822d867db0d3f"
"RCEP","870350","8703508490","- - - - - Other","30.0%","JKDM_HS_Explorer_RCEP_870350_RATE_2026.html","7e2fea22430a96850dfd4bf3dc82a8b669d5138b3ddb4f9c60b822d867db0d3f"
"RCEP","870350","8703508510","- - - - - New","27.3%","JKDM_HS_Explorer_RCEP_870350_RATE_2026.html","7e2fea22430a96850dfd4bf3dc82a8b669d5138b3ddb4f9c60b822d867db0d3f"
"RCEP","870350","8703508590","- - - - - Other","27.3%","JKDM_HS_Explorer_RCEP_870350_RATE_2026.html","7e2fea22430a96850dfd4bf3dc82a8b669d5138b3ddb4f9c60b822d867db0d3f"
"RCEP","870350","8703508610","- - - - - New","27.3%","JKDM_HS_Explorer_RCEP_870350_RATE_2026.html","7e2fea22430a96850dfd4bf3dc82a8b669d5138b3ddb4f9c60b822d867db0d3f"
"RCEP","870350","8703508690","- - - - - Other","27.3%","JKDM_HS_Explorer_RCEP_870350_RATE_2026.html","7e2fea22430a96850dfd4bf3dc82a8b669d5138b3ddb4f9c60b822d867db0d3f"
"RCEP","870350","8703508710","- - - - - New","27.3%","JKDM_HS_Explorer_RCEP_870350_RATE_2026.html","7e2fea22430a96850dfd4bf3dc82a8b669d5138b3ddb4f9c60b822d867db0d3f"
"RCEP","870350","8703508790","- - - - - Other","27.3%","JKDM_HS_Explorer_RCEP_870350_RATE_2026.html","7e2fea22430a96850dfd4bf3dc82a8b669d5138b3ddb4f9c60b822d867db0d3f"
"RCEP","870350","8703509110","- - - - - New","30.0%","JKDM_HS_Explorer_RCEP_870350_RATE_2026.html","7e2fea22430a96850dfd4bf3dc82a8b669d5138b3ddb4f9c60b822d867db0d3f"
"RCEP","870350","8703509190","- - - - - Other","30.0%","JKDM_HS_Explorer_RCEP_870350_RATE_2026.html","7e2fea22430a96850dfd4bf3dc82a8b669d5138b3ddb4f9c60b822d867db0d3f"
"RCEP","870350","8703509210","- - - - - New","30.0%","JKDM_HS_Explorer_RCEP_870350_RATE_2026.html","7e2fea22430a96850dfd4bf3dc82a8b669d5138b3ddb4f9c60b822d867db0d3f"
"RCEP","870350","8703509290","- - - - - Other","30.0%","JKDM_HS_Explorer_RCEP_870350_RATE_2026.html","7e2fea22430a96850dfd4bf3dc82a8b669d5138b3ddb4f9c60b822d867db0d3f"
"RCEP","870350","8703509310","- - - - - New","30.0%","JKDM_HS_Explorer_RCEP_870350_RATE_2026.html","7e2fea22430a96850dfd4bf3dc82a8b669d5138b3ddb4f9c60b822d867db0d3f"
"RCEP","870350","8703509390","- - - - - Other","30.0%","JKDM_HS_Explorer_RCEP_870350_RATE_2026.html","7e2fea22430a96850dfd4bf3dc82a8b669d5138b3ddb4f9c60b822d867db0d3f"
"RCEP","870350","8703509410","- - - - - New","30.0%","JKDM_HS_Explorer_RCEP_870350_RATE_2026.html","7e2fea22430a96850dfd4bf3dc82a8b669d5138b3ddb4f9c60b822d867db0d3f"
"RCEP","870350","8703509490","- - - - - Other","27.3%","JKDM_HS_Explorer_RCEP_870350_RATE_2026.html","7e2fea22430a96850dfd4bf3dc82a8b669d5138b3ddb4f9c60b822d867db0d3f"
"RCEP","870350","8703509510","- - - - - New","27.3%","JKDM_HS_Explorer_RCEP_870350_RATE_2026.html","7e2fea22430a96850dfd4bf3dc82a8b669d5138b3ddb4f9c60b822d867db0d3f"
"RCEP","870350","8703509590","- - - - - Other","27.3%","JKDM_HS_Explorer_RCEP_870350_RATE_2026.html","7e2fea22430a96850dfd4bf3dc82a8b669d5138b3ddb4f9c60b822d867db0d3f"
"RCEP","870350","8703509610","- - - - - New","27.3%","JKDM_HS_Explorer_RCEP_870350_RATE_2026.html","7e2fea22430a96850dfd4bf3dc82a8b669d5138b3ddb4f9c60b822d867db0d3f"
"RCEP","870350","8703509690","- - - - - Other","27.3%","JKDM_HS_Explorer_RCEP_870350_RATE_2026.html","7e2fea22430a96850dfd4bf3dc82a8b669d5138b3ddb4f9c60b822d867db0d3f"
"RCEP","870350","8703509710","- - - - - New","27.3%","JKDM_HS_Explorer_RCEP_870350_RATE_2026.html","7e2fea22430a96850dfd4bf3dc82a8b669d5138b3ddb4f9c60b822d867db0d3f"
"RCEP","870350","8703509790","- - - - - Other","27.3%","JKDM_HS_Explorer_RCEP_870350_RATE_2026.html","7e2fea22430a96850dfd4bf3dc82a8b669d5138b3ddb4f9c60b822d867db0d3f"
"RCEP","870360","8703601100","- - - Go-karts","0.0%","JKDM_HS_Explorer_RCEP_870360_RATE_2026.html","3e3ae960822c77fc90332ea55b0965c198e61832194492e7fe0a737f320167f8"
"RCEP","870360","8703601200","- - - All-Terrain Vehicles (ATV)","0.0%","JKDM_HS_Explorer_RCEP_870360_RATE_2026.html","3e3ae960822c77fc90332ea55b0965c198e61832194492e7fe0a737f320167f8"
"RCEP","870360","8703601300","- - - Ambulances","4.5%","JKDM_HS_Explorer_RCEP_870360_RATE_2026.html","3e3ae960822c77fc90332ea55b0965c198e61832194492e7fe0a737f320167f8"
"RCEP","870360","8703601400","- - - Hearses","0.0%","JKDM_HS_Explorer_RCEP_870360_RATE_2026.html","3e3ae960822c77fc90332ea55b0965c198e61832194492e7fe0a737f320167f8"
"RCEP","870360","8703601500","- - - Prison vans","0.0%","JKDM_HS_Explorer_RCEP_870360_RATE_2026.html","3e3ae960822c77fc90332ea55b0965c198e61832194492e7fe0a737f320167f8"
"RCEP","870360","8703601600","- - - - Of a cylinder capacity not exceeding 2,000","31.8%","JKDM_HS_Explorer_RCEP_870360_RATE_2026.html","3e3ae960822c77fc90332ea55b0965c198e61832194492e7fe0a737f320167f8"
"RCEP","870360","8703601700","- - - - Of a cylinder capacity exceeding 2,000 cc","31.8%","JKDM_HS_Explorer_RCEP_870360_RATE_2026.html","3e3ae960822c77fc90332ea55b0965c198e61832194492e7fe0a737f320167f8"
"RCEP","870360","8703601800","- - - - Of a cylinder capacity not exceeding 1,500","10.0%","JKDM_HS_Explorer_RCEP_870360_RATE_2026.html","3e3ae960822c77fc90332ea55b0965c198e61832194492e7fe0a737f320167f8"
"RCEP","870360","8703601900","- - - - Of a cylinder capacity exceeding 1,500 cc","10.0%","JKDM_HS_Explorer_RCEP_870360_RATE_2026.html","3e3ae960822c77fc90332ea55b0965c198e61832194492e7fe0a737f320167f8"
"RCEP","870360","8703602100","- - - - Of a cylinder capacity exceeding 2,000 cc","9.1%","JKDM_HS_Explorer_RCEP_870360_RATE_2026.html","3e3ae960822c77fc90332ea55b0965c198e61832194492e7fe0a737f320167f8"
"RCEP","870360","8703602200","- - - - Of a cylinder capacity not exceeding 1,500","10.0%","JKDM_HS_Explorer_RCEP_870360_RATE_2026.html","3e3ae960822c77fc90332ea55b0965c198e61832194492e7fe0a737f320167f8"
"RCEP","870360","8703602300","- - - - Of a cylinder capacity exceeding 1,500 cc","10.0%","JKDM_HS_Explorer_RCEP_870360_RATE_2026.html","3e3ae960822c77fc90332ea55b0965c198e61832194492e7fe0a737f320167f8"
"RCEP","870360","8703602400","- - - - Of a cylinder capacity exceeding 2,000 cc","9.1%","JKDM_HS_Explorer_RCEP_870360_RATE_2026.html","3e3ae960822c77fc90332ea55b0965c198e61832194492e7fe0a737f320167f8"
"RCEP","870360","8703602500","- - - - Of a cylinder capacity not exceeding 2,000","10.0%","JKDM_HS_Explorer_RCEP_870360_RATE_2026.html","3e3ae960822c77fc90332ea55b0965c198e61832194492e7fe0a737f320167f8"
"RCEP","870360","8703602600","- - - - Of a cylinder capacity exceeding 2,000 cc","9.1%","JKDM_HS_Explorer_RCEP_870360_RATE_2026.html","3e3ae960822c77fc90332ea55b0965c198e61832194492e7fe0a737f320167f8"
"RCEP","870360","8703602700","- - - - Of a cylinder capacity not exceeding 2,000","0.0%","JKDM_HS_Explorer_RCEP_870360_RATE_2026.html","3e3ae960822c77fc90332ea55b0965c198e61832194492e7fe0a737f320167f8"
"RCEP","870360","8703602800","- - - - Of a cylinder capacity exceeding 2,000 cc","9.1%","JKDM_HS_Explorer_RCEP_870360_RATE_2026.html","3e3ae960822c77fc90332ea55b0965c198e61832194492e7fe0a737f320167f8"
"RCEP","870360","8703603100","- - - Go-karts","0.0%","JKDM_HS_Explorer_RCEP_870360_RATE_2026.html","3e3ae960822c77fc90332ea55b0965c198e61832194492e7fe0a737f320167f8"
"RCEP","870360","8703603200","- - - - Of a cylinder capacity not exceeding 1,000","30.0%","JKDM_HS_Explorer_RCEP_870360_RATE_2026.html","3e3ae960822c77fc90332ea55b0965c198e61832194492e7fe0a737f320167f8"
"RCEP","870360","8703603300","- - - - Of a cylinder capacity exceeding 1,000 cc","30.0%","JKDM_HS_Explorer_RCEP_870360_RATE_2026.html","3e3ae960822c77fc90332ea55b0965c198e61832194492e7fe0a737f320167f8"
"RCEP","870360","8703603400","- - - - Of a cylinder capacity exceeding 1,000 cc","4.5%","JKDM_HS_Explorer_RCEP_870360_RATE_2026.html","3e3ae960822c77fc90332ea55b0965c198e61832194492e7fe0a737f320167f8"
"RCEP","870360","8703603500","- - - - Of a cylinder capacity exceeding 1,500 cc","4.5%","JKDM_HS_Explorer_RCEP_870360_RATE_2026.html","3e3ae960822c77fc90332ea55b0965c198e61832194492e7fe0a737f320167f8"
"RCEP","870360","8703603600","- - - - Other","4.5%","JKDM_HS_Explorer_RCEP_870360_RATE_2026.html","3e3ae960822c77fc90332ea55b0965c198e61832194492e7fe0a737f320167f8"
"RCEP","870360","8703604100","- - - - Of a cylinder capacity not exceeding 1,000","30.0%","JKDM_HS_Explorer_RCEP_870360_RATE_2026.html","3e3ae960822c77fc90332ea55b0965c198e61832194492e7fe0a737f320167f8"
"RCEP","870360","8703604200","- - - - Of a cylinder capacity exceeding 1,000 cc","30.0%","JKDM_HS_Explorer_RCEP_870360_RATE_2026.html","3e3ae960822c77fc90332ea55b0965c198e61832194492e7fe0a737f320167f8"
"RCEP","870360","8703604300","- - - - Of a cylinder capacity exceeding 1,500 cc","30.0%","JKDM_HS_Explorer_RCEP_870360_RATE_2026.html","3e3ae960822c77fc90332ea55b0965c198e61832194492e7fe0a737f320167f8"
"RCEP","870360","8703604400","- - - - Of a cylinder capacity exceeding 1,800 cc","30.0%","JKDM_HS_Explorer_RCEP_870360_RATE_2026.html","3e3ae960822c77fc90332ea55b0965c198e61832194492e7fe0a737f320167f8"
"RCEP","870360","8703604500","- - - - Of a cylinder capacity exceeding 2,000 cc","27.3%","JKDM_HS_Explorer_RCEP_870360_RATE_2026.html","3e3ae960822c77fc90332ea55b0965c198e61832194492e7fe0a737f320167f8"
"RCEP","870360","8703604600","- - - - Of a cylinder capacity exceeding 2,500 cc","27.3%","JKDM_HS_Explorer_RCEP_870360_RATE_2026.html","3e3ae960822c77fc90332ea55b0965c198e61832194492e7fe0a737f320167f8"
"RCEP","870360","8703604700","- - - - Of a cylinder capacity exceeding 3,000 cc","27.3%","JKDM_HS_Explorer_RCEP_870360_RATE_2026.html","3e3ae960822c77fc90332ea55b0965c198e61832194492e7fe0a737f320167f8"
"RCEP","870360","8703605100","- - - - Of a cylinder capacity not exceeding 1,000","30.0%","JKDM_HS_Explorer_RCEP_870360_RATE_2026.html","3e3ae960822c77fc90332ea55b0965c198e61832194492e7fe0a737f320167f8"
"RCEP","870360","8703605200","- - - - Of a cylinder capacity exceeding 1,000 cc","30.0%","JKDM_HS_Explorer_RCEP_870360_RATE_2026.html","3e3ae960822c77fc90332ea55b0965c198e61832194492e7fe0a737f320167f8"
"RCEP","870360","8703605300","- - - - Of a cylinder capacity exceeding 1,500 cc","30.0%","JKDM_HS_Explorer_RCEP_870360_RATE_2026.html","3e3ae960822c77fc90332ea55b0965c198e61832194492e7fe0a737f320167f8"
"RCEP","870360","8703605400","- - - - Of a cylinder capacity exceeding 1,800 cc","27.3%","JKDM_HS_Explorer_RCEP_870360_RATE_2026.html","3e3ae960822c77fc90332ea55b0965c198e61832194492e7fe0a737f320167f8"
"RCEP","870360","8703605500","- - - - Of a cylinder capacity exceeding 3,000 cc","27.3%","JKDM_HS_Explorer_RCEP_870360_RATE_2026.html","3e3ae960822c77fc90332ea55b0965c198e61832194492e7fe0a737f320167f8"
"RCEP","870360","8703605600","- - - - Of a cylinder capacity not exceeding 1,500","31.8%","JKDM_HS_Explorer_RCEP_870360_RATE_2026.html","3e3ae960822c77fc90332ea55b0965c198e61832194492e7fe0a737f320167f8"
"RCEP","870360","8703605700","- - - - Of a cylinder capacity exceeding 1,500 cc","31.8%","JKDM_HS_Explorer_RCEP_870360_RATE_2026.html","3e3ae960822c77fc90332ea55b0965c198e61832194492e7fe0a737f320167f8"
"RCEP","870360","8703605800","- - - - Of a cylinder capacity exceeding 2,000 cc","31.8%","JKDM_HS_Explorer_RCEP_870360_RATE_2026.html","3e3ae960822c77fc90332ea55b0965c198e61832194492e7fe0a737f320167f8"
"RCEP","870360","8703606110","- - - - - New","30.0%","JKDM_HS_Explorer_RCEP_870360_RATE_2026.html","3e3ae960822c77fc90332ea55b0965c198e61832194492e7fe0a737f320167f8"
"RCEP","870360","8703606190","- - - - - Other","30.0%","JKDM_HS_Explorer_RCEP_870360_RATE_2026.html","3e3ae960822c77fc90332ea55b0965c198e61832194492e7fe0a737f320167f8"
"RCEP","870360","8703606210","- - - - - New","30.0%","JKDM_HS_Explorer_RCEP_870360_RATE_2026.html","3e3ae960822c77fc90332ea55b0965c198e61832194492e7fe0a737f320167f8"
"RCEP","870360","8703606290","- - - - - Other","30.0%","JKDM_HS_Explorer_RCEP_870360_RATE_2026.html","3e3ae960822c77fc90332ea55b0965c198e61832194492e7fe0a737f320167f8"
"RCEP","870360","8703606310","- - - - - New","30.0%","JKDM_HS_Explorer_RCEP_870360_RATE_2026.html","3e3ae960822c77fc90332ea55b0965c198e61832194492e7fe0a737f320167f8"
"RCEP","870360","8703606390","- - - - - Other","30.0%","JKDM_HS_Explorer_RCEP_870360_RATE_2026.html","3e3ae960822c77fc90332ea55b0965c198e61832194492e7fe0a737f320167f8"
"RCEP","870360","8703606410","- - - - - New","30.0%","JKDM_HS_Explorer_RCEP_870360_RATE_2026.html","3e3ae960822c77fc90332ea55b0965c198e61832194492e7fe0a737f320167f8"
"RCEP","870360","8703606490","- - - - - Other","30.0%","JKDM_HS_Explorer_RCEP_870360_RATE_2026.html","3e3ae960822c77fc90332ea55b0965c198e61832194492e7fe0a737f320167f8"
"RCEP","870360","8703606510","- - - - - New","27.3%","JKDM_HS_Explorer_RCEP_870360_RATE_2026.html","3e3ae960822c77fc90332ea55b0965c198e61832194492e7fe0a737f320167f8"
"RCEP","870360","8703606590","- - - - - Other","27.3%","JKDM_HS_Explorer_RCEP_870360_RATE_2026.html","3e3ae960822c77fc90332ea55b0965c198e61832194492e7fe0a737f320167f8"
"RCEP","870360","8703606610","- - - - - New","27.3%","JKDM_HS_Explorer_RCEP_870360_RATE_2026.html","3e3ae960822c77fc90332ea55b0965c198e61832194492e7fe0a737f320167f8"
"RCEP","870360","8703606690","- - - - - Other","27.3%","JKDM_HS_Explorer_RCEP_870360_RATE_2026.html","3e3ae960822c77fc90332ea55b0965c198e61832194492e7fe0a737f320167f8"
"RCEP","870360","8703606710","- - - - - New","27.3%","JKDM_HS_Explorer_RCEP_870360_RATE_2026.html","3e3ae960822c77fc90332ea55b0965c198e61832194492e7fe0a737f320167f8"
"RCEP","870360","8703606790","- - - - - Other","27.3%","JKDM_HS_Explorer_RCEP_870360_RATE_2026.html","3e3ae960822c77fc90332ea55b0965c198e61832194492e7fe0a737f320167f8"
"RCEP","870360","8703606810","- - - - - New","27.3%","JKDM_HS_Explorer_RCEP_870360_RATE_2026.html","3e3ae960822c77fc90332ea55b0965c198e61832194492e7fe0a737f320167f8"
"RCEP","870360","8703606890","- - - - - Other","27.3%","JKDM_HS_Explorer_RCEP_870360_RATE_2026.html","3e3ae960822c77fc90332ea55b0965c198e61832194492e7fe0a737f320167f8"
"RCEP","870360","8703607110","- - - - - New","30.0%","JKDM_HS_Explorer_RCEP_870360_RATE_2026.html","3e3ae960822c77fc90332ea55b0965c198e61832194492e7fe0a737f320167f8"
"RCEP","870360","8703607190","- - - - - Other","30.0%","JKDM_HS_Explorer_RCEP_870360_RATE_2026.html","3e3ae960822c77fc90332ea55b0965c198e61832194492e7fe0a737f320167f8"
"RCEP","870360","8703607210","- - - - - New","30.0%","JKDM_HS_Explorer_RCEP_870360_RATE_2026.html","3e3ae960822c77fc90332ea55b0965c198e61832194492e7fe0a737f320167f8"
"RCEP","870360","8703607290","- - - - - Other","30.0%","JKDM_HS_Explorer_RCEP_870360_RATE_2026.html","3e3ae960822c77fc90332ea55b0965c198e61832194492e7fe0a737f320167f8"
"RCEP","870360","8703607310","- - - - - New","30.0%","JKDM_HS_Explorer_RCEP_870360_RATE_2026.html","3e3ae960822c77fc90332ea55b0965c198e61832194492e7fe0a737f320167f8"
"RCEP","870360","8703607390","- - - - - Other","30.0%","JKDM_HS_Explorer_RCEP_870360_RATE_2026.html","3e3ae960822c77fc90332ea55b0965c198e61832194492e7fe0a737f320167f8"
"RCEP","870360","8703607410","- - - - - New","30.0%","JKDM_HS_Explorer_RCEP_870360_RATE_2026.html","3e3ae960822c77fc90332ea55b0965c198e61832194492e7fe0a737f320167f8"
"RCEP","870360","8703607490","- - - - - Other","30.0%","JKDM_HS_Explorer_RCEP_870360_RATE_2026.html","3e3ae960822c77fc90332ea55b0965c198e61832194492e7fe0a737f320167f8"
"RCEP","870360","8703607510","- - - - - New","27.3%","JKDM_HS_Explorer_RCEP_870360_RATE_2026.html","3e3ae960822c77fc90332ea55b0965c198e61832194492e7fe0a737f320167f8"
"RCEP","870360","8703607590","- - - - - Other","27.3%","JKDM_HS_Explorer_RCEP_870360_RATE_2026.html","3e3ae960822c77fc90332ea55b0965c198e61832194492e7fe0a737f320167f8"
"RCEP","870360","8703607610","- - - - - New","27.3%","JKDM_HS_Explorer_RCEP_870360_RATE_2026.html","3e3ae960822c77fc90332ea55b0965c198e61832194492e7fe0a737f320167f8"
"RCEP","870360","8703607690","- - - - - Other","27.3%","JKDM_HS_Explorer_RCEP_870360_RATE_2026.html","3e3ae960822c77fc90332ea55b0965c198e61832194492e7fe0a737f320167f8"
"RCEP","870360","8703607710","- - - - - New","27.3%","JKDM_HS_Explorer_RCEP_870360_RATE_2026.html","3e3ae960822c77fc90332ea55b0965c198e61832194492e7fe0a737f320167f8"
"RCEP","870360","8703607790","- - - - - Other","27.3%","JKDM_HS_Explorer_RCEP_870360_RATE_2026.html","3e3ae960822c77fc90332ea55b0965c198e61832194492e7fe0a737f320167f8"
"RCEP","870360","8703608110","- - - - - New","30.0%","JKDM_HS_Explorer_RCEP_870360_RATE_2026.html","3e3ae960822c77fc90332ea55b0965c198e61832194492e7fe0a737f320167f8"
"RCEP","870360","8703608190","- - - - - Other","30.0%","JKDM_HS_Explorer_RCEP_870360_RATE_2026.html","3e3ae960822c77fc90332ea55b0965c198e61832194492e7fe0a737f320167f8"
"RCEP","870360","8703608210","- - - - - New","30.0%","JKDM_HS_Explorer_RCEP_870360_RATE_2026.html","3e3ae960822c77fc90332ea55b0965c198e61832194492e7fe0a737f320167f8"
"RCEP","870360","8703608290","- - - - - Other","30.0%","JKDM_HS_Explorer_RCEP_870360_RATE_2026.html","3e3ae960822c77fc90332ea55b0965c198e61832194492e7fe0a737f320167f8"
"RCEP","870360","8703608310","- - - - - New","30.0%","JKDM_HS_Explorer_RCEP_870360_RATE_2026.html","3e3ae960822c77fc90332ea55b0965c198e61832194492e7fe0a737f320167f8"
"RCEP","870360","8703608390","- - - - - Other","30.0%","JKDM_HS_Explorer_RCEP_870360_RATE_2026.html","3e3ae960822c77fc90332ea55b0965c198e61832194492e7fe0a737f320167f8"
"RCEP","870360","8703608410","- - - - - New","30.0%","JKDM_HS_Explorer_RCEP_870360_RATE_2026.html","3e3ae960822c77fc90332ea55b0965c198e61832194492e7fe0a737f320167f8"
"RCEP","870360","8703608490","- - - - - Other","30.0%","JKDM_HS_Explorer_RCEP_870360_RATE_2026.html","3e3ae960822c77fc90332ea55b0965c198e61832194492e7fe0a737f320167f8"
"RCEP","870360","8703608510","- - - - - New","27.3%","JKDM_HS_Explorer_RCEP_870360_RATE_2026.html","3e3ae960822c77fc90332ea55b0965c198e61832194492e7fe0a737f320167f8"
"RCEP","870360","8703608590","- - - - - Other","27.3%","JKDM_HS_Explorer_RCEP_870360_RATE_2026.html","3e3ae960822c77fc90332ea55b0965c198e61832194492e7fe0a737f320167f8"
"RCEP","870360","8703608610","- - - - - New","27.3%","JKDM_HS_Explorer_RCEP_870360_RATE_2026.html","3e3ae960822c77fc90332ea55b0965c198e61832194492e7fe0a737f320167f8"
"RCEP","870360","8703608690","- - - - - Other","27.3%","JKDM_HS_Explorer_RCEP_870360_RATE_2026.html","3e3ae960822c77fc90332ea55b0965c198e61832194492e7fe0a737f320167f8"
"RCEP","870360","8703608710","- - - - - New","27.3%","JKDM_HS_Explorer_RCEP_870360_RATE_2026.html","3e3ae960822c77fc90332ea55b0965c198e61832194492e7fe0a737f320167f8"
"RCEP","870360","8703608790","- - - - - Other","27.3%","JKDM_HS_Explorer_RCEP_870360_RATE_2026.html","3e3ae960822c77fc90332ea55b0965c198e61832194492e7fe0a737f320167f8"
"RCEP","870360","8703609110","- - - - - New","30.0%","JKDM_HS_Explorer_RCEP_870360_RATE_2026.html","3e3ae960822c77fc90332ea55b0965c198e61832194492e7fe0a737f320167f8"
"RCEP","870360","8703609190","- - - - - Other","30.0%","JKDM_HS_Explorer_RCEP_870360_RATE_2026.html","3e3ae960822c77fc90332ea55b0965c198e61832194492e7fe0a737f320167f8"
"RCEP","870360","8703609210","- - - - - New","30.0%","JKDM_HS_Explorer_RCEP_870360_RATE_2026.html","3e3ae960822c77fc90332ea55b0965c198e61832194492e7fe0a737f320167f8"
"RCEP","870360","8703609290","- - - - - Other","30.0%","JKDM_HS_Explorer_RCEP_870360_RATE_2026.html","3e3ae960822c77fc90332ea55b0965c198e61832194492e7fe0a737f320167f8"
"RCEP","870360","8703609310","- - - - - New","30.0%","JKDM_HS_Explorer_RCEP_870360_RATE_2026.html","3e3ae960822c77fc90332ea55b0965c198e61832194492e7fe0a737f320167f8"
"RCEP","870360","8703609390","- - - - - Other","30.0%","JKDM_HS_Explorer_RCEP_870360_RATE_2026.html","3e3ae960822c77fc90332ea55b0965c198e61832194492e7fe0a737f320167f8"
"RCEP","870360","8703609410","- - - - - New","30.0%","JKDM_HS_Explorer_RCEP_870360_RATE_2026.html","3e3ae960822c77fc90332ea55b0965c198e61832194492e7fe0a737f320167f8"
"RCEP","870360","8703609490","- - - - - Other","30.0%","JKDM_HS_Explorer_RCEP_870360_RATE_2026.html","3e3ae960822c77fc90332ea55b0965c198e61832194492e7fe0a737f320167f8"
"RCEP","870360","8703609510","- - - - - New","27.3%","JKDM_HS_Explorer_RCEP_870360_RATE_2026.html","3e3ae960822c77fc90332ea55b0965c198e61832194492e7fe0a737f320167f8"
"RCEP","870360","8703609590","- - - - - Other","27.3%","JKDM_HS_Explorer_RCEP_870360_RATE_2026.html","3e3ae960822c77fc90332ea55b0965c198e61832194492e7fe0a737f320167f8"
"RCEP","870360","8703609610","- - - - - New","27.3%","JKDM_HS_Explorer_RCEP_870360_RATE_2026.html","3e3ae960822c77fc90332ea55b0965c198e61832194492e7fe0a737f320167f8"
"RCEP","870360","8703609690","- - - - - Other","27.3%","JKDM_HS_Explorer_RCEP_870360_RATE_2026.html","3e3ae960822c77fc90332ea55b0965c198e61832194492e7fe0a737f320167f8"
"RCEP","870360","8703609710","- - - - - New","27.3%","JKDM_HS_Explorer_RCEP_870360_RATE_2026.html","3e3ae960822c77fc90332ea55b0965c198e61832194492e7fe0a737f320167f8"
"RCEP","870360","8703609790","- - - - - Other","27.3%","JKDM_HS_Explorer_RCEP_870360_RATE_2026.html","3e3ae960822c77fc90332ea55b0965c198e61832194492e7fe0a737f320167f8"
"RCEP","870360","8703609810","- - - - - New","27.3%","JKDM_HS_Explorer_RCEP_870360_RATE_2026.html","3e3ae960822c77fc90332ea55b0965c198e61832194492e7fe0a737f320167f8"
"RCEP","870360","8703609890","- - - - - Other","27.3%","JKDM_HS_Explorer_RCEP_870360_RATE_2026.html","3e3ae960822c77fc90332ea55b0965c198e61832194492e7fe0a737f320167f8"
"RCEP","870370","8703701100","- - - Go-karts","0.0%","JKDM_HS_Explorer_RCEP_870370_RATE_2026.html","fa46a1f47b0a438d49e4af41ec59a7cd5ca62207d849a19386df8866b073a29c"
"RCEP","870370","8703701200","- - - All-Terrain Vehicles (ATV)","0.0%","JKDM_HS_Explorer_RCEP_870370_RATE_2026.html","fa46a1f47b0a438d49e4af41ec59a7cd5ca62207d849a19386df8866b073a29c"
"RCEP","870370","8703701300","- - - Ambulances","4.5%","JKDM_HS_Explorer_RCEP_870370_RATE_2026.html","fa46a1f47b0a438d49e4af41ec59a7cd5ca62207d849a19386df8866b073a29c"
"RCEP","870370","8703701400","- - - Hearses","0.0%","JKDM_HS_Explorer_RCEP_870370_RATE_2026.html","fa46a1f47b0a438d49e4af41ec59a7cd5ca62207d849a19386df8866b073a29c"
"RCEP","870370","8703701500","- - - Prison vans","0.0%","JKDM_HS_Explorer_RCEP_870370_RATE_2026.html","fa46a1f47b0a438d49e4af41ec59a7cd5ca62207d849a19386df8866b073a29c"
"RCEP","870370","8703701600","- - - - Of a cylinder capacity not exceeding 2,000","31.8%","JKDM_HS_Explorer_RCEP_870370_RATE_2026.html","fa46a1f47b0a438d49e4af41ec59a7cd5ca62207d849a19386df8866b073a29c"
"RCEP","870370","8703701700","- - - - Of a cylinder capacity exceeding 2,000 cc","31.8%","JKDM_HS_Explorer_RCEP_870370_RATE_2026.html","fa46a1f47b0a438d49e4af41ec59a7cd5ca62207d849a19386df8866b073a29c"
"RCEP","870370","8703701800","- - - - Of a cylinder capacity not exceeding 1,500","10.0%","JKDM_HS_Explorer_RCEP_870370_RATE_2026.html","fa46a1f47b0a438d49e4af41ec59a7cd5ca62207d849a19386df8866b073a29c"
"RCEP","870370","8703701900","- - - - Of a cylinder capacity exceeding 1,500 cc","10.0%","JKDM_HS_Explorer_RCEP_870370_RATE_2026.html","fa46a1f47b0a438d49e4af41ec59a7cd5ca62207d849a19386df8866b073a29c"
"RCEP","870370","8703702100","- - - - Of a cylinder capacity exceeding 2,000 cc","9.1%","JKDM_HS_Explorer_RCEP_870370_RATE_2026.html","fa46a1f47b0a438d49e4af41ec59a7cd5ca62207d849a19386df8866b073a29c"
"RCEP","870370","8703702200","- - - - Of a cylinder capacity not exceeding 1,500","10.0%","JKDM_HS_Explorer_RCEP_870370_RATE_2026.html","fa46a1f47b0a438d49e4af41ec59a7cd5ca62207d849a19386df8866b073a29c"
"RCEP","870370","8703702300","- - - - Of a cylinder capacity exceeding 1,500 cc","10.0%","JKDM_HS_Explorer_RCEP_870370_RATE_2026.html","fa46a1f47b0a438d49e4af41ec59a7cd5ca62207d849a19386df8866b073a29c"
"RCEP","870370","8703702400","- - - - Of a cylinder capacity exceeding 2,000 cc","9.1%","JKDM_HS_Explorer_RCEP_870370_RATE_2026.html","fa46a1f47b0a438d49e4af41ec59a7cd5ca62207d849a19386df8866b073a29c"
"RCEP","870370","8703702500","- - - - Of a cylinder capacity not exceeding 2,000","10.0%","JKDM_HS_Explorer_RCEP_870370_RATE_2026.html","fa46a1f47b0a438d49e4af41ec59a7cd5ca62207d849a19386df8866b073a29c"
"RCEP","870370","8703702600","- - - - Of a cylinder capacity exceeding 2,000 cc","9.1%","JKDM_HS_Explorer_RCEP_870370_RATE_2026.html","fa46a1f47b0a438d49e4af41ec59a7cd5ca62207d849a19386df8866b073a29c"
"RCEP","870370","8703702700","- - - - Of a cylinder capacity not exceeding 2,000","0.0%","JKDM_HS_Explorer_RCEP_870370_RATE_2026.html","fa46a1f47b0a438d49e4af41ec59a7cd5ca62207d849a19386df8866b073a29c"
"RCEP","870370","8703702800","- - - - Of a cylinder capacity exceeding 2,000 cc","9.1%","JKDM_HS_Explorer_RCEP_870370_RATE_2026.html","fa46a1f47b0a438d49e4af41ec59a7cd5ca62207d849a19386df8866b073a29c"
"RCEP","870370","8703703100","- - - Go-karts","30.0%","JKDM_HS_Explorer_RCEP_870370_RATE_2026.html","fa46a1f47b0a438d49e4af41ec59a7cd5ca62207d849a19386df8866b073a29c"
"RCEP","870370","8703703200","- - - - Of a cylinder capacity not exceeding 1,000","30.0%","JKDM_HS_Explorer_RCEP_870370_RATE_2026.html","fa46a1f47b0a438d49e4af41ec59a7cd5ca62207d849a19386df8866b073a29c"
"RCEP","870370","8703703300","- - - - Of a cylinder capacity exceeding 1,000 cc","30.0%","JKDM_HS_Explorer_RCEP_870370_RATE_2026.html","fa46a1f47b0a438d49e4af41ec59a7cd5ca62207d849a19386df8866b073a29c"
"RCEP","870370","8703703400","- - - - Of a cylinder capacity not exceeding 1,500","4.5%","JKDM_HS_Explorer_RCEP_870370_RATE_2026.html","fa46a1f47b0a438d49e4af41ec59a7cd5ca62207d849a19386df8866b073a29c"
"RCEP","870370","8703703500","- - - - Of a cylinder capacity exceeding 1,500 cc","4.5%","JKDM_HS_Explorer_RCEP_870370_RATE_2026.html","fa46a1f47b0a438d49e4af41ec59a7cd5ca62207d849a19386df8866b073a29c"
"RCEP","870370","8703703600","- - - - Of a cylinder capacity exceeding 2,500 cc","4.5%","JKDM_HS_Explorer_RCEP_870370_RATE_2026.html","fa46a1f47b0a438d49e4af41ec59a7cd5ca62207d849a19386df8866b073a29c"
"RCEP","870370","8703704100","- - - - Of a cylinder capacity not exceeding 1,000","30.0%","JKDM_HS_Explorer_RCEP_870370_RATE_2026.html","fa46a1f47b0a438d49e4af41ec59a7cd5ca62207d849a19386df8866b073a29c"
"RCEP","870370","8703704200","- - - - Of a cylinder capacity exceeding 1,000 cc","30.0%","JKDM_HS_Explorer_RCEP_870370_RATE_2026.html","fa46a1f47b0a438d49e4af41ec59a7cd5ca62207d849a19386df8866b073a29c"
"RCEP","870370","8703704300","- - - - Of a cylinder capacity exceeding 1,500 cc","30.0%","JKDM_HS_Explorer_RCEP_870370_RATE_2026.html","fa46a1f47b0a438d49e4af41ec59a7cd5ca62207d849a19386df8866b073a29c"
"RCEP","870370","8703704400","- - - - Of a cylinder capacity exceeding 1,800 cc","27.3%","JKDM_HS_Explorer_RCEP_870370_RATE_2026.html","fa46a1f47b0a438d49e4af41ec59a7cd5ca62207d849a19386df8866b073a29c"
"RCEP","870370","8703704500","- - - - Of a cylinder capacity exceeding 2,000 cc","27.3%","JKDM_HS_Explorer_RCEP_870370_RATE_2026.html","fa46a1f47b0a438d49e4af41ec59a7cd5ca62207d849a19386df8866b073a29c"
"RCEP","870370","8703704600","- - - - Of a cylinder capacity exceeding 2,500 cc","27.3%","JKDM_HS_Explorer_RCEP_870370_RATE_2026.html","fa46a1f47b0a438d49e4af41ec59a7cd5ca62207d849a19386df8866b073a29c"
"RCEP","870370","8703704700","- - - - Of a cylinder capacity exceeding 3,000 cc","27.3%","JKDM_HS_Explorer_RCEP_870370_RATE_2026.html","fa46a1f47b0a438d49e4af41ec59a7cd5ca62207d849a19386df8866b073a29c"
"RCEP","870370","8703705100","- - - - Of a cylinder capacity not exceeding 1,000","30.0%","JKDM_HS_Explorer_RCEP_870370_RATE_2026.html","fa46a1f47b0a438d49e4af41ec59a7cd5ca62207d849a19386df8866b073a29c"
"RCEP","870370","8703705200","- - - - Of a cylinder capacity exceeding 1,000 cc","30.0%","JKDM_HS_Explorer_RCEP_870370_RATE_2026.html","fa46a1f47b0a438d49e4af41ec59a7cd5ca62207d849a19386df8866b073a29c"
"RCEP","870370","8703705300","- - - - Of a cylinder capacity exceeding 1,500 cc","30.0%","JKDM_HS_Explorer_RCEP_870370_RATE_2026.html","fa46a1f47b0a438d49e4af41ec59a7cd5ca62207d849a19386df8866b073a29c"
"RCEP","870370","8703705400","- - - - Of a cylinder capacity exceeding 1,800 cc","27.3%","JKDM_HS_Explorer_RCEP_870370_RATE_2026.html","fa46a1f47b0a438d49e4af41ec59a7cd5ca62207d849a19386df8866b073a29c"
"RCEP","870370","8703705500","- - - - Of a cylinder capacity exceeding 2,500 cc","27.3%","JKDM_HS_Explorer_RCEP_870370_RATE_2026.html","fa46a1f47b0a438d49e4af41ec59a7cd5ca62207d849a19386df8866b073a29c"
"RCEP","870370","8703705600","- - - - Of a cylinder capacity not exceeding 1,500","31.8%","JKDM_HS_Explorer_RCEP_870370_RATE_2026.html","fa46a1f47b0a438d49e4af41ec59a7cd5ca62207d849a19386df8866b073a29c"
"RCEP","870370","8703705700","- - - - Of a cylinder capacity exceeding 1,500 cc","31.8%","JKDM_HS_Explorer_RCEP_870370_RATE_2026.html","fa46a1f47b0a438d49e4af41ec59a7cd5ca62207d849a19386df8866b073a29c"
"RCEP","870370","8703705800","- - - - Of a cylinder capacity exceeding 2,000 cc","31.8%","JKDM_HS_Explorer_RCEP_870370_RATE_2026.html","fa46a1f47b0a438d49e4af41ec59a7cd5ca62207d849a19386df8866b073a29c"
"RCEP","870370","8703706110","- - - - - New","30.0%","JKDM_HS_Explorer_RCEP_870370_RATE_2026.html","fa46a1f47b0a438d49e4af41ec59a7cd5ca62207d849a19386df8866b073a29c"
"RCEP","870370","8703706190","- - - - - Other","30.0%","JKDM_HS_Explorer_RCEP_870370_RATE_2026.html","fa46a1f47b0a438d49e4af41ec59a7cd5ca62207d849a19386df8866b073a29c"
"RCEP","870370","8703706210","- - - - - New","30.0%","JKDM_HS_Explorer_RCEP_870370_RATE_2026.html","fa46a1f47b0a438d49e4af41ec59a7cd5ca62207d849a19386df8866b073a29c"
"RCEP","870370","8703706290","- - - - - Other","30.0%","JKDM_HS_Explorer_RCEP_870370_RATE_2026.html","fa46a1f47b0a438d49e4af41ec59a7cd5ca62207d849a19386df8866b073a29c"
"RCEP","870370","8703706310","- - - - - New","30.0%","JKDM_HS_Explorer_RCEP_870370_RATE_2026.html","fa46a1f47b0a438d49e4af41ec59a7cd5ca62207d849a19386df8866b073a29c"
"RCEP","870370","8703706390","- - - - - Other","30.0%","JKDM_HS_Explorer_RCEP_870370_RATE_2026.html","fa46a1f47b0a438d49e4af41ec59a7cd5ca62207d849a19386df8866b073a29c"
"RCEP","870370","8703706410","- - - - - New","30.0%","JKDM_HS_Explorer_RCEP_870370_RATE_2026.html","fa46a1f47b0a438d49e4af41ec59a7cd5ca62207d849a19386df8866b073a29c"
"RCEP","870370","8703706490","- - - - - Other","30.0%","JKDM_HS_Explorer_RCEP_870370_RATE_2026.html","fa46a1f47b0a438d49e4af41ec59a7cd5ca62207d849a19386df8866b073a29c"
"RCEP","870370","8703706510","- - - - - New","27.3%","JKDM_HS_Explorer_RCEP_870370_RATE_2026.html","fa46a1f47b0a438d49e4af41ec59a7cd5ca62207d849a19386df8866b073a29c"
"RCEP","870370","8703706590","- - - - - Other","27.3%","JKDM_HS_Explorer_RCEP_870370_RATE_2026.html","fa46a1f47b0a438d49e4af41ec59a7cd5ca62207d849a19386df8866b073a29c"
"RCEP","870370","8703706610","- - - - - New","27.3%","JKDM_HS_Explorer_RCEP_870370_RATE_2026.html","fa46a1f47b0a438d49e4af41ec59a7cd5ca62207d849a19386df8866b073a29c"
"RCEP","870370","8703706690","- - - - - Other","27.3%","JKDM_HS_Explorer_RCEP_870370_RATE_2026.html","fa46a1f47b0a438d49e4af41ec59a7cd5ca62207d849a19386df8866b073a29c"
"RCEP","870370","8703706710","- - - - - New","27.3%","JKDM_HS_Explorer_RCEP_870370_RATE_2026.html","fa46a1f47b0a438d49e4af41ec59a7cd5ca62207d849a19386df8866b073a29c"
"RCEP","870370","8703706790","- - - - - Other","27.3%","JKDM_HS_Explorer_RCEP_870370_RATE_2026.html","fa46a1f47b0a438d49e4af41ec59a7cd5ca62207d849a19386df8866b073a29c"
"RCEP","870370","8703707110","- - - - - New","30.0%","JKDM_HS_Explorer_RCEP_870370_RATE_2026.html","fa46a1f47b0a438d49e4af41ec59a7cd5ca62207d849a19386df8866b073a29c"
"RCEP","870370","8703707190","- - - - - Other","30.0%","JKDM_HS_Explorer_RCEP_870370_RATE_2026.html","fa46a1f47b0a438d49e4af41ec59a7cd5ca62207d849a19386df8866b073a29c"
"RCEP","870370","8703707210","- - - - - New","30.0%","JKDM_HS_Explorer_RCEP_870370_RATE_2026.html","fa46a1f47b0a438d49e4af41ec59a7cd5ca62207d849a19386df8866b073a29c"
"RCEP","870370","8703707290","- - - - - Other","30.0%","JKDM_HS_Explorer_RCEP_870370_RATE_2026.html","fa46a1f47b0a438d49e4af41ec59a7cd5ca62207d849a19386df8866b073a29c"
"RCEP","870370","8703707310","- - - - - New","30.0%","JKDM_HS_Explorer_RCEP_870370_RATE_2026.html","fa46a1f47b0a438d49e4af41ec59a7cd5ca62207d849a19386df8866b073a29c"
"RCEP","870370","8703707390","- - - - - Other","30.0%","JKDM_HS_Explorer_RCEP_870370_RATE_2026.html","fa46a1f47b0a438d49e4af41ec59a7cd5ca62207d849a19386df8866b073a29c"
"RCEP","870370","8703707410","- - - - - New","30.0%","JKDM_HS_Explorer_RCEP_870370_RATE_2026.html","fa46a1f47b0a438d49e4af41ec59a7cd5ca62207d849a19386df8866b073a29c"
"RCEP","870370","8703707490","- - - - - Other","30.0%","JKDM_HS_Explorer_RCEP_870370_RATE_2026.html","fa46a1f47b0a438d49e4af41ec59a7cd5ca62207d849a19386df8866b073a29c"
"RCEP","870370","8703707510","- - - - - New","30.0%","JKDM_HS_Explorer_RCEP_870370_RATE_2026.html","fa46a1f47b0a438d49e4af41ec59a7cd5ca62207d849a19386df8866b073a29c"
"RCEP","870370","8703707590","- - - - - Other","27.3%","JKDM_HS_Explorer_RCEP_870370_RATE_2026.html","fa46a1f47b0a438d49e4af41ec59a7cd5ca62207d849a19386df8866b073a29c"
"RCEP","870370","8703707610","- - - - - New","27.3%","JKDM_HS_Explorer_RCEP_870370_RATE_2026.html","fa46a1f47b0a438d49e4af41ec59a7cd5ca62207d849a19386df8866b073a29c"
"RCEP","870370","8703707690","- - - - - Other","27.3%","JKDM_HS_Explorer_RCEP_870370_RATE_2026.html","fa46a1f47b0a438d49e4af41ec59a7cd5ca62207d849a19386df8866b073a29c"
"RCEP","870370","8703707710","- - - - - New","27.3%","JKDM_HS_Explorer_RCEP_870370_RATE_2026.html","fa46a1f47b0a438d49e4af41ec59a7cd5ca62207d849a19386df8866b073a29c"
"RCEP","870370","8703707790","- - - - - Other","27.3%","JKDM_HS_Explorer_RCEP_870370_RATE_2026.html","fa46a1f47b0a438d49e4af41ec59a7cd5ca62207d849a19386df8866b073a29c"
"RCEP","870370","8703708110","- - - - - New","30.0%","JKDM_HS_Explorer_RCEP_870370_RATE_2026.html","fa46a1f47b0a438d49e4af41ec59a7cd5ca62207d849a19386df8866b073a29c"
"RCEP","870370","8703708190","- - - - - Other","30.0%","JKDM_HS_Explorer_RCEP_870370_RATE_2026.html","fa46a1f47b0a438d49e4af41ec59a7cd5ca62207d849a19386df8866b073a29c"
"RCEP","870370","8703708210","- - - - - New","30.0%","JKDM_HS_Explorer_RCEP_870370_RATE_2026.html","fa46a1f47b0a438d49e4af41ec59a7cd5ca62207d849a19386df8866b073a29c"
"RCEP","870370","8703708290","- - - - - Other","30.0%","JKDM_HS_Explorer_RCEP_870370_RATE_2026.html","fa46a1f47b0a438d49e4af41ec59a7cd5ca62207d849a19386df8866b073a29c"
"RCEP","870370","8703708310","- - - - - New","30.0%","JKDM_HS_Explorer_RCEP_870370_RATE_2026.html","fa46a1f47b0a438d49e4af41ec59a7cd5ca62207d849a19386df8866b073a29c"
"RCEP","870370","8703708390","- - - - - Other","30.0%","JKDM_HS_Explorer_RCEP_870370_RATE_2026.html","fa46a1f47b0a438d49e4af41ec59a7cd5ca62207d849a19386df8866b073a29c"
"RCEP","870370","8703708410","- - - - - New","30.0%","JKDM_HS_Explorer_RCEP_870370_RATE_2026.html","fa46a1f47b0a438d49e4af41ec59a7cd5ca62207d849a19386df8866b073a29c"
"RCEP","870370","8703708490","- - - - - Other","30.0%","JKDM_HS_Explorer_RCEP_870370_RATE_2026.html","fa46a1f47b0a438d49e4af41ec59a7cd5ca62207d849a19386df8866b073a29c"
"RCEP","870370","8703708510","- - - - - New","27.3%","JKDM_HS_Explorer_RCEP_870370_RATE_2026.html","fa46a1f47b0a438d49e4af41ec59a7cd5ca62207d849a19386df8866b073a29c"
"RCEP","870370","8703708590","- - - - - Other","27.3%","JKDM_HS_Explorer_RCEP_870370_RATE_2026.html","fa46a1f47b0a438d49e4af41ec59a7cd5ca62207d849a19386df8866b073a29c"
"RCEP","870370","8703708610","- - - - - New","27.3%","JKDM_HS_Explorer_RCEP_870370_RATE_2026.html","fa46a1f47b0a438d49e4af41ec59a7cd5ca62207d849a19386df8866b073a29c"
"RCEP","870370","8703708690","- - - - - Other","27.3%","JKDM_HS_Explorer_RCEP_870370_RATE_2026.html","fa46a1f47b0a438d49e4af41ec59a7cd5ca62207d849a19386df8866b073a29c"
"RCEP","870370","8703708710","- - - - - New","27.3%","JKDM_HS_Explorer_RCEP_870370_RATE_2026.html","fa46a1f47b0a438d49e4af41ec59a7cd5ca62207d849a19386df8866b073a29c"
"RCEP","870370","8703708790","- - - - - Other","27.3%","JKDM_HS_Explorer_RCEP_870370_RATE_2026.html","fa46a1f47b0a438d49e4af41ec59a7cd5ca62207d849a19386df8866b073a29c"
"RCEP","870370","8703709110","- - - - - New","30.0%","JKDM_HS_Explorer_RCEP_870370_RATE_2026.html","fa46a1f47b0a438d49e4af41ec59a7cd5ca62207d849a19386df8866b073a29c"
"RCEP","870370","8703709190","- - - - - Other","30.0%","JKDM_HS_Explorer_RCEP_870370_RATE_2026.html","fa46a1f47b0a438d49e4af41ec59a7cd5ca62207d849a19386df8866b073a29c"
"RCEP","870370","8703709210","- - - - - New","30.0%","JKDM_HS_Explorer_RCEP_870370_RATE_2026.html","fa46a1f47b0a438d49e4af41ec59a7cd5ca62207d849a19386df8866b073a29c"
"RCEP","870370","8703709290","- - - - - Other","30.0%","JKDM_HS_Explorer_RCEP_870370_RATE_2026.html","fa46a1f47b0a438d49e4af41ec59a7cd5ca62207d849a19386df8866b073a29c"
"RCEP","870370","8703709310","- - - - - New","30.0%","JKDM_HS_Explorer_RCEP_870370_RATE_2026.html","fa46a1f47b0a438d49e4af41ec59a7cd5ca62207d849a19386df8866b073a29c"
"RCEP","870370","8703709390","- - - - - Other","30.0%","JKDM_HS_Explorer_RCEP_870370_RATE_2026.html","fa46a1f47b0a438d49e4af41ec59a7cd5ca62207d849a19386df8866b073a29c"
"RCEP","870370","8703709410","- - - - - New","30.0%","JKDM_HS_Explorer_RCEP_870370_RATE_2026.html","fa46a1f47b0a438d49e4af41ec59a7cd5ca62207d849a19386df8866b073a29c"
"RCEP","870370","8703709490","- - - - - Other","27.3%","JKDM_HS_Explorer_RCEP_870370_RATE_2026.html","fa46a1f47b0a438d49e4af41ec59a7cd5ca62207d849a19386df8866b073a29c"
"RCEP","870370","8703709510","- - - - - New","27.3%","JKDM_HS_Explorer_RCEP_870370_RATE_2026.html","fa46a1f47b0a438d49e4af41ec59a7cd5ca62207d849a19386df8866b073a29c"
"RCEP","870370","8703709590","- - - - - Other","27.3%","JKDM_HS_Explorer_RCEP_870370_RATE_2026.html","fa46a1f47b0a438d49e4af41ec59a7cd5ca62207d849a19386df8866b073a29c"
"RCEP","870370","8703709610","- - - - - New","27.3%","JKDM_HS_Explorer_RCEP_870370_RATE_2026.html","fa46a1f47b0a438d49e4af41ec59a7cd5ca62207d849a19386df8866b073a29c"
"RCEP","870370","8703709690","- - - - - Other","27.3%","JKDM_HS_Explorer_RCEP_870370_RATE_2026.html","fa46a1f47b0a438d49e4af41ec59a7cd5ca62207d849a19386df8866b073a29c"
"RCEP","870370","8703709710","- - - - - New","27.3%","JKDM_HS_Explorer_RCEP_870370_RATE_2026.html","fa46a1f47b0a438d49e4af41ec59a7cd5ca62207d849a19386df8866b073a29c"
"RCEP","870370","8703709790","- - - - - Other","27.3%","JKDM_HS_Explorer_RCEP_870370_RATE_2026.html","fa46a1f47b0a438d49e4af41ec59a7cd5ca62207d849a19386df8866b073a29c"
"RCEP","870380","8703801100","- - - Go-karts","0.0%","JKDM_HS_Explorer_RCEP_870380_RATE_2026.html","5ee91458aaf6c17118fd794d822021cdc1d81b73946fca02d4d7e6048234a73f"
"RCEP","870380","8703801200","- - - All-Terrain Vehicles (ATV)","10.0%","JKDM_HS_Explorer_RCEP_870380_RATE_2026.html","5ee91458aaf6c17118fd794d822021cdc1d81b73946fca02d4d7e6048234a73f"
"RCEP","870380","8703801300","- - - Ambulances","4.5%","JKDM_HS_Explorer_RCEP_870380_RATE_2026.html","5ee91458aaf6c17118fd794d822021cdc1d81b73946fca02d4d7e6048234a73f"
"RCEP","870380","8703801400","- - - Hearses","10.0%","JKDM_HS_Explorer_RCEP_870380_RATE_2026.html","5ee91458aaf6c17118fd794d822021cdc1d81b73946fca02d4d7e6048234a73f"
"RCEP","870380","8703801500","- - - Prison vans","10.0%","JKDM_HS_Explorer_RCEP_870380_RATE_2026.html","5ee91458aaf6c17118fd794d822021cdc1d81b73946fca02d4d7e6048234a73f"
"RCEP","870380","8703801600","- - - Motor-homes","10.0%","JKDM_HS_Explorer_RCEP_870380_RATE_2026.html","5ee91458aaf6c17118fd794d822021cdc1d81b73946fca02d4d7e6048234a73f"
"RCEP","870380","8703801700","- - - Sedan","10.0%","JKDM_HS_Explorer_RCEP_870380_RATE_2026.html","5ee91458aaf6c17118fd794d822021cdc1d81b73946fca02d4d7e6048234a73f"
"RCEP","870380","8703801800","- - - Other motor cars (including station wagons a","10.0%","JKDM_HS_Explorer_RCEP_870380_RATE_2026.html","5ee91458aaf6c17118fd794d822021cdc1d81b73946fca02d4d7e6048234a73f"
"RCEP","870380","8703801900","- - - Other","10.0%","JKDM_HS_Explorer_RCEP_870380_RATE_2026.html","5ee91458aaf6c17118fd794d822021cdc1d81b73946fca02d4d7e6048234a73f"
"RCEP","870380","8703809100","- - - Go-karts","0.0%","JKDM_HS_Explorer_RCEP_870380_RATE_2026.html","5ee91458aaf6c17118fd794d822021cdc1d81b73946fca02d4d7e6048234a73f"
"RCEP","870380","8703809200","- - - All-Terrain Vehicles (ATV)","30.0%","JKDM_HS_Explorer_RCEP_870380_RATE_2026.html","5ee91458aaf6c17118fd794d822021cdc1d81b73946fca02d4d7e6048234a73f"
"RCEP","870380","8703809300","- - - Ambulances","4.5%","JKDM_HS_Explorer_RCEP_870380_RATE_2026.html","5ee91458aaf6c17118fd794d822021cdc1d81b73946fca02d4d7e6048234a73f"
"RCEP","870380","8703809400","- - - Hearses","30.0%","JKDM_HS_Explorer_RCEP_870380_RATE_2026.html","5ee91458aaf6c17118fd794d822021cdc1d81b73946fca02d4d7e6048234a73f"
"RCEP","870380","8703809500","- - - Prison vans","30.0%","JKDM_HS_Explorer_RCEP_870380_RATE_2026.html","5ee91458aaf6c17118fd794d822021cdc1d81b73946fca02d4d7e6048234a73f"
"RCEP","870380","8703809600","- - - Motor-homes","30.0%","JKDM_HS_Explorer_RCEP_870380_RATE_2026.html","5ee91458aaf6c17118fd794d822021cdc1d81b73946fca02d4d7e6048234a73f"
"RCEP","870380","8703809710","- - - - New","30.0%","JKDM_HS_Explorer_RCEP_870380_RATE_2026.html","5ee91458aaf6c17118fd794d822021cdc1d81b73946fca02d4d7e6048234a73f"
"RCEP","870380","8703809790","- - - - Other","30.0%","JKDM_HS_Explorer_RCEP_870380_RATE_2026.html","5ee91458aaf6c17118fd794d822021cdc1d81b73946fca02d4d7e6048234a73f"
"RCEP","870380","8703809810","- - - - New","30.0%","JKDM_HS_Explorer_RCEP_870380_RATE_2026.html","5ee91458aaf6c17118fd794d822021cdc1d81b73946fca02d4d7e6048234a73f"
"RCEP","870380","8703809890","- - - - Other","30.0%","JKDM_HS_Explorer_RCEP_870380_RATE_2026.html","5ee91458aaf6c17118fd794d822021cdc1d81b73946fca02d4d7e6048234a73f"
"RCEP","870380","8703809910","- - - - New","30.0%","JKDM_HS_Explorer_RCEP_870380_RATE_2026.html","5ee91458aaf6c17118fd794d822021cdc1d81b73946fca02d4d7e6048234a73f"
"RCEP","870380","8703809990","- - - - Other","30.0%","JKDM_HS_Explorer_RCEP_870380_RATE_2026.html","5ee91458aaf6c17118fd794d822021cdc1d81b73946fca02d4d7e6048234a73f"
"RCEP","870390","8703901100","- - - Go-karts","10.0%","JKDM_HS_Explorer_RCEP_870390_RATE_2026.html","161872f09ecbbe1499a72e02c58ee82e64caae0de5c812ab320607cc80674538"
"RCEP","870390","8703901200","- - - All-Terrain Vehicles (ATV)","10.0%","JKDM_HS_Explorer_RCEP_870390_RATE_2026.html","161872f09ecbbe1499a72e02c58ee82e64caae0de5c812ab320607cc80674538"
"RCEP","870390","8703901300","- - - Ambulances","10.0%","JKDM_HS_Explorer_RCEP_870390_RATE_2026.html","161872f09ecbbe1499a72e02c58ee82e64caae0de5c812ab320607cc80674538"
"RCEP","870390","8703901400","- - - Hearses","10.0%","JKDM_HS_Explorer_RCEP_870390_RATE_2026.html","161872f09ecbbe1499a72e02c58ee82e64caae0de5c812ab320607cc80674538"
"RCEP","870390","8703901500","- - - Prison vans","10.0%","JKDM_HS_Explorer_RCEP_870390_RATE_2026.html","161872f09ecbbe1499a72e02c58ee82e64caae0de5c812ab320607cc80674538"
"RCEP","870390","8703901600","- - - Motor-homes","10.0%","JKDM_HS_Explorer_RCEP_870390_RATE_2026.html","161872f09ecbbe1499a72e02c58ee82e64caae0de5c812ab320607cc80674538"
"RCEP","870390","8703901700","- - - Sedan","10.0%","JKDM_HS_Explorer_RCEP_870390_RATE_2026.html","161872f09ecbbe1499a72e02c58ee82e64caae0de5c812ab320607cc80674538"
"RCEP","870390","8703901800","- - - Other motor cars (including station wagons a","10.0%","JKDM_HS_Explorer_RCEP_870390_RATE_2026.html","161872f09ecbbe1499a72e02c58ee82e64caae0de5c812ab320607cc80674538"
"RCEP","870390","8703901900","- - - Other","10.0%","JKDM_HS_Explorer_RCEP_870390_RATE_2026.html","161872f09ecbbe1499a72e02c58ee82e64caae0de5c812ab320607cc80674538"
"RCEP","870390","8703909100","- - - Go-karts","30.0%","JKDM_HS_Explorer_RCEP_870390_RATE_2026.html","161872f09ecbbe1499a72e02c58ee82e64caae0de5c812ab320607cc80674538"
"RCEP","870390","8703909200","- - - All-Terrain Vehicles (ATV)","30.0%","JKDM_HS_Explorer_RCEP_870390_RATE_2026.html","161872f09ecbbe1499a72e02c58ee82e64caae0de5c812ab320607cc80674538"
"RCEP","870390","8703909300","- - - Ambulances","30.0%","JKDM_HS_Explorer_RCEP_870390_RATE_2026.html","161872f09ecbbe1499a72e02c58ee82e64caae0de5c812ab320607cc80674538"
"RCEP","870390","8703909400","- - - Hearses","30.0%","JKDM_HS_Explorer_RCEP_870390_RATE_2026.html","161872f09ecbbe1499a72e02c58ee82e64caae0de5c812ab320607cc80674538"
"RCEP","870390","8703909500","- - - Prison vans","30.0%","JKDM_HS_Explorer_RCEP_870390_RATE_2026.html","161872f09ecbbe1499a72e02c58ee82e64caae0de5c812ab320607cc80674538"
"RCEP","870390","8703909600","- - - Motor-homes","35.0%","JKDM_HS_Explorer_RCEP_870390_RATE_2026.html","161872f09ecbbe1499a72e02c58ee82e64caae0de5c812ab320607cc80674538"
"RCEP","870390","8703909710","- - - - New","30.0%","JKDM_HS_Explorer_RCEP_870390_RATE_2026.html","161872f09ecbbe1499a72e02c58ee82e64caae0de5c812ab320607cc80674538"
"RCEP","870390","8703909790","- - - - Other","30.0%","JKDM_HS_Explorer_RCEP_870390_RATE_2026.html","161872f09ecbbe1499a72e02c58ee82e64caae0de5c812ab320607cc80674538"
"RCEP","870390","8703909810","- - - - New","30.0%","JKDM_HS_Explorer_RCEP_870390_RATE_2026.html","161872f09ecbbe1499a72e02c58ee82e64caae0de5c812ab320607cc80674538"
"RCEP","870390","8703909890","- - - - Other","30.0%","JKDM_HS_Explorer_RCEP_870390_RATE_2026.html","161872f09ecbbe1499a72e02c58ee82e64caae0de5c812ab320607cc80674538"
"RCEP","870390","8703909910","- - - - New","30.0%","JKDM_HS_Explorer_RCEP_870390_RATE_2026.html","161872f09ecbbe1499a72e02c58ee82e64caae0de5c812ab320607cc80674538"
"RCEP","870390","8703909990","- - - - Other","30.0%","JKDM_HS_Explorer_RCEP_870390_RATE_2026.html","161872f09ecbbe1499a72e02c58ee82e64caae0de5c812ab320607cc80674538"
"RCEP","870710","8707101000","- - For go-karts and golf cars (including golf bug","27.3%","JKDM_HS_Explorer_RCEP_870710_RATE_2026.html","728f0084e544874a9a0ebc3801884d20afa78b12eb33e05573ad4e52e2317e3d"
"RCEP","870710","8707102000","- - For ambulances","0.0%","JKDM_HS_Explorer_RCEP_870710_RATE_2026.html","728f0084e544874a9a0ebc3801884d20afa78b12eb33e05573ad4e52e2317e3d"
"RCEP","870710","8707109000","- - Other","27.3%","JKDM_HS_Explorer_RCEP_870710_RATE_2026.html","728f0084e544874a9a0ebc3801884d20afa78b12eb33e05573ad4e52e2317e3d"
"RCEP","870810","8708101000","- - For vehicles of heading 87.01","0.0%","JKDM_HS_Explorer_RCEP_870810_RATE_2026.html","9322ab59ef6040bacac24add47a09d969d481e5263df6898948b1d4e89a5f350"
"RCEP","870810","8708109000","- - Other","22.7%","JKDM_HS_Explorer_RCEP_870810_RATE_2026.html","9322ab59ef6040bacac24add47a09d969d481e5263df6898948b1d4e89a5f350"
"RCEP","870821","8708210000","- - Safety seat belts","27.3%","JKDM_HS_Explorer_RCEP_870821_RATE_2026.html","ff278d15103599d60ff3dce7aebdfd860944e5007fe2e52daf7f99e1befb943a"
"RCEP","870829","8708291100","- - - - For vehicles of heading 87.01","0.0%","JKDM_HS_Explorer_RCEP_870829_RATE_2026.html","5273f6dc135e557246312c3f5792dcffc4418995df49422f4fa565290f4fc946"
"RCEP","870829","8708291500","- - - - Door armrests for vehicles of heading 87.0","22.7%","JKDM_HS_Explorer_RCEP_870829_RATE_2026.html","5273f6dc135e557246312c3f5792dcffc4418995df49422f4fa565290f4fc946"
"RCEP","870829","8708291600","- - - - Other, for vehicles of heading 87.03","22.7%","JKDM_HS_Explorer_RCEP_870829_RATE_2026.html","5273f6dc135e557246312c3f5792dcffc4418995df49422f4fa565290f4fc946"
"RCEP","870829","8708291700","- - - - For vehicles of subheading 8704.10","22.7%","JKDM_HS_Explorer_RCEP_870829_RATE_2026.html","5273f6dc135e557246312c3f5792dcffc4418995df49422f4fa565290f4fc946"
"RCEP","870829","8708291800","- - - - For vehicles of heading 87.02 or other veh","22.7%","JKDM_HS_Explorer_RCEP_870829_RATE_2026.html","5273f6dc135e557246312c3f5792dcffc4418995df49422f4fa565290f4fc946"
"RCEP","870829","8708291900","- - - - Other","22.7%","JKDM_HS_Explorer_RCEP_870829_RATE_2026.html","5273f6dc135e557246312c3f5792dcffc4418995df49422f4fa565290f4fc946"
"RCEP","870829","8708292010","- - - - For vehicles of heading 87.01","0.0%","JKDM_HS_Explorer_RCEP_870829_RATE_2026.html","5273f6dc135e557246312c3f5792dcffc4418995df49422f4fa565290f4fc946"
"RCEP","870829","8708292090","- - - - Other","22.7%","JKDM_HS_Explorer_RCEP_870829_RATE_2026.html","5273f6dc135e557246312c3f5792dcffc4418995df49422f4fa565290f4fc946"
"RCEP","870829","8708299200","- - - - For vehicles of heading 87.01","0.0%","JKDM_HS_Explorer_RCEP_870829_RATE_2026.html","5273f6dc135e557246312c3f5792dcffc4418995df49422f4fa565290f4fc946"
"RCEP","870829","8708299300","- - - - - Interior trim fittings; mudguards","22.7%","JKDM_HS_Explorer_RCEP_870829_RATE_2026.html","5273f6dc135e557246312c3f5792dcffc4418995df49422f4fa565290f4fc946"
"RCEP","870829","8708299400","- - - - - Hood rods","22.7%","JKDM_HS_Explorer_RCEP_870829_RATE_2026.html","5273f6dc135e557246312c3f5792dcffc4418995df49422f4fa565290f4fc946"
"RCEP","870829","8708299500","- - - - - Other","22.7%","JKDM_HS_Explorer_RCEP_870829_RATE_2026.html","5273f6dc135e557246312c3f5792dcffc4418995df49422f4fa565290f4fc946"
"RCEP","870829","8708299600","- - - - - Interior trim fittings; mudguards","22.7%","JKDM_HS_Explorer_RCEP_870829_RATE_2026.html","5273f6dc135e557246312c3f5792dcffc4418995df49422f4fa565290f4fc946"
"RCEP","870829","8708299700","- - - - - Hood rods","22.7%","JKDM_HS_Explorer_RCEP_870829_RATE_2026.html","5273f6dc135e557246312c3f5792dcffc4418995df49422f4fa565290f4fc946"
"RCEP","870829","8708299800","- - - - - Other","22.7%","JKDM_HS_Explorer_RCEP_870829_RATE_2026.html","5273f6dc135e557246312c3f5792dcffc4418995df49422f4fa565290f4fc946"
"RCEP","870829","8708299900","- - - - Other","22.7%","JKDM_HS_Explorer_RCEP_870829_RATE_2026.html","5273f6dc135e557246312c3f5792dcffc4418995df49422f4fa565290f4fc946"
"RCEP","870830","8708301000","- - For vehicles of heading 87.01","2.5%","JKDM_HS_Explorer_RCEP_870830_RATE_2026.html","952a9b22e1f02c19ccc9831940244c94e9af32036abec8828b81d848f0d22945"
"RCEP","870830","8708302100","- - - Brake drums, brake discs or brake pipes","27.3%","JKDM_HS_Explorer_RCEP_870830_RATE_2026.html","952a9b22e1f02c19ccc9831940244c94e9af32036abec8828b81d848f0d22945"
"RCEP","870830","8708302900","- - - Other","27.3%","JKDM_HS_Explorer_RCEP_870830_RATE_2026.html","952a9b22e1f02c19ccc9831940244c94e9af32036abec8828b81d848f0d22945"
"RCEP","870830","8708303000","- - Brake drums, brake discs or brake pipes for ve","27.3%","JKDM_HS_Explorer_RCEP_870830_RATE_2026.html","952a9b22e1f02c19ccc9831940244c94e9af32036abec8828b81d848f0d22945"
"RCEP","870830","8708309000","- - Other","27.3%","JKDM_HS_Explorer_RCEP_870830_RATE_2026.html","952a9b22e1f02c19ccc9831940244c94e9af32036abec8828b81d848f0d22945"
"RCEP","870840","8708401100","- - - For vehicles of heading 87.03","22.7%","JKDM_HS_Explorer_RCEP_870840_RATE_2026.html","ec9bbec51a4d3d20ffbac25e0c1a97100e01a6d7bfb08244bcf2c89d4903b0ce"
"RCEP","870840","8708401300","- - - For vehicles of heading 87.04 or 87.05","22.7%","JKDM_HS_Explorer_RCEP_870840_RATE_2026.html","ec9bbec51a4d3d20ffbac25e0c1a97100e01a6d7bfb08244bcf2c89d4903b0ce"
"RCEP","870840","8708401400","- - - For vehicles of heading 87.01","0.0%","JKDM_HS_Explorer_RCEP_870840_RATE_2026.html","ec9bbec51a4d3d20ffbac25e0c1a97100e01a6d7bfb08244bcf2c89d4903b0ce"
"RCEP","870840","8708401900","- - - Other","22.7%","JKDM_HS_Explorer_RCEP_870840_RATE_2026.html","ec9bbec51a4d3d20ffbac25e0c1a97100e01a6d7bfb08244bcf2c89d4903b0ce"
"RCEP","870840","8708402500","- - - For vehicles of heading 87.01","0.0%","JKDM_HS_Explorer_RCEP_870840_RATE_2026.html","ec9bbec51a4d3d20ffbac25e0c1a97100e01a6d7bfb08244bcf2c89d4903b0ce"
"RCEP","870840","8708402600","- - - For vehicles of heading 87.03","22.7%","JKDM_HS_Explorer_RCEP_870840_RATE_2026.html","ec9bbec51a4d3d20ffbac25e0c1a97100e01a6d7bfb08244bcf2c89d4903b0ce"
"RCEP","870840","8708402700","- - - For vehicles of heading 87.04 or 87.05","22.7%","JKDM_HS_Explorer_RCEP_870840_RATE_2026.html","ec9bbec51a4d3d20ffbac25e0c1a97100e01a6d7bfb08244bcf2c89d4903b0ce"
"RCEP","870840","8708402900","- - - Other","22.7%","JKDM_HS_Explorer_RCEP_870840_RATE_2026.html","ec9bbec51a4d3d20ffbac25e0c1a97100e01a6d7bfb08244bcf2c89d4903b0ce"
"RCEP","870840","8708409100","- - - For vehicles of heading 87.01","0.0%","JKDM_HS_Explorer_RCEP_870840_RATE_2026.html","ec9bbec51a4d3d20ffbac25e0c1a97100e01a6d7bfb08244bcf2c89d4903b0ce"
"RCEP","870840","8708409200","- - - For vehicles of heading 87.03","22.7%","JKDM_HS_Explorer_RCEP_870840_RATE_2026.html","ec9bbec51a4d3d20ffbac25e0c1a97100e01a6d7bfb08244bcf2c89d4903b0ce"
"RCEP","870840","8708409900","- - - Other","22.7%","JKDM_HS_Explorer_RCEP_870840_RATE_2026.html","ec9bbec51a4d3d20ffbac25e0c1a97100e01a6d7bfb08244bcf2c89d4903b0ce"
"RCEP","870850","8708501100","- - - For vehicles of heading 87.03","22.7%","JKDM_HS_Explorer_RCEP_870850_RATE_2026.html","462fc42b0060559ac0de8fdaf429a0fe08df8890fd831f349e6710dbbbf1755f"
"RCEP","870850","8708501300","- - - For vehicles of heading 87.04 or 87.05","22.7%","JKDM_HS_Explorer_RCEP_870850_RATE_2026.html","462fc42b0060559ac0de8fdaf429a0fe08df8890fd831f349e6710dbbbf1755f"
"RCEP","870850","8708501500","- - - For vehicles of heading 87.01","0.0%","JKDM_HS_Explorer_RCEP_870850_RATE_2026.html","462fc42b0060559ac0de8fdaf429a0fe08df8890fd831f349e6710dbbbf1755f"
"RCEP","870850","8708501900","- - - Other","22.7%","JKDM_HS_Explorer_RCEP_870850_RATE_2026.html","462fc42b0060559ac0de8fdaf429a0fe08df8890fd831f349e6710dbbbf1755f"
"RCEP","870850","8708502500","- - - For vehicles of heading 87.01","0.0%","JKDM_HS_Explorer_RCEP_870850_RATE_2026.html","462fc42b0060559ac0de8fdaf429a0fe08df8890fd831f349e6710dbbbf1755f"
"RCEP","870850","8708502600","- - - For vehicles of heading 87.03","22.7%","JKDM_HS_Explorer_RCEP_870850_RATE_2026.html","462fc42b0060559ac0de8fdaf429a0fe08df8890fd831f349e6710dbbbf1755f"
"RCEP","870850","8708502700","- - - For vehicles of heading 87.04 or 87.05","22.7%","JKDM_HS_Explorer_RCEP_870850_RATE_2026.html","462fc42b0060559ac0de8fdaf429a0fe08df8890fd831f349e6710dbbbf1755f"
"RCEP","870850","8708502900","- - - Other","22.7%","JKDM_HS_Explorer_RCEP_870850_RATE_2026.html","462fc42b0060559ac0de8fdaf429a0fe08df8890fd831f349e6710dbbbf1755f"
"RCEP","870850","8708509100","- - - - Crown wheels and pinions","0.0%","JKDM_HS_Explorer_RCEP_870850_RATE_2026.html","462fc42b0060559ac0de8fdaf429a0fe08df8890fd831f349e6710dbbbf1755f"
"RCEP","870850","8708509200","- - - - Other","0.0%","JKDM_HS_Explorer_RCEP_870850_RATE_2026.html","462fc42b0060559ac0de8fdaf429a0fe08df8890fd831f349e6710dbbbf1755f"
"RCEP","870850","8708509400","- - - - Crown wheels and pinions","27.3%","JKDM_HS_Explorer_RCEP_870850_RATE_2026.html","462fc42b0060559ac0de8fdaf429a0fe08df8890fd831f349e6710dbbbf1755f"
"RCEP","870850","8708509500","- - - - Other","22.7%","JKDM_HS_Explorer_RCEP_870850_RATE_2026.html","462fc42b0060559ac0de8fdaf429a0fe08df8890fd831f349e6710dbbbf1755f"
"RCEP","870850","8708509600","- - - - Crown wheels and pinions","27.3%","JKDM_HS_Explorer_RCEP_870850_RATE_2026.html","462fc42b0060559ac0de8fdaf429a0fe08df8890fd831f349e6710dbbbf1755f"
"RCEP","870850","8708509900","- - - - Other","22.7%","JKDM_HS_Explorer_RCEP_870850_RATE_2026.html","462fc42b0060559ac0de8fdaf429a0fe08df8890fd831f349e6710dbbbf1755f"
"RCEP","870870","8708701500","- - - For vehicles of heading 87.01","4.5%","JKDM_HS_Explorer_RCEP_870870_RATE_2026.html","9801ba004cc4b00fc2c05fb1f6f6026c789ecbf2e23ab56725779d03ba7ff060"
"RCEP","870870","8708701600","- - - For vehicles of heading 87.03","27.3%","JKDM_HS_Explorer_RCEP_870870_RATE_2026.html","9801ba004cc4b00fc2c05fb1f6f6026c789ecbf2e23ab56725779d03ba7ff060"
"RCEP","870870","8708701700","- - - - For vehicles of subheading 8704.10","27.3%","JKDM_HS_Explorer_RCEP_870870_RATE_2026.html","9801ba004cc4b00fc2c05fb1f6f6026c789ecbf2e23ab56725779d03ba7ff060"
"RCEP","870870","8708701800","- - - - Other","27.3%","JKDM_HS_Explorer_RCEP_870870_RATE_2026.html","9801ba004cc4b00fc2c05fb1f6f6026c789ecbf2e23ab56725779d03ba7ff060"
"RCEP","870870","8708701900","- - - Other","27.3%","JKDM_HS_Explorer_RCEP_870870_RATE_2026.html","9801ba004cc4b00fc2c05fb1f6f6026c789ecbf2e23ab56725779d03ba7ff060"
"RCEP","870870","8708702100","- - - For vehicles of heading 87.01","27.3%","JKDM_HS_Explorer_RCEP_870870_RATE_2026.html","9801ba004cc4b00fc2c05fb1f6f6026c789ecbf2e23ab56725779d03ba7ff060"
"RCEP","870870","8708702200","- - - For vehicles of heading 87.03","27.3%","JKDM_HS_Explorer_RCEP_870870_RATE_2026.html","9801ba004cc4b00fc2c05fb1f6f6026c789ecbf2e23ab56725779d03ba7ff060"
"RCEP","870870","8708702300","- - - For vehicles of heading 87.02 or 87.04 (excl","27.3%","JKDM_HS_Explorer_RCEP_870870_RATE_2026.html","9801ba004cc4b00fc2c05fb1f6f6026c789ecbf2e23ab56725779d03ba7ff060"
"RCEP","870870","8708702900","- - - Other","27.3%","JKDM_HS_Explorer_RCEP_870870_RATE_2026.html","9801ba004cc4b00fc2c05fb1f6f6026c789ecbf2e23ab56725779d03ba7ff060"
"RCEP","870870","8708703100","- - - For vehicles of heading 87.01","4.5%","JKDM_HS_Explorer_RCEP_870870_RATE_2026.html","9801ba004cc4b00fc2c05fb1f6f6026c789ecbf2e23ab56725779d03ba7ff060"
"RCEP","870870","8708703200","- - - For vehicles of heading 87.03","27.3%","JKDM_HS_Explorer_RCEP_870870_RATE_2026.html","9801ba004cc4b00fc2c05fb1f6f6026c789ecbf2e23ab56725779d03ba7ff060"
"RCEP","870870","8708703300","- - - For dumpers designed for off-highway use wit","27.3%","JKDM_HS_Explorer_RCEP_870870_RATE_2026.html","9801ba004cc4b00fc2c05fb1f6f6026c789ecbf2e23ab56725779d03ba7ff060"
"RCEP","870870","8708703400","- - - For vehicles of heading 87.02 or other vehic","27.3%","JKDM_HS_Explorer_RCEP_870870_RATE_2026.html","9801ba004cc4b00fc2c05fb1f6f6026c789ecbf2e23ab56725779d03ba7ff060"
"RCEP","870870","8708703900","- - - Other","27.3%","JKDM_HS_Explorer_RCEP_870870_RATE_2026.html","9801ba004cc4b00fc2c05fb1f6f6026c789ecbf2e23ab56725779d03ba7ff060"
"RCEP","870870","8708709500","- - - For vehicles of heading 87.01","4.5%","JKDM_HS_Explorer_RCEP_870870_RATE_2026.html","9801ba004cc4b00fc2c05fb1f6f6026c789ecbf2e23ab56725779d03ba7ff060"
"RCEP","870870","8708709600","- - - For vehicles of heading 87.02 or 87.04","27.3%","JKDM_HS_Explorer_RCEP_870870_RATE_2026.html","9801ba004cc4b00fc2c05fb1f6f6026c789ecbf2e23ab56725779d03ba7ff060"
"RCEP","870870","8708709700","- - - For vehicles of heading 87.03","27.3%","JKDM_HS_Explorer_RCEP_870870_RATE_2026.html","9801ba004cc4b00fc2c05fb1f6f6026c789ecbf2e23ab56725779d03ba7ff060"
"RCEP","870870","8708709900","- - - Other","27.3%","JKDM_HS_Explorer_RCEP_870870_RATE_2026.html","9801ba004cc4b00fc2c05fb1f6f6026c789ecbf2e23ab56725779d03ba7ff060"
"RCEP","870880","8708801500","- - - For vehicles of heading 87.01","2.5%","JKDM_HS_Explorer_RCEP_870880_RATE_2026.html","aee72d52ce093cca71cdacfcb7c181828867b9ac0b6d21a10cbb31b12b159955"
"RCEP","870880","8708801600","- - - For vehicles of heading 87.03","27.3%","JKDM_HS_Explorer_RCEP_870880_RATE_2026.html","aee72d52ce093cca71cdacfcb7c181828867b9ac0b6d21a10cbb31b12b159955"
"RCEP","870880","8708801700","- - - For vehicles of subheading 8704.10 or headin","27.3%","JKDM_HS_Explorer_RCEP_870880_RATE_2026.html","aee72d52ce093cca71cdacfcb7c181828867b9ac0b6d21a10cbb31b12b159955"
"RCEP","870880","8708801900","- - - Other","27.3%","JKDM_HS_Explorer_RCEP_870880_RATE_2026.html","aee72d52ce093cca71cdacfcb7c181828867b9ac0b6d21a10cbb31b12b159955"
"RCEP","870880","8708809100","- - - For vehicles of heading 87.01","2.5%","JKDM_HS_Explorer_RCEP_870880_RATE_2026.html","aee72d52ce093cca71cdacfcb7c181828867b9ac0b6d21a10cbb31b12b159955"
"RCEP","870880","8708809200","- - - For vehicles of heading 87.03","27.3%","JKDM_HS_Explorer_RCEP_870880_RATE_2026.html","aee72d52ce093cca71cdacfcb7c181828867b9ac0b6d21a10cbb31b12b159955"
"RCEP","870880","8708809900","- - - Other","27.3%","JKDM_HS_Explorer_RCEP_870880_RATE_2026.html","aee72d52ce093cca71cdacfcb7c181828867b9ac0b6d21a10cbb31b12b159955"
"RCEP","870891","8708911500","- - - - For vehicles of heading 87.01","2.5%","JKDM_HS_Explorer_RCEP_870891_RATE_2026.html","f25427afef36aee5e8ae674198728848874a3a802c41ea4954451c1dfd2d7fda"
"RCEP","870891","8708911600","- - - - For vehicles of heading 87.03","22.7%","JKDM_HS_Explorer_RCEP_870891_RATE_2026.html","f25427afef36aee5e8ae674198728848874a3a802c41ea4954451c1dfd2d7fda"
"RCEP","870891","8708911700","- - - - - For vehicles of subheading 8704.10","22.7%","JKDM_HS_Explorer_RCEP_870891_RATE_2026.html","f25427afef36aee5e8ae674198728848874a3a802c41ea4954451c1dfd2d7fda"
"RCEP","870891","8708911800","- - - - - Other","22.7%","JKDM_HS_Explorer_RCEP_870891_RATE_2026.html","f25427afef36aee5e8ae674198728848874a3a802c41ea4954451c1dfd2d7fda"
"RCEP","870891","8708911900","- - - - Other","22.7%","JKDM_HS_Explorer_RCEP_870891_RATE_2026.html","f25427afef36aee5e8ae674198728848874a3a802c41ea4954451c1dfd2d7fda"
"RCEP","870891","8708919100","- - - - For vehicles of heading 87.01","2.5%","JKDM_HS_Explorer_RCEP_870891_RATE_2026.html","f25427afef36aee5e8ae674198728848874a3a802c41ea4954451c1dfd2d7fda"
"RCEP","870891","8708919300","- - - - Drain plugs, for vehicles of heading 87.03","22.7%","JKDM_HS_Explorer_RCEP_870891_RATE_2026.html","f25427afef36aee5e8ae674198728848874a3a802c41ea4954451c1dfd2d7fda"
"RCEP","870891","8708919400","- - - - Drain plugs, for vehicles of heading 87.02","22.7%","JKDM_HS_Explorer_RCEP_870891_RATE_2026.html","f25427afef36aee5e8ae674198728848874a3a802c41ea4954451c1dfd2d7fda"
"RCEP","870891","8708919500","- - - - Other, for vehicles of heading 87.03","22.7%","JKDM_HS_Explorer_RCEP_870891_RATE_2026.html","f25427afef36aee5e8ae674198728848874a3a802c41ea4954451c1dfd2d7fda"
"RCEP","870891","8708919900","- - - - Other","22.7%","JKDM_HS_Explorer_RCEP_870891_RATE_2026.html","f25427afef36aee5e8ae674198728848874a3a802c41ea4954451c1dfd2d7fda"
"RCEP","870892","8708921000","- - - For vehicles of heading 87.01","2.5%","JKDM_HS_Explorer_RCEP_870892_RATE_2026.html","a9f2ef3f2f684ad0a5d4d8e3e2bbfd9a695fde6accce01bad2d2da2e25efc35a"
"RCEP","870892","8708922000","- - - For vehicles of heading 87.03","22.7%","JKDM_HS_Explorer_RCEP_870892_RATE_2026.html","a9f2ef3f2f684ad0a5d4d8e3e2bbfd9a695fde6accce01bad2d2da2e25efc35a"
"RCEP","870892","8708925100","- - - - Silencers (mufflers) and exhaust pipes","22.7%","JKDM_HS_Explorer_RCEP_870892_RATE_2026.html","a9f2ef3f2f684ad0a5d4d8e3e2bbfd9a695fde6accce01bad2d2da2e25efc35a"
"RCEP","870892","8708925200","- - - - Parts","22.7%","JKDM_HS_Explorer_RCEP_870892_RATE_2026.html","a9f2ef3f2f684ad0a5d4d8e3e2bbfd9a695fde6accce01bad2d2da2e25efc35a"
"RCEP","870892","8708926100","- - - - Silencers (mufflers) and exhaust pipes","22.7%","JKDM_HS_Explorer_RCEP_870892_RATE_2026.html","a9f2ef3f2f684ad0a5d4d8e3e2bbfd9a695fde6accce01bad2d2da2e25efc35a"
"RCEP","870892","8708926200","- - - - Parts","22.7%","JKDM_HS_Explorer_RCEP_870892_RATE_2026.html","a9f2ef3f2f684ad0a5d4d8e3e2bbfd9a695fde6accce01bad2d2da2e25efc35a"
"RCEP","870892","8708929000","- - - Other","22.7%","JKDM_HS_Explorer_RCEP_870892_RATE_2026.html","a9f2ef3f2f684ad0a5d4d8e3e2bbfd9a695fde6accce01bad2d2da2e25efc35a"
"RCEP","870893","8708935000","- - - For vehicles of heading 87.01","2.5%","JKDM_HS_Explorer_RCEP_870893_RATE_2026.html","1e454cc0766bc36e5c744fb3dda32df82138db64f8df2e0476db533f5487638b"
"RCEP","870893","8708936000","- - - For vehicles of heading 87.03","22.7%","JKDM_HS_Explorer_RCEP_870893_RATE_2026.html","1e454cc0766bc36e5c744fb3dda32df82138db64f8df2e0476db533f5487638b"
"RCEP","870893","8708937000","- - - For vehicles of heading 87.04 or 87.05","22.7%","JKDM_HS_Explorer_RCEP_870893_RATE_2026.html","1e454cc0766bc36e5c744fb3dda32df82138db64f8df2e0476db533f5487638b"
"RCEP","870893","8708939000","- - - Other","22.7%","JKDM_HS_Explorer_RCEP_870893_RATE_2026.html","1e454cc0766bc36e5c744fb3dda32df82138db64f8df2e0476db533f5487638b"
"RCEP","870894","8708941100","- - - - For vehicles of heading 87.01","0.0%","JKDM_HS_Explorer_RCEP_870894_RATE_2026.html","01223e80fe69152ecd458cb6cd6883b322a70228e353a37a0d6e63b798ad0fdc"
"RCEP","870894","8708941900","- - - - Other","22.7%","JKDM_HS_Explorer_RCEP_870894_RATE_2026.html","01223e80fe69152ecd458cb6cd6883b322a70228e353a37a0d6e63b798ad0fdc"
"RCEP","870894","8708949400","- - - - For vehicles of heading 87.01","0.0%","JKDM_HS_Explorer_RCEP_870894_RATE_2026.html","01223e80fe69152ecd458cb6cd6883b322a70228e353a37a0d6e63b798ad0fdc"
"RCEP","870894","8708949500","- - - - For vehicles of heading 87.03","22.7%","JKDM_HS_Explorer_RCEP_870894_RATE_2026.html","01223e80fe69152ecd458cb6cd6883b322a70228e353a37a0d6e63b798ad0fdc"
"RCEP","870894","8708949900","- - - - Other","22.7%","JKDM_HS_Explorer_RCEP_870894_RATE_2026.html","01223e80fe69152ecd458cb6cd6883b322a70228e353a37a0d6e63b798ad0fdc"
"RCEP","870895","8708951000","- - - Safety airbags with inflater system","27.3%","JKDM_HS_Explorer_RCEP_870895_RATE_2026.html","8198ced7b388949c1984251328091d977334a08712e34af6d29ad8f427d7c5a2"
"RCEP","870895","8708959000","- - - Parts","27.3%","JKDM_HS_Explorer_RCEP_870895_RATE_2026.html","8198ced7b388949c1984251328091d977334a08712e34af6d29ad8f427d7c5a2"
"RCEP","870899","8708991100","- - - - Unassembled fuel tanks; engine brackets","4.5%","JKDM_HS_Explorer_RCEP_870899_RATE_2026.html","7796c77252f7212d8e39b895c9d79e52fc477f250c0dceac122fa06332f8227c"
"RCEP","870899","8708991900","- - - - Other","4.5%","JKDM_HS_Explorer_RCEP_870899_RATE_2026.html","7796c77252f7212d8e39b895c9d79e52fc477f250c0dceac122fa06332f8227c"
"RCEP","870899","8708992100","- - - - - Fuel tanks","27.3%","JKDM_HS_Explorer_RCEP_870899_RATE_2026.html","7796c77252f7212d8e39b895c9d79e52fc477f250c0dceac122fa06332f8227c"
"RCEP","870899","8708992400","- - - - - Lower half of the fuel tank; fuel caps;","27.3%","JKDM_HS_Explorer_RCEP_870899_RATE_2026.html","7796c77252f7212d8e39b895c9d79e52fc477f250c0dceac122fa06332f8227c"
"RCEP","870899","8708992500","- - - - - Other parts","27.3%","JKDM_HS_Explorer_RCEP_870899_RATE_2026.html","7796c77252f7212d8e39b895c9d79e52fc477f250c0dceac122fa06332f8227c"
"RCEP","870899","8708993000","- - - - Accelerator, brake or clutch pedals","27.3%","JKDM_HS_Explorer_RCEP_870899_RATE_2026.html","7796c77252f7212d8e39b895c9d79e52fc477f250c0dceac122fa06332f8227c"
"RCEP","870899","8708994000","- - - - Battery carriers or trays and brackets the","27.3%","JKDM_HS_Explorer_RCEP_870899_RATE_2026.html","7796c77252f7212d8e39b895c9d79e52fc477f250c0dceac122fa06332f8227c"
"RCEP","870899","8708995000","- - - - Radiator shrouds","27.3%","JKDM_HS_Explorer_RCEP_870899_RATE_2026.html","7796c77252f7212d8e39b895c9d79e52fc477f250c0dceac122fa06332f8227c"
"RCEP","870899","8708996100","- - - - - For vehicles of heading 87.02","27.3%","JKDM_HS_Explorer_RCEP_870899_RATE_2026.html","7796c77252f7212d8e39b895c9d79e52fc477f250c0dceac122fa06332f8227c"
"RCEP","870899","8708996200","- - - - - For vehicles of heading 87.03","27.3%","JKDM_HS_Explorer_RCEP_870899_RATE_2026.html","7796c77252f7212d8e39b895c9d79e52fc477f250c0dceac122fa06332f8227c"
"RCEP","870899","8708996300","- - - - - For vehicles of heading 87.04","27.3%","JKDM_HS_Explorer_RCEP_870899_RATE_2026.html","7796c77252f7212d8e39b895c9d79e52fc477f250c0dceac122fa06332f8227c"
"RCEP","870899","8708997000","- - - - Engine brackets","27.3%","JKDM_HS_Explorer_RCEP_870899_RATE_2026.html","7796c77252f7212d8e39b895c9d79e52fc477f250c0dceac122fa06332f8227c"
"RCEP","870899","8708998000","- - - - Other","27.3%","JKDM_HS_Explorer_RCEP_870899_RATE_2026.html","7796c77252f7212d8e39b895c9d79e52fc477f250c0dceac122fa06332f8227c"
"RCEP","870899","8708999100","- - - - Unassembled fuel tanks; engine brackets","27.3%","JKDM_HS_Explorer_RCEP_870899_RATE_2026.html","7796c77252f7212d8e39b895c9d79e52fc477f250c0dceac122fa06332f8227c"
"RCEP","870899","8708999900","- - - - Other","27.3%","JKDM_HS_Explorer_RCEP_870899_RATE_2026.html","7796c77252f7212d8e39b895c9d79e52fc477f250c0dceac122fa06332f8227c"
"RCEP","902920","9029201000","- - Speedometers for motor vehicles","0.0%","JKDM_HS_Explorer_RCEP_902920_RATE_2026.html","84efd86c6e6a29b093afb1b7d4a0d67fa18c5a2adf2d4cf22dda92db4117196b"
"RCEP","902920","9029202000","- - Tachometers for motor vehicles","0.0%","JKDM_HS_Explorer_RCEP_902920_RATE_2026.html","84efd86c6e6a29b093afb1b7d4a0d67fa18c5a2adf2d4cf22dda92db4117196b"
"RCEP","902920","9029209000","- - Other","0.0%","JKDM_HS_Explorer_RCEP_902920_RATE_2026.html","84efd86c6e6a29b093afb1b7d4a0d67fa18c5a2adf2d4cf22dda92db4117196b"
"RCEP","903289","9032891000","- - - Instruments and apparatus incorporating or w","0.0%","JKDM_HS_Explorer_RCEP_903289_RATE_2026.html","6d557b63493bb64af4c5fa936a979faac541a9355a55d1a835125863a4b23c16"
"RCEP","903289","9032892000","- - - Automatic instruments and apparatus for regu","0.0%","JKDM_HS_Explorer_RCEP_903289_RATE_2026.html","6d557b63493bb64af4c5fa936a979faac541a9355a55d1a835125863a4b23c16"
"RCEP","903289","9032893100","- - - - Automatic regulating voltage units (stabil","0.0%","JKDM_HS_Explorer_RCEP_903289_RATE_2026.html","6d557b63493bb64af4c5fa936a979faac541a9355a55d1a835125863a4b23c16"
"RCEP","903289","9032893900","- - - - Other","0.0%","JKDM_HS_Explorer_RCEP_903289_RATE_2026.html","6d557b63493bb64af4c5fa936a979faac541a9355a55d1a835125863a4b23c16"
"RCEP","903289","9032899000","- - - Other","0.0%","JKDM_HS_Explorer_RCEP_903289_RATE_2026.html","6d557b63493bb64af4c5fa936a979faac541a9355a55d1a835125863a4b23c16"
"RCEP","940120","9401201000","- - For vehicles of heading 87.02, 87.03 or 87.04","23.7%","JKDM_HS_Explorer_RCEP_940120_RATE_2026.html","81514a3c7583ecfd266fe04139e5990a311ae24c59f0bef086b39506f235b6ac"
"RCEP","940120","9401209000","- - Other","23.7%","JKDM_HS_Explorer_RCEP_940120_RATE_2026.html","81514a3c7583ecfd266fe04139e5990a311ae24c59f0bef086b39506f235b6ac"
